Education,Marital_Status,Income,Recency,NumDealsPurchases,NumWebVisitsMonth,Complain,age,total_children,total_spending,total_purchases,meat_share,fruit_share,fish_share,sweet_share,gold_share,deals_share,web_share,catalog_share,store_share,Customer_Days
Graduation,Single,58138.0,58,3,7,0,58,0,1617,25,0.33766233766233766,0.05442176870748299,0.10636982065553494,0.05442176870748299,0.05442176870748299,0.12,0.32,0.4,0.16,663
Graduation,Single,46344.0,38,2,5,0,61,2,27,6,0.2222222222222222,0.037037037037037035,0.07407407407407407,0.037037037037037035,0.2222222222222222,0.3333333333333333,0.16666666666666666,0.16666666666666666,0.3333333333333333,113
Graduation,Together,71613.0,26,1,4,0,50,0,776,21,0.163659793814433,0.06314432989690721,0.14304123711340205,0.027061855670103094,0.05412371134020619,0.047619047619047616,0.38095238095238093,0.09523809523809523,0.47619047619047616,312
Graduation,Together,26646.0,26,2,6,0,31,1,53,8,0.37735849056603776,0.07547169811320754,0.18867924528301888,0.05660377358490566,0.09433962264150944,0.25,0.25,0.0,0.5,139
PhD,Married,58293.0,94,5,5,0,34,1,422,19,0.2796208530805687,0.1018957345971564,0.10900473933649289,0.06398104265402843,0.035545023696682464,0.2631578947368421,0.2631578947368421,0.15789473684210525,0.3157894736842105,161
Master,Together,62513.0,16,2,6,0,48,1,716,22,0.13687150837988826,0.05865921787709497,0.0,0.05865921787709497,0.019553072625698324,0.09090909090909091,0.2727272727272727,0.18181818181818182,0.45454545454545453,293
Graduation,Divorced,55635.0,34,4,6,0,44,1,590,21,0.27796610169491526,0.11016949152542373,0.0847457627118644,0.08305084745762711,0.04576271186440678,0.19047619047619047,0.3333333333333333,0.14285714285714285,0.3333333333333333,593
PhD,Married,33454.0,32,2,8,0,30,1,169,10,0.33136094674556216,0.05917159763313609,0.01775147928994083,0.005917159763313609,0.13609467455621302,0.2,0.4,0.0,0.4,417
PhD,Together,30351.0,19,1,9,0,41,1,46,6,0.5217391304347826,0.0,0.06521739130434782,0.06521739130434782,0.043478260869565216,0.16666666666666666,0.5,0.0,0.3333333333333333,388
PhD,Together,5648.0,68,1,20,0,65,2,49,2,0.12244897959183673,0.0,0.02040816326530612,0.02040816326530612,0.2653061224489796,0.5,0.5,0.0,0.0,108
Basic,Married,7500.0,59,1,8,0,39,0,61,6,0.18032786885245902,0.26229508196721313,0.18032786885245902,0.01639344262295082,0.26229508196721313,0.16666666666666666,0.3333333333333333,0.0,0.5,593
Graduation,Divorced,63033.0,82,1,2,0,56,0,1102,16,0.4355716878402904,0.05535390199637023,0.20417422867513613,0.10163339382940109,0.02722323049001815,0.0625,0.1875,0.25,0.5,226
Master,Divorced,59354.0,53,3,6,0,63,2,310,15,0.17096774193548386,0.0064516129032258064,0.00967741935483871,0.016129032258064516,0.04516129032258064,0.2,0.4,0.06666666666666667,0.3333333333333333,226
Graduation,Married,17323.0,38,1,8,0,28,0,46,5,0.3695652173913043,0.30434782608695654,0.13043478260869565,0.021739130434782608,0.10869565217391304,0.2,0.2,0.0,0.6,627
PhD,Single,82800.0,23,1,3,0,69,0,1315,26,0.08745247148288973,0.016730038022813688,0.044866920152091254,0.05171102661596958,0.034220532319391636,0.038461538461538464,0.2692307692307692,0.23076923076923078,0.46153846153846156,582
Graduation,Married,41850.0,51,3,8,0,35,2,96,9,0.19791666666666666,0.052083333333333336,0.020833333333333332,0.13541666666666666,0.041666666666666664,0.3333333333333333,0.3333333333333333,0.0,0.3333333333333333,552
Graduation,Together,37760.0,20,2,7,0,69,0,317,13,0.11987381703470032,0.015772870662460567,0.47318611987381703,0.03785488958990536,0.08832807570977919,0.15384615384615385,0.3076923076923077,0.07692307692307693,0.46153846153846156,667
Master,Married,76995.0,91,2,5,0,66,1,1782,26,0.27946127946127947,0.04489337822671156,0.0,0.008978675645342313,0.09876543209876543,0.07692307692307693,0.4230769230769231,0.15384615384615385,0.34615384615384615,458
2n Cycle,Single,33812.0,86,2,6,0,30,1,133,8,0.14285714285714285,0.12781954887218044,0.22556390977443608,0.18045112781954886,0.2932330827067669,0.25,0.25,0.125,0.375,603
Graduation,Married,37040.0,41,1,8,0,33,0,316,12,0.2310126582278481,0.006329113924050633,0.21835443037974683,0.12025316455696203,0.1518987341772152,0.08333333333333333,0.3333333333333333,0.16666666666666666,0.4166666666666667,690
Graduation,Married,2447.0,42,15,1,0,36,1,1730,43,0.9971098265895953,0.0005780346820809249,0.0005780346820809249,0.0005780346820809249,0.0005780346820809249,0.3488372093023256,0.0,0.6511627906976745,0.0,539
PhD,Married,58607.0,63,3,8,0,66,1,972,17,0.08847736625514403,0.0,0.0,0.0,0.01954732510288066,0.17647058823529413,0.11764705882352941,0.17647058823529413,0.5294117647058824,553
PhD,Married,65324.0,0,3,4,0,61,1,544,20,0.1875,0.0,0.03860294117647059,0.058823529411764705,0.009191176470588236,0.15,0.3,0.1,0.45,169
Graduation,Together,40689.0,69,7,8,0,64,1,444,20,0.060810810810810814,0.006756756756756757,0.08783783783783784,0.013513513513513514,0.22297297297297297,0.35,0.35,0.05,0.25,468
Graduation,Single,18589.0,89,2,7,0,46,0,75,8,0.3333333333333333,0.05333333333333334,0.2,0.16,0.17333333333333334,0.25,0.25,0.125,0.375,543
Graduation,Married,53359.0,4,4,7,0,39,2,257,14,0.11673151750972763,0.01556420233463035,0.011673151750972763,0.023346303501945526,0.15953307392996108,0.2857142857142857,0.35714285714285715,0.07142857142857142,0.2857142857142857,398
Graduation,Married,38360.0,26,2,3,0,26,1,131,9,0.32061068702290074,0.015267175572519083,0.15267175572519084,0.16030534351145037,0.07633587786259542,0.2222222222222222,0.2222222222222222,0.1111111111111111,0.4444444444444444,394
PhD,Married,84618.0,96,1,2,0,50,0,1672,26,0.47906698564593303,0.05980861244019139,0.012559808612440191,0.039473684210526314,0.0,0.038461538461538464,0.23076923076923078,0.34615384615384615,0.38461538461538464,219
Master,Divorced,10979.0,34,2,5,0,26,0,30,8,0.3333333333333333,0.13333333333333333,0.06666666666666667,0.06666666666666667,0.13333333333333333,0.25,0.375,0.0,0.375,38
Master,Together,38620.0,56,1,3,0,52,0,318,11,0.13836477987421383,0.05345911949685535,0.1069182389937107,0.06918238993710692,0.279874213836478,0.09090909090909091,0.18181818181818182,0.45454545454545453,0.2727272727272727,414
Graduation,Together,40548.0,31,2,5,0,45,1,120,9,0.041666666666666664,0.0,0.016666666666666666,0.0,0.025,0.2222222222222222,0.2222222222222222,0.1111111111111111,0.4444444444444444,627
PhD,Divorced,46610.0,8,6,6,0,63,2,302,17,0.31788079470198677,0.039735099337748346,0.10927152317880795,0.0728476821192053,0.1423841059602649,0.35294117647058826,0.23529411764705882,0.058823529411764705,0.35294117647058826,608
Master,Married,68657.0,4,1,7,0,69,0,1196,18,0.39381270903010035,0.028428093645484948,0.09949832775919733,0.056856187290969896,0.01839464882943144,0.05555555555555555,0.16666666666666666,0.2777777777777778,0.5,494
Master,Single,49389.0,55,1,7,0,64,2,65,6,0.2923076923076923,0.0,0.03076923076923077,0.015384615384615385,0.046153846153846156,0.16666666666666666,0.3333333333333333,0.0,0.5,304
PhD,Married,67353.0,37,5,2,0,45,1,913,28,0.16538882803943045,0.018619934282584884,0.0,0.008762322015334063,0.038335158817086525,0.17857142857142858,0.17857142857142858,0.21428571428571427,0.42857142857142855,180
2n Cycle,Married,23718.0,76,3,7,0,39,1,81,9,0.1728395061728395,0.037037037037037035,0.18518518518518517,0.08641975308641975,0.4444444444444444,0.3333333333333333,0.3333333333333333,0.1111111111111111,0.2222222222222222,300
Graduation,Widow,42429.0,99,2,5,0,42,1,67,7,0.08955223880597014,0.0,0.029850746268656716,0.0,0.05970149253731343,0.2857142857142857,0.14285714285714285,0.14285714285714285,0.42857142857142855,138
PhD,Divorced,48948.0,53,2,6,0,72,0,902,24,0.22838137472283815,0.008869179600886918,0.17738359201773837,0.05432372505543237,0.04656319290465632,0.08333333333333333,0.2916666666666667,0.4166666666666667,0.20833333333333334,513
Graduation,Married,80011.0,3,2,4,0,35,1,1395,21,0.3842293906810036,0.05448028673835126,0.05878136200716846,0.12759856630824373,0.07311827956989247,0.09523809523809523,0.38095238095238093,0.2857142857142857,0.23809523809523808,426
Master,Married,20559.0,88,2,8,0,30,1,53,7,0.5471698113207547,0.018867924528301886,0.05660377358490566,0.0,0.1320754716981132,0.2857142857142857,0.2857142857142857,0.0,0.42857142857142855,474
Graduation,Together,21994.0,4,1,5,0,58,1,22,4,0.2727272727272727,0.0,0.13636363636363635,0.045454545454545456,0.13636363636363635,0.25,0.0,0.0,0.75,552
Master,Married,7500.0,19,3,5,0,40,1,31,8,0.3225806451612903,0.03225806451612903,0.0967741935483871,0.06451612903225806,0.3870967741935484,0.375,0.25,0.0,0.375,270
Graduation,Single,79941.0,72,1,1,0,39,0,984,16,0.2703252032520325,0.16666666666666666,0.2306910569105691,0.03048780487804878,0.17682926829268292,0.0625,0.125,0.25,0.5625,1
2n Cycle,Married,7500.0,24,3,9,0,19,0,122,10,0.11475409836065574,0.14754098360655737,0.12295081967213115,0.18032786885245902,0.4098360655737705,0.3,0.3,0.1,0.3,597
Graduation,Together,41728.0,92,1,10,0,47,1,55,5,0.2727272727272727,0.10909090909090909,0.05454545454545454,0.09090909090909091,0.23636363636363636,0.2,0.4,0.0,0.4,401
PhD,Married,72550.0,39,9,8,0,61,2,1319,28,0.2403335860500379,0.03790750568612585,0.03790750568612585,0.02880970432145565,0.02880970432145565,0.32142857142857145,0.17857142857142858,0.07142857142857142,0.42857142857142855,598
Graduation,Widow,65486.0,29,1,2,0,58,1,507,17,0.2465483234714004,0.03747534516765286,0.07297830374753451,0.13214990138067062,0.027613412228796843,0.058823529411764705,0.23529411764705882,0.11764705882352941,0.5882352941176471,48
Master,Married,79143.0,2,1,3,0,51,0,1693,29,0.4607206142941524,0.021854695806261076,0.01594802126402835,0.09864146485528648,0.018901358535144713,0.034482758620689655,0.20689655172413793,0.3103448275862069,0.4482758620689655,687
Graduation,Single,35790.0,54,2,7,0,38,1,72,7,0.2777777777777778,0.08333333333333333,0.4166666666666667,0.013888888888888888,0.041666666666666664,0.2857142857142857,0.2857142857142857,0.0,0.42857142857142855,543
Graduation,Divorced,82582.0,54,1,1,0,38,0,1617,21,0.3401360544217687,0.07421150278293136,0.09647495361781076,0.024737167594310452,0.14904143475572046,0.047619047619047616,0.19047619047619047,0.42857142857142855,0.3333333333333333,22
Graduation,Married,66373.0,57,7,3,0,37,2,606,23,0.20462046204620463,0.01485148514851485,0.019801980198019802,0.039603960396039604,0.17986798679867988,0.30434782608695654,0.17391304347826086,0.08695652173913043,0.43478260869565216,382
Master,Together,82384.0,55,1,1,0,60,0,1957,27,0.22074603985692387,0.026060296371997957,0.09197751660705161,0.061318344404701075,0.0970873786407767,0.037037037037037035,0.1111111111111111,0.37037037037037035,0.48148148148148145,587
Graduation,Divorced,70287.0,30,1,3,0,49,0,1093,21,0.4409881061299177,0.03202195791399817,0.11070448307410796,0.10978956999085086,0.036596523330283626,0.047619047619047616,0.23809523809523808,0.23809523809523808,0.47619047619047616,453
Graduation,Single,27938.0,31,1,3,0,27,1,29,6,0.27586206896551724,0.0,0.06896551724137931,0.034482758620689655,0.1724137931034483,0.16666666666666666,0.16666666666666666,0.0,0.6666666666666666,62
PhD,Married,55954.0,63,3,7,0,47,1,518,19,0.05405405405405406,0.0,0.0,0.0,0.08301158301158301,0.15789473684210525,0.42105263157894735,0.10526315789473684,0.3157894736842105,118
Master,Single,75777.0,12,1,1,0,33,0,1438,21,0.3741307371349096,0.01808066759388039,0.04798331015299027,0.009040333796940195,0.055632823365785816,0.047619047619047616,0.14285714285714285,0.2857142857142857,0.5238095238095238,360
Graduation,Together,66653.0,18,4,3,0,40,2,612,22,0.16666666666666666,0.029411764705882353,0.026143790849673203,0.029411764705882353,0.00980392156862745,0.18181818181818182,0.18181818181818182,0.09090909090909091,0.5454545454545454,660
Graduation,Single,61823.0,26,4,7,0,63,1,884,24,0.1515837104072398,0.007918552036199095,0.0418552036199095,0.01583710407239819,0.19117647058823528,0.16666666666666666,0.3333333333333333,0.08333333333333333,0.4166666666666667,496
PhD,Widow,67680.0,8,1,5,0,64,1,606,19,0.07920792079207921,0.0,0.0,0.009900990099009901,0.009900990099009901,0.05263157894736842,0.3684210526315789,0.15789473684210525,0.42105263157894735,383
Graduation,Together,70666.0,29,1,4,0,67,0,1076,16,0.34107806691449816,0.03717472118959108,0.11059479553903345,0.11338289962825279,0.027881040892193308,0.0625,0.4375,0.25,0.25,205
Graduation,Married,25721.0,75,1,7,0,44,1,34,5,0.17647058823529413,0.08823529411764706,0.08823529411764706,0.17647058823529413,0.4411764705882353,0.2,0.2,0.2,0.4,404
Graduation,Together,32474.0,0,1,7,0,48,2,11,4,0.09090909090909091,0.0,0.0,0.0,0.0,0.25,0.25,0.0,0.5,49
2n Cycle,Single,88194.0,19,1,5,0,36,1,1274,32,0.2425431711145997,0.01098901098901099,0.1577708006279435,0.018838304552590265,0.029827315541601257,0.03125,0.34375,0.3125,0.3125,102
Graduation,Together,69096.0,4,1,4,0,57,1,653,18,0.2434915773353752,0.07503828483920368,0.010719754977029096,0.12557427258805512,0.1669218989280245,0.05555555555555555,0.2777777777777778,0.1111111111111111,0.5555555555555556,275
Graduation,Together,74854.0,90,7,5,0,45,3,1562,19,0.3117797695262484,0.03777208706786172,0.03713188220230474,0.01856594110115237,0.04673495518565941,0.3684210526315789,0.10526315789473684,0.2631578947368421,0.2631578947368421,447
Master,Married,66991.0,1,3,3,0,61,0,1253,21,0.3671189146049481,0.028731045490822026,0.15083798882681565,0.047885075818036714,0.009577015163607342,0.14285714285714285,0.19047619047619047,0.38095238095238093,0.2857142857142857,656
Graduation,Married,65031.0,29,4,7,0,56,1,863,30,0.33719582850521435,0.12398609501738123,0.09733487833140209,0.04287369640787949,0.0996523754345307,0.13333333333333333,0.3333333333333333,0.1,0.43333333333333335,469
PhD,Married,60631.0,88,5,7,0,40,2,661,24,0.09833585476550681,0.009077155824508321,0.0,0.009077155824508321,0.028744326777609682,0.20833333333333334,0.375,0.08333333333333333,0.3333333333333333,450
Graduation,Married,28332.0,58,1,2,0,63,0,65,8,0.2,0.15384615384615385,0.06153846153846154,0.23076923076923078,0.13846153846153847,0.125,0.25,0.125,0.5,60
Graduation,Divorced,40246.0,68,1,6,0,38,1,13,4,0.46153846153846156,0.07692307692307693,0.15384615384615385,0.07692307692307693,0.07692307692307693,0.25,0.25,0.0,0.5,557
Master,Married,75251.0,34,1,5,0,43,0,1890,19,0.4894179894179894,0.05873015873015873,0.051322751322751325,0.009523809523809525,0.009523809523809525,0.05263157894736842,0.3684210526315789,0.3157894736842105,0.2631578947368421,671
Graduation,Single,75825.0,40,0,4,0,39,0,2209,22,0.35264825712992304,0.047532820280669984,0.06201901312811227,0.047532820280669984,0.023087369850611137,0.0,0.22727272727272727,0.36363636363636365,0.4090909090909091,625
2n Cycle,Together,26326.0,12,1,3,1,39,0,18,4,0.2777777777777778,0.0,0.0,0.16666666666666666,0.5,0.25,0.0,0.0,0.75,298
Graduation,Together,56046.0,9,2,8,0,50,0,692,21,0.09248554913294797,0.0,0.0,0.0,0.07369942196531792,0.09523809523809523,0.47619047619047616,0.047619047619047616,0.38095238095238093,543
Graduation,Single,29760.0,87,4,8,0,30,1,165,12,0.4121212121212121,0.024242424242424242,0.04242424242424243,0.030303030303030304,0.10303030303030303,0.3333333333333333,0.25,0.08333333333333333,0.3333333333333333,669
Graduation,Married,26304.0,5,1,7,0,46,1,16,4,0.3125,0.0625,0.125,0.0,0.25,0.25,0.25,0.0,0.5,371
2n Cycle,Married,23559.0,87,3,7,0,42,1,79,9,0.24050632911392406,0.06329113924050633,0.08860759493670886,0.0,0.2911392405063291,0.3333333333333333,0.3333333333333333,0.0,0.3333333333333333,361
Master,Together,38620.0,56,1,3,0,52,0,318,11,0.13836477987421383,0.05345911949685535,0.1069182389937107,0.06918238993710692,0.279874213836478,0.09090909090909091,0.18181818181818182,0.45454545454545453,0.2727272727272727,414
Graduation,Divorced,81361.0,18,1,1,0,28,0,778,27,0.5449871465295629,0.02956298200514139,0.03470437017994859,0.08354755784061697,0.09768637532133675,0.037037037037037035,0.1111111111111111,0.37037037037037035,0.48148148148148145,124
Graduation,Married,29440.0,95,2,7,0,55,2,56,7,0.25,0.14285714285714285,0.17857142857142858,0.07142857142857142,0.05357142857142857,0.2857142857142857,0.14285714285714285,0.0,0.5714285714285714,322
Master,Married,36138.0,48,5,7,0,45,2,151,13,0.10596026490066225,0.0,0.0,0.0,0.033112582781456956,0.38461538461538464,0.23076923076923078,0.07692307692307693,0.3076923076923077,348
Graduation,Single,50388.0,3,4,7,0,58,1,372,17,0.09946236559139784,0.016129032258064516,0.0,0.008064516129032258,0.0913978494623656,0.23529411764705882,0.35294117647058826,0.058823529411764705,0.35294117647058826,32
Graduation,Married,79593.0,70,1,2,0,42,0,1366,19,0.4158125915080527,0.043923865300146414,0.08052708638360176,0.09736456808199122,0.1061493411420205,0.05263157894736842,0.2631578947368421,0.3157894736842105,0.3684210526315789,48
Graduation,Together,54178.0,79,1,2,0,48,1,194,10,0.20103092783505155,0.04639175257731959,0.020618556701030927,0.0,0.03608247422680412,0.1,0.2,0.2,0.5,159
Master,Single,42394.0,69,1,7,0,43,1,32,5,0.3125,0.0625,0.0,0.03125,0.125,0.2,0.2,0.0,0.6,98
PhD,Married,23626.0,84,3,5,0,45,1,43,10,0.32558139534883723,0.046511627906976744,0.0,0.0,0.0,0.3,0.3,0.1,0.3,36
Graduation,Married,30096.0,30,1,6,0,32,1,45,6,0.24444444444444444,0.06666666666666667,0.26666666666666666,0.1111111111111111,0.2,0.16666666666666666,0.3333333333333333,0.0,0.5,38
Graduation,Widow,47916.0,72,5,6,0,55,1,606,22,0.0429042904290429,0.0,0.0,0.0,0.12376237623762376,0.22727272727272727,0.3181818181818182,0.18181818181818182,0.2727272727272727,584
Graduation,Divorced,51813.0,37,2,7,0,43,2,63,7,0.1111111111111111,0.031746031746031744,0.0,0.015873015873015872,0.031746031746031744,0.2857142857142857,0.2857142857142857,0.0,0.42857142857142855,444
2n Cycle,Married,78497.0,44,1,2,0,64,0,978,25,0.4570552147239264,0.026584867075664622,0.07668711656441718,0.0,0.2280163599182004,0.04,0.2,0.28,0.48,210
PhD,Married,50150.0,32,2,5,0,32,0,410,16,0.22439024390243903,0.11219512195121951,0.15853658536585366,0.14878048780487804,0.026829268292682926,0.125,0.3125,0.125,0.4375,374
2n Cycle,Single,47823.0,0,2,8,0,55,1,72,7,0.06944444444444445,0.013888888888888888,0.027777777777777776,0.013888888888888888,0.1388888888888889,0.2857142857142857,0.2857142857142857,0.0,0.42857142857142855,341
PhD,Single,34554.0,43,2,6,0,56,1,55,7,0.10909090909090909,0.01818181818181818,0.03636363636363636,0.0,0.09090909090909091,0.2857142857142857,0.2857142857142857,0.0,0.42857142857142855,91
Graduation,Together,85693.0,59,2,5,0,36,1,1169,27,0.15654405474764757,0.14713430282292558,0.15825491873396064,0.11291702309666382,0.0949529512403764,0.07407407407407407,0.3333333333333333,0.18518518518518517,0.4074074074074074,435
PhD,Married,65846.0,68,1,4,0,70,0,1120,16,0.24642857142857144,0.07232142857142858,0.07142857142857142,0.03571428571428571,0.07232142857142858,0.0625,0.375,0.1875,0.375,408
Graduation,Married,87195.0,35,1,1,0,56,0,1097,20,0.6289881494986327,0.06927985414767548,0.04557885141294439,0.023701002734731084,0.03463992707383774,0.05,0.15,0.55,0.25,52
Basic,Together,24594.0,94,1,5,0,36,1,29,5,0.20689655172413793,0.10344827586206896,0.3448275862068966,0.0,0.3103448275862069,0.2,0.2,0.0,0.6,201
Graduation,Married,49096.0,15,4,7,0,51,2,187,13,0.1711229946524064,0.0053475935828877,0.0106951871657754,0.0053475935828877,0.0374331550802139,0.3076923076923077,0.3076923076923077,0.07692307692307693,0.3076923076923077,278
Graduation,Married,52413.0,56,4,6,0,46,2,910,26,0.2978021978021978,0.11648351648351649,0.08241758241758242,0.1076923076923077,0.07142857142857142,0.15384615384615385,0.23076923076923078,0.15384615384615385,0.46153846153846156,512
Graduation,Single,38557.0,17,2,7,0,37,1,145,9,0.21379310344827587,0.020689655172413793,0.027586206896551724,0.027586206896551724,0.18620689655172415,0.2222222222222222,0.3333333333333333,0.1111111111111111,0.3333333333333333,557
Master,Married,89058.0,18,1,2,0,55,0,850,14,0.12470588235294118,0.22823529411764706,0.036470588235294116,0.02588235294117647,0.05058823529411765,0.07142857142857142,0.35714285714285715,0.2857142857142857,0.2857142857142857,569
Graduation,Together,77298.0,46,1,3,0,36,1,969,24,0.3013415892672859,0.11867905056759546,0.023735810113519093,0.03611971104231166,0.08152734778121776,0.041666666666666664,0.25,0.25,0.4583333333333333,239
PhD,Single,68126.0,40,1,9,0,24,0,1820,17,0.17087912087912088,0.00934065934065934,0.012637362637362638,0.028021978021978023,0.04725274725274725,0.058823529411764705,0.4117647058823529,0.23529411764705882,0.29411764705882354,596
Master,Together,57288.0,27,3,6,0,52,1,608,20,0.03453947368421053,0.0,0.0,0.0,0.09868421052631579,0.15,0.4,0.05,0.4,4
Graduation,Single,86037.0,95,1,3,0,24,0,730,25,0.17123287671232876,0.06027397260273973,0.03972602739726028,0.0273972602739726,0.030136986301369864,0.04,0.24,0.28,0.44,543
PhD,Married,43974.0,19,5,7,0,35,1,551,21,0.18330308529945555,0.0,0.0,0.0,0.1306715063520871,0.23809523809523808,0.2857142857142857,0.19047619047619047,0.2857142857142857,564
Graduation,Single,50785.0,27,2,6,0,53,2,114,8,0.18421052631578946,0.008771929824561403,0.0,0.008771929824561403,0.23684210526315788,0.25,0.25,0.125,0.375,292
Graduation,Married,90765.0,25,0,1,0,45,0,1724,15,0.4709976798143852,0.0574245939675174,0.08758700696055685,0.04756380510440835,0.0191415313225058,0.0,0.26666666666666666,0.4,0.3333333333333333,156
2n Cycle,Married,36550.0,74,5,9,0,37,1,577,20,0.16291161178509533,0.1559792027729636,0.21317157712305027,0.17850953206239167,0.20797227036395147,0.25,0.45,0.05,0.25,495
2n Cycle,Together,30753.0,85,2,5,0,48,2,81,7,0.30864197530864196,0.06172839506172839,0.0,0.1111111111111111,0.37037037037037035,0.2857142857142857,0.14285714285714285,0.14285714285714285,0.42857142857142855,353
Graduation,Together,21918.0,37,2,6,0,46,1,33,7,0.21212121212121213,0.18181818181818182,0.3333333333333333,0.15151515151515152,0.09090909090909091,0.2857142857142857,0.2857142857142857,0.0,0.42857142857142855,227
Master,Together,56129.0,65,4,4,0,62,1,660,22,0.2015151515151515,0.07272727272727272,0.05909090909090909,0.10909090909090909,0.07272727272727272,0.18181818181818182,0.2727272727272727,0.09090909090909091,0.45454545454545453,374
Master,Single,32557.0,13,3,5,0,48,1,80,9,0.3625,0.0375,0.0,0.05,0.125,0.3333333333333333,0.2222222222222222,0.1111111111111111,0.3333333333333333,125
Master,Married,19510.0,63,2,7,0,30,2,30,6,0.23333333333333334,0.0,0.1,0.13333333333333333,0.23333333333333334,0.3333333333333333,0.16666666666666666,0.0,0.5,298
Graduation,Divorced,30992.0,83,1,7,0,39,1,43,5,0.32558139534883723,0.0,0.16279069767441862,0.06976744186046512,0.046511627906976744,0.2,0.2,0.0,0.6,433
Graduation,Single,101970.0,69,0,2,0,32,0,1135,27,0.08986784140969163,0.02378854625550661,0.038766519823788544,0.06343612334801763,0.14801762114537445,0.0,0.2222222222222222,0.2962962962962963,0.48148148148148145,474
2n Cycle,Together,71488.0,87,2,1,0,50,0,559,16,0.22182468694096602,0.059033989266547404,0.07155635062611806,0.05008944543828265,0.3076923076923077,0.125,0.1875,0.25,0.4375,496
Graduation,Single,79607.0,37,1,1,0,31,0,1923,16,0.49453978159126366,0.06916276651066043,0.08996359854394176,0.0,0.11232449297971919,0.0625,0.1875,0.375,0.375,434
Master,Married,54348.0,51,2,6,0,62,2,90,8,0.17777777777777778,0.0,0.0,0.0,0.044444444444444446,0.25,0.25,0.0,0.5,21
PhD,Together,77376.0,72,4,4,0,59,2,661,23,0.1664145234493192,0.028744326777609682,0.024205748865355523,0.018154311649016642,0.018154311649016642,0.17391304347826086,0.2608695652173913,0.13043478260869565,0.43478260869565216,50
Graduation,Married,62998.0,10,5,5,0,63,1,463,19,0.15766738660907129,0.12526997840172785,0.14038876889848811,0.19222462203023757,0.12526997840172785,0.2631578947368421,0.2631578947368421,0.21052631578947367,0.2631578947368421,272
Graduation,Married,73448.0,10,1,4,0,46,0,725,19,0.26068965517241377,0.14620689655172414,0.031724137931034485,0.05655172413793103,0.1793103448275862,0.05263157894736842,0.3684210526315789,0.10526315789473684,0.47368421052631576,139
PhD,Married,41551.0,51,5,8,0,51,2,279,16,0.11827956989247312,0.0,0.010752688172043012,0.0,0.08243727598566308,0.3125,0.3125,0.0625,0.3125,319
PhD,Together,62981.0,21,1,3,0,48,0,1482,23,0.398110661268556,0.009446693657219974,0.02564102564102564,0.029689608636977057,0.0,0.043478260869565216,0.17391304347826086,0.21739130434782608,0.5652173913043478,469
Basic,Divorced,9548.0,31,2,8,0,39,1,29,6,0.10344827586206896,0.034482758620689655,0.3448275862068966,0.20689655172413793,0.3103448275862069,0.3333333333333333,0.16666666666666666,0.0,0.5,690
PhD,Married,33762.0,61,3,8,0,56,3,106,9,0.32075471698113206,0.009433962264150943,0.018867924528301886,0.0,0.1509433962264151,0.3333333333333333,0.2222222222222222,0.2222222222222222,0.2222222222222222,357
PhD,Divorced,36921.0,74,2,7,0,50,2,38,7,0.3157894736842105,0.02631578947368421,0.07894736842105263,0.02631578947368421,0.10526315789473684,0.2857142857142857,0.2857142857142857,0.0,0.42857142857142855,336
Master,Single,92859.0,46,1,2,0,23,0,2077,22,0.44342802118440056,0.029369282619162253,0.025036109773712085,0.029369282619162253,0.009629272989889264,0.045454545454545456,0.22727272727272727,0.18181818181818182,0.5454545454545454,618
Master,Together,65104.0,4,2,7,0,39,1,1053,17,0.22032288698955366,0.0,0.012345679012345678,0.01899335232668566,0.04748338081671415,0.11764705882352941,0.17647058823529413,0.29411764705882354,0.4117647058823529,227
Graduation,Married,86111.0,73,1,2,0,53,0,1385,23,0.5458483754512635,0.020216606498194945,0.025992779783393503,0.02888086642599278,0.09097472924187726,0.043478260869565216,0.21739130434782608,0.30434782608695654,0.43478260869565216,436
PhD,Single,68352.0,47,3,6,0,41,1,871,25,0.1515499425947187,0.018369690011481057,0.04936854190585534,0.03788748564867968,0.03788748564867968,0.12,0.32,0.2,0.36,305
Graduation,Together,41883.0,13,3,7,0,27,1,312,12,0.13141025641025642,0.10897435897435898,0.23397435897435898,0.05128205128205128,0.3717948717948718,0.25,0.3333333333333333,0.16666666666666666,0.25,467
Graduation,Married,59809.0,36,3,8,0,39,2,877,15,0.16077537058152794,0.018244013683010263,0.036488027366020526,0.046750285062713795,0.055872291904218926,0.2,0.2,0.2,0.4,619
Graduation,Married,23957.0,47,1,6,0,40,1,68,6,0.2647058823529412,0.014705882352941176,0.29411764705882354,0.16176470588235295,0.23529411764705882,0.16666666666666666,0.3333333333333333,0.0,0.5,609
Graduation,Together,38547.0,49,1,8,1,34,1,22,4,0.45454545454545453,0.045454545454545456,0.0,0.045454545454545456,0.18181818181818182,0.25,0.25,0.0,0.5,305
2n Cycle,Married,35688.0,94,7,8,0,42,3,211,16,0.4265402843601896,0.014218009478672985,0.05687203791469194,0.004739336492890996,0.15165876777251186,0.4375,0.25,0.0625,0.25,676
Master,Married,49605.0,65,1,3,0,49,0,127,8,0.2283464566929134,0.12598425196850394,0.09448818897637795,0.15748031496062992,0.06299212598425197,0.125,0.25,0.125,0.5,8
Master,Married,59354.0,59,1,3,0,62,2,459,16,0.16993464052287582,0.0457516339869281,0.08496732026143791,0.02832244008714597,0.02832244008714597,0.0625,0.25,0.25,0.4375,66
Graduation,Married,65747.0,96,4,6,0,46,1,460,19,0.10434782608695652,0.03695652173913044,0.05,0.02826086956521739,0.02826086956521739,0.21052631578947367,0.42105263157894735,0.05263157894736842,0.3157894736842105,114
2n Cycle,Together,46344.0,28,4,7,0,43,1,429,17,0.13286713286713286,0.046620046620046623,0.018648018648018648,0.046620046620046623,0.21212121212121213,0.23529411764705882,0.4117647058823529,0.058823529411764705,0.29411764705882354,562
PhD,Together,61010.0,57,2,5,0,63,1,1021,26,0.05582761998041136,0.0,0.0,0.0,0.07443682664054849,0.07692307692307693,0.3076923076923077,0.19230769230769232,0.4230769230769231,628
Graduation,Together,69372.0,10,1,4,0,66,0,1381,21,0.1947863866763215,0.01882693700217234,0.024619840695148443,0.00941346850108617,0.03041274438812455,0.047619047619047616,0.47619047619047616,0.19047619047619047,0.2857142857142857,495
Graduation,Single,49967.0,4,3,7,0,57,1,306,15,0.22549019607843138,0.0196078431372549,0.013071895424836602,0.0392156862745098,0.00980392156862745,0.2,0.4,0.06666666666666667,0.3333333333333333,356
Graduation,Single,60199.0,49,1,4,0,37,3,18,4,0.3888888888888889,0.05555555555555555,0.1111111111111111,0.0,0.0,0.25,0.0,0.0,0.75,290
Graduation,Together,55375.0,3,1,2,0,38,1,162,9,0.35185185185185186,0.06790123456790123,0.06172839506172839,0.1728395061728395,0.08641975308641975,0.1111111111111111,0.1111111111111111,0.1111111111111111,0.6666666666666666,255
Graduation,Single,80317.0,64,1,1,0,60,0,1231,18,0.314378554021121,0.008935824532900082,0.12103980503655565,0.07392363931762795,0.0463038180341186,0.05555555555555555,0.16666666666666666,0.2222222222222222,0.5555555555555556,313
Master,Single,30523.0,0,1,7,0,57,3,13,4,0.23076923076923078,0.0,0.0,0.0,0.38461538461538464,0.25,0.25,0.0,0.5,363
PhD,Married,70356.0,20,2,6,0,70,0,1706,27,0.14595545134818289,0.009378663540445486,0.025205158264947247,0.009378663540445486,0.019343493552168817,0.07407407407407407,0.37037037037037035,0.2222222222222222,0.3333333333333333,601
Graduation,Married,23228.0,91,4,8,0,31,1,121,11,0.4049586776859504,0.024793388429752067,0.05785123966942149,0.03305785123966942,0.04132231404958678,0.36363636363636365,0.2727272727272727,0.0,0.36363636363636365,175
PhD,Divorced,74165.0,9,1,2,0,40,0,1293,20,0.18561484918793503,0.009280742459396751,0.01237432327919567,0.009280742459396751,0.009280742459396751,0.05,0.25,0.2,0.5,424
Graduation,Together,43482.0,83,3,6,0,49,3,88,9,0.36363636363636365,0.011363636363636364,0.06818181818181818,0.03409090909090909,0.3181818181818182,0.3333333333333333,0.2222222222222222,0.0,0.4444444444444444,228
Graduation,Divorced,62551.0,27,1,3,0,62,0,421,18,0.2327790973871734,0.03800475059382423,0.3182897862232779,0.0498812351543943,0.06413301662707839,0.05555555555555555,0.3333333333333333,0.3888888888888889,0.2222222222222222,223
Graduation,Divorced,52332.0,63,1,4,0,56,0,259,12,0.1274131274131274,0.019305019305019305,0.02702702702702703,0.0,0.007722007722007722,0.08333333333333333,0.25,0.16666666666666666,0.5,305
Graduation,Single,66951.0,46,1,1,0,27,0,1117,15,0.2730528200537153,0.1450313339301701,0.1548791405550582,0.06803939122649955,0.11101163831692032,0.06666666666666667,0.2,0.26666666666666666,0.4666666666666667,239
Graduation,Together,26091.0,84,3,5,0,58,2,89,9,0.21348314606741572,0.11235955056179775,0.0898876404494382,0.19101123595505617,0.2247191011235955,0.3333333333333333,0.2222222222222222,0.1111111111111111,0.3333333333333333,124
Graduation,Together,33456.0,58,2,7,0,50,2,36,6,0.2777777777777778,0.08333333333333333,0.2222222222222222,0.027777777777777776,0.19444444444444445,0.3333333333333333,0.16666666666666666,0.0,0.5,69
Graduation,Married,28718.0,78,2,8,0,33,1,57,7,0.10526315789473684,0.07017543859649122,0.19298245614035087,0.14035087719298245,0.2807017543859649,0.2857142857142857,0.2857142857142857,0.0,0.42857142857142855,351
Graduation,Married,50447.0,4,1,6,0,45,2,148,8,0.16216216216216217,0.0472972972972973,0.013513513513513514,0.02027027027027027,0.18243243243243243,0.125,0.375,0.125,0.375,69
PhD,Together,53537.0,17,2,5,0,56,2,93,8,0.06451612903225806,0.0,0.0,0.0,0.06451612903225806,0.25,0.25,0.125,0.375,150
Graduation,Single,52074.0,77,1,4,0,48,1,119,7,0.10084033613445378,0.0,0.0,0.0,0.40336134453781514,0.14285714285714285,0.2857142857142857,0.2857142857142857,0.2857142857142857,86
PhD,Married,80427.0,56,1,5,0,40,1,1835,28,0.2446866485013624,0.038692098092643054,0.03760217983651226,0.038692098092643054,0.014168937329700272,0.03571428571428571,0.39285714285714285,0.2857142857142857,0.2857142857142857,655
PhD,Married,83837.0,79,1,4,0,67,0,1318,25,0.09028831562974203,0.05007587253414264,0.06525037936267071,0.06752655538694992,0.08421851289833081,0.04,0.36,0.4,0.2,560
PhD,Married,38853.0,90,2,7,0,45,2,45,7,0.3111111111111111,0.0,0.0,0.0,0.044444444444444446,0.2857142857142857,0.2857142857142857,0.0,0.42857142857142855,37
Graduation,Together,38285.0,96,1,2,0,56,3,10,4,0.5,0.0,0.2,0.0,0.1,0.25,0.0,0.0,0.75,5
2n Cycle,Married,78497.0,44,1,2,0,64,0,978,25,0.4570552147239264,0.026584867075664622,0.07668711656441718,0.0,0.2280163599182004,0.04,0.2,0.28,0.48,210
PhD,Married,51650.0,81,1,5,0,39,1,191,10,0.11518324607329843,0.015706806282722512,0.010471204188481676,0.02617801047120419,0.03664921465968586,0.1,0.4,0.1,0.4,49
2n Cycle,Married,16248.0,77,3,6,0,27,1,57,9,0.17543859649122806,0.19298245614035087,0.05263157894736842,0.21052631578947367,0.15789473684210525,0.3333333333333333,0.2222222222222222,0.1111111111111111,0.3333333333333333,50
Master,Married,66835.0,21,1,2,0,69,0,1033,24,0.1887705711519845,0.02516940948693127,0.03291384317521781,0.016456921587608905,0.13649564375605033,0.041666666666666664,0.25,0.16666666666666666,0.5416666666666666,274
Master,Married,30477.0,16,1,6,0,31,1,66,6,0.09090909090909091,0.015151515151515152,0.0,0.0,0.18181818181818182,0.16666666666666666,0.16666666666666666,0.16666666666666666,0.5,158
Basic,Married,28249.0,80,1,6,0,54,0,43,6,0.16279069767441862,0.20930232558139536,0.046511627906976744,0.32558139534883723,0.23255813953488372,0.16666666666666666,0.3333333333333333,0.0,0.5,14
Graduation,Married,25271.0,45,1,9,0,32,1,50,5,0.36,0.02,0.2,0.08,0.14,0.2,0.2,0.2,0.4,571
PhD,Single,32303.0,63,2,5,0,45,1,39,7,0.05128205128205128,0.0,0.0,0.0,0.05128205128205128,0.2857142857142857,0.14285714285714285,0.0,0.5714285714285714,113
Graduation,Married,61286.0,34,2,5,0,49,1,608,18,0.17598684210526316,0.0,0.03125,0.014802631578947368,0.1924342105263158,0.1111111111111111,0.3888888888888889,0.05555555555555555,0.4444444444444444,331
Graduation,Married,74068.0,14,1,2,0,39,0,1581,24,0.3396584440227704,0.018975332068311195,0.08855154965211891,0.0480708412397217,0.009487666034155597,0.041666666666666664,0.16666666666666666,0.4166666666666667,0.375,467
PhD,Married,45759.0,13,2,7,0,51,2,68,7,0.2647058823529412,0.014705882352941176,0.04411764705882353,0.0,0.058823529411764705,0.2857142857142857,0.2857142857142857,0.0,0.42857142857142855,491
Basic,Together,24882.0,52,1,6,0,37,1,80,5,0.125,0.05,0.3625,0.0,0.45,0.2,0.2,0.2,0.4,658
PhD,Together,66973.0,98,1,3,0,26,0,1282,28,0.3369734789391576,0.0171606864274571,0.11466458658346333,0.08814352574102964,0.07956318252730109,0.03571428571428571,0.2857142857142857,0.25,0.42857142857142855,408
Graduation,Married,38872.0,93,2,8,0,27,1,91,8,0.23076923076923078,0.03296703296703297,0.03296703296703297,0.2087912087912088,0.24175824175824176,0.25,0.375,0.0,0.375,395
Graduation,Married,51148.0,38,4,6,0,42,2,315,16,0.14285714285714285,0.01904761904761905,0.025396825396825397,0.02857142857142857,0.0380952380952381,0.25,0.3125,0.0625,0.375,496
Graduation,Married,31353.0,24,2,8,0,38,2,31,6,0.3225806451612903,0.0,0.0967741935483871,0.03225806451612903,0.22580645161290322,0.3333333333333333,0.16666666666666666,0.16666666666666666,0.3333333333333333,182
Master,Married,69661.0,80,1,3,0,35,0,834,23,0.12709832134292565,0.019184652278177457,0.03836930455635491,0.019184652278177457,0.009592326139088728,0.043478260869565216,0.30434782608695654,0.13043478260869565,0.5217391304347826,47
Graduation,Married,80067.0,82,1,2,0,61,0,1600,17,0.508125,0.010625,0.016875,0.108125,0.031875,0.058823529411764705,0.23529411764705882,0.35294117647058826,0.35294117647058826,283
Graduation,Married,86718.0,20,1,2,0,61,0,1270,17,0.3795275590551181,0.14881889763779527,0.03937007874015748,0.025984251968503937,0.13543307086614173,0.058823529411764705,0.29411764705882354,0.35294117647058826,0.29411764705882354,528
PhD,Single,46854.0,81,6,8,0,42,2,263,15,0.30038022813688214,0.0038022813688212928,0.026615969581749048,0.0038022813688212928,0.30038022813688214,0.4,0.3333333333333333,0.06666666666666667,0.2,90
Graduation,Divorced,69142.0,50,3,5,0,63,1,535,19,0.06355140186915888,0.007476635514018692,0.011214953271028037,0.007476635514018692,0.07289719626168224,0.15789473684210525,0.42105263157894735,0.05263157894736842,0.3684210526315789,0
Graduation,Single,75922.0,60,1,1,0,47,0,1295,18,0.42702702702702705,0.10656370656370656,0.17297297297297298,0.01776061776061776,0.07104247104247104,0.05555555555555555,0.2222222222222222,0.2222222222222222,0.5,202
Graduation,Divorced,63693.0,63,3,6,0,37,1,1150,29,0.29304347826086957,0.03739130434782609,0.036521739130434785,0.07565217391304348,0.04695652173913043,0.10344827586206896,0.3793103448275862,0.20689655172413793,0.3103448275862069,258
PhD,Together,102160.0,54,0,4,0,38,0,1240,26,0.11129032258064517,0.02338709677419355,0.06129032258064516,0.14193548387096774,0.0467741935483871,0.0,0.2692307692307692,0.34615384615384615,0.38461538461538464,604
PhD,Single,40637.0,72,2,7,0,50,2,38,6,0.34210526315789475,0.0,0.0,0.0,0.07894736842105263,0.3333333333333333,0.16666666666666666,0.0,0.5,347
Master,Single,18890.0,5,1,6,0,31,0,35,4,0.02857142857142857,0.11428571428571428,0.2,0.05714285714285714,0.42857142857142855,0.25,0.0,0.25,0.5,596
Graduation,Together,29604.0,88,1,9,0,27,1,53,5,0.24528301886792453,0.11320754716981132,0.1320754716981132,0.11320754716981132,0.2641509433962264,0.2,0.2,0.0,0.6,203
Master,Divorced,48721.0,50,6,6,0,52,2,293,17,0.3856655290102389,0.06143344709897611,0.16040955631399317,0.04436860068259386,0.07167235494880546,0.35294117647058826,0.23529411764705882,0.11764705882352941,0.29411764705882354,412
Graduation,Married,44794.0,99,1,6,0,49,1,65,6,0.1076923076923077,0.0,0.0,0.0,0.06153846153846154,0.16666666666666666,0.3333333333333333,0.0,0.5,21
Graduation,Divorced,64497.0,17,5,8,0,61,1,1804,29,0.17738359201773837,0.026607538802660754,0.02328159645232816,0.017738359201773836,0.10643015521064302,0.1724137931034483,0.3793103448275862,0.13793103448275862,0.3103448275862069,657
Graduation,Together,46097.0,11,5,4,0,59,1,241,15,0.2821576763485477,0.0995850622406639,0.2697095435684647,0.016597510373443983,0.03319502074688797,0.3333333333333333,0.2,0.06666666666666667,0.4,455
Graduation,Together,77972.0,18,1,1,0,61,0,1101,20,0.28973660308810173,0.019981834695731154,0.02997275204359673,0.09264305177111716,0.010899182561307902,0.05,0.2,0.3,0.45,103
PhD,Married,44377.0,70,8,8,0,47,2,264,19,0.11363636363636363,0.0,0.0,0.0,0.03787878787878788,0.42105263157894735,0.2631578947368421,0.05263157894736842,0.2631578947368421,632
Master,Together,46014.0,21,10,7,0,41,2,541,26,0.10905730129390019,0.0,0.03512014787430684,0.0166358595194085,0.08133086876155268,0.38461538461538464,0.2692307692307692,0.038461538461538464,0.3076923076923077,524
Graduation,Married,70951.0,66,1,1,0,30,0,1198,17,0.46243739565943237,0.008347245409015025,0.21202003338898165,0.07262103505843072,0.045075125208681135,0.058823529411764705,0.17647058823529413,0.23529411764705882,0.5294117647058824,421
Graduation,Married,41443.0,79,6,8,0,38,1,482,20,0.35477178423236516,0.014522821576763486,0.05186721991701245,0.03941908713692946,0.18464730290456433,0.3,0.4,0.05,0.25,89
2n Cycle,Single,52195.0,2,1,8,0,37,3,17,4,0.23529411764705882,0.0,0.0,0.0,0.058823529411764705,0.25,0.25,0.0,0.5,48
Master,Married,83790.0,81,1,3,0,67,0,1615,25,0.2582043343653251,0.009907120743034056,0.026006191950464396,0.029721362229102165,0.009907120743034056,0.04,0.32,0.4,0.24,226
Master,Widow,44551.0,24,2,7,0,61,1,285,12,0.11578947368421053,0.014035087719298246,0.0,0.0,0.23157894736842105,0.16666666666666666,0.3333333333333333,0.08333333333333333,0.4166666666666667,302
Graduation,Together,69508.0,48,2,6,0,35,1,1135,28,0.14273127753303966,0.028193832599118944,0.03700440528634361,0.028193832599118944,0.03788546255506608,0.07142857142857142,0.39285714285714285,0.14285714285714285,0.39285714285714285,592
2n Cycle,Together,45204.0,93,1,3,0,27,1,114,7,0.21929824561403508,0.09649122807017543,0.2543859649122807,0.008771929824561403,0.15789473684210525,0.14285714285714285,0.14285714285714285,0.14285714285714285,0.5714285714285714,79
Graduation,Married,72460.0,56,1,1,0,46,0,1047,16,0.5157593123209169,0.009551098376313277,0.07640878701050621,0.02865329512893983,0.009551098376313277,0.0625,0.1875,0.3125,0.4375,227
PhD,Together,77622.0,3,2,3,0,45,2,714,22,0.21568627450980393,0.00980392156862745,0.02661064425770308,0.0,0.0196078431372549,0.09090909090909091,0.2727272727272727,0.13636363636363635,0.5,76
PhD,Married,30732.0,44,4,8,0,35,1,185,13,0.13513513513513514,0.005405405405405406,0.0,0.005405405405405406,0.016216216216216217,0.3076923076923077,0.3076923076923077,0.07692307692307693,0.3076923076923077,540
Graduation,Divorced,63887.0,38,5,6,0,53,1,1245,32,0.16626506024096385,0.018473895582329317,0.012048192771084338,0.008835341365461847,0.07389558232931727,0.15625,0.28125,0.1875,0.375,659
Graduation,Together,42011.0,46,4,8,0,37,1,189,12,0.08465608465608465,0.0,0.010582010582010581,0.005291005291005291,0.20634920634920634,0.3333333333333333,0.25,0.08333333333333333,0.3333333333333333,460
Graduation,Together,51369.0,84,2,8,0,39,1,576,16,0.1371527777777778,0.012152777777777778,0.0,0.019097222222222224,0.3159722222222222,0.125,0.5,0.125,0.25,612
Graduation,Divorced,51537.0,27,3,8,0,63,1,1103,18,0.18495013599274707,0.01813236627379873,0.0,0.0,0.08340888485947416,0.16666666666666666,0.1111111111111111,0.1111111111111111,0.6111111111111112,567
PhD,Married,79930.0,72,1,2,0,43,0,1753,17,0.42213348545350826,0.04905875641756988,0.03822019395322305,0.029092983456930975,0.009697661152310326,0.058823529411764705,0.17647058823529413,0.29411764705882354,0.47058823529411764,690
PhD,Together,34320.0,66,1,8,0,29,1,17,4,0.5294117647058824,0.058823529411764705,0.17647058823529413,0.0,0.0,0.25,0.25,0.0,0.5,133
Graduation,Single,37070.0,30,9,7,0,49,2,433,23,0.3163972286374134,0.016166281755196306,0.009237875288683603,0.03464203233256351,0.09006928406466513,0.391304347826087,0.21739130434782608,0.043478260869565216,0.34782608695652173,466
2n Cycle,Divorced,81975.0,2,1,7,0,53,1,1588,14,0.11586901763224182,0.04785894206549118,0.11335012594458438,0.08690176322418136,0.01700251889168766,0.07142857142857142,0.42857142857142855,0.21428571428571427,0.2857142857142857,540
Graduation,Together,38590.0,65,1,8,0,44,1,22,4,0.36363636363636365,0.045454545454545456,0.18181818181818182,0.13636363636363635,0.13636363636363635,0.25,0.25,0.0,0.5,410
Graduation,Single,15033.0,37,1,3,0,64,0,19,5,0.2631578947368421,0.21052631578947367,0.3157894736842105,0.0,0.21052631578947367,0.2,0.2,0.0,0.6,74
PhD,Married,62745.0,89,3,5,0,50,1,1117,29,0.41539838854073413,0.018800358102059087,0.025067144136078783,0.008952551477170993,0.02864816472694718,0.10344827586206896,0.2413793103448276,0.27586206896551724,0.3793103448275862,463
2n Cycle,Married,22212.0,49,2,6,0,40,1,69,8,0.2898550724637681,0.13043478260869565,0.08695652173913043,0.11594202898550725,0.30434782608695654,0.25,0.25,0.0,0.5,202
Master,Together,23661.0,46,1,7,0,33,1,23,5,0.17391304347826086,0.0,0.0,0.0,0.043478260869565216,0.2,0.2,0.0,0.6,207
PhD,Single,79761.0,32,1,3,0,57,1,605,19,0.2049586776859504,0.008264462809917356,0.024793388429752067,0.05785123966942149,0.01818181818181818,0.05263157894736842,0.2631578947368421,0.10526315789473684,0.5789473684210527,268
Graduation,Single,7500.0,54,4,7,0,42,1,57,11,0.17543859649122806,0.05263157894736842,0.21052631578947367,0.12280701754385964,0.3508771929824561,0.36363636363636365,0.2727272727272727,0.09090909090909091,0.2727272727272727,185
Graduation,Widow,73455.0,98,1,3,0,47,0,2088,22,0.3625478927203065,0.02921455938697318,0.08908045977011494,0.07806513409961686,0.009578544061302681,0.045454545454545456,0.2727272727272727,0.22727272727272727,0.45454545454545453,244
Graduation,Together,64961.0,97,2,3,0,57,1,1009,16,0.27353815659068387,0.11298315163528246,0.07433102081268583,0.12289395441030723,0.03766105054509415,0.125,0.375,0.25,0.25,553
Graduation,Single,22804.0,75,1,9,0,44,1,26,5,0.2692307692307692,0.038461538461538464,0.07692307692307693,0.038461538461538464,0.038461538461538464,0.2,0.4,0.0,0.4,333
Graduation,Married,73687.0,8,1,2,0,25,0,1627,22,0.3091579594345421,0.0940381069452981,0.13398893669330056,0.007990165949600492,0.11124769514443761,0.045454545454545456,0.13636363636363635,0.4090909090909091,0.4090909090909091,213
Graduation,Married,61074.0,37,7,7,0,57,1,1102,31,0.1206896551724138,0.0,0.0,0.025408348457350273,0.13793103448275862,0.22580645161290322,0.3548387096774194,0.16129032258064516,0.25806451612903225,681
PhD,Married,31686.0,31,2,6,0,51,2,17,6,0.29411764705882354,0.0,0.0,0.0,0.058823529411764705,0.3333333333333333,0.16666666666666666,0.0,0.5,24
Graduation,Married,80134.0,40,2,6,0,43,1,1690,16,0.16094674556213018,0.009467455621301775,0.06153846153846154,0.0,0.047337278106508875,0.125,0.3125,0.1875,0.375,405
Graduation,Married,75027.0,74,2,5,0,62,1,1390,21,0.12877697841726618,0.0460431654676259,0.09568345323741007,0.008633093525179856,0.05539568345323741,0.09523809523809523,0.42857142857142855,0.19047619047619047,0.2857142857142857,536
PhD,Married,67546.0,90,1,3,0,27,0,2126,20,0.36124176857949203,0.06302916274694262,0.07055503292568203,0.017873941674506115,0.08090310442144873,0.05,0.2,0.5,0.25,667
Master,Together,65176.0,57,4,6,0,46,1,1531,25,0.11952971913781842,0.018288700195950358,0.14369693011103854,0.045721750489875895,0.045721750489875895,0.16,0.36,0.24,0.24,608
Master,Single,31160.0,59,2,8,0,40,1,64,7,0.390625,0.046875,0.09375,0.015625,0.203125,0.2857142857142857,0.2857142857142857,0.0,0.42857142857142855,286
Graduation,Single,29938.0,52,2,6,0,30,1,26,6,0.2692307692307692,0.11538461538461539,0.0,0.07692307692307693,0.4230769230769231,0.3333333333333333,0.16666666666666666,0.0,0.5,245
Graduation,Divorced,102692.0,5,1,2,0,41,0,1112,29,0.39928057553956836,0.13309352517985612,0.02877697841726619,0.15467625899280577,0.13309352517985612,0.034482758620689655,0.20689655172413793,0.3103448275862069,0.4482758620689655,450
2n Cycle,Together,26490.0,92,2,6,0,57,0,210,11,0.24761904761904763,0.22380952380952382,0.1,0.09523809523809523,0.11904761904761904,0.18181818181818182,0.2727272727272727,0.09090909090909091,0.45454545454545453,645
Graduation,Together,75702.0,77,5,8,0,48,2,1148,26,0.3074912891986063,0.024390243902439025,0.039198606271777,0.036585365853658534,0.02613240418118467,0.19230769230769232,0.15384615384615385,0.23076923076923078,0.4230769230769231,669
PhD,Single,30899.0,35,2,6,0,41,1,33,6,0.24242424242424243,0.0,0.0,0.0,0.030303030303030304,0.3333333333333333,0.16666666666666666,0.0,0.5,624
PhD,Together,63342.0,48,3,6,0,54,1,1101,19,0.10717529518619437,0.01907356948228883,0.011807447774750226,0.009082652134423252,0.01907356948228883,0.15789473684210525,0.42105263157894735,0.15789473684210525,0.2631578947368421,621
Graduation,Single,45989.0,97,4,3,0,51,1,322,16,0.2701863354037267,0.10248447204968944,0.08695652173913043,0.07453416149068323,0.037267080745341616,0.25,0.1875,0.125,0.4375,615
Graduation,Single,18701.0,95,4,5,0,51,2,44,10,0.045454545454545456,0.09090909090909091,0.22727272727272727,0.13636363636363635,0.22727272727272727,0.4,0.2,0.0,0.4,390
PhD,Single,40737.0,24,1,8,0,58,3,17,4,0.23529411764705882,0.0,0.0,0.0,0.11764705882352941,0.25,0.25,0.0,0.5,203
Graduation,Divorced,15287.0,60,2,7,0,36,1,31,6,0.25806451612903225,0.06451612903225806,0.12903225806451613,0.0967741935483871,0.41935483870967744,0.3333333333333333,0.16666666666666666,0.16666666666666666,0.3333333333333333,627
PhD,Divorced,69674.0,46,3,5,0,47,2,845,25,0.25443786982248523,0.0485207100591716,0.01301775147928994,0.0,0.028402366863905324,0.12,0.4,0.08,0.4,403
Master,Married,44159.0,85,4,5,0,45,1,275,15,0.22545454545454546,0.007272727272727273,0.08727272727272728,0.04727272727272727,0.025454545454545455,0.26666666666666666,0.26666666666666666,0.06666666666666667,0.4,12
PhD,Married,37717.0,31,1,9,0,37,1,25,4,0.24,0.0,0.16,0.04,0.2,0.25,0.25,0.0,0.5,583
Master,Together,43776.0,9,6,8,0,63,2,275,17,0.2581818181818182,0.007272727272727273,0.01090909090909091,0.007272727272727273,0.07272727272727272,0.35294117647058826,0.29411764705882354,0.11764705882352941,0.23529411764705882,511
Master,Married,38179.0,30,4,7,0,49,2,90,11,0.24444444444444444,0.044444444444444446,0.044444444444444446,0.022222222222222223,0.2222222222222222,0.36363636363636365,0.2727272727272727,0.09090909090909091,0.2727272727272727,472
Graduation,Married,80124.0,47,1,1,0,52,0,1495,19,0.2662207357859532,0.05618729096989967,0.13712374581939799,0.05618729096989967,0.16120401337792642,0.05263157894736842,0.15789473684210525,0.3684210526315789,0.42105263157894735,3
PhD,Married,38097.0,70,4,7,0,45,2,184,11,0.19021739130434784,0.010869565217391304,0.0,0.005434782608695652,0.375,0.36363636363636365,0.2727272727272727,0.18181818181818182,0.18181818181818182,622
Graduation,Married,72940.0,13,1,1,0,45,0,981,13,0.3037716615698267,0.07543323139653414,0.1651376146788991,0.15188583078491336,0.11824668705402651,0.07692307692307693,0.23076923076923078,0.23076923076923078,0.46153846153846156,375
Graduation,Together,22070.0,11,2,6,0,45,1,67,8,0.2835820895522388,0.1044776119402985,0.11940298507462686,0.029850746268656716,0.31343283582089554,0.25,0.25,0.25,0.25,268
Graduation,Single,69267.0,31,2,7,0,62,0,1635,14,0.3051987767584098,0.02691131498470948,0.0581039755351682,0.044648318042813454,0.08929663608562691,0.14285714285714285,0.21428571428571427,0.2857142857142857,0.35714285714285715,645
Master,Single,31788.0,15,3,5,1,32,1,60,10,0.38333333333333336,0.11666666666666667,0.0,0.13333333333333333,0.1,0.3,0.3,0.0,0.4,101
PhD,Together,61905.0,2,2,5,0,40,1,231,12,0.18614718614718614,0.0,0.025974025974025976,0.008658008658008658,0.05627705627705628,0.16666666666666666,0.3333333333333333,0.16666666666666666,0.3333333333333333,145
Graduation,Married,29315.0,55,4,6,0,55,2,48,10,0.2916666666666667,0.041666666666666664,0.16666666666666666,0.14583333333333334,0.08333333333333333,0.4,0.2,0.0,0.4,84
Graduation,Divorced,33378.0,38,3,7,0,52,2,99,9,0.40404040404040403,0.06060606060606061,0.030303030303030304,0.0707070707070707,0.10101010101010101,0.3333333333333333,0.2222222222222222,0.0,0.4444444444444444,508
PhD,Together,66313.0,86,2,4,0,52,1,770,23,0.12857142857142856,0.00909090909090909,0.012987012987012988,0.02857142857142857,0.00909090909090909,0.08695652173913043,0.2608695652173913,0.13043478260869565,0.5217391304347826,286
Graduation,Single,60714.0,56,2,5,0,59,0,957,23,0.23406478578892373,0.16927899686520376,0.10553814002089865,0.0961337513061651,0.16927899686520376,0.08695652173913043,0.30434782608695654,0.17391304347826086,0.43478260869565216,528
Master,Together,77882.0,29,1,1,0,34,0,818,12,0.4841075794621027,0.15770171149144255,0.22982885085574573,0.02689486552567237,0.018337408312958436,0.08333333333333333,0.25,0.25,0.4166666666666667,60
PhD,Single,69867.0,30,1,1,0,29,0,925,17,0.5535135135135135,0.0,0.03567567567567568,0.14054054054054055,0.05837837837837838,0.058823529411764705,0.17647058823529413,0.29411764705882354,0.47058823529411764,453
Master,Divorced,63841.0,64,1,6,0,47,1,908,22,0.11013215859030837,0.016519823788546256,0.022026431718061675,0.007709251101321586,0.14427312775330398,0.045454545454545456,0.4090909090909091,0.13636363636363635,0.4090909090909091,434
Basic,Married,24480.0,46,3,7,0,34,1,102,10,0.08823529411764706,0.18627450980392157,0.27450980392156865,0.24509803921568626,0.16666666666666666,0.3,0.3,0.0,0.4,503
Graduation,Together,51369.0,84,2,8,0,39,1,576,16,0.1371527777777778,0.012152777777777778,0.0,0.019097222222222224,0.3159722222222222,0.125,0.5,0.125,0.25,612
Graduation,Together,37760.0,20,2,7,0,69,0,317,13,0.11987381703470032,0.015772870662460567,0.47318611987381703,0.03785488958990536,0.08832807570977919,0.15384615384615385,0.3076923076923077,0.07692307692307693,0.46153846153846156,667
PhD,Together,65640.0,74,1,2,0,41,1,461,15,0.3232104121475054,0.015184381778741865,0.04338394793926247,0.03253796095444685,0.14316702819956617,0.06666666666666667,0.3333333333333333,0.06666666666666667,0.5333333333333333,120
Master,Married,44319.0,18,2,5,0,40,2,37,7,0.21621621621621623,0.0,0.0,0.0,0.08108108108108109,0.2857142857142857,0.2857142857142857,0.0,0.42857142857142855,73
Graduation,Married,30631.0,75,1,7,0,41,1,70,7,0.2857142857142857,0.08571428571428572,0.05714285714285714,0.07142857142857142,0.2857142857142857,0.14285714285714285,0.42857142857142855,0.14285714285714285,0.2857142857142857,352
Graduation,Together,75278.0,17,1,3,0,63,0,930,23,0.24731182795698925,0.1053763440860215,0.16129032258064516,0.07956989247311828,0.07956989247311828,0.043478260869565216,0.2608695652173913,0.13043478260869565,0.5652173913043478,516
Master,Together,50898.0,88,13,5,0,59,2,859,33,0.2817229336437718,0.03259604190919674,0.0640279394644936,0.13271245634458673,0.15715948777648428,0.3939393939393939,0.18181818181818182,0.06060606060606061,0.36363636363636365,537
Graduation,Widow,79946.0,19,1,3,0,49,0,1478,22,0.38227334235453314,0.12381596752368065,0.11231393775372124,0.09539918809201624,0.018944519621109608,0.045454545454545456,0.22727272727272727,0.5,0.22727272727272727,48
Master,Divorced,35416.0,62,3,8,0,66,0,390,16,0.2076923076923077,0.007692307692307693,0.010256410256410256,0.007692307692307693,0.13076923076923078,0.1875,0.4375,0.0625,0.3125,381
2n Cycle,Together,32414.0,11,1,7,0,31,0,52,5,0.09615384615384616,0.11538461538461539,0.0,0.17307692307692307,0.23076923076923078,0.2,0.2,0.0,0.6,360
Graduation,Together,38361.0,74,3,7,0,46,1,137,10,0.40875912408759124,0.0,0.145985401459854,0.058394160583941604,0.10218978102189781,0.3,0.3,0.1,0.3,184
Graduation,Married,82497.0,32,1,4,0,35,0,1919,19,0.2985930171964565,0.0672225117248567,0.11255862428348098,0.010943199583116207,0.10578426263679,0.05263157894736842,0.10526315789473684,0.3684210526315789,0.47368421052631576,606
Graduation,Together,16626.0,76,3,9,0,44,2,68,9,0.3235294117647059,0.04411764705882353,0.3088235294117647,0.014705882352941176,0.19117647058823528,0.3333333333333333,0.3333333333333333,0.0,0.3333333333333333,165
Graduation,Together,29672.0,6,1,6,0,50,2,25,4,0.12,0.04,0.0,0.16,0.32,0.25,0.0,0.0,0.75,474
Master,Together,55951.0,62,3,8,0,63,1,1374,23,0.05822416302765648,0.0,0.0,0.009461426491994178,0.02911208151382824,0.13043478260869565,0.13043478260869565,0.2608695652173913,0.4782608695652174,675
2n Cycle,Divorced,35388.0,20,1,7,0,27,1,32,5,0.21875,0.125,0.125,0.09375,0.25,0.2,0.2,0.0,0.6,479
Master,Together,42386.0,43,1,8,0,29,1,100,7,0.16,0.04,0.0,0.04,0.11,0.14285714285714285,0.42857142857142855,0.0,0.42857142857142855,532
Graduation,Single,68627.0,45,1,1,0,33,0,825,12,0.3187878787878788,0.01818181818181818,0.07272727272727272,0.06545454545454546,0.04606060606060606,0.08333333333333333,0.16666666666666666,0.25,0.5,533
PhD,Divorced,57912.0,34,5,5,0,50,1,916,28,0.08733624454148471,0.0,0.0,0.0,0.03820960698689956,0.17857142857142858,0.2857142857142857,0.10714285714285714,0.42857142857142855,104
Graduation,Divorced,35246.0,53,4,5,0,57,2,62,11,0.1935483870967742,0.0,0.03225806451612903,0.03225806451612903,0.16129032258064516,0.36363636363636365,0.2727272727272727,0.09090909090909091,0.2727272727272727,74
2n Cycle,Together,58821.0,44,1,6,0,59,1,728,21,0.21153846153846154,0.019230769230769232,0.0260989010989011,0.0,0.038461538461538464,0.047619047619047616,0.42857142857142855,0.09523809523809523,0.42857142857142855,260
PhD,Married,46377.0,89,1,4,0,37,1,90,7,0.5111111111111111,0.0,0.044444444444444446,0.03333333333333333,0.0,0.14285714285714285,0.2857142857142857,0.14285714285714285,0.42857142857142855,120
Graduation,Single,39747.0,43,3,8,0,27,1,273,13,0.34065934065934067,0.054945054945054944,0.07326007326007326,0.047619047619047616,0.19047619047619047,0.23076923076923078,0.38461538461538464,0.07692307692307693,0.3076923076923077,77
Graduation,Together,23976.0,68,3,7,0,31,1,66,10,0.3181818181818182,0.015151515151515152,0.030303030303030304,0.045454545454545456,0.3787878787878788,0.3,0.3,0.1,0.3,184
Master,Married,80950.0,44,1,2,0,54,0,1213,23,0.09233305853256389,0.12118713932399011,0.18054410552349548,0.12118713932399011,0.05193734542456719,0.043478260869565216,0.2608695652173913,0.30434782608695654,0.391304347826087,458
Graduation,Widow,27038.0,64,1,9,0,49,0,107,7,0.2336448598130841,0.24299065420560748,0.1588785046728972,0.21495327102803738,0.14018691588785046,0.14285714285714285,0.42857142857142855,0.0,0.42857142857142855,649
Graduation,Single,77457.0,85,1,1,0,68,0,1157,18,0.34572169403630076,0.00950734658599827,0.01296456352636128,0.03889369057908384,0.00950734658599827,0.05555555555555555,0.1111111111111111,0.2777777777777778,0.5555555555555556,116
Master,Married,64100.0,93,1,7,0,51,1,546,18,0.04945054945054945,0.0,0.0,0.0,0.018315018315018316,0.05555555555555555,0.4444444444444444,0.16666666666666666,0.3333333333333333,292
Master,Together,42670.0,12,1,4,0,23,0,241,11,0.1908713692946058,0.008298755186721992,0.08298755186721991,0.016597510373443983,0.06224066390041494,0.09090909090909091,0.36363636363636365,0.18181818181818182,0.36363636363636365,428
Graduation,Divorced,12571.0,86,4,6,0,39,1,53,11,0.2641509433962264,0.09433962264150944,0.03773584905660377,0.22641509433962265,0.32075471698113206,0.36363636363636365,0.2727272727272727,0.09090909090909091,0.2727272727272727,162
Graduation,Married,22574.0,28,2,7,0,48,3,37,7,0.21621621621621623,0.0,0.05405405405405406,0.0,0.05405405405405406,0.2857142857142857,0.2857142857142857,0.0,0.42857142857142855,244
Master,Single,70893.0,42,1,3,0,39,0,1508,23,0.3720159151193634,0.029177718832891247,0.05106100795755968,0.029177718832891247,0.009283819628647215,0.043478260869565216,0.2608695652173913,0.2608695652173913,0.43478260869565216,508
Graduation,Married,54198.0,13,6,4,0,49,2,235,16,0.11914893617021277,0.0,0.01276595744680851,0.00851063829787234,0.07234042553191489,0.375,0.1875,0.0625,0.375,194
Master,Together,28839.0,86,2,5,0,59,2,32,7,0.21875,0.0,0.0,0.0,0.03125,0.2857142857142857,0.2857142857142857,0.0,0.42857142857142855,110
Graduation,Married,40321.0,59,2,7,0,43,2,102,8,0.20588235294117646,0.0392156862745098,0.058823529411764705,0.0,0.2647058823529412,0.25,0.375,0.0,0.375,335
Graduation,Single,66503.0,30,2,3,0,30,1,401,15,0.3192019950124688,0.1596009975062344,0.16209476309226933,0.007481296758104738,0.12468827930174564,0.13333333333333333,0.26666666666666666,0.2,0.4,684
Graduation,Married,30833.0,33,2,5,0,64,2,28,6,0.25,0.0,0.10714285714285714,0.03571428571428571,0.21428571428571427,0.3333333333333333,0.16666666666666666,0.0,0.5,348
Graduation,Married,64795.0,23,3,2,0,44,1,680,21,0.175,0.007352941176470588,0.05588235294117647,0.04264705882352941,0.11323529411764706,0.14285714285714285,0.14285714285714285,0.14285714285714285,0.5714285714285714,528
Graduation,Married,34421.0,81,1,7,0,41,1,30,4,0.23333333333333334,0.1,0.2,0.06666666666666667,0.3,0.25,0.25,0.0,0.5,363
PhD,Divorced,47025.0,6,1,7,0,50,2,20,4,0.15,0.0,0.0,0.0,0.05,0.25,0.25,0.0,0.5,140
PhD,Divorced,64325.0,41,5,7,0,54,1,1307,23,0.2700841622035195,0.045906656465187455,0.05967865340474369,0.009181331293037491,0.0558530986993114,0.21739130434782608,0.43478260869565216,0.13043478260869565,0.21739130434782608,507
Graduation,Single,40464.0,78,6,8,0,62,1,630,24,0.1873015873015873,0.026984126984126985,0.011111111111111112,0.03650793650793651,0.06507936507936508,0.25,0.3333333333333333,0.08333333333333333,0.3333333333333333,534
Graduation,Married,62187.0,49,1,3,0,58,0,1283,18,0.21434138737334374,0.0,0.03507404520654715,0.03507404520654715,0.09820732657833203,0.05555555555555555,0.2222222222222222,0.4444444444444444,0.2777777777777778,359
PhD,Divorced,14849.0,39,3,8,0,39,1,65,9,0.4307692307692308,0.03076923076923077,0.046153846153846156,0.03076923076923077,0.13846153846153847,0.3333333333333333,0.2222222222222222,0.0,0.4444444444444444,362
Graduation,Married,27255.0,3,1,7,0,31,1,37,5,0.2972972972972973,0.02702702702702703,0.0,0.02702702702702703,0.05405405405405406,0.2,0.2,0.0,0.6,234
PhD,Married,54432.0,37,1,4,0,65,3,38,5,0.13157894736842105,0.0,0.0,0.0,0.0,0.2,0.2,0.0,0.6,416
PhD,Single,29999.0,22,4,8,0,29,1,160,12,0.36875,0.04375,0.0625,0.03125,0.06875,0.3333333333333333,0.25,0.08333333333333333,0.3333333333333333,501
Graduation,Single,24072.0,79,1,8,0,32,1,23,4,0.2608695652173913,0.043478260869565216,0.13043478260869565,0.0,0.17391304347826086,0.25,0.25,0.0,0.5,439
PhD,Single,33996.0,46,1,4,0,26,0,71,6,0.2112676056338028,0.028169014084507043,0.11267605633802817,0.0,0.08450704225352113,0.16666666666666666,0.16666666666666666,0.16666666666666666,0.5,291
PhD,Married,66334.0,82,2,5,0,59,1,1161,19,0.18776916451335057,0.009474590869939707,0.0,0.0,0.019810508182601206,0.10526315789473684,0.47368421052631576,0.15789473684210525,0.2631578947368421,452
Master,Married,35178.0,10,1,7,0,44,1,59,5,0.22033898305084745,0.01694915254237288,0.03389830508474576,0.03389830508474576,0.3050847457627119,0.2,0.2,0.2,0.4,535
Graduation,Together,22010.0,51,2,8,0,32,1,33,7,0.2727272727272727,0.06060606060606061,0.09090909090909091,0.0,0.24242424242424243,0.2857142857142857,0.2857142857142857,0.0,0.42857142857142855,364
Graduation,Divorced,62204.0,38,1,3,0,55,2,946,22,0.26109936575052856,0.048625792811839326,0.15961945031712474,0.048625792811839326,0.14693446088794926,0.045454545454545456,0.18181818181818182,0.22727272727272727,0.5454545454545454,655
Graduation,Divorced,75693.0,10,1,4,0,47,0,1442,22,0.2031900138696255,0.10610263522884882,0.049930651872399444,0.06726768377253814,0.020804438280166437,0.045454545454545456,0.5,0.18181818181818182,0.2727272727272727,570
Graduation,Married,30675.0,14,1,8,0,43,1,62,5,0.25806451612903225,0.03225806451612903,0.1774193548387097,0.03225806451612903,0.3387096774193548,0.2,0.2,0.0,0.6,594
Graduation,Together,83003.0,18,1,3,0,50,0,1674,22,0.34050179211469533,0.03643966547192354,0.023894862604540025,0.014934289127837515,0.07287933094384708,0.045454545454545456,0.3181818181818182,0.2727272727272727,0.36363636363636365,483
Graduation,Single,68655.0,95,1,3,0,27,0,1538,21,0.540962288686606,0.01235370611183355,0.04876462938881664,0.07672301690507152,0.0247074122236671,0.047619047619047616,0.19047619047619047,0.23809523809523808,0.5238095238095238,688
Graduation,Divorced,41411.0,11,1,6,0,29,0,139,8,0.2733812949640288,0.2302158273381295,0.07913669064748201,0.02158273381294964,0.12949640287769784,0.125,0.25,0.125,0.5,204
PhD,Married,55212.0,65,3,8,0,46,1,1182,20,0.03807106598984772,0.0,0.0,0.0,0.028764805414551606,0.15,0.2,0.1,0.55,583
PhD,Together,59292.0,71,2,3,0,65,1,507,18,0.1341222879684418,0.027613412228796843,0.03747534516765286,0.027613412228796843,0.027613412228796843,0.1111111111111111,0.16666666666666666,0.2777777777777778,0.4444444444444444,381
Basic,Together,27190.0,13,1,8,0,42,1,18,4,0.3888888888888889,0.3333333333333333,0.0,0.05555555555555555,0.16666666666666666,0.25,0.25,0.0,0.5,318
Graduation,Divorced,82623.0,58,1,1,0,63,0,940,16,0.2170212765957447,0.036170212765957444,0.1829787234042553,0.16276595744680852,0.18404255319148935,0.0625,0.125,0.5625,0.25,231
Graduation,Married,44300.0,65,2,6,0,50,2,42,6,0.21428571428571427,0.0,0.0,0.0,0.07142857142857142,0.3333333333333333,0.16666666666666666,0.0,0.5,371
Graduation,Divorced,84835.0,0,1,1,0,45,0,1190,15,0.31848739495798317,0.08739495798319327,0.09327731092436975,0.1588235294117647,0.18319327731092436,0.06666666666666667,0.26666666666666666,0.26666666666666666,0.4,13
Graduation,Widow,30372.0,33,3,7,0,44,2,44,8,0.2727272727272727,0.0,0.1590909090909091,0.06818181818181818,0.1590909090909091,0.375,0.25,0.0,0.375,551
Master,Married,33181.0,90,1,6,0,39,1,16,4,0.1875,0.0,0.0,0.0,0.25,0.25,0.25,0.0,0.5,177
Graduation,Married,71113.0,95,4,4,0,58,1,835,26,0.30538922155688625,0.03952095808383234,0.013173652694610778,0.03952095808383234,0.009580838323353293,0.15384615384615385,0.23076923076923078,0.2692307692307692,0.34615384615384615,194
Graduation,Married,71952.0,93,2,4,0,29,1,1443,22,0.3153153153153153,0.05544005544005544,0.036036036036036036,0.07415107415107415,0.06444906444906445,0.09090909090909091,0.36363636363636365,0.18181818181818182,0.36363636363636365,535
PhD,Single,69759.0,38,3,3,0,49,0,1029,18,0.49951409135082603,0.019436345966958212,0.012633624878522837,0.029154518950437316,0.0,0.16666666666666666,0.2222222222222222,0.3333333333333333,0.2777777777777778,244
Graduation,Married,72099.0,18,1,1,0,41,0,1188,18,0.3451178451178451,0.0765993265993266,0.10016835016835017,0.0,0.018518518518518517,0.05555555555555555,0.16666666666666666,0.2222222222222222,0.5555555555555556,610
PhD,Single,60000.0,57,5,6,0,39,1,1277,24,0.16992952231793265,0.0,0.0,0.0,0.009397024275646046,0.20833333333333334,0.4583333333333333,0.125,0.20833333333333334,554
Graduation,Single,38643.0,45,2,7,1,37,2,49,7,0.2857142857142857,0.04081632653061224,0.0,0.02040816326530612,0.20408163265306123,0.2857142857142857,0.2857142857142857,0.0,0.42857142857142855,212
Graduation,Married,50737.0,61,1,6,0,60,1,99,7,0.1111111111111111,0.0,0.0,0.0,0.10101010101010101,0.14285714285714285,0.2857142857142857,0.0,0.5714285714285714,414
PhD,Married,68462.0,6,1,1,0,46,0,1670,15,0.47005988023952094,0.03832335329341317,0.05029940119760479,0.07664670658682635,0.02874251497005988,0.06666666666666667,0.2,0.2,0.5333333333333333,564
Master,Married,65073.0,65,1,2,1,72,0,900,14,0.19666666666666666,0.01888888888888889,0.07666666666666666,0.0,0.008888888888888889,0.07142857142857142,0.35714285714285715,0.21428571428571427,0.35714285714285715,313
PhD,Together,46681.0,52,2,5,0,67,2,425,16,0.1623529411764706,0.03529411764705882,0.03529411764705882,0.04470588235294118,0.08941176470588236,0.125,0.25,0.375,0.25,264
Graduation,Married,78618.0,87,1,2,0,58,0,2153,22,0.3799349744542499,0.07570831398049234,0.09846725499303298,0.07570831398049234,0.02833255921969345,0.045454545454545456,0.18181818181818182,0.3181818181818182,0.45454545454545453,639
PhD,Widow,62187.0,38,3,4,0,46,1,636,21,0.13050314465408805,0.0,0.0,0.0,0.06446540880503145,0.14285714285714285,0.2857142857142857,0.09523809523809523,0.47619047619047616,99
Graduation,Married,28442.0,53,3,4,0,37,2,57,10,0.17543859649122806,0.05263157894736842,0.19298245614035087,0.14035087719298245,0.10526315789473684,0.3,0.2,0.1,0.4,125
PhD,Married,37717.0,31,1,9,0,37,1,25,4,0.24,0.0,0.16,0.04,0.2,0.25,0.25,0.0,0.5,583
Graduation,Married,51479.0,67,7,7,0,48,2,494,22,0.32388663967611336,0.016194331983805668,0.012145748987854251,0.016194331983805668,0.13157894736842105,0.3181818181818182,0.2727272727272727,0.13636363636363635,0.2727272727272727,548
Graduation,Single,54803.0,65,2,4,0,46,1,693,19,0.13275613275613277,0.0,0.04040404040404041,0.03896103896103896,0.2049062049062049,0.10526315789473684,0.3157894736842105,0.10526315789473684,0.47368421052631576,677
Graduation,Married,79530.0,64,1,2,0,55,0,1348,26,0.6045994065281899,0.0,0.0956973293768546,0.03115727002967359,0.021513353115727003,0.038461538461538464,0.15384615384615385,0.38461538461538464,0.4230769230769231,408
Graduation,Divorced,31615.0,82,2,7,0,39,1,51,7,0.39215686274509803,0.058823529411764705,0.11764705882352941,0.21568627450980393,0.17647058823529413,0.2857142857142857,0.2857142857142857,0.0,0.42857142857142855,470
Graduation,Together,72025.0,27,1,3,0,53,0,1932,16,0.2841614906832298,0.017080745341614908,0.07815734989648034,0.06884057971014493,0.12060041407867494,0.0625,0.25,0.1875,0.5,589
PhD,Single,52614.0,63,2,8,0,40,1,990,16,0.14343434343434344,0.0,0.012121212121212121,0.00909090909090909,0.03838383838383838,0.125,0.125,0.25,0.5,575
2n Cycle,Married,35684.0,66,1,6,0,31,1,30,5,0.23333333333333334,0.13333333333333333,0.0,0.2,0.1,0.2,0.2,0.0,0.6,68
Graduation,Married,48178.0,69,6,8,0,40,2,254,16,0.17716535433070865,0.015748031496062992,0.023622047244094488,0.007874015748031496,0.14960629921259844,0.375,0.3125,0.0625,0.25,609
Master,Single,29548.0,52,1,4,0,45,1,29,5,0.20689655172413793,0.034482758620689655,0.10344827586206896,0.034482758620689655,0.3793103448275862,0.2,0.2,0.2,0.4,304
Graduation,Single,63810.0,45,4,8,0,49,1,1371,23,0.18453683442742524,0.0087527352297593,0.011670313639679067,0.0087527352297593,0.0736688548504741,0.17391304347826086,0.17391304347826086,0.13043478260869565,0.5217391304347826,595
PhD,Single,38578.0,2,3,8,0,43,2,73,9,0.3013698630136986,0.0547945205479452,0.0410958904109589,0.0410958904109589,0.0410958904109589,0.3333333333333333,0.3333333333333333,0.0,0.3333333333333333,372
Master,Single,46098.0,86,4,8,0,40,2,120,11,0.225,0.0,0.0,0.0,0.3,0.36363636363636365,0.2727272727272727,0.18181818181818182,0.18181818181818182,680
Graduation,Single,22585.0,23,1,9,0,45,0,81,5,0.18518518518518517,0.1111111111111111,0.16049382716049382,0.024691358024691357,0.48148148148148145,0.2,0.2,0.2,0.4,468
Graduation,Single,30279.0,13,1,8,0,26,1,37,5,0.3783783783783784,0.10810810810810811,0.10810810810810811,0.10810810810810811,0.02702702702702703,0.2,0.2,0.0,0.6,546
PhD,Together,66426.0,14,2,6,0,54,1,1377,20,0.07044299201161947,0.017429193899782137,0.023238925199709513,0.017429193899782137,0.1140159767610748,0.1,0.15,0.25,0.5,270
Graduation,Single,30822.0,92,1,7,0,46,1,51,5,0.2549019607843137,0.17647058823529413,0.0392156862745098,0.23529411764705882,0.23529411764705882,0.2,0.2,0.0,0.6,380
PhD,Married,33581.0,38,1,8,0,46,2,17,4,0.29411764705882354,0.0,0.0,0.0,0.058823529411764705,0.25,0.25,0.0,0.5,537
Graduation,Married,19986.0,74,1,7,0,30,1,22,4,0.22727272727272727,0.2727272727272727,0.0,0.09090909090909091,0.2727272727272727,0.25,0.0,0.0,0.75,227
Graduation,Widow,27421.0,14,3,7,0,61,0,324,14,0.2962962962962963,0.037037037037037035,0.24074074074074073,0.12345679012345678,0.1697530864197531,0.21428571428571427,0.2857142857142857,0.07142857142857142,0.42857142857142855,564
2n Cycle,Married,35688.0,94,7,8,0,42,3,211,16,0.4265402843601896,0.014218009478672985,0.05687203791469194,0.004739336492890996,0.15165876777251186,0.4375,0.25,0.0625,0.25,676
Master,Single,36143.0,33,1,3,0,34,1,19,4,0.05263157894736842,0.0,0.0,0.0,0.3157894736842105,0.25,0.0,0.25,0.5,91
Graduation,Single,10245.0,32,3,5,0,44,1,41,8,0.17073170731707318,0.17073170731707318,0.14634146341463414,0.0975609756097561,0.3170731707317073,0.375,0.125,0.25,0.25,410
Master,Together,43795.0,11,3,7,0,47,1,492,17,0.10772357723577236,0.022357723577235773,0.008130081300813009,0.006097560975609756,0.21747967479674796,0.17647058823529413,0.4117647058823529,0.17647058823529413,0.23529411764705882,256
Graduation,Together,63381.0,78,4,2,0,55,1,1005,26,0.14129353233830846,0.04975124378109453,0.03283582089552239,0.04975124378109453,0.1582089552238806,0.15384615384615385,0.15384615384615385,0.19230769230769232,0.5,632
Graduation,Together,38823.0,56,1,6,0,66,1,114,7,0.09649122807017543,0.0,0.017543859649122806,0.07017543859649122,0.20175438596491227,0.14285714285714285,0.2857142857142857,0.14285714285714285,0.42857142857142855,668
PhD,Divorced,83664.0,57,3,5,0,47,2,1173,19,0.1287297527706735,0.017902813299232736,0.023870417732310314,0.017902813299232736,0.0733162830349531,0.15789473684210525,0.10526315789473684,0.10526315789473684,0.631578947368421,417
Graduation,Together,90300.0,7,0,1,0,36,0,1738,19,0.4522439585730725,0.07710011507479862,0.0189873417721519,0.07710011507479862,0.03279631760644419,0.0,0.2631578947368421,0.3157894736842105,0.42105263157894735,177
Master,Together,62499.0,0,2,4,0,36,1,222,12,0.2747747747747748,0.018018018018018018,0.0,0.05855855855855856,0.018018018018018018,0.16666666666666666,0.25,0.08333333333333333,0.5,202
Graduation,Single,74293.0,66,1,2,0,22,0,1127,16,0.2972493345164153,0.13487133984028393,0.08251996450754215,0.08074534161490683,0.07187222715173026,0.0625,0.3125,0.25,0.375,56
PhD,Married,51012.0,86,1,6,0,69,0,209,10,0.3014354066985646,0.0430622009569378,0.009569377990430622,0.0430622009569378,0.11483253588516747,0.1,0.4,0.1,0.4,437
Master,Married,70777.0,80,3,3,0,47,1,787,23,0.14358322744599747,0.044472681067344345,0.0,0.008894536213468869,0.09911054637865312,0.13043478260869565,0.21739130434782608,0.13043478260869565,0.5217391304347826,124
PhD,Together,68682.0,56,1,2,0,24,0,1598,24,0.3160200250312891,0.0,0.06195244055068836,0.01877346683354193,0.028160200250312892,0.041666666666666664,0.16666666666666666,0.375,0.4166666666666667,266
Graduation,Married,43824.0,18,4,8,0,44,2,186,12,0.22580645161290322,0.005376344086021506,0.06451612903225806,0.016129032258064516,0.17204301075268819,0.3333333333333333,0.25,0.08333333333333333,0.3333333333333333,652
Graduation,Together,15345.0,51,2,8,0,31,1,47,6,0.3404255319148936,0.0425531914893617,0.06382978723404255,0.0425531914893617,0.40425531914893614,0.3333333333333333,0.16666666666666666,0.16666666666666666,0.3333333333333333,667
Graduation,Single,23442.0,71,1,7,0,28,1,27,5,0.2222222222222222,0.0,0.2962962962962963,0.2222222222222222,0.18518518518518517,0.2,0.2,0.0,0.6,552
2n Cycle,Together,14515.0,71,4,7,0,35,1,96,11,0.09375,0.041666666666666664,0.0625,0.375,0.3645833333333333,0.36363636363636365,0.18181818181818182,0.18181818181818182,0.2727272727272727,597
2n Cycle,Divorced,31395.0,80,4,6,0,59,2,64,10,0.390625,0.015625,0.0,0.125,0.109375,0.4,0.2,0.1,0.3,463
Graduation,Together,75276.0,2,1,5,0,50,0,1040,23,0.1201923076923077,0.10096153846153846,0.13173076923076923,0.04038461538461539,0.020192307692307693,0.043478260869565216,0.391304347826087,0.17391304347826086,0.391304347826087,640
Graduation,Single,42373.0,83,5,5,0,41,2,163,13,0.37423312883435583,0.03067484662576687,0.018404907975460124,0.049079754601226995,0.1165644171779141,0.38461538461538464,0.15384615384615385,0.07692307692307693,0.38461538461538464,318
Graduation,Together,30507.0,29,1,7,0,55,0,343,11,0.21574344023323616,0.10495626822157435,0.11078717201166181,0.05830903790087463,0.3206997084548105,0.09090909090909091,0.45454545454545453,0.09090909090909091,0.36363636363636365,475
PhD,Single,55521.0,11,9,7,0,60,3,446,24,0.05829596412556054,0.0,0.0,0.0,0.008968609865470852,0.375,0.25,0.125,0.25,250
Graduation,Married,48006.0,55,1,6,0,50,2,41,5,0.2682926829268293,0.0,0.07317073170731707,0.04878048780487805,0.04878048780487805,0.2,0.2,0.0,0.6,20
PhD,Single,27213.0,19,3,8,0,43,1,70,9,0.37142857142857144,0.04285714285714286,0.14285714285714285,0.12857142857142856,0.04285714285714286,0.3333333333333333,0.2222222222222222,0.0,0.4444444444444444,668
PhD,Divorced,65808.0,1,3,6,0,44,2,272,14,0.29411764705882354,0.025735294117647058,0.04779411764705882,0.025735294117647058,0.03676470588235294,0.21428571428571427,0.35714285714285715,0.07142857142857142,0.35714285714285715,30
PhD,Together,30351.0,19,1,9,0,41,1,46,6,0.5217391304347826,0.0,0.06521739130434782,0.06521739130434782,0.043478260869565216,0.16666666666666666,0.5,0.0,0.3333333333333333,388
Graduation,Married,50437.0,28,3,7,0,52,2,490,19,0.18775510204081633,0.018367346938775512,0.012244897959183673,0.018367346938775512,0.00816326530612245,0.15789473684210525,0.3684210526315789,0.05263157894736842,0.42105263157894735,620
2n Cycle,Single,23616.0,76,2,8,0,33,1,79,8,0.13924050632911392,0.27848101265822783,0.0379746835443038,0.08860759493670886,0.4050632911392405,0.25,0.375,0.0,0.375,589
Graduation,Married,53858.0,50,4,4,0,39,1,915,17,0.24153005464480876,0.05792349726775956,0.0633879781420765,0.16393442622950818,0.02841530054644809,0.23529411764705882,0.23529411764705882,0.17647058823529413,0.35294117647058826,597
PhD,Married,66465.0,1,3,6,0,60,1,1485,35,0.13737373737373737,0.0,0.02558922558922559,0.019528619528619527,0.009427609427609427,0.08571428571428572,0.3142857142857143,0.2571428571428571,0.34285714285714286,456
Graduation,Single,46923.0,90,3,7,0,28,1,369,16,0.14634146341463414,0.11924119241192412,0.2764227642276423,0.21138211382113822,0.016260162601626018,0.1875,0.3125,0.0625,0.4375,676
Graduation,Together,75072.0,83,2,3,0,53,1,1073,19,0.287977632805219,0.03168685927306617,0.0,0.02050326188257223,0.11649580615097857,0.10526315789473684,0.2631578947368421,0.21052631578947367,0.42105263157894735,522
PhD,Married,75865.0,73,1,1,0,72,0,1242,19,0.4758454106280193,0.0,0.12560386473429952,0.0,0.00966183574879227,0.05263157894736842,0.15789473684210525,0.2631578947368421,0.5263157894736842,90
2n Cycle,Together,19789.0,24,3,5,0,40,1,78,9,0.11538461538461539,0.0641025641025641,0.358974358974359,0.07692307692307693,0.358974358974359,0.3333333333333333,0.2222222222222222,0.1111111111111111,0.3333333333333333,221
Graduation,Together,80134.0,11,1,5,0,21,0,1378,21,0.204644412191582,0.018867924528301886,0.03773584905660377,0.018867924528301886,0.018867924528301886,0.047619047619047616,0.09523809523809523,0.3333333333333333,0.5238095238095238,135
Graduation,Single,91065.0,33,1,3,0,34,0,1474,26,0.07327001356852103,0.0773405698778833,0.12143826322930801,0.09294436906377204,0.0773405698778833,0.038461538461538464,0.2692307692307692,0.34615384615384615,0.34615384615384615,492
Master,Married,49505.0,4,9,8,0,44,2,751,29,0.13315579227696406,0.0,0.02529960053262317,0.0,0.037283621837549935,0.3103448275862069,0.3448275862068966,0.06896551724137931,0.27586206896551724,481
PhD,Married,37401.0,14,2,7,0,42,1,48,7,0.3958333333333333,0.0625,0.0625,0.020833333333333332,0.0625,0.2857142857142857,0.2857142857142857,0.0,0.42857142857142855,54
Graduation,Married,30096.0,30,1,6,0,32,1,45,6,0.24444444444444444,0.06666666666666667,0.26666666666666666,0.1111111111111111,0.2,0.16666666666666666,0.3333333333333333,0.0,0.5,38
Master,Together,18492.0,75,1,8,0,33,1,10,4,0.2,0.2,0.2,0.1,0.1,0.25,0.25,0.0,0.5,24
Master,Married,82584.0,26,1,1,0,41,0,1435,16,0.07177700348432056,0.047386759581881537,0.020209059233449476,0.06341463414634146,0.047386759581881537,0.0625,0.1875,0.25,0.5,390
PhD,Married,93027.0,77,0,2,0,74,0,2119,22,0.3378952336007551,0.019820670127418595,0.02595563945257197,0.0,0.009910335063709298,0.0,0.3181818181818182,0.45454545454545453,0.22727272727272727,442
Graduation,Married,48686.0,8,1,8,0,62,3,20,4,0.35,0.0,0.1,0.0,0.05,0.25,0.25,0.0,0.5,207
Graduation,Married,92910.0,42,1,1,0,29,0,1795,27,0.44122562674094706,0.07632311977715878,0.09972144846796657,0.05738161559888579,0.01838440111420613,0.037037037037037035,0.2222222222222222,0.25925925925925924,0.48148148148148145,66
Graduation,Married,75433.0,28,2,6,0,26,1,1188,19,0.25,0.0,0.0,0.02861952861952862,0.047979797979797977,0.10526315789473684,0.10526315789473684,0.2631578947368421,0.5263157894736842,85
2n Cycle,Together,10404.0,52,2,5,0,26,1,43,7,0.2558139534883721,0.046511627906976744,0.23255813953488372,0.13953488372093023,0.27906976744186046,0.2857142857142857,0.14285714285714285,0.0,0.5714285714285714,56
Graduation,Married,61314.0,1,2,3,0,47,1,1008,24,0.1875,0.0,0.09623015873015874,0.17063492063492064,0.17063492063492064,0.08333333333333333,0.20833333333333334,0.20833333333333334,0.5,430
PhD,Single,84865.0,1,1,4,0,54,0,1688,16,0.20675355450236968,0.009478672985781991,0.0254739336492891,0.009478672985781991,0.009478672985781991,0.0625,0.125,0.25,0.5625,416
Graduation,Married,42387.0,42,5,8,0,26,1,684,21,0.3435672514619883,0.0,0.027777777777777776,0.005847953216374269,0.27923976608187134,0.23809523809523808,0.38095238095238093,0.047619047619047616,0.3333333333333333,608
2n Cycle,Together,67309.0,76,15,7,0,48,2,1082,39,0.16728280961182995,0.04343807763401109,0.1377079482439926,0.0878003696857671,0.0878003696857671,0.38461538461538464,0.23076923076923078,0.15384615384615385,0.23076923076923078,522
Graduation,Married,75236.0,27,1,4,0,51,1,1068,25,0.37453183520599254,0.06179775280898876,0.011235955056179775,0.035580524344569285,0.10674157303370786,0.04,0.32,0.12,0.52,216
Graduation,Single,30015.0,28,2,5,0,45,1,57,7,0.38596491228070173,0.0,0.03508771929824561,0.05263157894736842,0.08771929824561403,0.2857142857142857,0.14285714285714285,0.0,0.5714285714285714,147
Master,Together,50943.0,49,1,5,0,59,1,46,5,0.15217391304347827,0.0,0.043478260869565216,0.0,0.13043478260869565,0.2,0.2,0.0,0.6,373
Graduation,Divorced,67272.0,12,3,5,0,49,1,733,23,0.36971350613915416,0.047748976807639835,0.03819918144611187,0.03819918144611187,0.019099590723055934,0.13043478260869565,0.2608695652173913,0.08695652173913043,0.5217391304347826,190
Master,Widow,51529.0,14,2,8,0,66,1,467,17,0.07494646680942184,0.008565310492505354,0.01284796573875803,0.0,0.047109207708779445,0.11764705882352941,0.5294117647058824,0.058823529411764705,0.29411764705882354,295
PhD,Married,32011.0,89,3,7,0,44,1,122,10,0.12295081967213115,0.0,0.01639344262295082,0.00819672131147541,0.040983606557377046,0.3,0.2,0.1,0.4,311
2n Cycle,Married,7500.0,96,2,8,0,29,1,36,7,0.1388888888888889,0.3055555555555556,0.1111111111111111,0.16666666666666666,0.25,0.2857142857142857,0.2857142857142857,0.0,0.42857142857142855,507
Graduation,Married,28691.0,56,1,8,0,26,1,34,5,0.38235294117647056,0.11764705882352941,0.23529411764705882,0.0,0.11764705882352941,0.2,0.2,0.0,0.6,360
PhD,Married,56223.0,72,2,4,0,67,1,156,10,0.1987179487179487,0.1794871794871795,0.10256410256410256,0.0,0.02564102564102564,0.2,0.2,0.1,0.5,191
Graduation,Married,18100.0,14,1,5,0,69,0,14,4,0.14285714285714285,0.07142857142857142,0.2857142857142857,0.21428571428571427,0.07142857142857142,0.25,0.0,0.0,0.75,327
Graduation,Single,30279.0,13,1,8,0,26,1,37,5,0.3783783783783784,0.10810810810810811,0.10810810810810811,0.10810810810810811,0.02702702702702703,0.2,0.2,0.0,0.6,546
2n Cycle,Married,20130.0,99,1,8,0,41,0,34,5,0.08823529411764706,0.17647058823529413,0.20588235294117646,0.17647058823529413,0.35294117647058826,0.2,0.2,0.0,0.6,104
Graduation,Divorced,23295.0,72,1,8,0,56,0,20,4,0.05,0.0,0.1,0.6,0.25,0.25,0.25,0.0,0.5,351
Master,Divorced,42618.0,92,2,8,0,43,1,192,11,0.3854166666666667,0.07291666666666667,0.06770833333333333,0.026041666666666668,0.052083333333333336,0.18181818181818182,0.45454545454545453,0.0,0.36363636363636365,263
Graduation,Single,81246.0,87,1,1,0,51,0,1379,17,0.38941261783901376,0.13778100072516317,0.04423495286439449,0.11312545322697606,0.026831036983321246,0.058823529411764705,0.23529411764705882,0.29411764705882354,0.4117647058823529,182
Graduation,Married,24027.0,7,2,8,0,39,1,48,7,0.22916666666666666,0.14583333333333334,0.22916666666666666,0.0,0.10416666666666667,0.2857142857142857,0.2857142857142857,0.0,0.42857142857142855,385
PhD,Married,55707.0,91,2,3,0,62,1,428,16,0.19158878504672897,0.016355140186915886,0.07009345794392523,0.1542056074766355,0.08177570093457943,0.125,0.1875,0.125,0.5625,189
Graduation,Single,57959.0,71,5,3,0,60,1,868,27,0.3709677419354839,0.018433179723502304,0.04953917050691244,0.027649769585253458,0.038018433179723504,0.18518518518518517,0.14814814814814814,0.25925925925925924,0.4074074074074074,423
Graduation,Married,56796.0,24,3,7,0,46,1,1001,27,0.16083916083916083,0.03796203796203796,0.061938061938061936,0.04695304695304695,0.03696303696303696,0.1111111111111111,0.2962962962962963,0.3333333333333333,0.25925925925925924,498
Master,Single,36230.0,17,1,5,0,44,1,59,7,0.5084745762711864,0.03389830508474576,0.13559322033898305,0.03389830508474576,0.05084745762711865,0.14285714285714285,0.2857142857142857,0.0,0.5714285714285714,255
2n Cycle,Married,70829.0,87,2,3,0,35,2,431,16,0.2459396751740139,0.16241299303944315,0.16705336426914152,0.04408352668213457,0.05336426914153132,0.125,0.25,0.125,0.5,210
Graduation,Married,65991.0,21,3,7,0,39,1,971,27,0.3748712667353244,0.01956745623069001,0.025746652935118436,0.04840370751802266,0.009268795056642637,0.1111111111111111,0.3333333333333333,0.18518518518518517,0.37037037037037035,660
Graduation,Married,38988.0,90,7,8,0,43,3,348,19,0.2959770114942529,0.06896551724137931,0.034482758620689655,0.008620689655172414,0.1206896551724138,0.3684210526315789,0.2631578947368421,0.05263157894736842,0.3157894736842105,678
2n Cycle,Single,89572.0,44,1,4,0,49,0,2059,24,0.47304516755706655,0.011656143759106362,0.09567751335599806,0.09422049538610976,0.03108305002428363,0.041666666666666664,0.2916666666666667,0.2916666666666667,0.375,652
Master,Married,42207.0,71,4,6,0,31,1,265,14,0.27169811320754716,0.04150943396226415,0.011320754716981131,0.06415094339622641,0.17358490566037735,0.2857142857142857,0.2857142857142857,0.07142857142857142,0.35714285714285715,454
Graduation,Married,50300.0,52,2,2,0,63,1,270,13,0.2222222222222222,0.05555555555555555,0.08888888888888889,0.08518518518518518,0.018518518518518517,0.15384615384615385,0.15384615384615385,0.07692307692307693,0.6153846153846154,35
2n Cycle,Together,66664.0,78,1,3,0,33,0,1289,19,0.3467804499612102,0.07447633824670287,0.17067494181536075,0.07447633824670287,0.02482544608223429,0.05263157894736842,0.2631578947368421,0.3684210526315789,0.3157894736842105,642
Graduation,Married,60597.0,2,4,7,0,51,1,893,16,0.2877939529675252,0.0,0.03583426651735722,0.01791713325867861,0.07390817469204927,0.25,0.125,0.125,0.5,179
Graduation,Widow,70165.0,60,1,1,0,66,0,926,22,0.2732181425485961,0.0,0.21490280777537796,0.20626349892008639,0.13174946004319654,0.045454545454545456,0.13636363636363635,0.3181818181818182,0.5,280
PhD,Widow,50520.0,25,2,6,0,57,1,135,9,0.044444444444444446,0.0,0.014814814814814815,0.007407407407407408,0.1037037037037037,0.2222222222222222,0.3333333333333333,0.1111111111111111,0.3333333333333333,152
Graduation,Married,80124.0,47,1,1,0,52,0,1495,19,0.2662207357859532,0.05618729096989967,0.13712374581939799,0.05618729096989967,0.16120401337792642,0.05263157894736842,0.15789473684210525,0.3684210526315789,0.42105263157894735,3
Graduation,Married,33183.0,46,2,7,0,40,1,120,9,0.325,0.041666666666666664,0.14166666666666666,0.125,0.30833333333333335,0.2222222222222222,0.4444444444444444,0.0,0.3333333333333333,125
PhD,Single,66582.0,83,1,1,0,46,0,1288,20,0.32608695652173914,0.019409937888198756,0.012422360248447204,0.029503105590062112,0.0,0.05,0.1,0.4,0.45,118
PhD,Together,75261.0,17,1,2,0,60,0,1743,17,0.23694779116465864,0.009753298909925417,0.013195639701663799,0.019506597819850834,0.009753298909925417,0.058823529411764705,0.29411764705882354,0.35294117647058826,0.29411764705882354,432
Graduation,Widow,31880.0,13,1,8,0,45,1,15,4,0.3333333333333333,0.06666666666666667,0.13333333333333333,0.0,0.2,0.25,0.25,0.0,0.5,606
Graduation,Married,53790.0,86,3,6,0,64,2,542,20,0.23431734317343172,0.07749077490774908,0.05166051660516605,0.00922509225092251,0.00922509225092251,0.15,0.35,0.1,0.4,115
PhD,Together,49269.0,92,3,7,0,44,1,890,25,0.18651685393258427,0.008988764044943821,0.012359550561797753,0.008988764044943821,0.0651685393258427,0.12,0.28,0.12,0.48,683
Graduation,Married,61456.0,47,4,4,0,40,1,1388,33,0.276657060518732,0.05475504322766571,0.06051873198847262,0.138328530259366,0.06412103746397695,0.12121212121212122,0.18181818181818182,0.30303030303030304,0.3939393939393939,459
Graduation,Married,37406.0,18,1,8,0,35,1,17,4,0.47058823529411764,0.0,0.11764705882352941,0.11764705882352941,0.17647058823529413,0.25,0.25,0.0,0.5,262
PhD,Together,56937.0,81,7,6,0,34,1,906,30,0.13796909492273732,0.008830022075055188,0.012141280353200883,0.008830022075055188,0.008830022075055188,0.23333333333333334,0.26666666666666666,0.2,0.3,694
Graduation,Married,38415.0,91,2,7,0,37,2,44,6,0.29545454545454547,0.022727272727272728,0.09090909090909091,0.0,0.09090909090909091,0.3333333333333333,0.16666666666666666,0.0,0.5,543
Graduation,Single,20518.0,58,1,5,0,27,1,25,5,0.24,0.04,0.16,0.04,0.36,0.2,0.2,0.2,0.4,42
Graduation,Married,62503.0,40,4,5,0,59,1,973,26,0.19835560123329907,0.0,0.1130524152106886,0.07708119218910586,0.12024665981500514,0.15384615384615385,0.3076923076923077,0.11538461538461539,0.4230769230769231,496
PhD,Single,41644.0,67,2,3,0,43,2,31,6,0.12903225806451613,0.0967741935483871,0.06451612903225806,0.0,0.06451612903225806,0.3333333333333333,0.16666666666666666,0.0,0.5,51
Master,Married,55842.0,19,1,5,0,38,1,518,17,0.07528957528957529,0.0,0.0,0.007722007722007722,0.04633204633204633,0.058823529411764705,0.4117647058823529,0.058823529411764705,0.47058823529411764,37
PhD,Married,62010.0,93,4,5,0,43,1,530,19,0.07358490566037736,0.04150943396226415,0.011320754716981131,0.0,0.17358490566037735,0.21052631578947367,0.3157894736842105,0.10526315789473684,0.3684210526315789,614
Graduation,Married,41124.0,41,7,8,0,38,1,506,21,0.16600790513833993,0.01383399209486166,0.029644268774703556,0.0,0.23517786561264822,0.3333333333333333,0.3333333333333333,0.14285714285714285,0.19047619047619047,606
Master,Married,38961.0,60,1,7,0,42,1,70,6,0.2714285714285714,0.1,0.0,0.014285714285714285,0.34285714285714286,0.16666666666666666,0.3333333333333333,0.16666666666666666,0.3333333333333333,181
Master,Divorced,37760.0,54,1,6,0,43,1,54,6,0.24074074074074073,0.05555555555555555,0.037037037037037035,0.18518518518518517,0.0,0.16666666666666666,0.3333333333333333,0.0,0.5,322
Graduation,Single,32233.0,26,2,9,0,41,1,296,12,0.11824324324324324,0.05067567567567568,0.08445945945945946,0.037162162162162164,0.24324324324324326,0.16666666666666666,0.5,0.16666666666666666,0.16666666666666666,679
Graduation,Married,43057.0,30,4,5,0,40,1,266,15,0.16541353383458646,0.007518796992481203,0.0,0.007518796992481203,0.018796992481203006,0.26666666666666666,0.26666666666666666,0.13333333333333333,0.3333333333333333,242
Master,Together,83151.0,93,1,3,0,55,0,747,19,0.13386880856760375,0.03748326639892905,0.1606425702811245,0.09906291834002677,0.024096385542168676,0.05263157894736842,0.2631578947368421,0.47368421052631576,0.21052631578947367,627
PhD,Divorced,78825.0,35,1,3,0,51,0,895,29,0.12737430167597766,0.08268156424581005,0.1888268156424581,0.041340782122905026,0.02011173184357542,0.034482758620689655,0.1724137931034483,0.3448275862068966,0.4482758620689655,653
Master,Together,65104.0,4,2,7,0,39,1,1053,17,0.22032288698955366,0.0,0.012345679012345678,0.01899335232668566,0.04748338081671415,0.11764705882352941,0.17647058823529413,0.29411764705882354,0.4117647058823529,227
Graduation,Married,60093.0,92,2,6,0,41,1,735,21,0.14829931972789115,0.0163265306122449,0.021768707482993196,0.00816326530612245,0.12244897959183673,0.09523809523809523,0.3333333333333333,0.09523809523809523,0.47619047619047616,368
Graduation,Married,14045.0,24,1,7,0,46,1,20,5,0.25,0.0,0.1,0.05,0.05,0.2,0.2,0.0,0.6,154
2n Cycle,Widow,28457.0,96,1,8,0,63,0,205,10,0.526829268292683,0.004878048780487805,0.14146341463414633,0.14146341463414633,0.06829268292682927,0.1,0.4,0.1,0.4,609
PhD,Together,78952.0,11,2,6,0,57,1,2092,21,0.28393881453154873,0.009082217973231358,0.04732313575525813,0.036328871892925434,0.06405353728489484,0.09523809523809523,0.09523809523809523,0.23809523809523808,0.5714285714285714,643
Graduation,Divorced,46310.0,99,2,8,0,39,1,309,14,0.284789644012945,0.006472491909385114,0.04854368932038835,0.016181229773462782,0.045307443365695796,0.14285714285714285,0.42857142857142855,0.07142857142857142,0.35714285714285715,573
Graduation,Together,76005.0,72,1,6,0,60,0,1722,22,0.2259001161440186,0.011614401858304297,0.13937282229965156,0.029036004645760744,0.023228803716608595,0.045454545454545456,0.13636363636363635,0.22727272727272727,0.5909090909090909,492
Master,Single,58308.0,77,4,8,0,51,1,900,15,0.07666666666666666,0.0,0.011111111111111112,0.0,0.14444444444444443,0.26666666666666666,0.13333333333333333,0.4,0.2,533
PhD,Divorced,55614.0,85,1,7,0,71,0,682,20,0.19208211143695014,0.01906158357771261,0.011730205278592375,0.0,0.03812316715542522,0.05,0.45,0.2,0.3,214
Master,Divorced,59432.0,88,3,5,0,53,1,663,22,0.3996983408748115,0.03770739064856712,0.03770739064856712,0.02865761689291101,0.01809954751131222,0.13636363636363635,0.22727272727272727,0.13636363636363635,0.5,442
Graduation,Divorced,55563.0,22,1,3,0,37,1,43,6,0.20930232558139536,0.023255813953488372,0.046511627906976744,0.0,0.046511627906976744,0.16666666666666666,0.3333333333333333,0.0,0.5,85
PhD,Together,78642.0,83,1,6,0,44,1,1816,18,0.17731277533039647,0.0,0.025330396475770924,0.019273127753303965,0.009361233480176211,0.05555555555555555,0.2222222222222222,0.5,0.2222222222222222,434
PhD,Together,67911.0,63,3,3,0,66,1,976,27,0.36475409836065575,0.0,0.06454918032786885,0.028688524590163935,0.0,0.1111111111111111,0.2222222222222222,0.25925925925925924,0.4074074074074074,38
Graduation,Married,65275.0,9,1,2,0,71,0,746,21,0.29222520107238603,0.01876675603217158,0.12198391420911528,0.01876675603217158,0.028150134048257374,0.047619047619047616,0.19047619047619047,0.14285714285714285,0.6190476190476191,452
Graduation,Together,27203.0,92,2,8,0,65,2,64,6,0.328125,0.03125,0.0625,0.0,0.375,0.3333333333333333,0.16666666666666666,0.16666666666666666,0.3333333333333333,692
Master,Together,48330.0,2,1,5,0,54,1,32,5,0.125,0.0,0.0,0.0,0.0,0.2,0.2,0.0,0.6,226
Basic,Married,24279.0,6,1,8,0,25,0,263,9,0.07984790874524715,0.13688212927756654,0.07604562737642585,0.23574144486692014,0.41064638783269963,0.1111111111111111,0.4444444444444444,0.1111111111111111,0.3333333333333333,547
PhD,Married,64355.0,66,2,8,0,30,1,1445,21,0.09688581314878893,0.0,0.04636678200692042,0.02629757785467128,0.10588235294117647,0.09523809523809523,0.19047619047619047,0.14285714285714285,0.5714285714285714,674
Master,Together,50943.0,49,1,5,0,59,1,46,5,0.15217391304347827,0.0,0.043478260869565216,0.0,0.13043478260869565,0.2,0.2,0.0,0.6,373
Graduation,Widow,53653.0,29,2,6,0,62,0,1210,28,0.1975206611570248,0.008264462809917356,0.023140495867768594,0.008264462809917356,0.08925619834710743,0.07142857142857142,0.35714285714285715,0.14285714285714285,0.42857142857142855,599
Graduation,Married,65665.0,77,1,3,0,39,1,945,24,0.4095238095238095,0.17142857142857143,0.11216931216931217,0.0380952380952381,0.030687830687830688,0.041666666666666664,0.20833333333333334,0.4166666666666667,0.3333333333333333,209
Graduation,Single,81217.0,77,1,1,0,26,0,1157,22,0.28003457216940364,0.06050129645635264,0.12618841832324978,0.03457216940363008,0.07260155574762317,0.045454545454545456,0.13636363636363635,0.3181818181818182,0.5,345
Graduation,Married,34935.0,71,1,7,0,23,0,137,8,0.48175182481751827,0.029197080291970802,0.021897810218978103,0.072992700729927,0.145985401459854,0.125,0.25,0.125,0.5,373
Graduation,Divorced,61250.0,49,6,5,0,56,1,730,25,0.08904109589041095,0.18904109589041096,0.0821917808219178,0.03561643835616438,0.08082191780821918,0.24,0.2,0.08,0.48,560
PhD,Together,39665.0,97,3,7,0,34,1,216,12,0.25925925925925924,0.004629629629629629,0.0,0.004629629629629629,0.14351851851851852,0.25,0.3333333333333333,0.16666666666666666,0.25,400
Graduation,Single,60152.0,6,1,3,0,36,1,943,23,0.3181336161187699,0.088016967126193,0.0911983032873807,0.061505832449628844,0.09650053022269353,0.043478260869565216,0.2608695652173913,0.17391304347826086,0.5217391304347826,458
Graduation,Married,48920.0,93,3,7,0,51,2,347,16,0.19596541786743515,0.04899135446685879,0.023054755043227664,0.02881844380403458,0.01729106628242075,0.1875,0.375,0.125,0.3125,252
Master,Together,89120.0,78,1,1,0,56,0,1924,19,0.21205821205821207,0.04781704781704782,0.037422037422037424,0.06704781704781705,0.028586278586278588,0.05263157894736842,0.2631578947368421,0.3157894736842105,0.3684210526315789,104
PhD,Together,44124.0,62,4,8,0,69,1,397,17,0.1385390428211587,0.0,0.0,0.015113350125944584,0.1309823677581864,0.23529411764705882,0.35294117647058826,0.11764705882352941,0.29411764705882354,414
Master,Single,81169.0,47,1,2,0,40,0,2089,22,0.29344183820009573,0.009573958831977022,0.03829583532790809,0.02920057443752992,0.01292484442316898,0.045454545454545456,0.22727272727272727,0.3181818181818182,0.4090909090909091,441
Graduation,Married,36443.0,9,4,8,0,54,2,138,11,0.3333333333333333,0.0,0.028985507246376812,0.021739130434782608,0.14492753623188406,0.36363636363636365,0.2727272727272727,0.09090909090909091,0.2727272727272727,511
Graduation,Single,26095.0,77,1,7,0,25,1,42,5,0.21428571428571427,0.16666666666666666,0.07142857142857142,0.023809523809523808,0.2619047619047619,0.2,0.2,0.0,0.6,364
Graduation,Together,71367.0,24,1,2,0,56,0,777,17,0.5006435006435006,0.029601029601029602,0.05405405405405406,0.02702702702702703,0.09652509652509653,0.058823529411764705,0.23529411764705882,0.29411764705882354,0.4117647058823529,310
Master,Married,80184.0,19,1,3,0,71,0,1902,20,0.352260778128286,0.07045215562565721,0.013144058885383806,0.019978969505783387,0.0,0.05,0.3,0.15,0.5,120
Graduation,Divorced,30630.0,67,2,7,0,50,2,52,7,0.23076923076923078,0.019230769230769232,0.038461538461538464,0.0,0.19230769230769232,0.2857142857142857,0.2857142857142857,0.0,0.42857142857142855,153
Master,Single,73454.0,95,1,5,0,28,0,1651,13,0.2125984251968504,0.044215626892792244,0.03391883706844337,0.008479709267110842,0.10599636583888553,0.07692307692307693,0.15384615384615385,0.3076923076923077,0.46153846153846156,120
Graduation,Married,42691.0,48,1,5,0,24,0,358,13,0.1787709497206704,0.00558659217877095,0.10614525139664804,0.04748603351955307,0.16201117318435754,0.07692307692307693,0.38461538461538464,0.07692307692307693,0.46153846153846156,317
Graduation,Married,70503.0,73,1,6,0,62,0,1727,16,0.1250723798494499,0.01910828025477707,0.0,0.01910828025477707,0.03821656050955414,0.0625,0.125,0.25,0.5625,637
Graduation,Married,25545.0,35,3,6,0,28,1,210,10,0.3047619047619048,0.004761904761904762,0.0761904761904762,0.05714285714285714,0.40476190476190477,0.3,0.2,0.2,0.3,659
Graduation,Married,32880.0,76,1,8,0,29,1,42,5,0.35714285714285715,0.09523809523809523,0.16666666666666666,0.14285714285714285,0.047619047619047616,0.2,0.2,0.0,0.6,572
PhD,Together,77863.0,20,1,2,0,57,0,1291,20,0.24709527498063516,0.02943454686289698,0.012393493415956624,0.019364833462432222,0.009295120061967466,0.05,0.2,0.25,0.5,214
Master,Married,50353.0,72,1,3,0,38,0,442,15,0.34615384615384615,0.033936651583710405,0.1515837104072398,0.07013574660633484,0.07918552036199095,0.06666666666666667,0.26666666666666666,0.26666666666666666,0.4,21
Graduation,Single,61839.0,20,1,8,0,51,0,1895,17,0.2,0.08179419525065963,0.11820580474934037,0.008970976253298154,0.0633245382585752,0.058823529411764705,0.23529411764705882,0.47058823529411764,0.23529411764705882,686
PhD,Married,49154.0,69,6,6,0,55,2,411,19,0.1630170316301703,0.024330900243309004,0.072992700729927,0.06569343065693431,0.17274939172749393,0.3157894736842105,0.21052631578947367,0.05263157894736842,0.42105263157894735,238
2n Cycle,Widow,47682.0,80,4,5,0,40,1,521,19,0.15930902111324377,0.11708253358925144,0.18618042226487524,0.10940499040307101,0.11708253358925144,0.21052631578947367,0.21052631578947367,0.15789473684210525,0.42105263157894735,499
Graduation,Single,72679.0,65,1,1,0,46,1,1168,17,0.2226027397260274,0.046232876712328765,0.10873287671232877,0.046232876712328765,0.046232876712328765,0.058823529411764705,0.23529411764705882,0.4117647058823529,0.29411764705882354,284
Master,Together,57954.0,52,7,7,0,38,2,493,23,0.0486815415821501,0.008113590263691683,0.0,0.0,0.018255578093306288,0.30434782608695654,0.34782608695652173,0.08695652173913043,0.2608695652173913,11
Graduation,Married,65316.0,65,2,4,0,53,2,260,12,0.35384615384615387,0.023076923076923078,0.011538461538461539,0.03461538461538462,0.14615384615384616,0.16666666666666666,0.25,0.16666666666666666,0.4166666666666667,431
Graduation,Single,28567.0,57,2,6,0,33,1,46,7,0.4782608695652174,0.06521739130434782,0.043478260869565216,0.043478260869565216,0.13043478260869565,0.2857142857142857,0.2857142857142857,0.0,0.42857142857142855,377
Master,Together,47352.0,70,4,7,0,64,1,319,16,0.3510971786833856,0.03761755485893417,0.025078369905956112,0.0,0.047021943573667714,0.25,0.375,0.0625,0.3125,444
Graduation,Together,44931.0,0,1,5,0,48,1,96,7,0.11458333333333333,0.0,0.0,0.0,0.07291666666666667,0.14285714285714285,0.2857142857142857,0.14285714285714285,0.42857142857142855,162
Graduation,Divorced,76982.0,19,1,4,0,48,0,1062,16,0.2749529190207156,0.14218455743879474,0.06120527306967985,0.05649717514124294,0.02824858757062147,0.0625,0.5,0.1875,0.25,134
2n Cycle,Together,57247.0,50,2,2,0,63,1,232,12,0.13793103448275862,0.017241379310344827,0.15948275862068967,0.23275862068965517,0.02586206896551724,0.16666666666666666,0.16666666666666666,0.08333333333333333,0.5833333333333334,325
Master,Single,22944.0,67,3,7,0,34,1,76,9,0.25,0.039473684210526314,0.05263157894736842,0.06578947368421052,0.34210526315789475,0.3333333333333333,0.3333333333333333,0.0,0.3333333333333333,188
2n Cycle,Together,25315.0,46,3,8,0,38,1,54,9,0.14814814814814814,0.16666666666666666,0.2037037037037037,0.05555555555555555,0.4074074074074074,0.3333333333333333,0.3333333333333333,0.0,0.3333333333333333,234
Graduation,Widow,43638.0,37,2,7,0,46,1,201,11,0.4129353233830846,0.04975124378109453,0.03482587064676617,0.0945273631840796,0.0945273631840796,0.18181818181818182,0.36363636363636365,0.09090909090909091,0.36363636363636365,692
PhD,Single,42710.0,38,2,6,0,31,1,406,14,0.10344827586206896,0.007389162561576354,0.009852216748768473,0.007389162561576354,0.2512315270935961,0.14285714285714285,0.2857142857142857,0.35714285714285715,0.21428571428571427,578
PhD,Married,84169.0,9,1,3,0,33,0,1919,20,0.21000521104742054,0.009900990099009901,0.0,0.009900990099009901,0.0,0.05,0.35,0.3,0.3,326
Graduation,Together,54058.0,56,2,3,0,39,1,662,20,0.3806646525679758,0.027190332326283987,0.04833836858006042,0.16314199395770393,0.08157099697885196,0.1,0.2,0.3,0.4,390
2n Cycle,Married,24683.0,98,2,5,0,25,1,41,8,0.24390243902439024,0.0975609756097561,0.14634146341463414,0.17073170731707318,0.14634146341463414,0.25,0.25,0.0,0.5,113
Graduation,Widow,85620.0,68,1,1,0,51,0,1600,14,0.578125,0.02875,0.0375,0.066875,0.02875,0.07142857142857142,0.21428571428571427,0.42857142857142855,0.2857142857142857,173
Graduation,Married,47850.0,72,1,6,0,35,1,134,8,0.3208955223880597,0.05223880597014925,0.14925373134328357,0.08955223880597014,0.07462686567164178,0.125,0.375,0.0,0.5,208
Graduation,Married,19514.0,47,4,8,0,47,2,69,10,0.30434782608695654,0.043478260869565216,0.028985507246376812,0.014492753623188406,0.4057971014492754,0.4,0.3,0.1,0.2,154
Master,Married,27159.0,33,2,6,0,42,2,21,6,0.14285714285714285,0.0,0.0,0.0,0.047619047619047616,0.3333333333333333,0.16666666666666666,0.0,0.5,92
2n Cycle,Single,39548.0,87,2,3,0,52,2,54,7,0.18518518518518517,0.07407407407407407,0.05555555555555555,0.07407407407407407,0.3333333333333333,0.2857142857142857,0.14285714285714285,0.14285714285714285,0.42857142857142855,90
Graduation,Single,21474.0,0,2,7,0,26,1,91,8,0.26373626373626374,0.17582417582417584,0.12087912087912088,0.0,0.37362637362637363,0.25,0.375,0.125,0.25,82
PhD,Single,60504.0,73,2,6,0,44,1,526,18,0.045627376425855515,0.0,0.011406844106463879,0.0076045627376425855,0.06463878326996197,0.1111111111111111,0.3333333333333333,0.1111111111111111,0.4444444444444444,142
Graduation,Married,22419.0,74,1,8,0,52,0,162,8,0.29012345679012347,0.018518518518518517,0.11728395061728394,0.12962962962962962,0.25925925925925924,0.125,0.375,0.25,0.25,437
Master,Married,81698.0,4,1,1,0,66,0,1008,25,0.5158730158730159,0.027777777777777776,0.11011904761904762,0.12202380952380952,0.04662698412698413,0.04,0.12,0.32,0.52,235
Graduation,Together,43462.0,50,6,8,0,63,2,240,16,0.4041666666666667,0.07083333333333333,0.0625,0.025,0.0625,0.375,0.25,0.0625,0.3125,655
PhD,Single,54880.0,57,2,5,0,37,1,795,21,0.17232704402515722,0.1069182389937107,0.12830188679245283,0.05660377358490566,0.14842767295597484,0.09523809523809523,0.2857142857142857,0.09523809523809523,0.5238095238095238,485
Graduation,Married,79908.0,30,1,2,0,33,0,1772,19,0.42945823927765236,0.07279909706546275,0.01636568848758465,0.1044018058690745,0.0626410835214447,0.05263157894736842,0.2631578947368421,0.3157894736842105,0.3684210526315789,450
2n Cycle,Married,15315.0,27,2,5,0,45,0,64,8,0.203125,0.0625,0.234375,0.125,0.265625,0.25,0.25,0.0,0.5,330
Graduation,Together,87771.0,61,1,6,0,56,1,1957,20,0.14665304036791008,0.019417475728155338,0.025549310168625446,0.02912621359223301,0.016862544711292796,0.05,0.25,0.5,0.2,403
Graduation,Married,33039.0,4,1,5,0,37,1,78,7,0.15384615384615385,0.10256410256410256,0.10256410256410256,0.10256410256410256,0.15384615384615385,0.14285714285714285,0.2857142857142857,0.0,0.5714285714285714,293
Graduation,Single,81741.0,75,0,2,0,35,0,1572,19,0.5979643765903307,0.09732824427480916,0.03689567430025445,0.08524173027989822,0.024173027989821884,0.0,0.3157894736842105,0.3157894736842105,0.3684210526315789,378
Master,Together,71499.0,12,2,4,0,44,1,795,26,0.1660377358490566,0.031446540880503145,0.1710691823899371,0.0,0.04654088050314465,0.07692307692307693,0.3076923076923077,0.11538461538461539,0.5,369
2n Cycle,Married,62466.0,13,5,4,0,45,1,889,26,0.29133858267716534,0.14510686164229472,0.1889763779527559,0.1361079865016873,0.09336332958380203,0.19230769230769232,0.23076923076923078,0.11538461538461539,0.46153846153846156,165
PhD,Divorced,48799.0,9,3,3,0,52,1,331,15,0.24471299093655588,0.054380664652567974,0.08459214501510574,0.01812688821752266,0.07250755287009064,0.2,0.2,0.13333333333333333,0.4666666666666667,236
PhD,Together,52157.0,48,2,4,0,65,1,265,12,0.10943396226415095,0.007547169811320755,0.011320754716981131,0.007547169811320755,0.1509433962264151,0.16666666666666666,0.25,0.16666666666666666,0.4166666666666667,22
Graduation,Single,66565.0,80,4,8,0,53,1,1065,19,0.1511737089201878,0.009389671361502348,0.06103286384976526,0.03755868544600939,0.03943661971830986,0.21052631578947367,0.21052631578947367,0.10526315789473684,0.47368421052631576,571
Master,Together,29298.0,60,1,5,0,64,2,11,4,0.18181818181818182,0.0,0.18181818181818182,0.0,0.09090909090909091,0.25,0.25,0.0,0.5,295
Graduation,Single,47691.0,43,1,6,0,36,1,21,4,0.14285714285714285,0.0,0.0,0.0,0.19047619047619047,0.25,0.25,0.0,0.5,359
Graduation,Together,38200.0,19,1,7,0,45,2,17,4,0.23529411764705882,0.0,0.0,0.0,0.058823529411764705,0.25,0.25,0.0,0.5,569
Graduation,Married,44989.0,26,5,6,0,41,1,369,16,0.2872628726287263,0.0,0.13279132791327913,0.02710027100271003,0.2872628726287263,0.3125,0.3125,0.0625,0.3125,655
PhD,Married,38443.0,58,2,7,0,47,2,38,6,0.13157894736842105,0.0,0.0,0.0,0.02631578947368421,0.3333333333333333,0.16666666666666666,0.0,0.5,153
2n Cycle,Single,38593.0,42,3,8,0,37,1,177,11,0.2768361581920904,0.06779661016949153,0.096045197740113,0.13559322033898305,0.13559322033898305,0.2727272727272727,0.36363636363636365,0.09090909090909091,0.2727272727272727,289
PhD,Together,64413.0,27,1,5,0,45,1,279,12,0.15770609318996415,0.017921146953405017,0.0,0.035842293906810034,0.07168458781362007,0.08333333333333333,0.4166666666666667,0.08333333333333333,0.4166666666666667,332
Master,Married,36959.0,56,2,8,0,34,1,62,7,0.4032258064516129,0.0967741935483871,0.0967741935483871,0.0,0.0,0.2857142857142857,0.2857142857142857,0.0,0.42857142857142855,270
PhD,Married,61996.0,27,3,5,0,38,1,1230,21,0.11707317073170732,0.00975609756097561,0.0,0.0,0.01951219512195122,0.14285714285714285,0.2857142857142857,0.19047619047619047,0.38095238095238093,514
Graduation,Married,51287.0,10,3,7,0,47,2,182,11,0.12087912087912088,0.0,0.07142857142857142,0.0,0.16483516483516483,0.2727272727272727,0.36363636363636365,0.09090909090909091,0.2727272727272727,89
Graduation,Married,13260.0,48,4,8,0,45,2,49,10,0.3469387755102041,0.08163265306122448,0.20408163265306123,0.04081632653061224,0.14285714285714285,0.4,0.3,0.0,0.3,310
PhD,Together,47472.0,39,2,5,0,49,2,75,8,0.14666666666666667,0.0,0.0,0.0,0.10666666666666667,0.25,0.25,0.0,0.5,286
Master,Together,54603.0,85,6,7,0,59,2,227,16,0.2026431718061674,0.05726872246696035,0.07488986784140969,0.00881057268722467,0.01762114537444934,0.375,0.25,0.125,0.25,355
PhD,Married,45207.0,64,5,6,0,41,2,215,15,0.046511627906976744,0.0,0.0,0.0,0.009302325581395349,0.3333333333333333,0.2,0.06666666666666667,0.4,596
Graduation,Together,40689.0,69,7,8,0,64,1,444,20,0.060810810810810814,0.006756756756756757,0.08783783783783784,0.013513513513513514,0.22297297297297297,0.35,0.35,0.05,0.25,468
2n Cycle,Together,47821.0,54,1,8,0,48,2,47,5,0.3404255319148936,0.0,0.1276595744680851,0.1276595744680851,0.2127659574468085,0.2,0.2,0.0,0.6,252
Master,Married,27450.0,57,1,7,0,64,0,143,7,0.16083916083916083,0.08391608391608392,0.055944055944055944,0.07692307692307693,0.36363636363636365,0.14285714285714285,0.2857142857142857,0.14285714285714285,0.42857142857142855,440
Graduation,Together,39453.0,64,2,6,0,32,1,55,7,0.12727272727272726,0.0,0.0,0.0,0.03636363636363636,0.2857142857142857,0.2857142857142857,0.0,0.42857142857142855,87
2n Cycle,Together,26850.0,10,4,4,0,44,2,63,11,0.20634920634920634,0.015873015873015872,0.1111111111111111,0.031746031746031744,0.14285714285714285,0.36363636363636365,0.18181818181818182,0.09090909090909091,0.36363636363636365,72
Graduation,Widow,79800.0,65,1,3,0,60,0,1867,22,0.28387787895018746,0.011247991430101767,0.01713979646491698,0.0,0.11997857525441885,0.045454545454545456,0.22727272727272727,0.5,0.22727272727272727,644
Master,Married,61794.0,74,2,2,0,54,1,611,20,0.3076923076923077,0.07692307692307693,0.088379705400982,0.07692307692307693,0.01800327332242226,0.1,0.2,0.2,0.5,288
Graduation,Together,53863.0,4,3,7,0,60,1,473,18,0.06342494714587738,0.008456659619450317,0.012684989429175475,0.008456659619450317,0.06342494714587738,0.16666666666666666,0.3888888888888889,0.05555555555555555,0.3888888888888889,43
Graduation,Together,24221.0,94,1,4,0,56,0,55,6,0.16363636363636364,0.16363636363636364,0.03636363636363636,0.09090909090909091,0.4,0.16666666666666666,0.16666666666666666,0.16666666666666666,0.5,313
PhD,Single,39684.0,41,2,7,1,31,1,81,7,0.43209876543209874,0.0,0.07407407407407407,0.04938271604938271,0.20987654320987653,0.2857142857142857,0.2857142857142857,0.14285714285714285,0.2857142857142857,625
Master,Married,92163.0,25,0,2,0,40,0,2086,21,0.38207094918504314,0.08772770853307767,0.05081495685522531,0.07813998082454458,0.009587727708533078,0.0,0.23809523809523808,0.5238095238095238,0.23809523809523808,564
Master,Single,69882.0,94,1,1,0,50,0,1478,20,0.42963464140730717,0.08592692828146144,0.08930987821380243,0.08592692828146144,0.11163734776725305,0.05,0.15,0.35,0.45,231
Graduation,Together,33178.0,9,1,4,0,38,1,49,5,0.04081632653061224,0.12244897959183673,0.22448979591836735,0.04081632653061224,0.32653061224489793,0.2,0.2,0.0,0.6,150
PhD,Married,59973.0,47,1,1,0,43,0,382,15,0.4397905759162304,0.07853403141361257,0.05235602094240838,0.08900523560209424,0.0,0.06666666666666667,0.2,0.26666666666666666,0.4666666666666667,291
Master,Together,17459.0,12,3,7,0,40,1,69,9,0.2318840579710145,0.057971014492753624,0.043478260869565216,0.14492753623188406,0.43478260869565216,0.3333333333333333,0.3333333333333333,0.1111111111111111,0.2222222222222222,283
Graduation,Divorced,23910.0,80,1,7,0,46,1,67,6,0.26865671641791045,0.1791044776119403,0.1044776119402985,0.014925373134328358,0.19402985074626866,0.16666666666666666,0.3333333333333333,0.0,0.5,611
Master,Married,42169.0,20,2,8,0,46,2,30,6,0.3,0.0,0.0,0.0,0.06666666666666667,0.3333333333333333,0.16666666666666666,0.0,0.5,253
2n Cycle,Married,26224.0,39,3,6,0,37,1,63,9,0.23809523809523808,0.1111111111111111,0.20634920634920634,0.14285714285714285,0.23809523809523808,0.3333333333333333,0.2222222222222222,0.1111111111111111,0.3333333333333333,390
Graduation,Together,31089.0,57,3,8,0,34,1,79,10,0.3924050632911392,0.0379746835443038,0.02531645569620253,0.10126582278481013,0.05063291139240506,0.3,0.3,0.0,0.4,681
Graduation,Single,30081.0,27,1,7,0,54,1,42,5,0.047619047619047616,0.0,0.0,0.0,0.09523809523809523,0.2,0.2,0.0,0.6,493
Graduation,Together,62807.0,83,3,5,0,55,1,819,23,0.16483516483516483,0.03418803418803419,0.01221001221001221,0.02564102564102564,0.12087912087912088,0.13043478260869565,0.21739130434782608,0.13043478260869565,0.5217391304347826,667
Graduation,Single,72906.0,79,1,1,0,60,0,1151,17,0.45091225021720244,0.02780191138140747,0.06168549087749783,0.06516072980017376,0.04691572545612511,0.058823529411764705,0.17647058823529413,0.23529411764705882,0.5294117647058824,285
PhD,Married,61467.0,69,3,5,0,67,2,594,20,0.1919191919191919,0.026936026936026935,0.0,0.008417508417508417,0.08249158249158249,0.15,0.25,0.1,0.5,567
Master,Together,49618.0,77,4,7,0,49,2,129,11,0.20155038759689922,0.023255813953488372,0.031007751937984496,0.015503875968992248,0.10852713178294573,0.36363636363636365,0.2727272727272727,0.09090909090909091,0.2727272727272727,519
Master,Single,21888.0,15,4,10,0,29,1,213,12,0.215962441314554,0.046948356807511735,0.009389671361502348,0.014084507042253521,0.3004694835680751,0.3333333333333333,0.4166666666666667,0.08333333333333333,0.16666666666666666,547
Graduation,Widow,42429.0,99,2,5,0,42,1,67,7,0.08955223880597014,0.0,0.029850746268656716,0.0,0.05970149253731343,0.2857142857142857,0.14285714285714285,0.14285714285714285,0.42857142857142855,138
Graduation,Divorced,26150.0,61,1,7,0,59,3,28,5,0.4642857142857143,0.03571428571428571,0.10714285714285714,0.17857142857142858,0.03571428571428571,0.2,0.2,0.0,0.6,475
Basic,Married,30801.0,23,2,7,0,40,1,45,6,0.1111111111111111,0.08888888888888889,0.3333333333333333,0.044444444444444446,0.24444444444444444,0.3333333333333333,0.16666666666666666,0.0,0.5,611
Graduation,Married,81168.0,84,1,3,0,50,0,1193,18,0.49622799664710815,0.0,0.12321877619446772,0.018440905280804692,0.018440905280804692,0.05555555555555555,0.3333333333333333,0.2222222222222222,0.3888888888888889,53
Master,Single,26877.0,74,2,6,0,46,0,268,12,0.2835820895522388,0.048507462686567165,0.07462686567164178,0.06716417910447761,0.14925373134328357,0.16666666666666666,0.25,0.08333333333333333,0.5,314
Master,Widow,45006.0,90,1,3,0,71,0,266,12,0.19924812030075187,0.09398496240601503,0.06015037593984962,0.0,0.03759398496240601,0.08333333333333333,0.25,0.08333333333333333,0.5833333333333334,346
Basic,Married,18978.0,41,1,8,0,42,1,37,5,0.02702702702702703,0.21621621621621623,0.10810810810810811,0.1891891891891892,0.40540540540540543,0.2,0.2,0.0,0.6,565
Graduation,Married,22574.0,28,2,7,0,48,3,37,7,0.21621621621621623,0.0,0.05405405405405406,0.0,0.05405405405405406,0.2857142857142857,0.2857142857142857,0.0,0.42857142857142855,244
PhD,Single,48240.0,73,3,5,0,46,0,882,25,0.2811791383219955,0.10317460317460317,0.07256235827664399,0.05555555555555555,0.046485260770975055,0.12,0.24,0.12,0.52,597
Graduation,Married,45837.0,88,5,7,0,41,2,373,18,0.23324396782841822,0.03485254691689008,0.045576407506702415,0.045576407506702415,0.064343163538874,0.2777777777777778,0.3333333333333333,0.1111111111111111,0.2777777777777778,338
Master,Single,35791.0,94,2,8,0,50,3,35,6,0.14285714285714285,0.0,0.0,0.0,0.08571428571428572,0.3333333333333333,0.16666666666666666,0.0,0.5,419
Graduation,Widow,54162.0,31,1,4,0,37,2,42,5,0.23809523809523808,0.14285714285714285,0.14285714285714285,0.11904761904761904,0.23809523809523808,0.2,0.2,0.0,0.6,468
Master,Married,30522.0,6,5,2,0,55,1,326,17,0.254601226993865,0.024539877300613498,0.05828220858895705,0.03374233128834356,0.07975460122699386,0.29411764705882354,0.058823529411764705,0.11764705882352941,0.5294117647058824,681
PhD,Married,54456.0,23,3,6,0,54,1,404,17,0.06683168316831684,0.0,0.024752475247524754,0.0,0.03712871287128713,0.17647058823529413,0.35294117647058826,0.058823529411764705,0.4117647058823529,353
Graduation,Single,31632.0,92,1,7,0,44,0,95,6,0.12631578947368421,0.08421052631578947,0.11578947368421053,0.15789473684210525,0.3368421052631579,0.16666666666666666,0.3333333333333333,0.16666666666666666,0.3333333333333333,350
Graduation,Widow,72298.0,52,1,1,0,66,0,939,14,0.1799787007454739,0.03727369542066028,0.0617678381256656,0.01810436634717785,0.03727369542066028,0.07142857142857142,0.2857142857142857,0.21428571428571427,0.42857142857142855,111
2n Cycle,Single,36975.0,50,1,7,0,37,1,33,5,0.3333333333333333,0.18181818181818182,0.0,0.12121212121212122,0.06060606060606061,0.2,0.2,0.0,0.6,183
2n Cycle,Married,72635.0,54,1,3,0,60,0,981,21,0.3292558613659531,0.022426095820591234,0.10601427115188583,0.03567787971457696,0.109072375127421,0.047619047619047616,0.2857142857142857,0.38095238095238093,0.2857142857142857,391
Graduation,Married,13624.0,93,2,6,0,39,1,36,7,0.4166666666666667,0.05555555555555555,0.05555555555555555,0.027777777777777776,0.16666666666666666,0.2857142857142857,0.2857142857142857,0.0,0.42857142857142855,525
Graduation,Single,84196.0,56,1,3,0,40,1,1237,20,0.40986257073565074,0.05092966855295069,0.18674211802748586,0.025060630557801132,0.15359741309620048,0.05,0.4,0.2,0.35,391
Graduation,Together,70971.0,28,7,7,0,55,1,1825,34,0.3134246575342466,0.009315068493150684,0.05095890410958904,0.0684931506849315,0.009315068493150684,0.20588235294117646,0.3235294117647059,0.3235294117647059,0.14705882352941177,646
PhD,Divorced,34487.0,94,3,9,0,38,2,103,9,0.32038834951456313,0.17475728155339806,0.23300970873786409,0.009708737864077669,0.07766990291262135,0.3333333333333333,0.3333333333333333,0.0,0.3333333333333333,661
Graduation,Single,28769.0,76,3,9,0,38,1,191,12,0.675392670157068,0.02617801047120419,0.05235602094240838,0.015706806282722512,0.015706806282722512,0.25,0.3333333333333333,0.08333333333333333,0.3333333333333333,558
PhD,Married,69084.0,43,2,8,0,45,1,1586,25,0.12547288776796975,0.06746532156368222,0.02459016393442623,0.018915510718789406,0.018915510718789406,0.08,0.28,0.12,0.52,222
PhD,Together,65488.0,46,1,1,0,57,0,963,14,0.21495327102803738,0.04672897196261682,0.037383177570093455,0.018691588785046728,0.056074766355140186,0.07142857142857142,0.21428571428571427,0.2857142857142857,0.42857142857142855,16
2n Cycle,Married,62466.0,13,5,4,0,45,1,889,26,0.29133858267716534,0.14510686164229472,0.1889763779527559,0.1361079865016873,0.09336332958380203,0.19230769230769232,0.23076923076923078,0.11538461538461539,0.46153846153846156,165
2n Cycle,Single,32218.0,27,1,7,0,55,0,93,7,0.16129032258064516,0.25806451612903225,0.13978494623655913,0.010752688172043012,0.3225806451612903,0.14285714285714285,0.2857142857142857,0.14285714285714285,0.42857142857142855,134
Graduation,Single,83917.0,12,1,3,0,42,0,1587,21,0.4612476370510397,0.013862633900441084,0.026465028355387523,0.12476370510396975,0.04977945809703844,0.047619047619047616,0.2857142857142857,0.3333333333333333,0.3333333333333333,437
Graduation,Divorced,46102.0,3,1,7,0,53,3,16,4,0.0625,0.0,0.0,0.0,0.0625,0.25,0.25,0.0,0.5,111
Graduation,Single,84574.0,72,1,5,0,63,0,1375,32,0.5185454545454545,0.014545454545454545,0.027636363636363636,0.03927272727272727,0.11854545454545455,0.03125,0.28125,0.34375,0.34375,390
Graduation,Married,56181.0,6,1,4,0,53,1,393,14,0.17557251908396945,0.26208651399491095,0.020356234096692113,0.11195928753180662,0.12213740458015267,0.07142857142857142,0.2857142857142857,0.14285714285714285,0.5,537
Master,Divorced,63120.0,53,5,7,0,65,1,1477,26,0.1888964116452268,0.046716316858496955,0.03656059580230196,0.027758970886932972,0.046716316858496955,0.19230769230769232,0.3076923076923077,0.15384615384615385,0.34615384615384615,639
Graduation,Married,73691.0,58,2,2,0,44,1,1179,18,0.21204410517387617,0.017811704834605598,0.0720949957591179,0.0364715860899067,0.06191687871077184,0.1111111111111111,0.3333333333333333,0.1111111111111111,0.4444444444444444,235
Graduation,Together,63381.0,78,4,2,0,55,1,1005,26,0.14129353233830846,0.04975124378109453,0.03283582089552239,0.04975124378109453,0.1582089552238806,0.15384615384615385,0.15384615384615385,0.19230769230769232,0.5,632
PhD,Together,76140.0,57,1,2,0,67,0,1348,21,0.4844213649851632,0.04896142433234421,0.012611275964391691,0.0,0.019287833827893175,0.047619047619047616,0.23809523809523808,0.42857142857142855,0.2857142857142857,47
PhD,Divorced,62859.0,37,4,6,0,56,1,1307,23,0.07804131599081866,0.06809487375669472,0.01224177505738332,0.009181331293037491,0.019127773527161437,0.17391304347826086,0.391304347826087,0.17391304347826086,0.2608695652173913,546
Graduation,Single,45906.0,20,2,5,0,51,1,486,15,0.05555555555555555,0.006172839506172839,0.00823045267489712,0.006172839506172839,0.2962962962962963,0.13333333333333333,0.3333333333333333,0.26666666666666666,0.26666666666666666,418
Master,Together,77632.0,73,1,2,0,68,0,2252,13,0.33658969804618116,0.04662522202486678,0.0,0.018650088809946713,0.0652753108348135,0.07692307692307693,0.3076923076923077,0.15384615384615385,0.46153846153846156,476
PhD,Married,46463.0,56,7,6,0,44,2,235,17,0.1702127659574468,0.00851063829787234,0.03404255319148936,0.04680851063829787,0.04680851063829787,0.4117647058823529,0.17647058823529413,0.058823529411764705,0.35294117647058826,315
Graduation,Together,105471.0,36,0,3,0,45,0,1724,30,0.060324825986078884,0.10498839907192575,0.11716937354988399,0.012180974477958236,0.12006960556844548,0.0,0.3,0.26666666666666666,0.43333333333333335,524
Master,Divorced,55282.0,9,1,4,0,45,1,235,11,0.31063829787234043,0.02553191489361702,0.03404255319148936,0.01702127659574468,0.08085106382978724,0.09090909090909091,0.2727272727272727,0.09090909090909091,0.5454545454545454,198
Master,Married,78710.0,42,3,4,0,38,1,1092,28,0.1391941391941392,0.0,0.10897435897435898,0.045787545787545784,0.045787545787545784,0.10714285714285714,0.25,0.21428571428571427,0.42857142857142855,37
Graduation,Together,66886.0,28,2,5,0,57,1,599,17,0.10350584307178631,0.00667779632721202,0.06844741235392321,0.05175292153589316,0.24373956594323873,0.11764705882352941,0.4117647058823529,0.058823529411764705,0.4117647058823529,286
Master,Single,98777.0,23,0,1,0,55,0,2008,19,0.35408366533864544,0.009462151394422311,0.062250996015936255,0.05727091633466135,0.018924302788844622,0.0,0.21052631578947367,0.3157894736842105,0.47368421052631576,132
Graduation,Together,29103.0,38,2,9,0,30,1,48,6,0.3541666666666667,0.0,0.125,0.0625,0.125,0.3333333333333333,0.16666666666666666,0.0,0.5,671
Graduation,Married,67445.0,63,5,6,0,41,1,1174,32,0.1848381601362862,0.06814310051107325,0.024701873935264053,0.06814310051107325,0.009369676320272573,0.15625,0.28125,0.1875,0.375,686
PhD,Together,50616.0,71,1,2,0,65,1,67,7,0.373134328358209,0.029850746268656716,0.0,0.014925373134328358,0.13432835820895522,0.14285714285714285,0.14285714285714285,0.14285714285714285,0.5714285714285714,77
Graduation,Divorced,49431.0,9,2,8,0,60,1,365,15,0.273972602739726,0.00821917808219178,0.07123287671232877,0.0,0.04657534246575343,0.13333333333333333,0.4666666666666667,0.06666666666666667,0.3333333333333333,695
Graduation,Together,61278.0,87,2,6,0,62,1,165,10,0.1696969696969697,0.01818181818181818,0.012121212121212121,0.03636363636363636,0.09090909090909091,0.2,0.3,0.1,0.4,176
2n Cycle,Together,26490.0,92,2,6,0,57,0,210,11,0.24761904761904763,0.22380952380952382,0.1,0.09523809523809523,0.11904761904761904,0.18181818181818182,0.2727272727272727,0.09090909090909091,0.45454545454545453,645
PhD,Together,73059.0,36,1,4,0,68,1,1095,26,0.3835616438356164,0.10228310502283106,0.0,0.07488584474885844,0.06484018264840183,0.038461538461538464,0.34615384615384615,0.11538461538461539,0.5,302
PhD,Single,46734.0,86,4,6,0,49,3,223,12,0.17488789237668162,0.004484304932735426,0.026905829596412557,0.004484304932735426,0.34080717488789236,0.3333333333333333,0.25,0.16666666666666666,0.25,251
Graduation,Together,56253.0,83,4,6,0,52,1,597,22,0.10887772194304858,0.0,0.011725293132328308,0.018425460636515914,0.008375209380234505,0.18181818181818182,0.3181818181818182,0.09090909090909091,0.4090909090909091,569
Graduation,Married,19986.0,74,1,7,0,30,1,22,4,0.22727272727272727,0.2727272727272727,0.0,0.09090909090909091,0.2727272727272727,0.25,0.0,0.0,0.75,227
Graduation,Widow,58330.0,87,1,4,0,40,1,1064,24,0.20018796992481203,0.04981203007518797,0.09774436090225563,0.09210526315789473,0.14191729323308272,0.041666666666666664,0.25,0.16666666666666666,0.5416666666666666,186
Basic,Married,25965.0,29,1,8,0,35,0,74,6,0.14864864864864866,0.02702702702702703,0.5540540540540541,0.0945945945945946,0.14864864864864866,0.16666666666666666,0.3333333333333333,0.0,0.5,660
Master,Together,14661.0,88,1,6,0,59,0,26,5,0.4230769230769231,0.038461538461538464,0.23076923076923078,0.07692307692307693,0.07692307692307693,0.2,0.2,0.0,0.6,544
Graduation,Married,18690.0,77,1,8,0,56,0,60,5,0.11666666666666667,0.016666666666666666,0.38333333333333336,0.06666666666666667,0.31666666666666665,0.2,0.2,0.2,0.4,548
PhD,Together,45068.0,25,1,7,0,41,1,20,4,0.15,0.0,0.0,0.0,0.15,0.25,0.25,0.0,0.5,409
Basic,Single,21063.0,34,2,6,0,28,1,59,7,0.1864406779661017,0.1694915254237288,0.3220338983050847,0.05084745762711865,0.2542372881355932,0.2857142857142857,0.2857142857142857,0.0,0.42857142857142855,277
PhD,Married,29187.0,43,1,8,0,47,1,34,5,0.17647058823529413,0.0,0.0,0.0,0.058823529411764705,0.2,0.2,0.0,0.6,416
2n Cycle,Married,54690.0,76,3,3,0,44,2,198,12,0.18686868686868688,0.08080808080808081,0.03535353535353535,0.045454545454545456,0.09090909090909091,0.25,0.25,0.08333333333333333,0.4166666666666667,234
PhD,Married,59304.0,81,3,5,0,51,1,1048,28,0.4083969465648855,0.05820610687022901,0.07633587786259542,0.04866412213740458,0.009541984732824428,0.10714285714285714,0.25,0.2857142857142857,0.35714285714285715,335
Master,Single,59247.0,87,5,6,0,53,2,574,21,0.21254355400696864,0.0156794425087108,0.033101045296167246,0.024390243902439025,0.1445993031358885,0.23809523809523808,0.23809523809523808,0.09523809523809523,0.42857142857142855,233
Graduation,Widow,66731.0,33,4,3,0,45,1,1029,17,0.18853255587949466,0.15451895043731778,0.056365403304178816,0.10301263362487852,0.13702623906705538,0.23529411764705882,0.23529411764705882,0.17647058823529413,0.35294117647058826,655
Graduation,Married,77353.0,38,2,4,0,35,1,670,20,0.15970149253731344,0.0880597014925373,0.10298507462686567,0.15074626865671642,0.0880597014925373,0.1,0.3,0.2,0.4,195
PhD,Single,52614.0,63,2,8,0,40,1,990,16,0.14343434343434344,0.0,0.012121212121212121,0.00909090909090909,0.03838383838383838,0.125,0.125,0.25,0.5,575
Graduation,Married,26751.0,26,1,8,0,41,2,11,4,0.45454545454545453,0.09090909090909091,0.0,0.2727272727272727,0.09090909090909091,0.25,0.25,0.0,0.5,38
PhD,Married,81300.0,17,3,5,0,52,1,1241,21,0.1168412570507655,0.009669621273166801,0.0257856567284448,0.009669621273166801,0.029008863819500404,0.14285714285714285,0.47619047619047616,0.14285714285714285,0.23809523809523808,607
Graduation,Single,70337.0,75,1,1,0,36,0,576,17,0.2586805555555556,0.140625,0.043402777777777776,0.07465277777777778,0.1579861111111111,0.058823529411764705,0.11764705882352941,0.11764705882352941,0.7058823529411765,178
2n Cycle,Married,36145.0,13,4,9,0,30,1,172,12,0.4418604651162791,0.023255813953488372,0.09883720930232558,0.005813953488372093,0.10465116279069768,0.3333333333333333,0.3333333333333333,0.08333333333333333,0.25,378
PhD,Single,65295.0,19,1,2,0,35,0,664,20,0.17620481927710843,0.04819277108433735,0.05120481927710843,0.16566265060240964,0.009036144578313253,0.05,0.15,0.15,0.65,188
Graduation,Divorced,68118.0,51,2,6,0,52,1,928,23,0.13254310344827586,0.02478448275862069,0.010775862068965518,0.02478448275862069,0.16594827586206898,0.08695652173913043,0.34782608695652173,0.391304347826087,0.17391304347826086,254
Graduation,Divorced,68743.0,81,1,7,0,48,0,2074,30,0.18514946962391515,0.06460945033751206,0.08437801350048216,0.06460945033751206,0.05544840887174542,0.03333333333333333,0.36666666666666664,0.16666666666666666,0.43333333333333335,668
2n Cycle,Together,41039.0,32,1,8,0,33,0,467,15,0.29336188436830835,0.023554603854389723,0.38329764453961457,0.13062098501070663,0.09635974304068523,0.06666666666666667,0.5333333333333333,0.06666666666666667,0.3333333333333333,339
Graduation,Together,38946.0,84,2,5,0,60,1,257,12,0.31906614785992216,0.023346303501945526,0.023346303501945526,0.023346303501945526,0.15953307392996108,0.16666666666666666,0.25,0.08333333333333333,0.5,248
Graduation,Together,65777.0,87,1,1,0,48,0,1146,17,0.3795811518324607,0.027923211169284468,0.02443280977312391,0.027923211169284468,0.04712041884816754,0.058823529411764705,0.11764705882352941,0.47058823529411764,0.35294117647058826,192
PhD,Divorced,66476.0,99,2,4,0,39,1,689,20,0.18287373004354138,0.026124818577648767,0.06821480406386067,0.06966618287373004,0.11320754716981132,0.1,0.25,0.1,0.55,479
PhD,Single,86857.0,96,1,2,0,43,0,2114,22,0.39640491958372753,0.048249763481551564,0.06291390728476821,0.048249763481551564,0.01892147587511826,0.045454545454545456,0.22727272727272727,0.2727272727272727,0.45454545454545453,655
PhD,Together,77845.0,40,1,1,0,26,0,1346,21,0.35661218424962854,0.029717682020802376,0.0,0.029717682020802376,0.019316493313521546,0.047619047619047616,0.14285714285714285,0.23809523809523808,0.5714285714285714,44
PhD,Together,69476.0,3,1,2,0,46,0,1044,15,0.5354406130268199,0.08237547892720307,0.0603448275862069,0.008620689655172414,0.06417624521072797,0.06666666666666667,0.26666666666666666,0.4,0.26666666666666666,272
PhD,Divorced,50611.0,98,6,6,0,55,1,493,22,0.0486815415821501,0.0,0.012170385395537525,0.0,0.008113590263691683,0.2727272727272727,0.18181818181818182,0.22727272727272727,0.3181818181818182,633
Graduation,Single,61209.0,73,1,2,0,45,0,957,13,0.23406478578892373,0.0,0.12434691745036573,0.051201671891327065,0.10344827586206896,0.07692307692307693,0.38461538461538464,0.23076923076923078,0.3076923076923077,308
Master,Together,42315.0,90,3,3,0,57,1,270,12,0.2962962962962963,0.05555555555555555,0.06296296296296296,0.040740740740740744,0.2962962962962963,0.25,0.08333333333333333,0.3333333333333333,0.3333333333333333,352
Basic,Together,13084.0,29,1,6,0,63,0,29,5,0.2413793103448276,0.0,0.10344827586206896,0.2413793103448276,0.3448275862068966,0.2,0.2,0.0,0.6,239
Master,Widow,47570.0,3,3,7,0,66,2,121,9,0.1652892561983471,0.008264462809917356,0.0,0.01652892561983471,0.256198347107438,0.3333333333333333,0.2222222222222222,0.2222222222222222,0.2222222222222222,396
Master,Married,61923.0,94,1,3,0,54,2,126,8,0.14285714285714285,0.031746031746031744,0.023809523809523808,0.023809523809523808,0.047619047619047616,0.125,0.25,0.125,0.5,338
Graduation,Single,34824.0,65,1,6,0,20,0,23,4,0.4782608695652174,0.08695652173913043,0.08695652173913043,0.0,0.17391304347826086,0.25,0.25,0.0,0.5,95
PhD,Single,26518.0,33,3,8,0,66,2,57,8,0.49122807017543857,0.017543859649122806,0.05263157894736842,0.05263157894736842,0.03508771929824561,0.375,0.25,0.0,0.375,447
Graduation,Single,45938.0,46,2,6,0,54,0,636,20,0.279874213836478,0.01729559748427673,0.09748427672955975,0.13050314465408805,0.04559748427672956,0.1,0.4,0.2,0.3,238
Graduation,Together,78468.0,29,1,4,0,55,0,1004,28,0.38645418326693226,0.021912350597609563,0.10358565737051793,0.021912350597609563,0.03386454183266932,0.03571428571428571,0.35714285714285715,0.25,0.35714285714285715,81
Graduation,Divorced,78901.0,99,3,4,0,42,1,734,20,0.4209809264305177,0.014986376021798364,0.04495912806539509,0.035422343324250684,0.04632152588555858,0.15,0.45,0.15,0.25,285
Graduation,Married,71427.0,26,2,4,0,37,2,614,20,0.28827361563517917,0.2003257328990228,0.024429967426710098,0.10423452768729642,0.03745928338762215,0.1,0.4,0.1,0.4,109
Graduation,Divorced,71022.0,30,3,8,0,37,1,1453,21,0.1913282863041982,0.008258774948382657,0.0,0.008258774948382657,0.16655196145905024,0.14285714285714285,0.23809523809523808,0.09523809523809523,0.5238095238095238,138
Master,Single,90247.0,27,1,1,0,27,0,1621,15,0.21714990746452806,0.01974090067859346,0.012954966070326958,0.00987045033929673,0.00987045033929673,0.06666666666666667,0.2,0.26666666666666666,0.4666666666666667,61
Master,Divorced,41335.0,24,3,7,0,47,1,187,12,0.11229946524064172,0.10160427807486631,0.0855614973262032,0.0748663101604278,0.026737967914438502,0.25,0.3333333333333333,0.08333333333333333,0.3333333333333333,185
Graduation,Married,71952.0,93,2,4,0,29,1,1443,22,0.3153153153153153,0.05544005544005544,0.036036036036036036,0.07415107415107415,0.06444906444906445,0.09090909090909091,0.36363636363636365,0.18181818181818182,0.36363636363636365,535
PhD,Divorced,35682.0,34,1,2,0,45,1,57,6,0.14035087719298245,0.0,0.10526315789473684,0.03508771929824561,0.3157894736842105,0.16666666666666666,0.16666666666666666,0.16666666666666666,0.5,2
Graduation,Divorced,43185.0,88,2,8,0,64,1,637,20,0.06593406593406594,0.009419152276295133,0.02511773940345369,0.009419152276295133,0.04709576138147567,0.1,0.45,0.15,0.3,445
PhD,Together,66375.0,96,3,7,0,67,1,948,14,0.04746835443037975,0.0,0.0,0.0,0.20147679324894516,0.21428571428571427,0.14285714285714285,0.2857142857142857,0.35714285714285715,220
Master,Married,35178.0,10,1,7,0,44,1,59,5,0.22033898305084745,0.01694915254237288,0.03389830508474576,0.03389830508474576,0.3050847457627119,0.2,0.2,0.2,0.4,535
Graduation,Married,25252.0,26,1,8,0,29,1,18,4,0.2222222222222222,0.16666666666666666,0.1111111111111111,0.1111111111111111,0.3333333333333333,0.25,0.25,0.0,0.5,352
Master,Single,55250.0,49,4,5,0,50,1,903,26,0.09191583610188261,0.06423034330011074,0.035437430786267994,0.0,0.07308970099667775,0.15384615384615385,0.2692307692307692,0.19230769230769232,0.38461538461538464,616
Graduation,Single,33249.0,11,2,6,0,40,1,112,8,0.1875,0.08928571428571429,0.16964285714285715,0.125,0.375,0.25,0.25,0.125,0.375,494
Graduation,Together,58398.0,44,3,4,0,62,0,596,20,0.337248322147651,0.008389261744966443,0.03523489932885906,0.03523489932885906,0.08221476510067115,0.15,0.25,0.2,0.4,411
Graduation,Together,50272.0,75,3,7,0,33,1,233,13,0.2832618025751073,0.055793991416309016,0.18454935622317598,0.034334763948497854,0.017167381974248927,0.23076923076923078,0.3076923076923077,0.07692307692307693,0.38461538461538464,326
PhD,Married,76618.0,64,1,1,0,40,0,1511,11,0.19457313037723362,0.026472534745201854,0.0800794176042356,0.10589013898080742,0.09728656518861681,0.09090909090909091,0.2727272727272727,0.18181818181818182,0.45454545454545453,569
2n Cycle,Divorced,87305.0,19,1,2,0,55,0,1152,17,0.4348958333333333,0.021701388888888888,0.0546875,0.11979166666666667,0.06944444444444445,0.058823529411764705,0.29411764705882354,0.17647058823529413,0.47058823529411764,644
Graduation,Together,25851.0,45,2,7,0,37,1,48,7,0.375,0.08333333333333333,0.14583333333333334,0.10416666666666667,0.10416666666666667,0.2857142857142857,0.2857142857142857,0.0,0.42857142857142855,503
Graduation,Divorced,58710.0,77,6,6,0,45,1,1185,31,0.3105485232067511,0.06835443037974684,0.0,0.1029535864978903,0.1468354430379747,0.1935483870967742,0.3548387096774194,0.16129032258064516,0.2903225806451613,455
Graduation,Single,45160.0,9,1,7,0,57,2,21,4,0.23809523809523808,0.09523809523809523,0.14285714285714285,0.0,0.14285714285714285,0.25,0.25,0.0,0.5,92
Master,Married,74806.0,1,2,4,0,50,1,965,16,0.25803108808290154,0.00932642487046632,0.0,0.029015544041450778,0.00932642487046632,0.125,0.3125,0.25,0.3125,557
Graduation,Married,59111.0,90,1,7,0,61,0,869,21,0.15420023014959724,0.0,0.03222094361334868,0.03222094361334868,0.17836593785960875,0.047619047619047616,0.5238095238095238,0.047619047619047616,0.38095238095238093,423
PhD,Married,18988.0,43,2,7,0,31,1,16,6,0.375,0.0,0.125,0.0625,0.0625,0.3333333333333333,0.16666666666666666,0.0,0.5,37
Graduation,Married,72190.0,79,1,3,0,50,0,1947,16,0.3066255778120185,0.08525937339496661,0.08834103749357987,0.08525937339496661,0.12788906009244994,0.0625,0.3125,0.375,0.25,501
Graduation,Married,7500.0,19,5,9,0,39,1,71,12,0.16901408450704225,0.0,0.18309859154929578,0.09859154929577464,0.4507042253521127,0.4166666666666667,0.3333333333333333,0.08333333333333333,0.16666666666666666,697
Graduation,Married,44794.0,99,1,6,0,49,1,65,6,0.1076923076923077,0.0,0.0,0.0,0.06153846153846154,0.16666666666666666,0.3333333333333333,0.0,0.5,21
Graduation,Married,80395.0,62,1,2,0,60,0,1380,24,0.5115942028985507,0.018115942028985508,0.057971014492753624,0.05507246376811594,0.034782608695652174,0.041666666666666664,0.25,0.20833333333333334,0.5,218
Master,Divorced,75012.0,41,1,1,0,39,0,1027,23,0.21226874391431352,0.1382667964946446,0.1596884128529698,0.05647517039922103,0.14703018500486856,0.043478260869565216,0.13043478260869565,0.34782608695652173,0.4782608695652174,155
Master,Married,56962.0,60,7,7,0,50,3,411,21,0.1873479318734793,0.0072992700729927005,0.024330900243309004,0.0072992700729927005,0.06326034063260341,0.3333333333333333,0.2857142857142857,0.14285714285714285,0.23809523809523808,261
Graduation,Together,89891.0,17,1,4,0,24,0,836,26,0.15789473684210525,0.02631578947368421,0.07057416267942583,0.03349282296650718,0.21889952153110048,0.038461538461538464,0.4230769230769231,0.23076923076923078,0.3076923076923077,440
PhD,Divorced,35946.0,24,1,5,0,66,2,11,4,0.2727272727272727,0.0,0.0,0.0,0.0,0.25,0.0,0.0,0.75,275
PhD,Together,53593.0,60,8,8,0,62,2,480,23,0.1625,0.008333333333333333,0.0125,0.0,0.08958333333333333,0.34782608695652173,0.30434782608695654,0.08695652173913043,0.2608695652173913,691
Graduation,Married,66373.0,57,7,3,0,37,2,606,23,0.20462046204620463,0.01485148514851485,0.019801980198019802,0.039603960396039604,0.17986798679867988,0.30434782608695654,0.17391304347826086,0.08695652173913043,0.43478260869565216,382
PhD,Divorced,45072.0,74,5,8,0,67,3,284,16,0.3485915492957746,0.007042253521126761,0.02464788732394366,0.007042253521126761,0.1056338028169014,0.3125,0.375,0.0625,0.25,256
Graduation,Divorced,89694.0,22,3,5,0,42,2,1472,14,0.14334239130434784,0.019021739130434784,0.025135869565217392,0.019021739130434784,0.028532608695652172,0.21428571428571427,0.2857142857142857,0.21428571428571427,0.2857142857142857,263
Graduation,Married,72025.0,46,1,2,0,66,0,1677,26,0.36791890280262374,0.0,0.02564102564102564,0.02981514609421586,0.0,0.038461538461538464,0.15384615384615385,0.3076923076923077,0.5,61
Graduation,Married,67432.0,69,2,4,0,42,1,1335,19,0.2554307116104869,0.05917602996254682,0.13258426966292136,0.10187265917602996,0.12734082397003746,0.10526315789473684,0.42105263157894735,0.2631578947368421,0.21052631578947367,457
Master,Together,70545.0,29,1,2,0,63,1,334,13,0.18862275449101795,0.11676646706586827,0.16467065868263472,0.05389221556886228,0.06287425149700598,0.07692307692307693,0.3076923076923077,0.07692307692307693,0.5384615384615384,26
Basic,Married,17487.0,37,1,7,0,26,1,18,4,0.05555555555555555,0.0,0.3888888888888889,0.2222222222222222,0.3333333333333333,0.25,0.25,0.0,0.5,468
Graduation,Together,62882.0,26,2,4,0,46,1,1338,20,0.37144992526158443,0.09940209267563528,0.05829596412556054,0.017937219730941704,0.07249626307922272,0.1,0.35,0.25,0.3,689
PhD,Single,64108.0,8,4,5,0,62,1,1099,30,0.07825295723384895,0.009099181073703366,0.011828935395814377,0.01910828025477707,0.01910828025477707,0.13333333333333333,0.2,0.3,0.36666666666666664,463
Master,Together,34941.0,26,2,8,0,59,2,97,8,0.25773195876288657,0.020618556701030927,0.041237113402061855,0.030927835051546393,0.24742268041237114,0.25,0.375,0.0,0.375,480
PhD,Single,48767.0,79,3,5,0,65,3,63,9,0.3333333333333333,0.015873015873015872,0.047619047619047616,0.0,0.15873015873015872,0.3333333333333333,0.2222222222222222,0.1111111111111111,0.3333333333333333,179
2n Cycle,Together,38702.0,71,2,6,0,37,1,109,9,0.22018348623853212,0.10091743119266056,0.11926605504587157,0.07339449541284404,0.3669724770642202,0.2222222222222222,0.3333333333333333,0.0,0.4444444444444444,332
Graduation,Married,82224.0,83,1,3,0,51,0,902,21,0.3991130820399113,0.028824833702882482,0.15299334811529933,0.03436807095343681,0.04434589800443459,0.047619047619047616,0.2857142857142857,0.42857142857142855,0.23809523809523808,155
Graduation,Together,83844.0,57,1,1,0,63,0,1574,20,0.21918678526048285,0.019695044472681066,0.04764930114358323,0.019695044472681066,0.12134688691232529,0.05,0.2,0.2,0.55,413
2n Cycle,Married,17003.0,37,3,5,0,40,1,38,9,0.3157894736842105,0.13157894736842105,0.10526315789473684,0.21052631578947367,0.18421052631578946,0.3333333333333333,0.2222222222222222,0.0,0.4444444444444444,202
Graduation,Single,71163.0,30,1,1,0,20,0,960,24,0.3875,0.017708333333333333,0.14375,0.11041666666666666,0.04583333333333333,0.041666666666666664,0.125,0.3333333333333333,0.5,112
Graduation,Single,33697.0,34,1,7,0,45,1,28,4,0.25,0.10714285714285714,0.0,0.10714285714285714,0.39285714285714285,0.25,0.25,0.0,0.5,287
2n Cycle,Married,63564.0,0,1,6,0,61,0,1215,28,0.2074074074074074,0.06584362139917696,0.012345679012345678,0.027983539094650206,0.053497942386831275,0.03571428571428571,0.35714285714285715,0.35714285714285715,0.25,151
PhD,Together,83443.0,89,1,2,0,43,0,1497,22,0.4956579826319305,0.028056112224448898,0.03674014696058784,0.03740814963259853,0.056112224448897796,0.045454545454545456,0.2727272727272727,0.45454545454545453,0.22727272727272727,180
PhD,Together,51518.0,92,2,3,0,57,1,449,17,0.14699331848552338,0.017817371937639197,0.0378619153674833,0.008908685968819599,0.008908685968819599,0.11764705882352941,0.17647058823529413,0.11764705882352941,0.5882352941176471,269
Graduation,Widow,58330.0,87,1,4,0,40,1,1064,24,0.20018796992481203,0.04981203007518797,0.09774436090225563,0.09210526315789473,0.14191729323308272,0.041666666666666664,0.25,0.16666666666666666,0.5416666666666666,186
Graduation,Married,80952.0,20,1,8,0,46,0,1757,25,0.39214570290267503,0.10130904951622083,0.02333523050654525,0.015367103016505406,0.02504268639726807,0.04,0.32,0.2,0.44,486
Graduation,Together,75507.0,56,1,3,0,36,0,1440,21,0.25972222222222224,0.06458333333333334,0.07222222222222222,0.05555555555555555,0.05555555555555555,0.047619047619047616,0.38095238095238093,0.2857142857142857,0.2857142857142857,58
2n Cycle,Together,63855.0,28,1,4,0,37,0,1006,24,0.3121272365805169,0.03479125248508946,0.09244532803180915,0.11530815109343936,0.08846918489065607,0.041666666666666664,0.2916666666666667,0.125,0.5416666666666666,505
PhD,Together,62220.0,55,5,6,0,43,1,1226,23,0.30587275693311583,0.009787928221859706,0.013050570962479609,0.009787928221859706,0.009787928221859706,0.21739130434782608,0.30434782608695654,0.2608695652173913,0.21739130434782608,687
Graduation,Married,58512.0,25,5,8,0,51,1,1171,20,0.08625106746370624,0.008539709649871904,0.011101622544833475,0.0,0.12980358667805295,0.25,0.15,0.2,0.4,283
Master,Married,40662.0,0,2,4,0,36,1,92,8,0.25,0.021739130434782608,0.0,0.043478260869565216,0.25,0.25,0.25,0.125,0.375,471
PhD,Married,38829.0,86,1,5,0,56,1,99,8,0.0707070707070707,0.0,0.0,0.0,0.16161616161616163,0.125,0.375,0.25,0.25,84
2n Cycle,Married,35523.0,8,2,7,0,34,1,66,8,0.3333333333333333,0.07575757575757576,0.18181818181818182,0.07575757575757576,0.16666666666666666,0.25,0.375,0.0,0.375,269
Graduation,Single,79146.0,33,2,6,0,48,2,564,19,0.3953900709219858,0.028368794326241134,0.03723404255319149,0.07624113475177305,0.028368794326241134,0.10526315789473684,0.42105263157894735,0.05263157894736842,0.42105263157894735,66
Master,Married,78285.0,13,1,3,0,27,0,1427,21,0.2740014015416959,0.07498248072880168,0.12263489838822705,0.046951646811492644,0.02803083391730904,0.047619047619047616,0.2857142857142857,0.19047619047619047,0.47619047619047616,244
PhD,Single,31626.0,12,1,7,0,37,1,86,6,0.10465116279069768,0.011627906976744186,0.023255813953488372,0.011627906976744186,0.3953488372093023,0.16666666666666666,0.3333333333333333,0.16666666666666666,0.3333333333333333,415
Graduation,Single,75127.0,92,1,1,0,63,0,833,19,0.36614645858343337,0.04201680672268908,0.055222088835534214,0.02040816326530612,0.2725090036014406,0.05263157894736842,0.10526315789473684,0.5789473684210527,0.2631578947368421,38
Graduation,Married,48726.0,90,3,6,0,60,1,242,12,0.15702479338842976,0.012396694214876033,0.01652892561983471,0.0,0.24380165289256198,0.25,0.25,0.16666666666666666,0.3333333333333333,428
Graduation,Married,74985.0,8,1,2,0,38,0,1869,17,0.48047084002140183,0.027287319422150885,0.13215623327982878,0.0,0.04601391118245051,0.058823529411764705,0.17647058823529413,0.35294117647058826,0.4117647058823529,656
Graduation,Together,67430.0,6,1,6,0,28,0,1364,29,0.21334310850439883,0.07111436950146628,0.09310850439882698,0.09750733137829912,0.08870967741935484,0.034482758620689655,0.3793103448275862,0.1724137931034483,0.41379310344827586,662
2n Cycle,Married,46891.0,91,1,4,0,50,1,183,8,0.12568306010928962,0.06557377049180328,0.15846994535519127,0.08196721311475409,0.3333333333333333,0.125,0.25,0.125,0.5,301
Master,Married,62058.0,52,4,6,0,59,1,450,18,0.16444444444444445,0.015555555555555555,0.022222222222222223,0.0,0.1288888888888889,0.2222222222222222,0.3333333333333333,0.05555555555555555,0.3888888888888889,399
Graduation,Married,72063.0,3,2,2,0,36,1,758,21,0.45910290237467016,0.04221635883905013,0.10026385224274406,0.04221635883905013,0.11873350923482849,0.09523809523809523,0.23809523809523808,0.09523809523809523,0.5714285714285714,361
PhD,Married,78939.0,57,1,3,0,64,0,1507,20,0.1612475116124751,0.07631055076310551,0.099535500995355,0.0,0.1360318513603185,0.05,0.4,0.25,0.3,199
Graduation,Single,42720.0,9,8,8,0,50,2,654,25,0.13914373088685014,0.00764525993883792,0.04281345565749235,0.039755351681957186,0.1712538226299694,0.32,0.28,0.12,0.28,431
Graduation,Married,33622.0,22,3,7,0,43,2,81,9,0.2716049382716049,0.012345679012345678,0.037037037037037035,0.04938271604938271,0.14814814814814814,0.3333333333333333,0.2222222222222222,0.0,0.4444444444444444,442
PhD,Together,6835.0,76,0,20,0,58,1,137,1,0.08759124087591241,0.014598540145985401,0.014598540145985401,0.014598540145985401,0.08759124087591241,0.0,0.0,0.0,1.0,568
Graduation,Together,41452.0,86,1,7,0,62,2,16,4,0.1875,0.0,0.0,0.0,0.0,0.25,0.25,0.0,0.5,480
PhD,Single,40760.0,64,2,6,0,50,1,93,8,0.1827956989247312,0.0,0.0,0.0,0.06451612903225806,0.25,0.25,0.125,0.375,303
PhD,Together,74250.0,90,1,1,0,57,0,1158,18,0.3385146804835924,0.009499136442141624,0.06476683937823834,0.0,0.0,0.05555555555555555,0.1111111111111111,0.6111111111111112,0.2222222222222222,154
Master,Single,51124.0,79,2,3,0,60,2,43,6,0.2558139534883721,0.023255813953488372,0.0,0.023255813953488372,0.09302325581395349,0.3333333333333333,0.16666666666666666,0.0,0.5,193
Graduation,Single,72258.0,28,2,2,0,44,1,1525,22,0.3422950819672131,0.0,0.14885245901639343,0.07868852459016394,0.08786885245901639,0.09090909090909091,0.2727272727272727,0.4090909090909091,0.22727272727272727,290
PhD,Single,71466.0,86,1,1,0,41,0,1230,19,0.44390243902439025,0.00975609756097561,0.06341463414634146,0.14796747967479676,0.0,0.05263157894736842,0.21052631578947367,0.21052631578947367,0.5263157894736842,85
Graduation,Together,36283.0,42,2,4,0,39,2,29,6,0.1724137931034483,0.1724137931034483,0.27586206896551724,0.0,0.1724137931034483,0.3333333333333333,0.16666666666666666,0.0,0.5,76
Graduation,Single,20587.0,39,1,7,0,45,1,25,5,0.24,0.12,0.16,0.04,0.36,0.2,0.2,0.2,0.4,49
Graduation,Married,30467.0,8,1,7,0,43,1,24,4,0.3333333333333333,0.125,0.08333333333333333,0.20833333333333334,0.20833333333333334,0.25,0.25,0.0,0.5,102
Graduation,Together,31590.0,40,1,8,0,43,1,38,5,0.39473684210526316,0.05263157894736842,0.15789473684210525,0.15789473684210525,0.07894736842105263,0.2,0.2,0.0,0.6,376
Basic,Married,20425.0,5,2,7,0,29,1,57,7,0.08771929824561403,0.21052631578947367,0.05263157894736842,0.2807017543859649,0.2982456140350877,0.2857142857142857,0.2857142857142857,0.0,0.42857142857142855,608
Master,Together,17144.0,96,5,7,0,55,2,47,12,0.40425531914893614,0.0425531914893617,0.0,0.0425531914893617,0.1276595744680851,0.4166666666666667,0.25,0.0,0.3333333333333333,134
PhD,Divorced,42564.0,28,6,7,0,47,1,813,24,0.22878228782287824,0.05904059040590406,0.04797047970479705,0.02214022140221402,0.24354243542435425,0.25,0.25,0.3333333333333333,0.16666666666666666,543
Master,Married,43783.0,22,6,7,0,37,1,629,22,0.1987281399046105,0.014308426073131956,0.0397456279809221,0.006359300476947536,0.22098569157392686,0.2727272727272727,0.3181818181818182,0.045454545454545456,0.36363636363636365,31
Graduation,Divorced,40780.0,30,4,9,0,39,1,377,17,0.1883289124668435,0.07161803713527852,0.034482758620689655,0.007957559681697613,0.09018567639257294,0.23529411764705882,0.4117647058823529,0.058823529411764705,0.29411764705882354,659
Master,Together,62847.0,45,1,2,0,70,0,1612,14,0.43796526054590573,0.10421836228287841,0.04962779156327544,0.04714640198511166,0.03784119106699752,0.07142857142857142,0.21428571428571427,0.42857142857142855,0.2857142857142857,530
PhD,Married,82017.0,58,1,2,0,58,0,729,17,0.6117969821673526,0.03155006858710562,0.0411522633744856,0.03155006858710562,0.03155006858710562,0.058823529411764705,0.29411764705882354,0.23529411764705882,0.4117647058823529,599
Graduation,Single,16813.0,49,1,7,0,65,0,50,6,0.22,0.16,0.24,0.04,0.26,0.16666666666666666,0.3333333333333333,0.0,0.5,345
Graduation,Married,51267.0,37,4,4,0,37,2,270,15,0.23703703703703705,0.007407407407407408,0.025925925925925925,0.007407407407407408,0.044444444444444446,0.26666666666666666,0.2,0.2,0.3333333333333333,243
Graduation,Single,46524.0,70,2,3,0,54,1,177,9,0.1977401129943503,0.10734463276836158,0.14689265536723164,0.07909604519774012,0.2937853107344633,0.2222222222222222,0.1111111111111111,0.1111111111111111,0.5555555555555556,450
Master,Single,45183.0,33,1,7,0,53,0,315,13,0.19047619047619047,0.009523809523809525,0.0380952380952381,0.02857142857142857,0.0380952380952381,0.07692307692307693,0.3076923076923077,0.07692307692307693,0.5384615384615384,525
PhD,Married,70421.0,98,3,6,0,61,1,767,23,0.1773142112125163,0.03650586701434159,0.09778357235984354,0.018252933507170794,0.04563233376792699,0.13043478260869565,0.43478260869565216,0.13043478260869565,0.30434782608695654,1
2n Cycle,Divorced,60161.0,17,3,8,0,50,1,1071,26,0.19794584500466852,0.04108309990662932,0.04295051353874883,0.007469654528478058,0.16526610644257703,0.11538461538461539,0.4230769230769231,0.15384615384615385,0.3076923076923077,614
Graduation,Together,73926.0,54,1,3,0,42,0,1580,24,0.3778481012658228,0.05759493670886076,0.10063291139240506,0.05759493670886076,0.00949367088607595,0.041666666666666664,0.25,0.20833333333333334,0.5,484
Graduation,Married,19329.0,39,3,8,0,47,1,60,10,0.26666666666666666,0.016666666666666666,0.2,0.03333333333333333,0.08333333333333333,0.3,0.4,0.0,0.3,197
Master,Married,61872.0,81,4,4,0,45,1,573,21,0.2774869109947644,0.008726003490401396,0.06282722513089005,0.04712041884816754,0.027923211169284468,0.19047619047619047,0.19047619047619047,0.19047619047619047,0.42857142857142855,198
Graduation,Widow,46984.0,71,1,5,0,59,2,41,5,0.24390243902439024,0.024390243902439025,0.04878048780487805,0.024390243902439025,0.1951219512195122,0.2,0.2,0.0,0.6,460
Graduation,Married,34838.0,62,3,6,0,64,2,170,10,0.17058823529411765,0.13529411764705881,0.17058823529411765,0.08235294117647059,0.27647058823529413,0.3,0.2,0.1,0.4,526
PhD,Single,82716.0,8,1,2,0,71,0,1167,28,0.1953727506426735,0.1268209083119109,0.012853470437017995,0.1268209083119109,0.018851756640959727,0.03571428571428571,0.21428571428571427,0.2857142857142857,0.4642857142857143,236
Graduation,Married,48192.0,76,3,8,0,57,0,1526,25,0.13368283093053734,0.02817824377457405,0.10026212319790301,0.03800786369593709,0.019003931847968544,0.12,0.08,0.32,0.48,449
Master,Married,49681.0,66,6,7,0,39,2,458,21,0.056768558951965066,0.0,0.0,0.0,0.04585152838427948,0.2857142857142857,0.3333333333333333,0.047619047619047616,0.3333333333333333,237
Master,Married,56850.0,83,1,2,0,44,1,63,6,0.30158730158730157,0.015873015873015872,0.031746031746031744,0.1111111111111111,0.0,0.16666666666666666,0.16666666666666666,0.16666666666666666,0.5,98
Graduation,Married,55267.0,28,4,3,0,58,1,405,17,0.3358024691358025,0.0691358024691358,0.07901234567901234,0.007407407407407408,0.1111111111111111,0.23529411764705882,0.17647058823529413,0.23529411764705882,0.35294117647058826,251
Graduation,Married,59666.0,87,7,8,0,43,2,1027,20,0.1733203505355404,0.05160662122687439,0.022395326192794548,0.016553067185978577,0.12950340798442064,0.35,0.15,0.1,0.4,464
Graduation,Single,72504.0,43,2,2,0,43,1,1478,22,0.31799729364005414,0.017591339648173207,0.08322056833558863,0.10893098782138025,0.06359945872801083,0.09090909090909091,0.22727272727272727,0.4090909090909091,0.2727272727272727,449
Graduation,Married,26872.0,0,1,6,0,34,0,72,5,0.1111111111111111,0.1388888888888889,0.041666666666666664,0.2222222222222222,0.4444444444444444,0.2,0.2,0.2,0.4,256
Graduation,Single,21359.0,1,2,8,0,43,1,48,7,0.3541666666666667,0.041666666666666664,0.125,0.020833333333333332,0.20833333333333334,0.2857142857142857,0.2857142857142857,0.0,0.42857142857142855,435
Graduation,Single,73170.0,1,1,2,0,40,0,726,16,0.3526170798898072,0.2396694214876033,0.06887052341597796,0.04132231404958678,0.0440771349862259,0.0625,0.3125,0.25,0.375,29
Master,Married,52750.0,72,6,4,0,60,1,860,27,0.2779069767441861,0.0,0.10465116279069768,0.08023255813953488,0.08023255813953488,0.2222222222222222,0.18518518518518517,0.25925925925925924,0.3333333333333333,510
PhD,Together,91820.0,72,0,1,0,29,0,1497,22,0.49899799599198397,0.04876419505678023,0.05076820307281229,0.10754843019372078,0.02004008016032064,0.0,0.22727272727272727,0.22727272727272727,0.5454545454545454,218
PhD,Together,65968.0,12,2,3,0,45,1,495,18,0.16767676767676767,0.01818181818181818,0.03838383838383838,0.00808080808080808,0.00808080808080808,0.1111111111111111,0.2777777777777778,0.2222222222222222,0.3888888888888889,48
Graduation,Married,30772.0,89,1,6,0,39,2,20,4,0.2,0.1,0.1,0.05,0.2,0.25,0.25,0.0,0.5,109
Graduation,Single,22507.0,67,3,9,0,61,0,570,19,0.39649122807017545,0.0,0.08947368421052632,0.2754385964912281,0.11929824561403508,0.15789473684210525,0.5263157894736842,0.10526315789473684,0.21052631578947367,582
Graduation,Married,65685.0,54,1,5,0,43,1,769,21,0.06371911573472042,0.018205461638491547,0.0,0.009102730819245773,0.0741222366710013,0.047619047619047616,0.42857142857142855,0.09523809523809523,0.42857142857142855,92
2n Cycle,Married,25804.0,34,2,8,0,37,1,55,7,0.16363636363636364,0.12727272727272726,0.23636363636363636,0.10909090909090909,0.21818181818181817,0.2857142857142857,0.2857142857142857,0.0,0.42857142857142855,301
PhD,Single,76412.0,15,1,3,0,35,0,1808,18,0.4446902654867257,0.0293141592920354,0.012721238938053098,0.03926991150442478,0.009402654867256638,0.05555555555555555,0.2777777777777778,0.2222222222222222,0.4444444444444444,420
Graduation,Married,22063.0,43,2,7,0,43,1,55,7,0.23636363636363636,0.18181818181818182,0.05454545454545454,0.2,0.2,0.2857142857142857,0.2857142857142857,0.0,0.42857142857142855,325
Graduation,Single,57091.0,0,1,5,0,54,0,577,18,0.11091854419410745,0.008665511265164644,0.012131715771230503,0.0,0.06412478336221837,0.05555555555555555,0.3888888888888889,0.16666666666666666,0.3888888888888889,14
Graduation,Married,22419.0,74,1,8,0,52,0,162,8,0.29012345679012347,0.018518518518518517,0.11728395061728394,0.12962962962962962,0.25925925925925924,0.125,0.375,0.25,0.25,437
Graduation,Together,87771.0,61,1,6,0,56,1,1957,20,0.14665304036791008,0.019417475728155338,0.025549310168625446,0.02912621359223301,0.016862544711292796,0.05,0.25,0.5,0.2,403
2n Cycle,Divorced,78353.0,51,1,8,0,56,1,1576,24,0.3020304568527919,0.07741116751269035,0.024746192893401017,0.09708121827411167,0.021573604060913704,0.041666666666666664,0.4166666666666667,0.08333333333333333,0.4583333333333333,439
Graduation,Married,93404.0,97,3,5,0,61,3,1616,17,0.1775990099009901,0.009282178217821782,0.012376237623762377,0.0,0.009282178217821782,0.17647058823529413,0.17647058823529413,0.23529411764705882,0.4117647058823529,418
Graduation,Divorced,37859.0,75,2,8,0,53,3,36,6,0.2222222222222222,0.027777777777777776,0.05555555555555555,0.027777777777777776,0.05555555555555555,0.3333333333333333,0.16666666666666666,0.0,0.5,533
PhD,Widow,80995.0,83,1,4,0,57,1,1482,22,0.2759784075573549,0.018893387314439947,0.049257759784075573,0.037786774628879895,0.037786774628879895,0.045454545454545456,0.36363636363636365,0.4090909090909091,0.18181818181818182,414
Graduation,Together,16529.0,23,1,6,0,31,1,22,5,0.22727272727272727,0.0,0.5909090909090909,0.0,0.045454545454545456,0.2,0.2,0.0,0.6,120
PhD,Divorced,55412.0,65,1,5,0,39,2,63,6,0.4444444444444444,0.07936507936507936,0.1746031746031746,0.015873015873015872,0.12698412698412698,0.16666666666666666,0.3333333333333333,0.0,0.5,219
Graduation,Single,48789.0,94,1,6,0,23,0,680,18,0.22941176470588234,0.023529411764705882,0.010294117647058823,0.007352941176470588,0.21323529411764705,0.05555555555555555,0.3333333333333333,0.2222222222222222,0.3888888888888889,657
PhD,Together,56575.0,42,3,5,0,48,2,542,20,0.16605166051660517,0.00922509225092251,0.0,0.02952029520295203,0.01845018450184502,0.15,0.35,0.15,0.35,420
2n Cycle,Together,25130.0,10,2,7,0,35,1,50,7,0.14,0.1,0.0,0.36,0.36,0.2857142857142857,0.2857142857142857,0.0,0.42857142857142855,270
Graduation,Married,35441.0,94,2,8,0,48,2,39,6,0.23076923076923078,0.02564102564102564,0.05128205128205128,0.02564102564102564,0.02564102564102564,0.3333333333333333,0.16666666666666666,0.0,0.5,500
Graduation,Married,71391.0,50,5,3,0,59,1,1043,28,0.26270373921380635,0.11792905081495686,0.04410354745925216,0.11792905081495686,0.13518696069031638,0.17857142857142858,0.21428571428571427,0.17857142857142858,0.42857142857142855,457
Master,Single,49494.0,46,2,7,0,43,1,385,14,0.2519480519480519,0.023376623376623377,0.0,0.015584415584415584,0.21298701298701297,0.14285714285714285,0.42857142857142855,0.07142857142857142,0.35714285714285715,430
Graduation,Divorced,81702.0,98,1,3,0,35,0,1633,27,0.4739742804654011,0.03061849357011635,0.017146356399265157,0.018983466013472138,0.11451316595223515,0.037037037037037035,0.25925925925925924,0.25925925925925924,0.4444444444444444,644
2n Cycle,Single,45889.0,42,1,6,0,35,1,46,5,0.13043478260869565,0.0,0.0,0.021739130434782608,0.17391304347826086,0.2,0.2,0.0,0.6,362
Graduation,Single,56628.0,30,2,5,0,38,1,761,20,0.10775295663600526,0.006570302233902759,0.009198423127463863,0.022339027595269383,0.22470433639947437,0.1,0.35,0.3,0.25,100
Graduation,Together,34026.0,11,3,5,0,65,2,76,9,0.19736842105263158,0.07894736842105263,0.15789473684210525,0.10526315789473684,0.2236842105263158,0.3333333333333333,0.2222222222222222,0.1111111111111111,0.3333333333333333,328
Graduation,Married,40049.0,61,3,5,0,41,1,290,14,0.1793103448275862,0.22413793103448276,0.034482758620689655,0.15172413793103448,0.09655172413793103,0.21428571428571427,0.21428571428571427,0.14285714285714285,0.42857142857142855,577
Graduation,Single,34176.0,12,4,6,0,27,1,89,11,0.2696629213483146,0.07865168539325842,0.21348314606741572,0.15730337078651685,0.2247191011235955,0.36363636363636365,0.2727272727272727,0.0,0.36363636363636365,48
Graduation,Married,19419.0,76,4,9,0,34,1,70,11,0.4,0.2,0.22857142857142856,0.04285714285714286,0.1,0.36363636363636365,0.36363636363636365,0.0,0.2727272727272727,596
2n Cycle,Married,82504.0,2,1,1,0,55,0,1066,17,0.40431519699812385,0.04690431519699812,0.12570356472795496,0.03283302063789869,0.05065666041275797,0.058823529411764705,0.17647058823529413,0.35294117647058826,0.4117647058823529,337
Graduation,Together,81205.0,43,1,2,0,45,0,2009,19,0.46241911398705826,0.03683424589347934,0.04828272772523644,0.0273768043802887,0.06470881035340965,0.05263157894736842,0.2631578947368421,0.3157894736842105,0.3684210526315789,167
2n Cycle,Single,61618.0,27,2,3,0,24,0,1345,19,0.2966542750929368,0.06765799256505577,0.0,0.03345724907063197,0.1524163568773234,0.10526315789473684,0.15789473684210525,0.3157894736842105,0.42105263157894735,638
Master,Single,55284.0,60,3,5,0,59,1,764,23,0.18324607329842932,0.009162303664921465,0.0,0.009162303664921465,0.0824607329842932,0.13043478260869565,0.30434782608695654,0.21739130434782608,0.34782608695652173,552
Graduation,Single,49980.0,79,2,5,0,52,1,195,11,0.27692307692307694,0.005128205128205128,0.06666666666666667,0.046153846153846156,0.07179487179487179,0.18181818181818182,0.2727272727272727,0.09090909090909091,0.45454545454545453,249
Graduation,Married,15072.0,96,4,5,0,35,2,53,11,0.2830188679245283,0.03773584905660377,0.0,0.18867924528301888,0.33962264150943394,0.36363636363636365,0.2727272727272727,0.09090909090909091,0.2727272727272727,415
Graduation,Single,49166.0,17,2,6,0,41,1,368,13,0.06793478260869565,0.005434782608695652,0.019021739130434784,0.0,0.29891304347826086,0.15384615384615385,0.38461538461538464,0.23076923076923078,0.23076923076923078,381
PhD,Married,65324.0,0,3,4,0,61,1,544,20,0.1875,0.0,0.03860294117647059,0.058823529411764705,0.009191176470588236,0.15,0.3,0.1,0.45,169
2n Cycle,Married,82347.0,38,1,3,0,58,0,1853,25,0.4560172692930383,0.02914193200215866,0.1090124123043713,0.07177549919050188,0.033998920669185105,0.04,0.28,0.28,0.4,600
PhD,Together,30843.0,43,2,5,0,49,2,35,6,0.05714285714285714,0.0,0.0,0.0,0.2571428571428571,0.3333333333333333,0.16666666666666666,0.16666666666666666,0.3333333333333333,34
PhD,Married,46374.0,1,3,8,0,41,1,446,18,0.04708520179372197,0.0,0.0,0.0,0.03811659192825112,0.16666666666666666,0.3888888888888889,0.05555555555555555,0.3888888888888889,104
Graduation,Single,60474.0,25,7,7,0,36,1,1180,31,0.25677966101694916,0.16864406779661018,0.19830508474576272,0.007627118644067797,0.1440677966101695,0.22580645161290322,0.3225806451612903,0.06451612903225806,0.3870967741935484,454
Master,Married,38576.0,2,1,7,0,42,1,41,5,0.17073170731707318,0.0,0.0,0.0,0.0,0.2,0.2,0.0,0.6,117
Graduation,Married,55357.0,66,3,5,0,30,2,727,22,0.15955983493810177,0.08803301237964237,0.1155433287482806,0.0343878954607978,0.08803301237964237,0.13636363636363635,0.2727272727272727,0.09090909090909091,0.5,495
Graduation,Together,37758.0,49,2,8,0,49,2,40,6,0.25,0.05,0.0,0.0,0.025,0.3333333333333333,0.16666666666666666,0.0,0.5,633
2n Cycle,Married,85710.0,5,1,2,0,26,0,1062,26,0.3295668549905838,0.018832391713747645,0.027306967984934087,0.02824858757062147,0.031073446327683617,0.038461538461538464,0.23076923076923078,0.34615384615384615,0.38461538461538464,420
Graduation,Together,23228.0,71,2,8,0,46,1,40,7,0.45,0.05,0.15,0.025,0.0,0.2857142857142857,0.2857142857142857,0.0,0.42857142857142855,154
Master,Together,44602.0,35,6,8,0,46,2,292,17,0.3047945205479452,0.00684931506849315,0.0,0.0,0.11643835616438356,0.35294117647058826,0.35294117647058826,0.058823529411764705,0.23529411764705882,134
Graduation,Married,7500.0,94,1,6,0,28,0,15,4,0.2,0.13333333333333333,0.26666666666666666,0.06666666666666667,0.3333333333333333,0.25,0.0,0.0,0.75,536
2n Cycle,Together,38683.0,80,6,7,0,26,1,341,17,0.20234604105571846,0.10263929618768329,0.24633431085043989,0.12023460410557185,0.1935483870967742,0.35294117647058826,0.23529411764705882,0.058823529411764705,0.35294117647058826,633
2n Cycle,Single,49514.0,61,2,7,0,40,1,369,13,0.21138211382113822,0.10569105691056911,0.15718157181571815,0.03523035230352303,0.25203252032520324,0.15384615384615385,0.46153846153846156,0.07692307692307693,0.3076923076923077,194
PhD,Together,57906.0,29,3,4,0,42,1,401,17,0.2967581047381546,0.02743142144638404,0.02493765586034913,0.007481296758104738,0.03740648379052369,0.17647058823529413,0.23529411764705882,0.11764705882352941,0.47058823529411764,383
Master,Single,43456.0,0,3,5,0,49,1,393,17,0.17302798982188294,0.027989821882951654,0.06361323155216285,0.017811704834605598,0.017811704834605598,0.17647058823529413,0.29411764705882354,0.058823529411764705,0.47058823529411764,460
Master,Single,19485.0,80,1,7,0,29,2,10,4,0.4,0.0,0.0,0.0,0.0,0.25,0.25,0.0,0.5,278
Graduation,Together,53172.0,54,3,3,0,37,1,486,16,0.18518518518518517,0.12757201646090535,0.13991769547325103,0.0411522633744856,0.257201646090535,0.1875,0.125,0.1875,0.5,419
Graduation,Together,30545.0,71,2,7,0,36,1,69,7,0.21739130434782608,0.17391304347826086,0.2753623188405797,0.10144927536231885,0.17391304347826086,0.2857142857142857,0.2857142857142857,0.0,0.42857142857142855,620
PhD,Together,70123.0,27,1,3,0,32,0,1727,17,0.22929936305732485,0.0,0.013317892298784018,0.0,0.0,0.058823529411764705,0.29411764705882354,0.4117647058823529,0.23529411764705882,274
Graduation,Single,62450.0,61,2,3,0,56,1,995,16,0.26834170854271355,0.04723618090452261,0.062311557788944726,0.06633165829145729,0.03819095477386935,0.125,0.3125,0.3125,0.25,174
Graduation,Together,21675.0,55,3,7,0,39,1,45,10,0.35555555555555557,0.0,0.37777777777777777,0.08888888888888889,0.08888888888888889,0.3,0.4,0.0,0.3,18
2n Cycle,Single,42395.0,35,4,7,0,34,2,182,12,0.3131868131868132,0.07142857142857142,0.13186813186813187,0.08241758241758242,0.13736263736263737,0.3333333333333333,0.25,0.08333333333333333,0.3333333333333333,86
Master,Together,61346.0,34,1,3,0,37,1,989,23,0.1698685540950455,0.05864509605662285,0.043478260869565216,0.016177957532861477,0.1435793731041456,0.043478260869565216,0.21739130434782608,0.30434782608695654,0.43478260869565216,266
Graduation,Together,80812.0,95,1,2,0,62,0,1677,18,0.2981514609421586,0.01311866428145498,0.1252236135957066,0.08527131782945736,0.01967799642218247,0.05555555555555555,0.2222222222222222,0.4444444444444444,0.2777777777777778,285
Master,Divorced,42835.0,64,7,6,0,44,2,595,23,0.15630252100840336,0.0067226890756302525,0.020168067226890758,0.015126050420168067,0.16470588235294117,0.30434782608695654,0.2608695652173913,0.2608695652173913,0.17391304347826086,364
Graduation,Married,39922.0,30,2,8,0,32,1,156,9,0.3782051282051282,0.07692307692307693,0.12179487179487179,0.00641025641025641,0.23076923076923078,0.2222222222222222,0.3333333333333333,0.0,0.4444444444444444,500
Master,Single,86424.0,12,1,1,0,59,0,1226,28,0.4641109298531811,0.05546492659053834,0.07259380097879282,0.0367047308319739,0.05546492659053834,0.03571428571428571,0.21428571428571427,0.32142857142857145,0.42857142857142855,85
2n Cycle,Together,17117.0,96,4,9,0,37,1,128,11,0.296875,0.1796875,0.234375,0.140625,0.0546875,0.36363636363636365,0.2727272727272727,0.09090909090909091,0.2727272727272727,528
Graduation,Single,24762.0,16,3,8,0,43,1,86,9,0.13953488372093023,0.11627906976744186,0.03488372093023256,0.1744186046511628,0.46511627906976744,0.3333333333333333,0.3333333333333333,0.1111111111111111,0.2222222222222222,139
Graduation,Married,35797.0,16,2,8,0,40,1,68,7,0.20588235294117646,0.014705882352941176,0.058823529411764705,0.014705882352941176,0.3088235294117647,0.2857142857142857,0.2857142857142857,0.0,0.42857142857142855,621
Graduation,Divorced,36627.0,78,1,5,0,40,2,16,4,0.3125,0.0625,0.0,0.0,0.0625,0.25,0.0,0.0,0.75,341
2n Cycle,Married,51111.0,83,2,6,0,34,2,55,7,0.34545454545454546,0.0,0.10909090909090909,0.09090909090909091,0.05454545454545454,0.2857142857142857,0.2857142857142857,0.0,0.42857142857142855,10
PhD,Single,86857.0,96,1,2,0,43,0,2114,22,0.39640491958372753,0.048249763481551564,0.06291390728476821,0.048249763481551564,0.01892147587511826,0.045454545454545456,0.22727272727272727,0.2727272727272727,0.45454545454545453,655
PhD,Together,82072.0,67,1,1,0,45,0,2018,19,0.33944499504459863,0.027254707631318136,0.08325074331020813,0.04558969276511397,0.0639246778989098,0.05263157894736842,0.15789473684210525,0.10526315789473684,0.6842105263157895,362
PhD,Single,46231.0,87,4,9,0,62,3,263,15,0.20912547528517111,0.0076045627376425855,0.0,0.019011406844106463,0.045627376425855515,0.26666666666666666,0.4,0.06666666666666667,0.26666666666666666,580
Graduation,Married,42243.0,34,2,7,0,56,2,55,7,0.03636363636363636,0.0,0.0,0.0,0.09090909090909091,0.2857142857142857,0.2857142857142857,0.0,0.42857142857142855,200
Graduation,Together,51195.0,46,8,8,0,53,2,564,24,0.2765957446808511,0.024822695035460994,0.1453900709219858,0.0425531914893617,0.10283687943262411,0.3333333333333333,0.375,0.08333333333333333,0.20833333333333334,454
Master,Single,68092.0,7,2,5,0,37,0,1281,20,0.16159250585480095,0.0468384074941452,0.06088992974238876,0.02810304449648712,0.03747072599531616,0.1,0.1,0.3,0.5,195
Graduation,Married,31814.0,73,2,9,0,42,1,83,7,0.24096385542168675,0.03614457831325301,0.04819277108433735,0.012048192771084338,0.24096385542168675,0.2857142857142857,0.2857142857142857,0.0,0.42857142857142855,505
Master,Widow,51390.0,54,6,5,0,50,2,353,18,0.13314447592067988,0.056657223796033995,0.06515580736543909,0.0056657223796034,0.15864022662889518,0.3333333333333333,0.2777777777777778,0.1111111111111111,0.2777777777777778,659
Graduation,Married,76630.0,93,1,1,0,32,0,1003,25,0.44466600199401796,0.03090727816550349,0.03988035892323031,0.05583250249252243,0.1744765702891326,0.04,0.12,0.4,0.44,166
Basic,Single,26868.0,52,1,7,0,24,1,14,4,0.07142857142857142,0.0,0.5714285714285714,0.21428571428571427,0.14285714285714285,0.25,0.25,0.0,0.5,60
PhD,Divorced,48948.0,53,2,6,0,72,0,902,24,0.22838137472283815,0.008869179600886918,0.17738359201773837,0.05432372505543237,0.04656319290465632,0.08333333333333333,0.2916666666666667,0.4166666666666667,0.20833333333333334,513
PhD,Single,55260.0,81,2,6,0,43,1,1139,25,0.046532045654082525,0.007023705004389816,0.009657594381035996,0.0,0.21246707638279191,0.08,0.32,0.4,0.2,564
Graduation,Together,64090.0,8,1,5,0,59,1,797,20,0.20200752823086573,0.07277289836888332,0.09535759096612297,0.06398996235884567,0.16938519447929737,0.05,0.3,0.45,0.2,326
Graduation,Divorced,78331.0,97,2,4,0,57,1,1638,25,0.21611721611721613,0.08424908424908426,0.09768009768009768,0.10317460317460317,0.03724053724053724,0.08,0.4,0.24,0.28,157
PhD,Married,37087.0,50,3,6,0,41,1,401,17,0.3341645885286783,0.1371571072319202,0.03740648379052369,0.0,0.007481296758104738,0.17647058823529413,0.23529411764705882,0.11764705882352941,0.47058823529411764,322
Graduation,Divorced,21846.0,38,4,8,0,29,1,84,11,0.21428571428571427,0.20238095238095238,0.07142857142857142,0.11904761904761904,0.30952380952380953,0.36363636363636365,0.36363636363636365,0.0,0.2727272727272727,250
Graduation,Married,81320.0,61,1,2,0,57,0,928,18,0.53125,0.03556034482758621,0.06357758620689655,0.11099137931034483,0.061422413793103446,0.05555555555555555,0.2222222222222222,0.16666666666666666,0.5555555555555556,508
Graduation,Divorced,54137.0,46,2,6,0,45,1,203,11,0.054187192118226604,0.0,0.0,0.0049261083743842365,0.09852216748768473,0.18181818181818182,0.36363636363636365,0.09090909090909091,0.36363636363636365,317
Graduation,Together,66825.0,73,1,2,0,48,0,858,16,0.47202797202797203,0.11771561771561771,0.0337995337995338,0.046620046620046623,0.046620046620046623,0.0625,0.25,0.3125,0.375,350
Graduation,Together,57100.0,19,1,3,0,42,0,409,13,0.1687041564792176,0.05134474327628362,0.09535452322738386,0.007334963325183374,0.23471882640586797,0.07692307692307693,0.23076923076923078,0.23076923076923078,0.46153846153846156,207
Graduation,Together,58917.0,10,5,5,0,46,3,282,16,0.31560283687943264,0.024822695035460994,0.0,0.024822695035460994,0.09929078014184398,0.3125,0.25,0.0625,0.375,462
Graduation,Single,85072.0,94,1,0,0,38,0,1423,18,0.2747716092761771,0.0646521433591005,0.13633169360505973,0.007730147575544624,0.16936050597329586,0.05555555555555555,0.16666666666666666,0.2222222222222222,0.5555555555555556,81
Graduation,Single,86429.0,10,0,2,0,54,0,1449,18,0.6024844720496895,0.01932367149758454,0.020013802622498276,0.012422360248447204,0.025534851621808144,0.0,0.3888888888888889,0.2222222222222222,0.3888888888888889,220
Graduation,Widow,45684.0,37,1,7,0,44,1,28,4,0.17857142857142858,0.03571428571428571,0.35714285714285715,0.0,0.25,0.25,0.25,0.0,0.5,209
Graduation,Together,47889.0,94,1,5,0,41,1,67,6,0.43283582089552236,0.0,0.0,0.07462686567164178,0.05970149253731343,0.16666666666666666,0.3333333333333333,0.0,0.5,176
PhD,Married,45921.0,23,1,4,0,29,0,199,10,0.24623115577889448,0.04522613065326633,0.12060301507537688,0.01507537688442211,0.06030150753768844,0.1,0.2,0.1,0.6,111
PhD,Single,78420.0,75,1,1,0,49,0,1453,22,0.4638678596008259,0.019270474879559532,0.06262904335856848,0.019270474879559532,0.019270474879559532,0.045454545454545456,0.13636363636363635,0.45454545454545453,0.36363636363636365,365
Graduation,Together,75114.0,40,1,2,0,23,0,1253,19,0.41739824421388666,0.009577015163607342,0.05027932960893855,0.047885075818036714,0.019154030327214685,0.05263157894736842,0.15789473684210525,0.5263157894736842,0.2631578947368421,234
PhD,Widow,52278.0,24,6,8,0,52,1,1198,31,0.05926544240400668,0.0,0.0,0.0,0.14524207011686144,0.1935483870967742,0.3225806451612903,0.16129032258064516,0.3225806451612903,520
Master,Married,35641.0,11,2,7,0,43,1,178,10,0.37640449438202245,0.016853932584269662,0.0449438202247191,0.05056179775280899,0.15730337078651685,0.2,0.3,0.1,0.4,350
Graduation,Single,95529.0,29,1,3,0,21,0,1990,18,0.4472361809045226,0.01457286432160804,0.12562814070351758,0.013567839195979899,0.012060301507537688,0.05555555555555555,0.3888888888888889,0.16666666666666666,0.3888888888888889,573
Graduation,Married,62820.0,51,1,1,0,61,0,976,14,0.27151639344262296,0.0625,0.1413934426229508,0.0625,0.05430327868852459,0.07142857142857142,0.21428571428571427,0.2857142857142857,0.42857142857142855,414
Master,Together,73113.0,86,1,2,0,55,0,1001,15,0.15384615384615385,0.01898101898101898,0.04995004995004995,0.008991008991008992,0.027972027972027972,0.06666666666666667,0.2,0.26666666666666666,0.4666666666666667,185
PhD,Married,84169.0,9,1,3,0,33,0,1919,20,0.21000521104742054,0.009900990099009901,0.0,0.009900990099009901,0.0,0.05,0.35,0.3,0.3,326
2n Cycle,Single,42607.0,30,2,3,0,61,1,350,14,0.16,0.08285714285714285,0.08571428571428572,0.09142857142857143,0.13428571428571429,0.14285714285714285,0.21428571428571427,0.14285714285714285,0.5,224
PhD,Single,74637.0,73,1,3,0,61,0,1650,25,0.2812121212121212,0.03878787878787879,0.08848484848484849,0.0,0.009696969696969697,0.04,0.24,0.36,0.36,407
PhD,Together,46015.0,25,1,7,0,60,2,46,5,0.043478260869565216,0.0,0.0,0.0,0.13043478260869565,0.2,0.2,0.0,0.6,77
Graduation,Single,72354.0,67,1,1,0,22,0,1228,19,0.38517915309446255,0.021172638436482084,0.1791530944625407,0.009771986970684038,0.1482084690553746,0.05263157894736842,0.10526315789473684,0.5263157894736842,0.3157894736842105,438
Master,Single,39858.0,67,1,6,0,46,1,95,7,0.2631578947368421,0.21052631578947367,0.021052631578947368,0.07368421052631578,0.2736842105263158,0.14285714285714285,0.2857142857142857,0.0,0.5714285714285714,521
PhD,Married,34469.0,58,3,4,0,67,2,62,9,0.3225806451612903,0.0967741935483871,0.0,0.08064516129032258,0.1935483870967742,0.3333333333333333,0.1111111111111111,0.1111111111111111,0.4444444444444444,56
Graduation,Together,83033.0,82,1,5,0,29,1,1761,26,0.2447473026689381,0.056218057921635436,0.13458262350936967,0.08461101646791595,0.018739352640545145,0.038461538461538464,0.4230769230769231,0.15384615384615385,0.38461538461538464,42
Master,Together,24401.0,98,3,8,0,36,0,467,16,0.46466809421841543,0.059957173447537475,0.021413276231263382,0.05139186295503212,0.2462526766595289,0.1875,0.375,0.0625,0.375,667
Graduation,Married,77583.0,93,1,2,0,37,0,1149,19,0.3342036553524804,0.020017406440382943,0.2175805047867711,0.010443864229765013,0.09399477806788512,0.05263157894736842,0.21052631578947367,0.2631578947368421,0.47368421052631576,139
2n Cycle,Single,74116.0,53,1,2,0,33,0,2052,19,0.34307992202729043,0.054093567251461985,0.07066276803118908,0.026803118908382065,0.08089668615984405,0.05263157894736842,0.21052631578947367,0.21052631578947367,0.5263157894736842,181
Graduation,Single,74293.0,66,1,2,0,22,0,1127,16,0.2972493345164153,0.13487133984028393,0.08251996450754215,0.08074534161490683,0.07187222715173026,0.0625,0.3125,0.25,0.375,56
PhD,Married,68397.0,6,1,3,0,39,1,1416,21,0.3290960451977401,0.05649717514124294,0.012005649717514125,0.009180790960451978,0.05649717514124294,0.047619047619047616,0.2857142857142857,0.42857142857142855,0.23809523809523808,224
PhD,Together,79632.0,42,1,2,0,41,0,1113,20,0.4582210242587601,0.0,0.0889487870619946,0.018867924528301886,0.01078167115902965,0.05,0.3,0.2,0.45,82
Graduation,Single,46107.0,78,1,3,0,26,1,125,7,0.216,0.072,0.128,0.072,0.264,0.14285714285714285,0.14285714285714285,0.14285714285714285,0.5714285714285714,139
PhD,Single,64950.0,29,2,7,0,64,1,966,25,0.07453416149068323,0.0,0.012422360248447204,0.0,0.06521739130434782,0.08,0.44,0.08,0.4,686
Basic,Married,25443.0,82,1,8,0,26,1,32,5,0.09375,0.125,0.25,0.28125,0.21875,0.2,0.2,0.0,0.6,554
Graduation,Single,75127.0,92,1,1,0,63,0,833,19,0.36614645858343337,0.04201680672268908,0.055222088835534214,0.02040816326530612,0.2725090036014406,0.05263157894736842,0.10526315789473684,0.5789473684210527,0.2631578947368421,38
PhD,Together,32892.0,78,2,8,0,44,1,46,8,0.32608695652173914,0.0,0.043478260869565216,0.021739130434782608,0.043478260869565216,0.25,0.375,0.0,0.375,35
Graduation,Together,71796.0,54,1,4,0,44,0,960,17,0.32395833333333335,0.021875,0.17395833333333333,0.078125,0.03333333333333333,0.058823529411764705,0.5294117647058824,0.17647058823529413,0.23529411764705882,248
PhD,Married,67536.0,45,3,8,0,45,1,1829,30,0.24439584472389284,0.0,0.012575177692728267,0.038819026790595956,0.01913613996719519,0.1,0.36666666666666664,0.16666666666666666,0.36666666666666664,403
Graduation,Single,55239.0,59,3,5,0,44,1,779,26,0.3055198973042362,0.021822849807445442,0.029525032092426188,0.03080872913992298,0.13607188703465983,0.11538461538461539,0.2692307692307692,0.19230769230769232,0.4230769230769231,350
PhD,Divorced,60554.0,8,2,6,0,40,1,811,23,0.093711467324291,0.008631319358816275,0.13563501849568435,0.018495684340320593,0.018495684340320593,0.08695652173913043,0.34782608695652173,0.17391304347826086,0.391304347826087,324
2n Cycle,Single,64831.0,51,8,6,0,63,2,1120,22,0.22232142857142856,0.07678571428571429,0.06696428571428571,0.07678571428571429,0.12857142857142856,0.36363636363636365,0.2727272727272727,0.13636363636363635,0.22727272727272727,384
PhD,Together,56067.0,51,2,5,0,53,1,725,20,0.07448275862068965,0.016551724137931035,0.022068965517241378,0.008275862068965517,0.16551724137931034,0.1,0.35,0.2,0.35,344
Graduation,Divorced,82025.0,76,1,1,0,32,0,1187,12,0.510530749789385,0.08256107834877843,0.040438079191238416,0.05897219882055602,0.08256107834877843,0.08333333333333333,0.25,0.16666666666666666,0.5,397
Graduation,Together,94384.0,62,0,2,0,62,0,2302,18,0.34317984361424847,0.010425716768027803,0.06950477845351868,0.01954821894005213,0.07471763683753258,0.0,0.2777777777777778,0.4444444444444444,0.2777777777777778,482
Basic,Single,14906.0,86,3,7,0,29,0,66,9,0.21212121212121213,0.10606060606060606,0.10606060606060606,0.24242424242424243,0.22727272727272727,0.3333333333333333,0.2222222222222222,0.1111111111111111,0.3333333333333333,554
PhD,Married,51563.0,60,1,8,0,28,0,1250,19,0.0384,0.0,0.0,0.0,0.0288,0.05263157894736842,0.21052631578947367,0.21052631578947367,0.5263157894736842,636
2n Cycle,Married,57937.0,56,3,3,0,33,1,683,20,0.2108345534407028,0.06149341142020498,0.08052708638360176,0.07027818448023426,0.19472913616398244,0.15,0.2,0.2,0.45,133
Graduation,Divorced,68274.0,83,2,3,0,36,2,305,13,0.16721311475409836,0.08196721311475409,0.07540983606557378,0.08196721311475409,0.15081967213114755,0.15384615384615385,0.3076923076923077,0.15384615384615385,0.38461538461538464,272
Graduation,Together,39771.0,92,1,4,0,38,1,50,6,0.36,0.04,0.04,0.16,0.28,0.16666666666666666,0.3333333333333333,0.0,0.5,205
2n Cycle,Divorced,67893.0,31,2,8,0,40,1,995,16,0.14271356783919598,0.02814070351758794,0.04924623115577889,0.018090452261306532,0.04723618090452261,0.125,0.1875,0.125,0.5625,636
PhD,Together,27922.0,80,1,4,0,36,1,41,6,0.3170731707317073,0.0,0.04878048780487805,0.0975609756097561,0.2682926829268293,0.16666666666666666,0.3333333333333333,0.0,0.5,50
PhD,Together,52190.0,39,3,5,0,39,2,77,9,0.22077922077922077,0.0,0.0,0.0,0.23376623376623376,0.3333333333333333,0.2222222222222222,0.1111111111111111,0.3333333333333333,52
Master,Divorced,44051.0,20,4,6,0,42,2,171,12,0.3391812865497076,0.04093567251461988,0.03508771929824561,0.017543859649122806,0.10526315789473684,0.3333333333333333,0.25,0.08333333333333333,0.3333333333333333,516
PhD,Single,42767.0,53,1,8,0,44,2,131,7,0.3282442748091603,0.04580152671755725,0.1450381679389313,0.03816793893129771,0.2900763358778626,0.14285714285714285,0.42857142857142855,0.14285714285714285,0.2857142857142857,414
Master,Together,46106.0,84,1,6,0,39,2,54,5,0.14814814814814814,0.0,0.037037037037037035,0.0,0.25925925925925924,0.2,0.2,0.2,0.4,49
PhD,Married,16927.0,50,5,8,0,39,2,53,12,0.4339622641509434,0.03773584905660377,0.05660377358490566,0.018867924528301886,0.07547169811320754,0.4166666666666667,0.25,0.0,0.3333333333333333,504
Graduation,Married,59754.0,96,3,5,0,50,1,475,16,0.09263157894736843,0.056842105263157895,0.008421052631578947,0.30736842105263157,0.2926315789473684,0.1875,0.3125,0.125,0.375,575
Graduation,Single,53700.0,94,4,5,0,63,1,694,22,0.3357348703170029,0.007204610951008645,0.0994236311239193,0.059077809798270896,0.11959654178674352,0.18181818181818182,0.22727272727272727,0.22727272727272727,0.36363636363636365,681
Graduation,Married,59041.0,25,2,5,0,42,2,96,8,0.15625,0.020833333333333332,0.020833333333333332,0.020833333333333332,0.0625,0.25,0.25,0.0,0.5,53
PhD,Divorced,54237.0,48,4,6,0,58,1,361,16,0.08310249307479224,0.008310249307479225,0.0110803324099723,0.0,0.15789473684210525,0.25,0.3125,0.125,0.3125,428
Graduation,Divorced,70647.0,65,2,2,0,48,1,1079,26,0.15848007414272475,0.07877664504170528,0.023169601482854494,0.11399443929564411,0.1056533827618165,0.07692307692307693,0.15384615384615385,0.2692307692307692,0.5,646
PhD,Single,52597.0,69,3,5,0,53,1,578,20,0.06401384083044982,0.0,0.012110726643598616,0.0,0.0726643598615917,0.15,0.3,0.15,0.4,53
Master,Together,41021.0,12,2,6,0,46,1,64,7,0.140625,0.109375,0.09375,0.25,0.1875,0.2857142857142857,0.2857142857142857,0.0,0.42857142857142855,546
PhD,Married,40233.0,84,5,6,0,40,1,149,13,0.3087248322147651,0.026845637583892617,0.0,0.11409395973154363,0.013422818791946308,0.38461538461538464,0.15384615384615385,0.07692307692307693,0.38461538461538464,258
Graduation,Married,50183.0,47,7,5,0,35,2,231,17,0.36363636363636365,0.05194805194805195,0.05627705627705628,0.04329004329004329,0.06493506493506493,0.4117647058823529,0.17647058823529413,0.058823529411764705,0.35294117647058826,4
Graduation,Together,54753.0,87,3,4,0,56,1,728,21,0.3118131868131868,0.14697802197802198,0.009615384615384616,0.08104395604395605,0.17994505494505494,0.14285714285714285,0.23809523809523808,0.09523809523809523,0.5238095238095238,290
Graduation,Married,92955.0,35,1,2,0,42,0,1778,23,0.5202474690663667,0.011811023622047244,0.017435320584926885,0.013498312710911136,0.047244094488188976,0.043478260869565216,0.2608695652173913,0.30434782608695654,0.391304347826087,314
Graduation,Married,33471.0,47,3,7,0,42,1,93,10,0.2903225806451613,0.021505376344086023,0.0,0.0967741935483871,0.12903225806451613,0.3,0.3,0.0,0.4,625
PhD,Married,34596.0,48,1,8,0,41,1,23,4,0.08695652173913043,0.0,0.0,0.0,0.30434782608695654,0.25,0.25,0.0,0.5,442
Graduation,Together,44010.0,46,6,9,0,35,1,662,24,0.35347432024169184,0.054380664652567974,0.1299093655589124,0.10876132930513595,0.07250755287009064,0.25,0.4166666666666667,0.08333333333333333,0.25,624
Graduation,Married,84219.0,27,1,1,0,27,0,1198,18,0.333889816360601,0.11435726210350584,0.037562604340567615,0.11435726210350584,0.037562604340567615,0.05555555555555555,0.16666666666666666,0.2222222222222222,0.5555555555555556,147
PhD,Together,40706.0,37,4,7,0,47,3,81,11,0.13580246913580246,0.0,0.04938271604938271,0.024691358024691357,0.06172839506172839,0.36363636363636365,0.2727272727272727,0.0,0.36363636363636365,528
2n Cycle,Married,15716.0,8,3,8,1,27,1,92,10,0.32608695652173914,0.05434782608695652,0.08695652173913043,0.07608695652173914,0.2826086956521739,0.3,0.3,0.0,0.4,594
2n Cycle,Divorced,59052.0,29,3,5,0,56,1,491,18,0.15274949083503056,0.07128309572301425,0.12830957230142567,0.11608961303462322,0.06313645621181263,0.16666666666666666,0.3888888888888889,0.05555555555555555,0.3888888888888889,224
Master,Together,80573.0,85,1,2,0,44,0,1564,24,0.2749360613810742,0.08823529411764706,0.03836317135549872,0.058823529411764705,0.00959079283887468,0.041666666666666664,0.16666666666666666,0.25,0.5416666666666666,623
Graduation,Married,83715.0,2,1,0,0,53,0,926,24,0.43952483801295894,0.008639308855291577,0.16198704103671707,0.03779697624190065,0.008639308855291577,0.041666666666666664,0.08333333333333333,0.3333333333333333,0.5416666666666666,146
Master,Together,82576.0,66,1,1,0,56,0,1910,19,0.23298429319371727,0.028795811518324606,0.08795811518324607,0.009424083769633508,0.009424083769633508,0.05263157894736842,0.10526315789473684,0.21052631578947367,0.631578947368421,697
Master,Married,56962.0,60,7,7,0,50,3,411,21,0.1873479318734793,0.0072992700729927005,0.024330900243309004,0.0072992700729927005,0.06326034063260341,0.3333333333333333,0.2857142857142857,0.14285714285714285,0.23809523809523808,261
Graduation,Married,35704.0,54,3,4,0,63,2,94,9,0.1276595744680851,0.09574468085106383,0.02127659574468085,0.11702127659574468,0.3191489361702128,0.3333333333333333,0.2222222222222222,0.0,0.4444444444444444,177
Graduation,Together,53103.0,70,5,7,0,61,1,1085,28,0.12258064516129032,0.01566820276497696,0.010138248847926268,0.0,0.17972350230414746,0.17857142857142858,0.35714285714285715,0.21428571428571427,0.25,290
2n Cycle,Widow,46779.0,55,1,4,0,55,2,23,4,0.13043478260869565,0.043478260869565216,0.0,0.0,0.30434782608695654,0.25,0.0,0.25,0.5,352
Graduation,Divorced,4861.0,20,0,14,0,50,0,6,0,0.16666666666666666,0.16666666666666666,0.16666666666666666,0.0,0.16666666666666666,0.0,0.0,0.0,0.0,7
Master,Divorced,33462.0,78,1,7,0,36,1,54,6,0.3333333333333333,0.05555555555555555,0.0,0.0,0.2037037037037037,0.16666666666666666,0.3333333333333333,0.0,0.5,326
Graduation,Divorced,63693.0,63,3,6,0,37,1,1150,29,0.29304347826086957,0.03739130434782609,0.036521739130434785,0.07565217391304348,0.04695652173913043,0.10344827586206896,0.3793103448275862,0.20689655172413793,0.3103448275862069,258
Graduation,Married,80763.0,17,1,3,0,65,0,1415,23,0.07632508833922262,0.11872791519434629,0.13568904593639575,0.029681978798586573,0.16325088339222615,0.043478260869565216,0.21739130434782608,0.4782608695652174,0.2608695652173913,318
PhD,Married,65352.0,43,2,4,0,41,1,405,16,0.2074074074074074,0.007407407407407408,0.009876543209876543,0.01728395061728395,0.056790123456790124,0.125,0.25,0.125,0.5,312
PhD,Married,82170.0,13,1,2,0,37,0,1908,19,0.3411949685534591,0.04874213836477988,0.025681341719077568,0.028825995807127882,0.01939203354297694,0.05263157894736842,0.2631578947368421,0.3157894736842105,0.3684210526315789,216
Graduation,Married,75759.0,46,1,5,0,46,0,2486,26,0.2847948511665326,0.008849557522123894,0.03580048270313757,0.03660498793242156,0.07320997586484312,0.038461538461538464,0.34615384615384615,0.2692307692307692,0.34615384615384615,247
2n Cycle,Single,79689.0,65,1,2,0,39,0,1315,27,0.4866920152091255,0.01977186311787072,0.13688212927756654,0.028136882129277566,0.09201520912547528,0.037037037037037035,0.14814814814814814,0.3333333333333333,0.48148148148148145,413
PhD,Widow,35340.0,1,2,5,0,59,2,45,7,0.26666666666666666,0.0,0.0,0.022222222222222223,0.1111111111111111,0.2857142857142857,0.2857142857142857,0.0,0.42857142857142855,0
Graduation,Divorced,85683.0,6,1,1,0,61,0,1789,17,0.1738401341531582,0.009502515371716043,0.02515371716042482,0.03856903297931805,0.02850754611514813,0.058823529411764705,0.11764705882352941,0.23529411764705882,0.5882352941176471,100
2n Cycle,Married,24884.0,32,1,7,0,43,1,19,4,0.3684210526315789,0.3157894736842105,0.0,0.0,0.15789473684210525,0.25,0.0,0.0,0.75,577
Master,Together,42021.0,34,5,9,0,34,1,573,22,0.23734729493891799,0.008726003490401396,0.012216404886561954,0.008726003490401396,0.04712041884816754,0.22727272727272727,0.45454545454545453,0.045454545454545456,0.2727272727272727,667
Graduation,Single,64449.0,70,4,4,0,26,1,805,24,0.35031055900621116,0.0782608695652174,0.1701863354037267,0.043478260869565216,0.08695652173913043,0.16666666666666666,0.20833333333333334,0.125,0.5,131
Graduation,Divorced,64587.0,49,2,3,0,61,2,108,8,0.14814814814814814,0.0,0.0,0.05555555555555555,0.18518518518518517,0.25,0.125,0.125,0.5,7
Graduation,Single,34824.0,65,1,6,0,20,0,23,4,0.4782608695652174,0.08695652173913043,0.08695652173913043,0.0,0.17391304347826086,0.25,0.25,0.0,0.5,95
Graduation,Together,75437.0,25,1,6,0,37,0,1493,23,0.3650368385800402,0.0,0.06363027461486939,0.03884795713328868,0.0,0.043478260869565216,0.34782608695652173,0.17391304347826086,0.43478260869565216,232
Graduation,Together,26091.0,84,3,5,0,58,2,89,9,0.21348314606741572,0.11235955056179775,0.0898876404494382,0.19101123595505617,0.2247191011235955,0.3333333333333333,0.2222222222222222,0.1111111111111111,0.3333333333333333,124
Graduation,Married,52845.0,7,3,6,0,42,1,936,25,0.31196581196581197,0.026709401709401708,0.1388888888888889,0.0438034188034188,0.06837606837606838,0.12,0.32,0.32,0.24,320
Graduation,Divorced,46086.0,34,4,4,0,59,1,343,16,0.09329446064139942,0.023323615160349854,0.02040816326530612,0.0058309037900874635,0.1457725947521866,0.25,0.1875,0.0625,0.5,238
PhD,Widow,78028.0,38,1,7,0,59,1,528,20,0.5454545454545454,0.03598484848484849,0.04734848484848485,0.0,0.07196969696969698,0.05,0.3,0.2,0.45,657
PhD,Single,95169.0,1,1,1,0,28,0,1901,12,0.23619147816938454,0.011046817464492372,0.05576012624934245,0.010520778537611783,0.010520778537611783,0.08333333333333333,0.3333333333333333,0.25,0.3333333333333333,263
2n Cycle,Married,56337.0,25,5,8,0,34,2,724,22,0.19889502762430938,0.022099447513812154,0.03867403314917127,0.006906077348066298,0.2513812154696133,0.22727272727272727,0.36363636363636365,0.22727272727272727,0.18181818181818182,459
Graduation,Together,22434.0,25,2,8,0,28,1,58,7,0.1896551724137931,0.20689655172413793,0.05172413793103448,0.22413793103448276,0.25862068965517243,0.2857142857142857,0.2857142857142857,0.0,0.42857142857142855,501
PhD,Married,36930.0,50,5,8,0,61,1,297,16,0.10437710437710437,0.006734006734006734,0.0,0.006734006734006734,0.13131313131313133,0.3125,0.3125,0.125,0.25,408
Graduation,Single,36130.0,46,6,4,0,61,1,488,21,0.26024590163934425,0.08811475409836066,0.13934426229508196,0.11475409836065574,0.07581967213114754,0.2857142857142857,0.14285714285714285,0.38095238095238093,0.19047619047619047,512
Master,Married,65569.0,96,2,3,0,62,1,859,23,0.3352735739231665,0.05355064027939464,0.023282887077997673,0.04423748544819558,0.08149010477299184,0.08695652173913043,0.2608695652173913,0.21739130434782608,0.43478260869565216,601
Graduation,Together,83844.0,57,1,1,0,63,0,1574,20,0.21918678526048285,0.019695044472681066,0.04764930114358323,0.019695044472681066,0.12134688691232529,0.05,0.2,0.2,0.55,413
Graduation,Married,19514.0,47,4,8,0,47,2,69,10,0.30434782608695654,0.043478260869565216,0.028985507246376812,0.014492753623188406,0.4057971014492754,0.4,0.3,0.1,0.2,154
PhD,Single,36736.0,52,1,6,0,52,2,17,4,0.17647058823529413,0.0,0.0,0.0,0.23529411764705882,0.25,0.25,0.0,0.5,415
Graduation,Together,77568.0,30,1,5,0,36,1,2194,21,0.1804922515952598,0.0,0.105742935278031,0.08113035551504102,0.07201458523245215,0.047619047619047616,0.47619047619047616,0.09523809523809523,0.38095238095238093,673
PhD,Together,49187.0,63,1,2,0,39,1,116,8,0.2672413793103448,0.008620689655172414,0.017241379310344827,0.008620689655172414,0.0,0.125,0.125,0.125,0.625,169
Graduation,Single,30168.0,51,7,9,0,37,1,279,18,0.23655913978494625,0.07168458781362007,0.0,0.043010752688172046,0.0967741935483871,0.3888888888888889,0.3333333333333333,0.05555555555555555,0.2222222222222222,479
Master,Together,34053.0,14,1,8,0,47,1,103,7,0.20388349514563106,0.0,0.06796116504854369,0.0,0.11650485436893204,0.14285714285714285,0.42857142857142855,0.0,0.42857142857142855,657
Master,Married,38196.0,20,3,5,0,44,2,44,9,0.25,0.0,0.0,0.0,0.06818181818181818,0.3333333333333333,0.2222222222222222,0.0,0.4444444444444444,72
Master,Married,59412.0,56,1,3,0,64,0,406,15,0.4064039408866995,0.16502463054187191,0.07389162561576355,0.10591133004926108,0.027093596059113302,0.06666666666666667,0.26666666666666666,0.13333333333333333,0.5333333333333333,71
2n Cycle,Married,70924.0,41,1,3,0,50,0,1363,20,0.1863536316947909,0.08363903154805576,0.09684519442406456,0.11151870873074102,0.05575935436537051,0.05,0.3,0.3,0.35,83
Graduation,Together,54165.0,72,1,2,0,46,0,236,11,0.3093220338983051,0.01694915254237288,0.0635593220338983,0.025423728813559324,0.046610169491525424,0.09090909090909091,0.18181818181818182,0.09090909090909091,0.6363636363636364,397
Graduation,Married,32300.0,1,1,8,0,42,1,39,5,0.15384615384615385,0.07692307692307693,0.15384615384615385,0.1282051282051282,0.15384615384615385,0.2,0.2,0.0,0.6,542
Graduation,Single,20180.0,27,1,7,0,39,0,137,8,0.17518248175182483,0.30656934306569344,0.10948905109489052,0.145985401459854,0.13138686131386862,0.125,0.25,0.125,0.5,494
Graduation,Married,34961.0,77,3,7,0,42,1,79,10,0.3291139240506329,0.02531645569620253,0.05063291139240506,0.012658227848101266,0.012658227848101266,0.3,0.3,0.1,0.3,10
PhD,Together,28440.0,87,1,8,0,41,1,63,6,0.38095238095238093,0.015873015873015872,0.0,0.0,0.0,0.16666666666666666,0.3333333333333333,0.0,0.5,357
PhD,Together,64504.0,81,7,7,0,62,3,1314,25,0.1278538812785388,0.0273972602739726,0.0121765601217656,0.0,0.0821917808219178,0.28,0.44,0.12,0.16,482
Master,Together,33564.0,51,1,5,0,49,1,71,6,0.04225352112676056,0.0,0.0,0.0,0.09859154929577464,0.16666666666666666,0.16666666666666666,0.16666666666666666,0.5,5
Graduation,Married,17345.0,79,2,8,0,37,1,58,7,0.27586206896551724,0.15517241379310345,0.29310344827586204,0.0,0.20689655172413793,0.2857142857142857,0.2857142857142857,0.14285714285714285,0.2857142857142857,603
PhD,Married,56320.0,11,3,4,0,48,1,702,21,0.245014245014245,0.0754985754985755,0.16524216524216523,0.10968660968660969,0.11823361823361823,0.14285714285714285,0.23809523809523808,0.19047619047619047,0.42857142857142855,447
Graduation,Single,28647.0,54,1,7,0,37,1,94,7,0.30851063829787234,0.0851063829787234,0.0,0.1276595744680851,0.2765957446808511,0.14285714285714285,0.2857142857142857,0.2857142857142857,0.2857142857142857,312
Basic,Single,15038.0,93,2,9,0,28,1,80,7,0.1375,0.1,0.2375,0.15,0.325,0.2857142857142857,0.2857142857142857,0.14285714285714285,0.2857142857142857,516
PhD,Divorced,32173.0,0,1,4,0,57,1,22,5,0.09090909090909091,0.0,0.0,0.0,0.09090909090909091,0.2,0.2,0.0,0.6,332
2n Cycle,Together,68316.0,54,5,6,0,51,1,1211,32,0.1329479768786127,0.06606110652353427,0.0990916597853014,0.009083402146985962,0.027250206440957887,0.15625,0.3125,0.21875,0.3125,602
Graduation,Together,74538.0,21,1,3,0,44,0,1461,22,0.5017111567419575,0.06707734428473648,0.07529089664613278,0.07665982203969883,0.019164955509924708,0.045454545454545456,0.36363636363636365,0.36363636363636365,0.22727272727272727,365
Graduation,Single,91700.0,58,1,3,0,44,0,1968,20,0.4883130081300813,0.08739837398373984,0.06351626016260163,0.058434959349593495,0.009654471544715448,0.05,0.4,0.3,0.25,528
Graduation,Together,68695.0,3,1,2,0,46,0,1091,16,0.32630614115490375,0.07424381301558204,0.09715857011915674,0.045829514207149404,0.03666361136571952,0.0625,0.25,0.25,0.4375,4
2n Cycle,Married,31056.0,99,1,8,0,38,1,55,5,0.23636363636363636,0.18181818181818182,0.05454545454545454,0.14545454545454545,0.2909090909090909,0.2,0.2,0.0,0.6,523
Graduation,Married,79593.0,70,1,2,0,42,0,1366,19,0.4158125915080527,0.043923865300146414,0.08052708638360176,0.09736456808199122,0.1061493411420205,0.05263157894736842,0.2631578947368421,0.3157894736842105,0.3684210526315789,48
Graduation,Single,28071.0,65,2,8,0,35,0,313,13,0.41533546325878595,0.10543130990415335,0.13099041533546327,0.08306709265175719,0.14057507987220447,0.15384615384615385,0.38461538461538464,0.07692307692307693,0.38461538461538464,669
PhD,Together,37334.0,44,4,4,0,57,2,62,11,0.25806451612903225,0.016129032258064516,0.03225806451612903,0.03225806451612903,0.24193548387096775,0.36363636363636365,0.2727272727272727,0.0,0.36363636363636365,123
Master,Single,46423.0,6,3,7,0,43,2,92,9,0.17391304347826086,0.0,0.0,0.0,0.08695652173913043,0.3333333333333333,0.2222222222222222,0.0,0.4444444444444444,284
PhD,Married,37126.0,9,1,6,0,44,1,72,6,0.125,0.041666666666666664,0.05555555555555555,0.05555555555555555,0.09722222222222222,0.16666666666666666,0.16666666666666666,0.3333333333333333,0.3333333333333333,91
Graduation,Married,47703.0,95,4,5,0,62,1,655,21,0.20458015267175572,0.0,0.01984732824427481,0.03969465648854962,0.18778625954198475,0.19047619047619047,0.2857142857142857,0.14285714285714285,0.38095238095238093,396
Graduation,Married,61180.0,70,2,3,0,56,1,704,18,0.041193181818181816,0.03409090909090909,0.008522727272727272,0.03409090909090909,0.3096590909090909,0.1111111111111111,0.2777777777777778,0.2777777777777778,0.3333333333333333,67
Graduation,Married,38998.0,92,3,8,1,61,2,54,8,0.25925925925925924,0.018518518518518517,0.0,0.0,0.09259259259259259,0.375,0.25,0.0,0.375,603
Graduation,Single,8028.0,62,15,19,0,24,0,178,16,0.3707865168539326,0.10112359550561797,0.03932584269662921,0.06741573033707865,0.011235955056179775,0.9375,0.0,0.0625,0.0,649
Graduation,Together,76081.0,85,1,2,0,53,0,1033,14,0.40174249757986447,0.02904162633107454,0.06098741529525654,0.031945788964181994,0.1936108422071636,0.07142857142857142,0.2857142857142857,0.35714285714285715,0.2857142857142857,37
Graduation,Together,34728.0,2,1,6,0,29,1,36,5,0.4444444444444444,0.0,0.0,0.0,0.16666666666666666,0.2,0.2,0.2,0.4,334
Master,Single,33168.0,0,3,7,0,50,1,122,10,0.30327868852459017,0.00819672131147541,0.0,0.00819672131147541,0.02459016393442623,0.3,0.2,0.1,0.4,624
Master,Married,33585.0,91,1,4,0,49,1,122,7,0.27049180327868855,0.09016393442622951,0.10655737704918032,0.04918032786885246,0.23770491803278687,0.14285714285714285,0.2857142857142857,0.0,0.5714285714285714,277
PhD,Married,77037.0,3,1,3,0,55,1,1123,27,0.2965271593944791,0.0854853072128228,0.1495992876224399,0.04719501335707925,0.008904719501335707,0.037037037037037035,0.25925925925925924,0.25925925925925924,0.4444444444444444,259
Graduation,Together,35196.0,68,6,8,0,31,1,497,18,0.2837022132796781,0.02414486921529175,0.08651911468812877,0.07847082494969819,0.3762575452716298,0.3333333333333333,0.3333333333333333,0.05555555555555555,0.2777777777777778,593
Graduation,Married,44529.0,98,6,5,0,49,1,691,25,0.1316931982633864,0.01881331403762663,0.024602026049204053,0.008683068017366137,0.03762662807525326,0.24,0.24,0.08,0.44,359
2n Cycle,Married,70924.0,41,1,3,0,50,0,1363,20,0.1863536316947909,0.08363903154805576,0.09684519442406456,0.11151870873074102,0.05575935436537051,0.05,0.3,0.3,0.35,83
PhD,Together,28764.0,16,1,8,0,49,2,12,4,0.25,0.0,0.0,0.0,0.08333333333333333,0.25,0.25,0.0,0.5,24
PhD,Married,69098.0,82,1,5,0,66,0,2440,25,0.319672131147541,0.009016393442622951,0.05942622950819672,0.0,0.07295081967213114,0.04,0.28,0.32,0.36,498
2n Cycle,Divorced,25959.0,1,2,6,0,45,2,56,7,0.21428571428571427,0.03571428571428571,0.125,0.08928571428571429,0.4642857142857143,0.2857142857142857,0.14285714285714285,0.2857142857142857,0.2857142857142857,500
Master,Married,27100.0,64,1,7,0,32,1,37,5,0.35135135135135137,0.0,0.05405405405405406,0.0,0.2702702702702703,0.2,0.2,0.0,0.6,450
Graduation,Single,70596.0,68,1,2,0,30,0,968,21,0.5516528925619835,0.045454545454545456,0.01756198347107438,0.0,0.026859504132231406,0.047619047619047616,0.14285714285714285,0.23809523809523808,0.5714285714285714,632
Graduation,Married,42557.0,98,4,8,0,41,1,270,15,0.1962962962962963,0.018518518518518517,0.0,0.018518518518518517,0.05555555555555555,0.26666666666666666,0.4,0.06666666666666667,0.26666666666666666,669
PhD,Married,53312.0,32,1,7,0,64,0,278,12,0.04316546762589928,0.0,0.0,0.0,0.08992805755395683,0.08333333333333333,0.4166666666666667,0.08333333333333333,0.4166666666666667,324
Graduation,Single,72228.0,87,1,3,0,63,0,1250,22,0.3928,0.0224,0.024,0.0112,0.0448,0.045454545454545456,0.2727272727272727,0.3181818181818182,0.36363636363636365,579
Graduation,Together,67605.0,84,1,1,0,28,0,938,17,0.3006396588486141,0.029850746268656716,0.19616204690831557,0.057569296375266525,0.057569296375266525,0.058823529411764705,0.11764705882352941,0.47058823529411764,0.35294117647058826,455
Master,Married,62845.0,3,11,8,0,66,2,1178,28,0.038200339558573854,0.0,0.0,0.0,0.028862478777589132,0.39285714285714285,0.10714285714285714,0.14285714285714285,0.35714285714285715,636
Graduation,Together,65196.0,34,2,5,0,57,2,1155,26,0.15670995670995672,0.01645021645021645,0.01038961038961039,0.0,0.17316017316017315,0.07692307692307693,0.2692307692307692,0.23076923076923078,0.4230769230769231,339
PhD,Single,42000.0,23,2,5,0,28,0,653,20,0.40888208269525267,0.12710566615620214,0.13016845329249618,0.0903522205206738,0.05359877488514548,0.1,0.25,0.1,0.55,535
PhD,Divorced,35860.0,37,2,5,0,42,2,49,6,0.16326530612244897,0.0,0.08163265306122448,0.04081632653061224,0.40816326530612246,0.3333333333333333,0.16666666666666666,0.16666666666666666,0.3333333333333333,41
PhD,Married,65526.0,22,1,2,0,51,1,506,17,0.13636363636363635,0.037549407114624504,0.023715415019762844,0.0,0.017786561264822136,0.058823529411764705,0.23529411764705882,0.23529411764705882,0.47058823529411764,79
Graduation,Married,16860.0,19,3,7,0,54,2,38,8,0.10526315789473684,0.10526315789473684,0.07894736842105263,0.07894736842105263,0.3684210526315789,0.375,0.125,0.125,0.375,655
Graduation,Single,83528.0,7,1,1,0,23,0,1650,23,0.4109090909090909,0.07090909090909091,0.08121212121212121,0.02666666666666667,0.0890909090909091,0.043478260869565216,0.17391304347826086,0.43478260869565216,0.34782608695652173,59
2n Cycle,Divorced,64176.0,52,8,6,0,50,1,1826,33,0.13636363636363635,0.018072289156626505,0.03504928806133625,0.06352683461117196,0.08159912376779847,0.24242424242424243,0.24242424242424243,0.2727272727272727,0.24242424242424243,695
Graduation,Divorced,22304.0,91,1,8,0,59,0,18,4,0.3888888888888889,0.1111111111111111,0.0,0.2222222222222222,0.1111111111111111,0.25,0.25,0.0,0.5,694
Graduation,Married,67023.0,93,1,2,1,37,0,906,24,0.4216335540838852,0.04856512141280353,0.012141280353200883,0.008830022075055188,0.018763796909492272,0.041666666666666664,0.125,0.2916666666666667,0.5416666666666666,117
PhD,Together,32892.0,78,2,8,0,44,1,46,8,0.32608695652173914,0.0,0.043478260869565216,0.021739130434782608,0.043478260869565216,0.25,0.375,0.0,0.375,35
Graduation,Together,70713.0,23,6,3,0,49,1,1477,25,0.1888964116452268,0.07718348002708192,0.055517941773865945,0.05145565335138795,0.12863913337846988,0.24,0.2,0.24,0.32,573
Graduation,Together,59925.0,83,3,6,0,60,1,766,23,0.2297650130548303,0.02741514360313316,0.024804177545691905,0.02741514360313316,0.0731070496083551,0.13043478260869565,0.391304347826087,0.08695652173913043,0.391304347826087,576
Graduation,Married,39722.0,92,2,5,0,62,1,47,7,0.10638297872340426,0.0,0.0425531914893617,0.0,0.1702127659574468,0.2857142857142857,0.2857142857142857,0.0,0.42857142857142855,125
Graduation,Together,46610.0,4,1,6,0,57,0,467,14,0.06423982869379015,0.021413276231263382,0.008565310492505354,0.021413276231263382,0.2676659528907923,0.07142857142857142,0.42857142857142855,0.07142857142857142,0.42857142857142855,346
Graduation,Together,88347.0,32,1,1,0,54,0,2116,21,0.2622873345935728,0.08412098298676748,0.036389413988657845,0.06521739130434782,0.055765595463137994,0.047619047619047616,0.19047619047619047,0.3333333333333333,0.42857142857142855,361
PhD,Married,87171.0,27,1,2,0,34,0,1298,25,0.08243451463790447,0.03389830508474576,0.04468412942989214,0.03389830508474576,0.03389830508474576,0.04,0.24,0.28,0.44,424
2n Cycle,Together,26907.0,10,2,7,0,39,2,22,6,0.3181818181818182,0.045454545454545456,0.0,0.13636363636363635,0.09090909090909091,0.3333333333333333,0.16666666666666666,0.0,0.5,313
Master,Single,50014.0,9,2,5,0,47,1,396,15,0.19444444444444445,0.03535353535353535,0.047979797979797977,0.025252525252525252,0.10606060606060606,0.13333333333333333,0.26666666666666666,0.06666666666666667,0.5333333333333333,158
PhD,Married,41014.0,65,1,7,0,37,1,20,4,0.3,0.1,0.1,0.0,0.15,0.25,0.25,0.0,0.5,433
Graduation,Single,66294.0,68,1,2,0,50,0,967,13,0.3453981385729059,0.11168562564632885,0.0672182006204757,0.09513960703205791,0.12099276111685625,0.07692307692307693,0.3076923076923077,0.23076923076923078,0.38461538461538464,104
Graduation,Married,36715.0,16,6,9,0,44,1,357,19,0.35014005602240894,0.028011204481792718,0.058823529411764705,0.036414565826330535,0.04481792717086835,0.3157894736842105,0.3684210526315789,0.10526315789473684,0.21052631578947367,589
Graduation,Married,79456.0,12,1,3,0,59,0,1401,16,0.39114917915774444,0.029978586723768737,0.04568165596002855,0.05924339757316203,0.07066381156316917,0.0625,0.3125,0.375,0.25,676
Graduation,Together,40479.0,95,1,4,0,33,1,15,4,0.5333333333333333,0.0,0.13333333333333333,0.0,0.0,0.25,0.0,0.0,0.75,316
Master,Single,75345.0,16,1,3,0,45,0,2087,20,0.4034499281264974,0.02731193100143747,0.047436511739338764,0.01820795400095831,0.0637278390033541,0.05,0.25,0.4,0.3,512
Graduation,Married,54233.0,46,4,8,0,38,1,981,26,0.16106014271151886,0.00815494393476045,0.021406727828746176,0.0,0.14475025484199797,0.15384615384615385,0.4230769230769231,0.23076923076923078,0.19230769230769232,510
Graduation,Single,24163.0,3,2,4,0,45,2,17,6,0.4117647058823529,0.058823529411764705,0.11764705882352941,0.058823529411764705,0.11764705882352941,0.3333333333333333,0.16666666666666666,0.0,0.5,260
PhD,Together,84460.0,80,0,5,0,57,0,523,22,0.19694072657743786,0.05162523900573614,0.20267686424474188,0.10325047801147227,0.15487571701720843,0.0,0.4090909090909091,0.4090909090909091,0.18181818181818182,541
Graduation,Together,43776.0,77,1,6,0,32,1,23,4,0.391304347826087,0.0,0.08695652173913043,0.043478260869565216,0.13043478260869565,0.25,0.25,0.0,0.5,57
PhD,Single,71691.0,0,1,2,0,57,0,1192,17,0.3447986577181208,0.10906040268456375,0.20134228187919462,0.026845637583892617,0.03607382550335571,0.058823529411764705,0.23529411764705882,0.4117647058823529,0.29411764705882354,104
PhD,Married,85844.0,62,1,2,0,42,0,1958,20,0.4305413687436159,0.009703779366700716,0.012768130745658836,0.04851889683350358,0.01940755873340143,0.05,0.3,0.3,0.35,31
PhD,Single,39190.0,91,2,5,0,41,1,133,9,0.13533834586466165,0.06015037593984962,0.14285714285714285,0.06015037593984962,0.09022556390977443,0.2222222222222222,0.2222222222222222,0.1111111111111111,0.4444444444444444,64
Graduation,Together,71367.0,24,1,2,0,56,0,777,17,0.5006435006435006,0.029601029601029602,0.05405405405405406,0.02702702702702703,0.09652509652509653,0.058823529411764705,0.23529411764705882,0.29411764705882354,0.4117647058823529,310
PhD,Single,38578.0,2,3,8,0,43,2,73,9,0.3013698630136986,0.0547945205479452,0.0410958904109589,0.0410958904109589,0.0410958904109589,0.3333333333333333,0.3333333333333333,0.0,0.3333333333333333,372
PhD,Married,57236.0,22,3,3,0,50,2,121,10,0.0743801652892562,0.0,0.01652892561983471,0.008264462809917356,0.03305785123966942,0.3,0.2,0.1,0.4,109
Graduation,Single,61825.0,56,1,4,0,36,1,424,15,0.2358490566037736,0.1179245283018868,0.12971698113207547,0.07075471698113207,0.06367924528301887,0.06666666666666667,0.26666666666666666,0.13333333333333333,0.5333333333333333,326
Graduation,Divorced,79803.0,54,1,1,0,57,1,868,13,0.2488479262672811,0.009216589861751152,0.024193548387096774,0.018433179723502304,0.038018433179723504,0.07692307692307693,0.3076923076923077,0.23076923076923078,0.38461538461538464,27
2n Cycle,Single,80910.0,71,1,1,0,29,0,756,15,0.4880952380952381,0.10582010582010581,0.08862433862433862,0.051587301587301584,0.05423280423280423,0.06666666666666667,0.2,0.2,0.5333333333333333,606
Master,Together,27590.0,38,1,7,0,33,1,12,4,0.4166666666666667,0.0,0.0,0.0,0.08333333333333333,0.25,0.25,0.0,0.5,432
Graduation,Married,56775.0,62,2,5,0,36,1,937,25,0.17075773745997866,0.03735325506937033,0.061899679829242264,0.03735325506937033,0.03735325506937033,0.08,0.2,0.32,0.4,543
Graduation,Divorced,83829.0,78,0,1,0,40,0,1862,17,0.23093447905477982,0.08646616541353383,0.09989258861439312,0.08646616541353383,0.014500537056928034,0.0,0.23529411764705882,0.4117647058823529,0.35294117647058826,264
2n Cycle,Married,54210.0,18,2,5,0,36,1,367,14,0.2970027247956403,0.14713896457765668,0.21798365122615804,0.02452316076294278,0.1226158038147139,0.14285714285714285,0.2857142857142857,0.07142857142857142,0.5,405
Graduation,Married,38508.0,95,6,8,0,29,1,443,20,0.4650112866817156,0.04288939051918736,0.056433408577878104,0.04288939051918736,0.12189616252821671,0.3,0.35,0.1,0.25,331
Graduation,Together,53187.0,66,2,5,0,45,1,267,13,0.11235955056179775,0.00749063670411985,0.026217228464419477,0.026217228464419477,0.03745318352059925,0.15384615384615385,0.3076923076923077,0.07692307692307693,0.46153846153846156,246
Graduation,Married,30023.0,28,1,8,0,43,1,61,6,0.26229508196721313,0.0,0.11475409836065574,0.09836065573770492,0.3442622950819672,0.16666666666666666,0.3333333333333333,0.0,0.5,97
PhD,Single,76045.0,78,1,2,0,55,0,1323,21,0.30234315948601664,0.0400604686318972,0.012849584278155708,0.07029478458049887,0.0,0.047619047619047616,0.19047619047619047,0.23809523809523808,0.5238095238095238,226
PhD,Married,50870.0,13,1,5,0,63,1,63,6,0.12698412698412698,0.0,0.0,0.0,0.031746031746031744,0.16666666666666666,0.3333333333333333,0.0,0.5,10
2n Cycle,Married,15315.0,27,2,5,0,45,0,64,8,0.203125,0.0625,0.234375,0.125,0.265625,0.25,0.25,0.0,0.5,330
2n Cycle,Married,65463.0,17,2,5,0,41,1,562,19,0.12455516014234876,0.05693950177935943,0.037366548042704624,0.05693950177935943,0.028469750889679714,0.10526315789473684,0.3157894736842105,0.10526315789473684,0.47368421052631576,150
Graduation,Married,66480.0,71,7,4,0,50,2,312,19,0.18269230769230768,0.028846153846153848,0.0641025641025641,0.0673076923076923,0.019230769230769232,0.3684210526315789,0.21052631578947367,0.05263157894736842,0.3684210526315789,29
Graduation,Divorced,76773.0,79,1,1,0,61,0,1156,16,0.3884083044982699,0.04844290657439446,0.07439446366782007,0.028546712802768166,0.01384083044982699,0.0625,0.125,0.125,0.6875,489
2n Cycle,Single,81698.0,1,1,5,0,32,0,1104,16,0.10416666666666667,0.04076086956521739,0.02717391304347826,0.14492753623188406,0.04076086956521739,0.0625,0.5,0.125,0.3125,485
PhD,Single,54466.0,78,1,5,0,42,2,16,4,0.25,0.0,0.0,0.0,0.0,0.25,0.25,0.0,0.5,140
Master,Single,98777.0,23,0,1,0,55,0,2008,19,0.35408366533864544,0.009462151394422311,0.062250996015936255,0.05727091633466135,0.018924302788844622,0.0,0.21052631578947367,0.3157894736842105,0.47368421052631576,132
PhD,Single,16269.0,75,3,8,0,31,1,44,9,0.4090909090909091,0.06818181818181818,0.06818181818181818,0.022727272727272728,0.0,0.3333333333333333,0.3333333333333333,0.0,0.3333333333333333,303
Graduation,Together,71819.0,70,3,6,0,44,1,1574,14,0.08894536213468869,0.017789072426937738,0.0,0.008894536213468869,0.10673443456162643,0.21428571428571427,0.21428571428571427,0.21428571428571427,0.35714285714285715,305
PhD,Married,33569.0,10,1,8,0,32,1,63,5,0.2857142857142857,0.031746031746031744,0.047619047619047616,0.0,0.38095238095238093,0.2,0.2,0.2,0.4,256
Master,Married,36262.0,24,1,6,0,32,0,426,12,0.1267605633802817,0.09154929577464789,0.15023474178403756,0.06572769953051644,0.3591549295774648,0.08333333333333333,0.25,0.4166666666666667,0.25,282
Basic,Together,22634.0,47,1,8,0,49,0,96,6,0.11458333333333333,0.23958333333333334,0.08333333333333333,0.0625,0.4791666666666667,0.16666666666666666,0.3333333333333333,0.16666666666666666,0.3333333333333333,529
2n Cycle,Married,47025.0,98,5,9,0,37,1,635,23,0.09291338582677165,0.01732283464566929,0.03622047244094488,0.007874015748031496,0.04566929133858268,0.21739130434782608,0.4782608695652174,0.043478260869565216,0.2608695652173913,290
Graduation,Single,70566.0,4,2,3,0,47,1,757,22,0.28401585204755614,0.036988110964332896,0.11096433289299867,0.036988110964332896,0.02774108322324967,0.09090909090909091,0.2727272727272727,0.22727272727272727,0.4090909090909091,266
PhD,Married,31605.0,15,2,7,0,36,1,125,9,0.336,0.0,0.016,0.008,0.048,0.2222222222222222,0.2222222222222222,0.1111111111111111,0.4444444444444444,584
Master,Divorced,52034.0,67,5,7,0,42,2,332,16,0.28012048192771083,0.0,0.02108433734939759,0.0391566265060241,0.21987951807228914,0.3125,0.25,0.125,0.3125,408
Graduation,Single,48526.0,32,1,3,0,36,1,135,8,0.17037037037037037,0.1259259259259259,0.31851851851851853,0.14814814814814814,0.06666666666666667,0.125,0.25,0.125,0.5,187
Graduation,Married,46734.0,40,2,7,0,61,1,330,14,0.41515151515151516,0.015151515151515152,0.07878787878787878,0.0696969696969697,0.08787878787878788,0.14285714285714285,0.42857142857142855,0.07142857142857142,0.35714285714285715,588
Graduation,Divorced,39552.0,54,7,8,0,53,2,384,20,0.3828125,0.0078125,0.010416666666666666,0.0625,0.10677083333333333,0.35,0.3,0.1,0.25,558
Graduation,Single,86358.0,78,4,8,0,49,2,1722,18,0.2868757259001161,0.0272938443670151,0.047619047619047616,0.0272938443670151,0.05516840882694541,0.2222222222222222,0.2777777777777778,0.16666666666666666,0.3333333333333333,690
Graduation,Together,46931.0,94,2,3,0,38,3,78,7,0.21794871794871795,0.0,0.038461538461538464,0.01282051282051282,0.20512820512820512,0.2857142857142857,0.14285714285714285,0.14285714285714285,0.42857142857142855,66
Basic,Single,16581.0,51,1,4,0,30,0,24,4,0.16666666666666666,0.125,0.08333333333333333,0.125,0.4583333333333333,0.25,0.0,0.0,0.75,533
2n Cycle,Divorced,63998.0,42,1,4,0,63,0,1168,25,0.7003424657534246,0.02482876712328767,0.0,0.028253424657534245,0.0958904109589041,0.04,0.28,0.24,0.44,191
Master,Married,67381.0,67,4,7,0,64,1,957,17,0.055381400208986416,0.008359456635318705,0.011494252873563218,0.0,0.07314524555903866,0.23529411764705882,0.11764705882352941,0.11764705882352941,0.5294117647058824,530
Graduation,Single,25930.0,87,1,7,0,48,2,15,4,0.13333333333333333,0.06666666666666667,0.13333333333333333,0.0,0.26666666666666666,0.25,0.25,0.0,0.5,262
Graduation,Married,42693.0,29,1,5,0,37,1,57,5,0.3508771929824561,0.07017543859649122,0.10526315789473684,0.05263157894736842,0.2807017543859649,0.2,0.2,0.0,0.6,22
Graduation,Together,85606.0,89,2,3,0,39,1,1956,24,0.44171779141104295,0.02147239263803681,0.11196319018404909,0.015337423312883436,0.04294478527607362,0.08333333333333333,0.25,0.2916666666666667,0.375,594
Graduation,Single,72903.0,74,1,4,0,30,0,2013,21,0.37257824143070045,0.06855439642324888,0.0,0.009438648782911079,0.019374068554396422,0.047619047619047616,0.3333333333333333,0.23809523809523808,0.38095238095238093,243
2n Cycle,Together,49669.0,97,2,6,0,41,1,326,14,0.3282208588957055,0.015337423312883436,0.03374233128834356,0.024539877300613498,0.08895705521472393,0.14285714285714285,0.35714285714285715,0.07142857142857142,0.42857142857142855,36
PhD,Married,36778.0,63,3,9,0,47,2,77,9,0.44155844155844154,0.05194805194805195,0.025974025974025976,0.05194805194805195,0.05194805194805195,0.3333333333333333,0.3333333333333333,0.0,0.3333333333333333,693
PhD,Divorced,85696.0,88,1,1,0,53,0,1313,20,0.3008377760853008,0.057882711348057884,0.08834729626808835,0.0,0.00913937547600914,0.05,0.2,0.3,0.45,422
Master,Divorced,10979.0,34,2,5,0,26,0,30,8,0.3333333333333333,0.13333333333333333,0.06666666666666667,0.06666666666666667,0.13333333333333333,0.25,0.375,0.0,0.375,38
Graduation,Married,49678.0,81,2,7,0,54,1,315,14,0.17777777777777778,0.015873015873015872,0.009523809523809525,0.006349206349206349,0.06349206349206349,0.14285714285714285,0.42857142857142855,0.14285714285714285,0.2857142857142857,512
Master,Together,56129.0,65,4,4,0,62,1,660,22,0.2015151515151515,0.07272727272727272,0.05909090909090909,0.10909090909090909,0.07272727272727272,0.18181818181818182,0.2727272727272727,0.09090909090909091,0.45454545454545453,374
Graduation,Married,37155.0,51,1,5,0,26,1,74,7,0.35135135135135137,0.0,0.0945945945945946,0.20270270270270271,0.04054054054054054,0.14285714285714285,0.2857142857142857,0.0,0.5714285714285714,514
2n Cycle,Divorced,21282.0,76,2,6,0,37,1,46,7,0.17391304347826086,0.10869565217391304,0.08695652173913043,0.17391304347826086,0.43478260869565216,0.2857142857142857,0.2857142857142857,0.14285714285714285,0.2857142857142857,49
PhD,Single,33419.0,76,2,7,0,53,1,86,8,0.13953488372093023,0.0,0.0,0.0,0.20930232558139536,0.25,0.25,0.0,0.5,316
Graduation,Widow,63285.0,84,1,3,0,70,0,1103,25,0.2257479601087942,0.11242067089755213,0.04533091568449683,0.03445149592021759,0.1214868540344515,0.04,0.24,0.2,0.52,236
Master,Together,21255.0,56,4,4,0,41,1,61,11,0.4098360655737705,0.0,0.03278688524590164,0.03278688524590164,0.04918032786885246,0.36363636363636365,0.18181818181818182,0.09090909090909091,0.36363636363636365,159
Graduation,Together,42162.0,31,2,6,0,34,1,145,9,0.4068965517241379,0.04827586206896552,0.013793103448275862,0.027586206896551724,0.18620689655172415,0.2222222222222222,0.3333333333333333,0.1111111111111111,0.3333333333333333,222
Graduation,Together,54450.0,0,12,8,0,59,2,684,31,0.25,0.0,0.011695906432748537,0.027777777777777776,0.04678362573099415,0.3870967741935484,0.2903225806451613,0.06451612903225806,0.25806451612903225,653
PhD,Married,57744.0,91,2,8,0,61,1,411,16,0.0948905109489051,0.0072992700729927005,0.0,0.0,0.046228710462287104,0.125,0.5625,0.0625,0.25,229
Graduation,Single,26576.0,40,1,9,0,29,1,27,4,0.2962962962962963,0.0,0.0,0.0,0.3333333333333333,0.25,0.25,0.0,0.5,624
PhD,Widow,57513.0,59,2,6,0,72,0,1060,27,0.17264150943396225,0.03773584905660377,0.04905660377358491,0.018867924528301886,0.02830188679245283,0.07407407407407407,0.3333333333333333,0.1111111111111111,0.48148148148148145,358
Graduation,Together,68142.0,96,3,6,0,51,1,1459,24,0.1343385880740233,0.08636052090472926,0.06237148732008225,0.07676490747087046,0.025359835503769704,0.125,0.4166666666666667,0.16666666666666666,0.2916666666666667,669
Graduation,Married,7500.0,61,1,8,0,36,1,18,4,0.16666666666666666,0.1111111111111111,0.16666666666666666,0.0,0.2777777777777778,0.25,0.25,0.0,0.5,669
Graduation,Together,83145.0,14,1,2,0,41,0,1833,26,0.39879978177850517,0.019094380796508457,0.02127659574468085,0.07474086197490452,0.062193126022913256,0.038461538461538464,0.19230769230769232,0.34615384615384615,0.4230769230769231,645
Master,Married,54197.0,16,2,1,0,55,1,237,12,0.15611814345991562,0.02531645569620253,0.02531645569620253,0.05485232067510549,0.05485232067510549,0.16666666666666666,0.08333333333333333,0.25,0.5,87
PhD,Single,23091.0,98,4,7,0,52,2,48,10,0.22916666666666666,0.0,0.0,0.0,0.041666666666666664,0.4,0.2,0.1,0.3,32
Graduation,Married,46049.0,11,10,7,0,39,2,515,26,0.2174757281553398,0.017475728155339806,0.036893203883495145,0.027184466019417475,0.036893203883495145,0.38461538461538464,0.19230769230769232,0.07692307692307693,0.34615384615384615,343
Graduation,Together,56715.0,52,1,4,0,41,0,1020,15,0.23431372549019608,0.10294117647058823,0.2323529411764706,0.16862745098039217,0.008823529411764706,0.06666666666666667,0.4666666666666667,0.2,0.26666666666666666,571
Graduation,Married,79410.0,19,1,1,0,54,0,1370,11,0.35255474452554747,0.058394160583941604,0.08978102189781022,0.00948905109489051,0.00948905109489051,0.09090909090909091,0.2727272727272727,0.18181818181818182,0.45454545454545453,31
Graduation,Married,57304.0,61,2,5,0,64,1,1026,25,0.3206627680311891,0.07797270955165692,0.13450292397660818,0.016569200779727095,0.10331384015594541,0.08,0.28,0.24,0.4,475
Graduation,Married,44375.0,73,1,5,0,50,1,301,12,0.09302325581395349,0.016611295681063124,0.023255813953488372,0.023255813953488372,0.1362126245847176,0.08333333333333333,0.3333333333333333,0.08333333333333333,0.5,98
Graduation,Together,54450.0,0,12,8,0,59,2,684,31,0.25,0.0,0.011695906432748537,0.027777777777777776,0.04678362573099415,0.3870967741935484,0.2903225806451613,0.06451612903225806,0.25806451612903225,653
Graduation,Married,59594.0,74,1,7,0,50,1,499,17,0.05811623246492986,0.008016032064128256,0.0,0.0,0.018036072144288578,0.058823529411764705,0.47058823529411764,0.058823529411764705,0.4117647058823529,617
Graduation,Together,80685.0,55,1,2,0,21,0,1004,21,0.601593625498008,0.044820717131474105,0.03386454183266932,0.025896414342629483,0.053784860557768925,0.047619047619047616,0.2857142857142857,0.19047619047619047,0.47619047619047616,676
PhD,Married,40344.0,48,2,7,0,41,1,218,12,0.027522935779816515,0.0,0.0,0.0,0.009174311926605505,0.16666666666666666,0.3333333333333333,0.08333333333333333,0.4166666666666667,259
Graduation,Married,62710.0,53,4,4,0,43,1,606,22,0.13696369636963696,0.057755775577557754,0.01155115511551155,0.04785478547854786,0.018151815181518153,0.18181818181818182,0.18181818181818182,0.09090909090909091,0.5454545454545454,402
2n Cycle,Married,48985.0,13,1,3,0,47,1,75,6,0.24,0.17333333333333334,0.13333333333333333,0.09333333333333334,0.10666666666666667,0.16666666666666666,0.16666666666666666,0.16666666666666666,0.5,359
Graduation,Together,35322.0,34,3,8,0,47,3,106,9,0.3490566037735849,0.08490566037735849,0.11320754716981132,0.0660377358490566,0.12264150943396226,0.3333333333333333,0.2222222222222222,0.0,0.4444444444444444,676
Graduation,Married,77142.0,54,1,2,0,67,0,990,17,0.16363636363636364,0.07575757575757576,0.029292929292929294,0.15252525252525254,0.09797979797979799,0.058823529411764705,0.23529411764705882,0.23529411764705882,0.47058823529411764,396
Graduation,Single,81657.0,69,1,1,0,46,0,1097,16,0.38742023701002737,0.03646308113035551,0.1440291704649043,0.054694621695533276,0.04557885141294439,0.0625,0.1875,0.25,0.5,158
Basic,Married,14421.0,81,1,5,0,19,0,16,4,0.125,0.0,0.1875,0.1875,0.5,0.25,0.25,0.0,0.5,132
2n Cycle,Married,20130.0,99,1,8,0,41,0,34,5,0.08823529411764706,0.17647058823529413,0.20588235294117646,0.17647058823529413,0.35294117647058826,0.2,0.2,0.0,0.6,104
PhD,Married,74214.0,3,1,5,0,25,0,1711,16,0.3196960841613092,0.04850964348334307,0.05026300409117475,0.05786090005844535,0.01928696668614845,0.0625,0.5,0.125,0.3125,672
Master,Married,66726.0,61,3,7,0,58,2,438,17,0.07990867579908675,0.01598173515981735,0.0,0.0,0.10730593607305935,0.17647058823529413,0.47058823529411764,0.11764705882352941,0.23529411764705882,168
Basic,Together,23724.0,65,2,8,0,36,1,75,7,0.2,0.30666666666666664,0.0,0.24,0.18666666666666668,0.2857142857142857,0.2857142857142857,0.0,0.42857142857142855,537
Master,Married,47353.0,93,3,5,0,55,1,225,13,0.08444444444444445,0.008888888888888889,0.035555555555555556,0.035555555555555556,0.017777777777777778,0.23076923076923078,0.15384615384615385,0.15384615384615385,0.46153846153846156,228
Master,Married,33444.0,24,1,8,0,63,2,18,4,0.4444444444444444,0.0,0.0,0.0,0.1111111111111111,0.25,0.25,0.0,0.5,603
Graduation,Married,54386.0,8,2,3,0,34,1,470,17,0.13617021276595745,0.04468085106382979,0.13191489361702127,0.04468085106382979,0.05319148936170213,0.11764705882352941,0.17647058823529413,0.11764705882352941,0.5882352941176471,408
Graduation,Divorced,28510.0,72,3,5,0,34,2,91,9,0.2087912087912088,0.054945054945054944,0.0,0.04395604395604396,0.2087912087912088,0.3333333333333333,0.2222222222222222,0.0,0.4444444444444444,442
Master,Single,90638.0,29,1,1,0,24,0,2525,18,0.36237623762376237,0.047524752475247525,0.037227722772277226,0.05702970297029703,0.03801980198019802,0.05555555555555555,0.16666666666666666,0.2222222222222222,0.5555555555555556,136
Graduation,Together,48070.0,33,3,7,1,65,1,504,19,0.16468253968253968,0.027777777777777776,0.011904761904761904,0.017857142857142856,0.037698412698412696,0.15789473684210525,0.42105263157894735,0.10526315789473684,0.3157894736842105,532
Graduation,Married,43140.0,68,1,6,0,58,1,235,11,0.32340425531914896,0.03404255319148936,0.02553191489361702,0.0,0.04680851063829787,0.09090909090909091,0.36363636363636365,0.09090909090909091,0.45454545454545453,540
PhD,Divorced,54959.0,55,3,7,0,54,1,1232,21,0.048701298701298704,0.0,0.0,0.0,0.01948051948051948,0.14285714285714285,0.42857142857142855,0.23809523809523808,0.19047619047619047,526
Basic,Single,15056.0,76,5,5,0,57,2,88,12,0.03409090909090909,0.13636363636363635,0.23863636363636365,0.06818181818181818,0.45454545454545453,0.4166666666666667,0.16666666666666666,0.16666666666666666,0.25,422
Graduation,Single,26954.0,17,1,7,0,44,1,17,4,0.6470588235294118,0.058823529411764705,0.0,0.0,0.058823529411764705,0.25,0.25,0.0,0.5,52
Graduation,Single,22327.0,94,1,5,0,30,1,24,5,0.3333333333333333,0.16666666666666666,0.08333333333333333,0.0,0.20833333333333334,0.2,0.2,0.0,0.6,331
Graduation,Married,44393.0,86,2,4,0,50,2,60,7,0.3333333333333333,0.03333333333333333,0.03333333333333333,0.03333333333333333,0.16666666666666666,0.2857142857142857,0.14285714285714285,0.0,0.5714285714285714,311
PhD,Single,62000.0,25,1,4,0,63,1,1020,26,0.09901960784313725,0.0,0.0,0.0,0.0196078431372549,0.038461538461538464,0.23076923076923078,0.23076923076923078,0.5,308
PhD,Together,31497.0,22,2,8,0,53,1,155,10,0.18064516129032257,0.0064516129032258064,0.08387096774193549,0.0064516129032258064,0.025806451612903226,0.2,0.3,0.1,0.4,570
2n Cycle,Married,45894.0,15,1,5,0,41,2,51,5,0.13725490196078433,0.0392156862745098,0.0,0.0392156862745098,0.2549019607843137,0.2,0.2,0.0,0.6,122
Master,Divorced,78579.0,35,1,3,0,45,0,1812,16,0.3029801324503311,0.03642384105960265,0.11920529801324503,0.03642384105960265,0.054635761589403975,0.0625,0.3125,0.375,0.25,554
Master,Widow,67369.0,81,4,4,0,46,1,1461,25,0.04791238877481177,0.0,0.025325119780971937,0.009582477754962354,0.028747433264887063,0.16,0.28,0.16,0.4,589
Graduation,Divorced,58401.0,55,1,4,0,55,1,96,6,0.11458333333333333,0.0,0.17708333333333334,0.3020833333333333,0.3020833333333333,0.16666666666666666,0.16666666666666666,0.3333333333333333,0.3333333333333333,70
Graduation,Single,62307.0,94,1,5,0,63,1,160,9,0.2125,0.08125,0.0625,0.0375,0.0625,0.1111111111111111,0.4444444444444444,0.0,0.4444444444444444,132
Master,Married,43641.0,50,3,6,0,46,2,139,10,0.3669064748201439,0.014388489208633094,0.02877697841726619,0.014388489208633094,0.16546762589928057,0.3,0.2,0.1,0.4,433
Master,Divorced,63841.0,64,1,6,0,47,1,908,22,0.11013215859030837,0.016519823788546256,0.022026431718061675,0.007709251101321586,0.14427312775330398,0.045454545454545456,0.4090909090909091,0.13636363636363635,0.4090909090909091,434
2n Cycle,Married,46891.0,91,1,4,0,50,1,183,8,0.12568306010928962,0.06557377049180328,0.15846994535519127,0.08196721311475409,0.3333333333333333,0.125,0.25,0.125,0.5,301
Master,Married,70091.0,11,2,8,0,46,1,1161,19,0.11800172265288544,0.029285099052540915,0.012919896640826873,0.0,0.009474590869939707,0.10526315789473684,0.2631578947368421,0.10526315789473684,0.5263157894736842,455
PhD,Married,78075.0,72,1,1,0,43,0,988,14,0.26214574898785425,0.008097165991902834,0.03441295546558704,0.0354251012145749,0.08097165991902834,0.07142857142857142,0.21428571428571427,0.35714285714285715,0.35714285714285715,85
2n Cycle,Widow,59184.0,6,3,5,0,54,1,1072,27,0.10541044776119403,0.13246268656716417,0.2416044776119403,0.14085820895522388,0.061567164179104475,0.1111111111111111,0.2222222222222222,0.2222222222222222,0.4444444444444444,658
Graduation,Married,54809.0,0,4,4,0,38,2,174,12,0.3275862068965517,0.034482758620689655,0.07471264367816093,0.07471264367816093,0.12643678160919541,0.3333333333333333,0.16666666666666666,0.08333333333333333,0.4166666666666667,291
Graduation,Married,58113.0,66,3,7,1,56,1,758,22,0.22295514511873352,0.13720316622691292,0.1345646437994723,0.10290237467018469,0.11081794195250659,0.13636363636363635,0.4090909090909091,0.09090909090909091,0.36363636363636365,520
Master,Married,51412.0,42,2,4,0,57,1,195,11,0.14871794871794872,0.015384615384615385,0.020512820512820513,0.02564102564102564,0.07179487179487179,0.18181818181818182,0.2727272727272727,0.18181818181818182,0.36363636363636365,180
Graduation,Divorced,15287.0,60,2,7,0,36,1,31,6,0.25806451612903225,0.06451612903225806,0.12903225806451613,0.0967741935483871,0.41935483870967744,0.3333333333333333,0.16666666666666666,0.16666666666666666,0.3333333333333333,627
Master,Together,66636.0,64,1,1,0,58,0,1084,17,0.6356088560885609,0.00922509225092251,0.07749077490774908,0.00922509225092251,0.0,0.058823529411764705,0.17647058823529413,0.23529411764705882,0.5294117647058824,316
Master,Married,50965.0,87,3,8,0,59,1,685,22,0.12408759124087591,0.01897810218978102,0.01167883211678832,0.008759124087591242,0.042335766423357665,0.13636363636363635,0.45454545454545453,0.18181818181818182,0.22727272727272727,494
PhD,Married,84618.0,96,1,2,0,50,0,1672,26,0.47906698564593303,0.05980861244019139,0.012559808612440191,0.039473684210526314,0.0,0.038461538461538464,0.23076923076923078,0.34615384615384615,0.38461538461538464,219
Graduation,Married,18351.0,1,1,7,0,25,0,43,6,0.20930232558139536,0.27906976744186046,0.0,0.32558139534883723,0.16279069767441862,0.16666666666666666,0.3333333333333333,0.0,0.5,243
PhD,Together,40451.0,54,1,5,0,58,2,49,5,0.08163265306122448,0.0,0.0,0.0,0.20408163265306123,0.2,0.2,0.2,0.4,133
Graduation,Together,36317.0,53,2,7,0,50,1,133,9,0.18796992481203006,0.022556390977443608,0.022556390977443608,0.015037593984962405,0.09774436090225563,0.2222222222222222,0.3333333333333333,0.0,0.4444444444444444,403
Graduation,Together,42213.0,96,2,7,0,58,1,363,15,0.06611570247933884,0.008264462809917356,0.011019283746556474,0.008264462809917356,0.05509641873278237,0.13333333333333333,0.3333333333333333,0.06666666666666667,0.4666666666666667,260
Graduation,Together,65748.0,58,2,1,1,60,1,545,18,0.1706422018348624,0.13394495412844037,0.1743119266055046,0.14311926605504588,0.062385321100917435,0.1111111111111111,0.1111111111111111,0.2222222222222222,0.5555555555555556,440
Graduation,Together,77044.0,12,2,4,0,43,1,1065,31,0.2272300469483568,0.03568075117370892,0.046948356807511735,0.03192488262910798,0.07136150234741784,0.06451612903225806,0.22580645161290322,0.3548387096774194,0.3548387096774194,245
Graduation,Together,74918.0,78,1,3,0,46,0,2047,21,0.44601856375183196,0.02882266731802638,0.012212994626282364,0.009281875915974597,0.02882266731802638,0.047619047619047616,0.23809523809523808,0.42857142857142855,0.2857142857142857,474
Graduation,Married,56721.0,64,5,6,0,43,2,296,15,0.13175675675675674,0.02027027027027027,0.02027027027027027,0.04391891891891892,0.2533783783783784,0.3333333333333333,0.26666666666666666,0.06666666666666667,0.3333333333333333,606
Graduation,Single,42160.0,26,4,6,0,40,2,140,11,0.32142857142857145,0.06428571428571428,0.02142857142857143,0.10714285714285714,0.14285714285714285,0.36363636363636365,0.18181818181818182,0.09090909090909091,0.36363636363636365,366
Graduation,Single,61559.0,8,1,3,0,50,1,530,17,0.1660377358490566,0.15660377358490565,0.06037735849056604,0.026415094339622643,0.06415094339622641,0.058823529411764705,0.23529411764705882,0.11764705882352941,0.5882352941176471,347
PhD,Together,33629.0,49,5,9,0,52,2,152,13,0.10526315789473684,0.0,0.0,0.0,0.02631578947368421,0.38461538461538464,0.23076923076923078,0.07692307692307693,0.3076923076923077,690
PhD,Together,68682.0,56,1,2,0,24,0,1598,24,0.3160200250312891,0.0,0.06195244055068836,0.01877346683354193,0.028160200250312892,0.041666666666666664,0.16666666666666666,0.375,0.4166666666666667,266
Graduation,Single,34377.0,55,2,7,0,52,1,114,8,0.19298245614035087,0.0,0.02631578947368421,0.008771929824561403,0.22807017543859648,0.25,0.25,0.25,0.25,526
Basic,Single,8940.0,25,3,8,0,29,1,101,10,0.0297029702970297,0.44554455445544555,0.039603960396039604,0.0594059405940594,0.4158415841584158,0.3,0.3,0.1,0.3,676
Graduation,Married,26228.0,50,1,8,0,42,1,25,4,0.16,0.24,0.12,0.04,0.36,0.25,0.25,0.0,0.5,280
2n Cycle,Divorced,77297.0,84,1,4,0,58,0,789,22,0.13814955640050697,0.07731305449936629,0.060836501901140684,0.15462610899873258,0.051964512040557666,0.045454545454545456,0.22727272727272727,0.3181818181818182,0.4090909090909091,519
Graduation,Married,40211.0,30,2,8,0,34,2,87,7,0.08045977011494253,0.011494252873563218,0.022988505747126436,0.011494252873563218,0.28735632183908044,0.2857142857142857,0.2857142857142857,0.14285714285714285,0.2857142857142857,334
PhD,Widow,33438.0,81,4,5,0,57,2,90,11,0.17777777777777778,0.011111111111111112,0.03333333333333333,0.022222222222222223,0.06666666666666667,0.36363636363636365,0.18181818181818182,0.09090909090909091,0.36363636363636365,280
PhD,Married,75032.0,74,2,3,0,56,1,1215,20,0.14814814814814814,0.009876543209876543,0.03868312757201646,0.009876543209876543,0.009876543209876543,0.1,0.25,0.2,0.45,427
PhD,Single,61284.0,76,1,6,0,60,0,811,22,0.13070283600493218,0.018495684340320593,0.02466091245376079,0.008631319358816275,0.055487053020961775,0.045454545454545456,0.5,0.09090909090909091,0.36363636363636365,260
Graduation,Married,22518.0,36,2,5,0,29,1,61,7,0.19672131147540983,0.11475409836065574,0.03278688524590164,0.03278688524590164,0.4426229508196721,0.2857142857142857,0.2857142857142857,0.14285714285714285,0.2857142857142857,615
Master,Married,54730.0,64,5,4,0,40,1,405,18,0.04197530864197531,0.007407407407407408,0.009876543209876543,0.01728395061728395,0.1382716049382716,0.2777777777777778,0.2222222222222222,0.05555555555555555,0.4444444444444444,318
Master,Married,38452.0,62,3,7,0,60,2,72,9,0.19444444444444445,0.0,0.0,0.0,0.027777777777777776,0.3333333333333333,0.3333333333333333,0.0,0.3333333333333333,91
Graduation,Divorced,44421.0,53,5,8,0,44,2,189,14,0.31216931216931215,0.026455026455026454,0.037037037037037035,0.005291005291005291,0.037037037037037035,0.35714285714285715,0.35714285714285715,0.0,0.2857142857142857,499
PhD,Together,38197.0,86,1,5,0,29,1,40,5,0.275,0.0,0.05,0.025,0.075,0.2,0.2,0.0,0.6,365
Graduation,Divorced,41986.0,15,3,4,0,37,1,63,10,0.12698412698412698,0.07936507936507936,0.12698412698412698,0.047619047619047616,0.19047619047619047,0.3,0.3,0.0,0.4,140
Graduation,Together,28427.0,67,2,8,0,32,1,52,7,0.36538461538461536,0.057692307692307696,0.057692307692307696,0.057692307692307696,0.11538461538461539,0.2857142857142857,0.2857142857142857,0.0,0.42857142857142855,465
PhD,Together,37395.0,47,1,6,0,39,1,39,5,0.23076923076923078,0.0,0.0,0.02564102564102564,0.28205128205128205,0.2,0.2,0.0,0.6,58
Graduation,Married,64722.0,47,4,6,0,44,1,805,25,0.34782608695652173,0.0,0.07453416149068323,0.1826086956521739,0.018633540372670808,0.16,0.32,0.08,0.44,34
Master,Together,55249.0,81,1,3,0,59,1,130,8,0.14615384615384616,0.007692307692307693,0.015384615384615385,0.0,0.08461538461538462,0.125,0.25,0.125,0.5,73
Graduation,Together,84906.0,98,1,2,0,43,0,1631,24,0.25383200490496627,0.009196811771919068,0.06069895769466585,0.018393623543838136,0.04659717964438995,0.041666666666666664,0.20833333333333334,0.25,0.5,268
Graduation,Married,28691.0,56,1,8,0,26,1,34,5,0.38235294117647056,0.11764705882352941,0.23529411764705882,0.0,0.11764705882352941,0.2,0.2,0.0,0.6,360
Graduation,Single,44213.0,48,4,6,0,63,2,152,12,0.23026315789473684,0.07236842105263158,0.0,0.02631578947368421,0.046052631578947366,0.3333333333333333,0.16666666666666666,0.08333333333333333,0.4166666666666667,212
Basic,Single,25707.0,18,1,7,0,31,1,21,5,0.09523809523809523,0.2857142857142857,0.14285714285714285,0.2857142857142857,0.14285714285714285,0.2,0.2,0.0,0.6,162
PhD,Married,59062.0,74,2,4,0,48,3,71,7,0.16901408450704225,0.014084507042253521,0.04225352112676056,0.0,0.1267605633802817,0.2857142857142857,0.2857142857142857,0.0,0.42857142857142855,269
Graduation,Single,76624.0,68,1,1,0,53,1,899,23,0.1635150166852058,0.11790878754171301,0.060066740823136816,0.12791991101223582,0.07341490545050056,0.043478260869565216,0.21739130434782608,0.43478260869565216,0.30434782608695654,36
Master,Together,66000.0,36,1,1,0,68,0,711,10,0.379746835443038,0.07172995780590717,0.1420534458509142,0.0,0.06329113924050633,0.1,0.1,0.3,0.5,70
PhD,Together,27683.0,90,4,8,0,37,1,351,16,0.34472934472934474,0.02564102564102564,0.03418803418803419,0.03418803418803419,0.1282051282051282,0.25,0.375,0.125,0.25,694
Graduation,Divorced,1730.0,65,15,20,0,44,0,8,15,0.375,0.125,0.125,0.125,0.125,1.0,0.0,0.0,0.0,42
Basic,Single,7500.0,63,4,9,0,23,1,119,11,0.15126050420168066,0.14285714285714285,0.06722689075630252,0.2184873949579832,0.33613445378151263,0.36363636363636365,0.2727272727272727,0.18181818181818182,0.18181818181818182,573
Graduation,Together,40521.0,82,1,5,0,47,2,21,4,0.23809523809523808,0.0,0.0,0.0,0.19047619047619047,0.25,0.0,0.25,0.5,450
PhD,Together,20427.0,63,1,8,0,42,1,10,4,0.4,0.0,0.0,0.0,0.1,0.25,0.25,0.0,0.5,97
Graduation,Married,65106.0,55,3,6,0,40,1,973,27,0.1366906474820144,0.019527235354573486,0.012332990750256937,0.0,0.019527235354573486,0.1111111111111111,0.2962962962962963,0.1111111111111111,0.48148148148148145,36
PhD,Married,69969.0,64,1,3,0,50,0,1536,13,0.3346354166666667,0.018880208333333332,0.024739583333333332,0.018880208333333332,0.028645833333333332,0.07692307692307693,0.3076923076923077,0.15384615384615385,0.46153846153846156,306
Graduation,Married,67433.0,51,4,4,0,63,2,992,28,0.2610887096774194,0.028225806451612902,0.012096774193548387,0.04838709677419355,0.03024193548387097,0.14285714285714285,0.21428571428571427,0.17857142857142858,0.4642857142857143,348
PhD,Married,77766.0,97,2,6,0,48,1,1529,34,0.17331589274035317,0.03858731196860693,0.07521255722694571,0.03858731196860693,0.01765860039241334,0.058823529411764705,0.3235294117647059,0.29411764705882354,0.3235294117647059,492
Graduation,Married,74716.0,92,2,4,0,43,1,860,17,0.48953488372093024,0.031395348837209305,0.015116279069767442,0.22674418604651161,0.08255813953488372,0.11764705882352941,0.4117647058823529,0.17647058823529413,0.29411764705882354,290
Graduation,Divorced,68118.0,51,2,6,0,52,1,928,23,0.13254310344827586,0.02478448275862069,0.010775862068965518,0.02478448275862069,0.16594827586206898,0.08695652173913043,0.34782608695652173,0.391304347826087,0.17391304347826086,254
PhD,Married,55158.0,72,4,7,0,45,2,418,18,0.20813397129186603,0.0,0.009569377990430622,0.02631578947368421,0.05502392344497608,0.2222222222222222,0.3888888888888889,0.1111111111111111,0.2777777777777778,699
2n Cycle,Married,62972.0,39,2,6,0,60,1,587,16,0.08006814310051108,0.02555366269165247,0.034071550255536626,0.0,0.3270868824531516,0.125,0.4375,0.25,0.1875,695
Graduation,Married,74190.0,49,2,2,0,40,1,641,19,0.13416536661466458,0.12636505460218408,0.2620904836193448,0.1419656786271451,0.0998439937597504,0.10526315789473684,0.21052631578947367,0.10526315789473684,0.5789473684210527,48
Graduation,Married,39356.0,21,1,6,0,39,2,23,4,0.08695652173913043,0.0,0.0,0.0,0.2608695652173913,0.25,0.25,0.0,0.5,102
Graduation,Together,76653.0,91,1,2,0,46,0,2279,23,0.41509433962264153,0.027643703378674857,0.09609477841158402,0.08293111013602457,0.055287406757349715,0.043478260869565216,0.17391304347826086,0.30434782608695654,0.4782608695652174,317
PhD,Divorced,35860.0,37,2,5,0,42,2,49,6,0.16326530612244897,0.0,0.08163265306122448,0.04081632653061224,0.40816326530612246,0.3333333333333333,0.16666666666666666,0.16666666666666666,0.3333333333333333,41
PhD,Divorced,90687.0,98,1,2,0,32,0,1779,17,0.3777403035413153,0.00955593029792018,0.012928611579539067,0.01911186059584036,0.02866779089376054,0.058823529411764705,0.35294117647058826,0.11764705882352941,0.47058823529411764,403
Master,Together,73450.0,85,1,3,0,33,0,1804,27,0.23004434589800443,0.02827050997782705,0.04988913525498891,0.03824833702882483,0.020509977827051,0.037037037037037035,0.25925925925925924,0.2962962962962963,0.4074074074074074,206
Graduation,Married,31454.0,40,3,8,0,55,2,48,8,0.22916666666666666,0.0,0.0,0.0,0.1875,0.375,0.25,0.0,0.375,358
Graduation,Single,47139.0,2,2,7,0,63,2,83,7,0.14457831325301204,0.0,0.0,0.024096385542168676,0.27710843373493976,0.2857142857142857,0.2857142857142857,0.14285714285714285,0.2857142857142857,115
Graduation,Divorced,83829.0,78,0,1,0,40,0,1862,17,0.23093447905477982,0.08646616541353383,0.09989258861439312,0.08646616541353383,0.014500537056928034,0.0,0.23529411764705882,0.4117647058823529,0.35294117647058826,264
PhD,Married,53378.0,41,10,8,0,52,2,793,29,0.19167717528373265,0.007566204287515763,0.01008827238335435,0.007566204287515763,0.1664564943253468,0.3448275862068966,0.3103448275862069,0.13793103448275862,0.20689655172413793,643
Graduation,Together,19656.0,94,3,7,0,45,1,84,9,0.10714285714285714,0.047619047619047616,0.07142857142857142,0.09523809523809523,0.38095238095238093,0.3333333333333333,0.2222222222222222,0.1111111111111111,0.3333333333333333,506
PhD,Married,45579.0,10,1,6,0,67,1,183,10,0.18032786885245902,0.00546448087431694,0.01092896174863388,0.00546448087431694,0.00546448087431694,0.1,0.4,0.1,0.4,313
2n Cycle,Single,85485.0,73,1,2,0,57,0,1383,19,0.4417932031814895,0.018799710773680405,0.03181489515545915,0.013015184381778741,0.039045553145336226,0.05263157894736842,0.3157894736842105,0.3157894736842105,0.3157894736842105,8
Graduation,Married,55956.0,22,2,4,0,71,0,999,16,0.1041041041041041,0.03803803803803804,0.05005005005005005,0.009009009009009009,0.03803803803803804,0.125,0.4375,0.1875,0.25,83
Master,Single,64191.0,30,3,3,0,52,1,825,24,0.22545454545454546,0.01818181818181818,0.18303030303030304,0.04606060606060606,0.01818181818181818,0.125,0.20833333333333334,0.125,0.5416666666666666,523
Graduation,Single,38808.0,21,4,8,0,43,1,246,14,0.21138211382113822,0.06910569105691057,0.012195121951219513,0.07723577235772358,0.12195121951219512,0.2857142857142857,0.35714285714285715,0.07142857142857142,0.2857142857142857,672
Master,Married,57183.0,51,8,8,0,49,2,610,25,0.10491803278688525,0.00819672131147541,0.011475409836065573,0.0,0.11475409836065574,0.32,0.36,0.04,0.28,467
Master,Divorced,23748.0,97,3,8,0,47,1,76,9,0.3815789473684211,0.07894736842105263,0.15789473684210525,0.19736842105263158,0.10526315789473684,0.3333333333333333,0.2222222222222222,0.1111111111111111,0.3333333333333333,585
Graduation,Married,66303.0,56,4,8,0,44,1,1286,22,0.07465007776049767,0.00933125972006221,0.012441679626749611,0.00933125972006221,0.04665629860031104,0.18181818181818182,0.13636363636363635,0.18181818181818182,0.5,488
Master,Married,37368.0,4,1,6,0,40,1,30,4,0.36666666666666664,0.06666666666666667,0.06666666666666667,0.06666666666666667,0.3333333333333333,0.25,0.25,0.0,0.5,195
Graduation,Married,40800.0,77,2,7,1,51,3,99,8,0.2727272727272727,0.0,0.08080808080808081,0.30303030303030304,0.10101010101010101,0.25,0.375,0.0,0.375,544
Graduation,Divorced,71847.0,95,0,3,0,37,0,1192,22,0.08892617449664429,0.01761744966442953,0.04614093959731544,0.05285234899328859,0.1761744966442953,0.0,0.2727272727272727,0.3181818181818182,0.4090909090909091,646
Graduation,Married,46149.0,36,5,5,0,40,1,362,18,0.19613259668508287,0.016574585635359115,0.011049723756906077,0.0,0.07458563535911603,0.2777777777777778,0.2777777777777778,0.05555555555555555,0.3888888888888889,212
Graduation,Together,78687.0,13,1,2,0,32,0,2130,19,0.32253521126760565,0.08685446009389672,0.06807511737089202,0.025821596244131457,0.11314553990610329,0.05263157894736842,0.21052631578947367,0.3157894736842105,0.42105263157894735,689
2n Cycle,Divorced,49118.0,90,2,7,0,44,0,1229,28,0.19446704637917006,0.043938161106590726,0.080553295362083,0.07973962571196094,0.096826688364524,0.07142857142857142,0.32142857142857145,0.25,0.35714285714285715,680
PhD,Married,37633.0,49,2,9,0,58,2,38,6,0.5263157894736842,0.10526315789473684,0.0,0.0,0.02631578947368421,0.3333333333333333,0.16666666666666666,0.0,0.5,647
Master,Together,39767.0,18,2,8,0,64,0,485,17,0.42061855670103093,0.12577319587628866,0.07010309278350516,0.05360824742268041,0.09690721649484536,0.11764705882352941,0.4117647058823529,0.058823529411764705,0.4117647058823529,343
Basic,Married,26997.0,89,2,7,0,64,0,434,13,0.17972350230414746,0.052995391705069124,0.3064516129032258,0.11290322580645161,0.3317972350230415,0.15384615384615385,0.3076923076923077,0.15384615384615385,0.38461538461538464,601
Graduation,Divorced,33986.0,43,1,7,0,45,1,44,5,0.4090909090909091,0.045454545454545456,0.045454545454545456,0.022727272727272728,0.11363636363636363,0.2,0.2,0.0,0.6,472
PhD,Married,57091.0,82,2,7,0,43,1,496,18,0.04838709677419355,0.0,0.012096774193548387,0.0,0.008064516129032258,0.1111111111111111,0.5,0.1111111111111111,0.2777777777777778,583
2n Cycle,Married,46831.0,84,2,4,0,46,2,78,7,0.1282051282051282,0.02564102564102564,0.07692307692307693,0.05128205128205128,0.4358974358974359,0.2857142857142857,0.14285714285714285,0.2857142857142857,0.2857142857142857,386
Master,Married,83151.0,80,1,2,0,43,0,2346,23,0.3589087809036658,0.06265984654731457,0.05839727195225917,0.017902813299232736,0.08951406649616368,0.043478260869565216,0.21739130434782608,0.30434782608695654,0.43478260869565216,504
Graduation,Married,52531.0,68,2,6,0,44,0,794,21,0.190176322418136,0.14105793450881612,0.06423173803526448,0.0906801007556675,0.1574307304785894,0.09523809523809523,0.3333333333333333,0.09523809523809523,0.47619047619047616,546
Graduation,Married,15759.0,12,1,7,0,59,0,17,4,0.29411764705882354,0.11764705882352941,0.35294117647058826,0.0,0.17647058823529413,0.25,0.25,0.0,0.5,297
Graduation,Single,22804.0,75,1,9,0,44,1,26,5,0.2692307692307692,0.038461538461538464,0.07692307692307693,0.038461538461538464,0.038461538461538464,0.2,0.4,0.0,0.4,333
2n Cycle,Married,43050.0,10,2,5,0,42,1,76,8,0.3157894736842105,0.06578947368421052,0.07894736842105263,0.039473684210526314,0.10526315789473684,0.25,0.25,0.0,0.5,103
PhD,Single,42997.0,91,1,7,0,38,2,15,4,0.3333333333333333,0.0,0.0,0.06666666666666667,0.3333333333333333,0.25,0.25,0.0,0.5,204
PhD,Single,48918.0,21,2,4,0,52,2,62,7,0.14516129032258066,0.0,0.0,0.0,0.016129032258064516,0.2857142857142857,0.14285714285714285,0.0,0.5714285714285714,78
Master,Together,60033.0,28,2,2,0,61,1,198,10,0.2878787878787879,0.005050505050505051,0.09595959595959595,0.05555555555555555,0.24242424242424243,0.2,0.2,0.1,0.5,92
PhD,Together,34043.0,97,1,9,0,37,1,49,5,0.2857142857142857,0.04081632653061224,0.061224489795918366,0.0,0.20408163265306123,0.2,0.4,0.0,0.4,247
Graduation,Together,57811.0,49,5,5,0,49,1,802,25,0.14214463840399003,0.008728179551122194,0.046134663341645885,0.026184538653366583,0.09725685785536159,0.2,0.28,0.08,0.44,370
Graduation,Married,78569.0,14,1,1,0,69,0,1736,15,0.358294930875576,0.04550691244239631,0.11923963133640553,0.10080645161290322,0.054723502304147464,0.06666666666666667,0.26666666666666666,0.4,0.26666666666666666,130
Graduation,Single,7500.0,5,4,6,0,37,2,57,10,0.07017543859649122,0.08771929824561403,0.22807017543859648,0.07017543859649122,0.43859649122807015,0.4,0.2,0.1,0.3,549
Graduation,Together,94384.0,62,0,2,0,62,0,2302,18,0.34317984361424847,0.010425716768027803,0.06950477845351868,0.01954821894005213,0.07471763683753258,0.0,0.2777777777777778,0.4444444444444444,0.2777777777777778,482
2n Cycle,Married,23148.0,83,1,7,0,30,0,37,6,0.21621621621621623,0.16216216216216217,0.16216216216216217,0.08108108108108109,0.2702702702702703,0.16666666666666666,0.3333333333333333,0.0,0.5,131
Graduation,Divorced,44267.0,48,5,9,0,45,2,310,16,0.20967741935483872,0.016129032258064516,0.00967741935483871,0.016129032258064516,0.15806451612903225,0.3125,0.3125,0.125,0.25,489
Graduation,Married,71626.0,94,1,3,0,36,0,1305,19,0.28812260536398465,0.05517241379310345,0.07203065134099616,0.1111111111111111,0.05517241379310345,0.05263157894736842,0.2631578947368421,0.2631578947368421,0.42105263157894735,605
Graduation,Together,60894.0,61,5,7,0,49,1,832,26,0.18629807692307693,0.008413461538461538,0.01201923076923077,0.0,0.06490384615384616,0.19230769230769232,0.38461538461538464,0.11538461538461539,0.3076923076923077,366
Graduation,Together,50200.0,70,6,8,0,39,2,401,19,0.12718204488778054,0.014962593516209476,0.0199501246882793,0.014962593516209476,0.1596009975062344,0.3157894736842105,0.3684210526315789,0.05263157894736842,0.2631578947368421,452
PhD,Married,81051.0,43,1,2,0,50,0,1501,23,0.1658894070619587,0.019320453031312457,0.02531645569620253,0.019320453031312457,0.009327115256495669,0.043478260869565216,0.21739130434782608,0.21739130434782608,0.5217391304347826,37
Graduation,Married,65169.0,23,1,6,0,33,0,1189,28,0.05803195962994113,0.0,0.0,0.0,0.03868797308662742,0.03571428571428571,0.35714285714285715,0.14285714285714285,0.4642857142857143,166
Graduation,Together,59868.0,37,7,6,0,43,1,1194,32,0.12897822445561138,0.04271356783919598,0.04522613065326633,0.008375209380234505,0.12897822445561138,0.21875,0.34375,0.0625,0.375,342
PhD,Married,65695.0,50,2,4,0,55,1,656,21,0.28810975609756095,0.04878048780487805,0.0,0.08841463414634146,0.009146341463414634,0.09523809523809523,0.23809523809523808,0.19047619047619047,0.47619047619047616,149
Master,Single,64857.0,78,1,4,0,59,0,1540,23,0.4655844155844156,0.00909090909090909,0.13636363636363635,0.0,0.02792207792207792,0.043478260869565216,0.30434782608695654,0.21739130434782608,0.43478260869565216,583
Master,Together,45143.0,74,3,7,0,50,1,311,15,0.2379421221864952,0.01607717041800643,0.03536977491961415,0.01607717041800643,0.04501607717041801,0.2,0.4,0.06666666666666667,0.3333333333333333,307
2n Cycle,Together,74805.0,14,5,2,0,60,1,820,26,0.2548780487804878,0.1975609756097561,0.05,0.1975609756097561,0.045121951219512194,0.19230769230769232,0.15384615384615385,0.2692307692307692,0.38461538461538464,235
2n Cycle,Married,59060.0,77,3,4,0,26,1,274,14,0.4051094890510949,0.145985401459854,0.13138686131386862,0.145985401459854,0.043795620437956206,0.21428571428571427,0.21428571428571427,0.07142857142857142,0.5,169
PhD,Single,27238.0,39,3,9,0,53,2,57,9,0.2982456140350877,0.0,0.0,0.0,0.05263157894736842,0.3333333333333333,0.3333333333333333,0.0,0.3333333333333333,435
Graduation,Together,47009.0,89,4,4,0,50,1,448,17,0.16294642857142858,0.10044642857142858,0.13169642857142858,0.022321428571428572,0.20089285714285715,0.23529411764705882,0.17647058823529413,0.11764705882352941,0.47058823529411764,271
2n Cycle,Married,46094.0,62,1,7,0,42,2,44,5,0.45454545454545453,0.045454545454545456,0.06818181818181818,0.045454545454545456,0.11363636363636363,0.2,0.2,0.0,0.6,19
Graduation,Married,40321.0,59,2,7,0,43,2,102,8,0.20588235294117646,0.0392156862745098,0.058823529411764705,0.0,0.2647058823529412,0.25,0.375,0.0,0.375,335
Graduation,Together,37235.0,68,1,4,0,31,1,61,5,0.14754098360655737,0.03278688524590164,0.06557377049180328,0.09836065573770492,0.32786885245901637,0.2,0.2,0.2,0.4,148
Master,Married,81843.0,13,1,3,0,55,0,1643,27,0.3268411442483262,0.05234327449786975,0.020693852708460133,0.041996348143639686,0.08399269628727937,0.037037037037037035,0.18518518518518517,0.3333333333333333,0.4444444444444444,433
Master,Together,46692.0,37,3,6,0,57,1,397,15,0.24433249370277077,0.015113350125944584,0.060453400503778336,0.030226700251889168,0.2216624685138539,0.2,0.4,0.06666666666666667,0.3333333333333333,388
Graduation,Together,77382.0,36,2,1,0,47,1,1121,26,0.20606601248884923,0.042818911685994644,0.09991079393398751,0.0936663693131133,0.11953612845673506,0.07692307692307693,0.19230769230769232,0.2692307692307692,0.46153846153846156,173
Graduation,Single,37774.0,28,4,9,1,38,2,473,16,0.226215644820296,0.016913319238900635,0.014799154334038054,0.004228329809725159,0.37209302325581395,0.25,0.4375,0.125,0.1875,664
Basic,Married,18393.0,2,2,8,0,41,1,50,8,0.26,0.2,0.32,0.0,0.08,0.25,0.375,0.0,0.375,92
Master,Married,72828.0,17,6,7,0,53,1,1678,28,0.1400476758045292,0.0,0.01132300357568534,0.00834326579261025,0.12216924910607867,0.21428571428571427,0.21428571428571427,0.10714285714285714,0.4642857142857143,500
Graduation,Married,24711.0,86,1,7,0,33,0,58,7,0.43103448275862066,0.1206896551724138,0.10344827586206896,0.05172413793103448,0.1206896551724138,0.14285714285714285,0.42857142857142855,0.0,0.42857142857142855,72
PhD,Married,45503.0,54,1,5,0,40,1,170,9,0.25882352941176473,0.023529411764705882,0.03529411764705882,0.0058823529411764705,0.10588235294117647,0.1111111111111111,0.3333333333333333,0.1111111111111111,0.4444444444444444,277
Master,Single,6560.0,2,0,17,0,33,0,373,2,0.06970509383378017,0.029490616621983913,0.010723860589812333,0.00804289544235925,0.7024128686327078,0.0,0.5,0.0,0.5,199
PhD,Together,71604.0,3,1,4,0,70,0,1196,17,0.4414715719063545,0.04431438127090301,0.08193979933110368,0.06270903010033445,0.08110367892976589,0.058823529411764705,0.47058823529411764,0.17647058823529413,0.29411764705882354,224
Graduation,Married,27244.0,84,2,7,0,36,1,101,8,0.16831683168316833,0.04950495049504951,0.0297029702970297,0.2376237623762376,0.45544554455445546,0.25,0.25,0.25,0.25,114
Graduation,Married,48752.0,8,5,9,0,46,2,316,17,0.31645569620253167,0.18037974683544303,0.22468354430379747,0.04746835443037975,0.0,0.29411764705882354,0.35294117647058826,0.058823529411764705,0.29411764705882354,564
Graduation,Married,71434.0,4,3,4,0,53,1,1400,21,0.155,0.025714285714285714,0.12285714285714286,0.06857142857142857,0.12,0.14285714285714285,0.3333333333333333,0.19047619047619047,0.3333333333333333,284
Graduation,Single,90842.0,57,1,1,0,67,0,1424,27,0.08286516853932584,0.04915730337078652,0.12780898876404495,0.13132022471910113,0.06530898876404495,0.037037037037037035,0.14814814814814814,0.3333333333333333,0.48148148148148145,335
Master,Married,88097.0,24,1,9,0,37,1,844,20,0.5687203791469194,0.0,0.0,0.14928909952606634,0.08886255924170616,0.05,0.3,0.25,0.4,680
Graduation,Married,51948.0,51,2,5,0,40,1,311,13,0.17363344051446947,0.10610932475884244,0.2282958199356913,0.09646302250803858,0.13183279742765272,0.15384615384615385,0.38461538461538464,0.15384615384615385,0.3076923076923077,285
Graduation,Together,71853.0,29,1,1,0,33,0,1149,17,0.35944299390774587,0.09399477806788512,0.1227154046997389,0.08442123585726719,0.0278503046127067,0.058823529411764705,0.11764705882352941,0.47058823529411764,0.35294117647058826,417
Master,Married,35876.0,13,1,6,0,32,0,129,8,0.31007751937984496,0.015503875968992248,0.031007751937984496,0.023255813953488372,0.10852713178294573,0.125,0.375,0.125,0.375,70
Graduation,Widow,40049.0,23,1,6,0,63,1,32,5,0.21875,0.1875,0.0,0.09375,0.09375,0.2,0.2,0.0,0.6,256
Graduation,Single,39660.0,36,3,9,0,33,1,299,14,0.2608695652173913,0.043478260869565216,0.06688963210702341,0.043478260869565216,0.12040133779264214,0.21428571428571427,0.5,0.07142857142857142,0.21428571428571427,690
Graduation,Together,50127.0,88,1,6,0,53,1,320,13,0.065625,0.0,0.0125,0.01875,0.046875,0.07692307692307693,0.38461538461538464,0.07692307692307693,0.46153846153846156,31
Master,Married,43263.0,2,3,5,0,38,1,441,16,0.1383219954648526,0.013605442176870748,0.0,0.022675736961451247,0.23129251700680273,0.1875,0.3125,0.125,0.375,585
Master,Married,62845.0,3,11,8,0,66,2,1178,28,0.038200339558573854,0.0,0.0,0.0,0.028862478777589132,0.39285714285714285,0.10714285714285714,0.14285714285714285,0.35714285714285715,636
Graduation,Married,18929.0,15,1,6,0,25,0,85,6,0.09411764705882353,0.0,0.27058823529411763,0.047058823529411764,0.21176470588235294,0.16666666666666666,0.16666666666666666,0.0,0.6666666666666666,498
Basic,Single,24367.0,58,1,9,0,33,1,24,4,0.08333333333333333,0.16666666666666666,0.0,0.4583333333333333,0.20833333333333334,0.25,0.25,0.0,0.5,466
Graduation,Single,33249.0,11,2,6,0,40,1,112,8,0.1875,0.08928571428571429,0.16964285714285715,0.125,0.375,0.25,0.25,0.125,0.375,494
2n Cycle,Married,26887.0,27,1,6,0,56,1,30,5,0.13333333333333333,0.23333333333333334,0.1,0.13333333333333333,0.2,0.2,0.2,0.0,0.6,504
PhD,Married,50150.0,32,2,5,0,32,0,410,16,0.22439024390243903,0.11219512195121951,0.15853658536585366,0.14878048780487804,0.026829268292682926,0.125,0.3125,0.125,0.4375,374
Graduation,Together,62061.0,12,3,6,0,39,1,800,24,0.105,0.00875,0.0,0.0375,0.0475,0.125,0.4166666666666667,0.16666666666666666,0.2916666666666667,302
PhD,Divorced,85696.0,88,1,1,0,53,0,1313,20,0.3008377760853008,0.057882711348057884,0.08834729626808835,0.0,0.00913937547600914,0.05,0.2,0.3,0.45,422
PhD,Together,76542.0,91,1,2,0,59,0,1483,23,0.3863789615643965,0.049224544841537425,0.0,0.019554956169925825,0.009440323668240054,0.043478260869565216,0.17391304347826086,0.34782608695652173,0.43478260869565216,456
Graduation,Single,70515.0,12,1,2,0,22,0,1258,17,0.35930047694753575,0.0,0.14467408585055644,0.05087440381558029,0.11128775834658187,0.058823529411764705,0.35294117647058826,0.35294117647058826,0.23529411764705882,251
Graduation,Together,18227.0,21,1,8,0,28,1,28,4,0.25,0.07142857142857142,0.14285714285714285,0.10714285714285714,0.39285714285714285,0.25,0.0,0.25,0.5,598
Graduation,Married,69139.0,23,1,4,0,50,1,227,11,0.3303964757709251,0.05286343612334802,0.14537444933920704,0.06607929515418502,0.02643171806167401,0.09090909090909091,0.36363636363636365,0.09090909090909091,0.45454545454545453,153
Graduation,Married,69109.0,10,1,4,0,33,0,1555,20,0.29517684887459805,0.01607717041800643,0.0797427652733119,0.01864951768488746,0.06109324758842444,0.05,0.3,0.3,0.35,597
Graduation,Single,69627.0,35,2,5,0,53,1,861,23,0.2497096399535424,0.18699186991869918,0.1986062717770035,0.03484320557491289,0.06155632984901278,0.08695652173913043,0.34782608695652173,0.08695652173913043,0.4782608695652174,469
Graduation,Married,38136.0,69,2,8,0,37,1,103,8,0.2621359223300971,0.14563106796116504,0.0,0.1941747572815534,0.32038834951456313,0.25,0.375,0.125,0.25,433
PhD,Single,62159.0,68,1,4,0,69,0,634,19,0.4085173501577287,0.026813880126182965,0.12145110410094637,0.11041009463722397,0.04574132492113565,0.05263157894736842,0.3157894736842105,0.10526315789473684,0.5263157894736842,62
Graduation,Single,80695.0,85,1,2,0,52,0,1918,19,0.5130344108446299,0.06725755995828989,0.10062565172054223,0.01929092805005214,0.009384775808133473,0.05263157894736842,0.2631578947368421,0.42105263157894735,0.2631578947368421,182
Master,Single,33316.0,34,3,6,0,44,2,131,10,0.2366412213740458,0.007633587786259542,0.030534351145038167,0.030534351145038167,0.0916030534351145,0.3,0.2,0.1,0.4,268
Graduation,Together,58554.0,55,6,7,0,47,2,586,22,0.11604095563139932,0.040955631399317405,0.06484641638225255,0.0,0.15017064846416384,0.2727272727272727,0.36363636363636365,0.09090909090909091,0.2727272727272727,641
Basic,Married,17256.0,10,2,8,0,23,1,62,7,0.22580645161290322,0.06451612903225806,0.12903225806451613,0.12903225806451613,0.3548387096774194,0.2857142857142857,0.2857142857142857,0.14285714285714285,0.2857142857142857,218
Graduation,Divorced,53034.0,30,8,8,0,41,2,447,22,0.43847874720357943,0.03355704697986577,0.03355704697986577,0.024608501118568233,0.11185682326621924,0.36363636363636365,0.2727272727272727,0.045454545454545456,0.3181818181818182,395
2n Cycle,Together,52203.0,36,1,6,0,65,0,939,27,0.2534611288604899,0.022364217252396165,0.059637912673056445,0.11501597444089456,0.029818956336528223,0.037037037037037035,0.2962962962962963,0.25925925925925924,0.4074074074074074,698
2n Cycle,Divorced,59601.0,14,4,8,0,38,1,797,15,0.08657465495608532,0.00878293601003764,0.0,0.00878293601003764,0.028858218318695106,0.26666666666666666,0.13333333333333333,0.13333333333333333,0.4666666666666667,339
Master,Single,75154.0,79,1,3,0,57,1,1143,16,0.17935258092738407,0.008748906386701663,0.1399825021872266,0.12510936132983377,0.07174103237095363,0.0625,0.375,0.1875,0.375,663
Graduation,Single,47025.0,52,3,6,0,39,1,415,17,0.26024096385542167,0.016867469879518072,0.04819277108433735,0.0,0.06265060240963856,0.17647058823529413,0.35294117647058826,0.17647058823529413,0.29411764705882354,234
Graduation,Married,37971.0,97,1,8,0,42,1,30,5,0.3333333333333333,0.13333333333333333,0.06666666666666667,0.06666666666666667,0.23333333333333334,0.2,0.2,0.0,0.6,216
Master,Divorced,41335.0,24,3,7,0,47,1,187,12,0.11229946524064172,0.10160427807486631,0.0855614973262032,0.0748663101604278,0.026737967914438502,0.25,0.3333333333333333,0.08333333333333333,0.3333333333333333,185
Graduation,Married,67267.0,0,1,2,0,57,1,251,11,0.2350597609561753,0.043824701195219126,0.05976095617529881,0.00796812749003984,0.11952191235059761,0.09090909090909091,0.2727272727272727,0.18181818181818182,0.45454545454545453,47
Graduation,Single,57338.0,96,2,5,0,40,1,237,12,0.21940928270042195,0.02531645569620253,0.046413502109704644,0.03375527426160337,0.07172995780590717,0.16666666666666666,0.3333333333333333,0.08333333333333333,0.4166666666666667,61
2n Cycle,Together,50523.0,89,2,6,0,55,2,91,8,0.26373626373626374,0.04395604395604396,0.04395604395604396,0.07692307692307693,0.01098901098901099,0.25,0.25,0.0,0.5,186
Master,Single,35791.0,94,2,8,0,50,3,35,6,0.14285714285714285,0.0,0.0,0.0,0.08571428571428572,0.3333333333333333,0.16666666666666666,0.0,0.5,419
PhD,Divorced,50611.0,98,6,6,0,55,1,493,22,0.0486815415821501,0.0,0.012170385395537525,0.0,0.008113590263691683,0.2727272727272727,0.18181818181818182,0.22727272727272727,0.3181818181818182,633
PhD,Married,56242.0,72,5,6,0,46,1,971,28,0.17198764160659114,0.008238928939237899,0.01132852729145211,0.008238928939237899,0.09062821833161688,0.17857142857142858,0.2857142857142857,0.14285714285714285,0.39285714285714285,483
Graduation,Single,48904.0,1,4,8,0,55,1,371,17,0.10242587601078167,0.026954177897574125,0.0,0.03504043126684636,0.07277628032345014,0.23529411764705882,0.4117647058823529,0.11764705882352941,0.23529411764705882,574
Graduation,Single,56243.0,26,6,5,0,40,3,396,20,0.08838383838383838,0.0,0.010101010101010102,0.007575757575757576,0.017676767676767676,0.3,0.2,0.1,0.4,181
Graduation,Married,21355.0,5,2,6,0,30,1,68,7,0.20588235294117646,0.19117647058823528,0.0,0.07352941176470588,0.45588235294117646,0.2857142857142857,0.2857142857142857,0.14285714285714285,0.2857142857142857,313
Master,Together,57420.0,22,3,7,0,44,1,322,15,0.055900621118012424,0.0,0.0,0.0,0.07453416149068323,0.2,0.3333333333333333,0.06666666666666667,0.4,369
Master,Divorced,46390.0,56,1,7,0,60,1,222,10,0.2882882882882883,0.06306306306306306,0.009009009009009009,0.04054054054054054,0.17117117117117117,0.1,0.4,0.2,0.3,55
2n Cycle,Together,54342.0,74,4,6,0,59,2,177,12,0.192090395480226,0.05649717514124294,0.062146892655367235,0.05649717514124294,0.15819209039548024,0.3333333333333333,0.25,0.08333333333333333,0.3333333333333333,361
Graduation,Married,20895.0,24,1,9,0,42,1,45,6,0.37777777777777777,0.06666666666666667,0.06666666666666667,0.0,0.08888888888888889,0.16666666666666666,0.3333333333333333,0.0,0.5,631
Graduation,Married,92344.0,9,0,1,0,67,0,1899,20,0.36545550289626116,0.01263823064770932,0.026856240126382307,0.010005265929436546,0.06266456029489205,0.0,0.25,0.5,0.25,165
2n Cycle,Together,26907.0,10,2,7,0,39,2,22,6,0.3181818181818182,0.045454545454545456,0.0,0.13636363636363635,0.09090909090909091,0.3333333333333333,0.16666666666666666,0.0,0.5,313
Graduation,Together,44964.0,35,1,8,0,35,2,41,5,0.4146341463414634,0.024390243902439025,0.04878048780487805,0.0,0.04878048780487805,0.2,0.2,0.0,0.6,560
Graduation,Together,75507.0,56,1,3,0,36,0,1440,21,0.25972222222222224,0.06458333333333334,0.07222222222222222,0.05555555555555555,0.05555555555555555,0.047619047619047616,0.38095238095238093,0.2857142857142857,0.2857142857142857,58
Master,Married,53761.0,7,6,5,0,43,2,325,17,0.23384615384615384,0.0,0.04,0.021538461538461538,0.21846153846153846,0.35294117647058826,0.23529411764705882,0.23529411764705882,0.17647058823529413,261
Graduation,Together,22682.0,51,3,4,0,42,1,95,10,0.30526315789473685,0.14736842105263157,0.042105263157894736,0.021052631578947368,0.37894736842105264,0.3,0.2,0.1,0.4,269
PhD,Together,38887.0,17,1,7,0,43,1,42,5,0.30952380952380953,0.023809523809523808,0.0,0.0,0.07142857142857142,0.2,0.2,0.0,0.6,119
2n Cycle,Single,41658.0,30,2,4,0,40,2,72,6,0.16666666666666666,0.05555555555555555,0.20833333333333334,0.05555555555555555,0.4027777777777778,0.3333333333333333,0.16666666666666666,0.16666666666666666,0.3333333333333333,597
PhD,Married,29791.0,21,2,5,0,43,1,20,7,0.3,0.0,0.0,0.0,0.0,0.2857142857142857,0.2857142857142857,0.0,0.42857142857142855,45
Master,Married,63915.0,2,2,5,0,59,2,789,23,0.14575411913814956,0.008871989860583017,0.03802281368821293,0.0,0.019011406844106463,0.08695652173913043,0.2608695652173913,0.13043478260869565,0.5217391304347826,334
Graduation,Divorced,39996.0,85,1,6,0,41,2,15,4,0.2,0.0,0.0,0.0,0.06666666666666667,0.25,0.25,0.0,0.5,38
Graduation,Divorced,26759.0,65,2,6,0,43,1,59,8,0.2711864406779661,0.05084745762711865,0.13559322033898305,0.0847457627118644,0.03389830508474576,0.25,0.25,0.125,0.375,142
Master,Divorced,63841.0,64,1,6,0,47,1,908,22,0.11013215859030837,0.016519823788546256,0.022026431718061675,0.007709251101321586,0.14427312775330398,0.045454545454545456,0.4090909090909091,0.13636363636363635,0.4090909090909091,434
PhD,Married,51039.0,11,2,7,0,46,2,417,14,0.18944844124700239,0.15347721822541965,0.15587529976019185,0.0,0.26139088729016785,0.14285714285714285,0.42857142857142855,0.14285714285714285,0.2857142857142857,566
Graduation,Married,60544.0,92,4,6,0,54,2,289,15,0.14878892733564014,0.006920415224913495,0.010380622837370242,0.01730103806228374,0.12110726643598616,0.26666666666666666,0.3333333333333333,0.06666666666666667,0.3333333333333333,673
Graduation,Married,65685.0,54,1,5,0,43,1,769,21,0.06371911573472042,0.018205461638491547,0.0,0.009102730819245773,0.0741222366710013,0.047619047619047616,0.42857142857142855,0.09523809523809523,0.42857142857142855,92
Graduation,Married,37716.0,4,2,7,0,62,1,188,10,0.21808510638297873,0.005319148936170213,0.031914893617021274,0.010638297872340425,0.21808510638297873,0.2,0.4,0.1,0.3,69
Graduation,Single,36864.0,53,3,8,0,58,1,354,14,0.11016949152542373,0.014124293785310734,0.0480225988700565,0.0,0.2514124293785311,0.21428571428571427,0.35714285714285715,0.14285714285714285,0.2857142857142857,685
Master,Married,44511.0,39,6,8,0,45,1,727,26,0.1829436038514443,0.009628610729023384,0.06327372764786796,0.01925722145804677,0.01925722145804677,0.23076923076923078,0.3076923076923077,0.15384615384615385,0.3076923076923077,625
PhD,Married,36947.0,49,4,9,0,48,2,146,11,0.14383561643835616,0.02054794520547945,0.0273972602739726,0.00684931506849315,0.19863013698630136,0.36363636363636365,0.2727272727272727,0.0,0.36363636363636365,691
Master,Together,47352.0,70,4,7,0,64,1,319,16,0.3510971786833856,0.03761755485893417,0.025078369905956112,0.0,0.047021943573667714,0.25,0.375,0.0625,0.3125,444
Master,Married,67087.0,40,2,4,0,62,1,794,22,0.2795969773299748,0.04408060453400504,0.163727959697733,0.04408060453400504,0.05415617128463476,0.09090909090909091,0.3181818181818182,0.22727272727272727,0.36363636363636365,194
Graduation,Married,57045.0,40,3,3,0,65,1,454,18,0.2290748898678414,0.028634361233480177,0.024229074889867842,0.028634361233480177,0.037444933920704845,0.16666666666666666,0.2222222222222222,0.1111111111111111,0.5,659
PhD,Divorced,36957.0,43,4,9,0,62,2,152,11,0.10526315789473684,0.013157894736842105,0.013157894736842105,0.006578947368421052,0.20394736842105263,0.36363636363636365,0.2727272727272727,0.18181818181818182,0.18181818181818182,661
PhD,Married,69389.0,17,1,4,0,38,1,797,22,0.2986198243412798,0.00878293601003764,0.08657465495608532,0.05771643663739021,0.018820577164366373,0.045454545454545456,0.3181818181818182,0.09090909090909091,0.5454545454545454,639
Graduation,Married,80134.0,40,2,6,0,43,1,1690,16,0.16094674556213018,0.009467455621301775,0.06153846153846154,0.0,0.047337278106508875,0.125,0.3125,0.1875,0.375,405
Master,Married,43142.0,84,1,7,0,46,2,20,4,0.35,0.05,0.1,0.05,0.2,0.25,0.25,0.0,0.5,131
Graduation,Married,80589.0,25,1,1,0,71,0,1428,21,0.3641456582633053,0.06512605042016807,0.16946778711484595,0.028011204481792718,0.018207282913165267,0.047619047619047616,0.23809523809523808,0.47619047619047616,0.23809523809523808,158
Graduation,Single,34412.0,62,3,9,0,25,1,209,11,0.23923444976076555,0.05741626794258373,0.019138755980861243,0.1722488038277512,0.2631578947368421,0.2727272727272727,0.45454545454545453,0.0,0.2727272727272727,501
Graduation,Single,57537.0,83,4,4,0,36,1,545,19,0.25504587155963304,0.10275229357798166,0.09357798165137615,0.014678899082568808,0.1834862385321101,0.21052631578947367,0.21052631578947367,0.15789473684210525,0.42105263157894735,384
Basic,Together,22634.0,47,1,8,0,49,0,96,6,0.11458333333333333,0.23958333333333334,0.08333333333333333,0.0625,0.4791666666666667,0.16666666666666666,0.3333333333333333,0.16666666666666666,0.3333333333333333,529
Graduation,Together,51315.0,45,1,2,0,67,0,222,10,0.17567567567567569,0.12612612612612611,0.07207207207207207,0.13513513513513514,0.18468468468468469,0.1,0.2,0.2,0.5,126
Graduation,Married,36026.0,34,2,6,0,43,3,61,7,0.16393442622950818,0.06557377049180328,0.09836065573770492,0.06557377049180328,0.2786885245901639,0.2857142857142857,0.2857142857142857,0.0,0.42857142857142855,105
Graduation,Married,24639.0,3,3,6,0,42,2,44,9,0.36363636363636365,0.06818181818181818,0.0,0.09090909090909091,0.022727272727272728,0.3333333333333333,0.2222222222222222,0.0,0.4444444444444444,152
PhD,Together,34578.0,1,1,6,0,43,3,8,4,0.125,0.0,0.0,0.0,0.0,0.25,0.25,0.0,0.5,79
2n Cycle,Single,65704.0,18,1,1,0,43,0,817,23,0.09057527539779682,0.21052631578947367,0.046511627906976744,0.009791921664626682,0.3011015911872705,0.043478260869565216,0.08695652173913043,0.43478260869565216,0.43478260869565216,259
Graduation,Single,63810.0,45,4,8,0,49,1,1371,23,0.18453683442742524,0.0087527352297593,0.011670313639679067,0.0087527352297593,0.0736688548504741,0.17391304347826086,0.17391304347826086,0.13043478260869565,0.5217391304347826,595
PhD,Together,54132.0,81,1,7,0,46,1,42,5,0.19047619047619047,0.023809523809523808,0.0,0.0,0.07142857142857142,0.2,0.2,0.0,0.6,133
Graduation,Married,18690.0,77,1,8,0,56,0,60,5,0.11666666666666667,0.016666666666666666,0.38333333333333336,0.06666666666666667,0.31666666666666665,0.2,0.2,0.2,0.4,548
Graduation,Married,28164.0,23,3,7,0,45,1,78,9,0.3333333333333333,0.23076923076923078,0.14102564102564102,0.10256410256410256,0.15384615384615385,0.3333333333333333,0.2222222222222222,0.0,0.4444444444444444,421
PhD,Married,34596.0,48,1,8,0,41,1,23,4,0.08695652173913043,0.0,0.0,0.0,0.30434782608695654,0.25,0.25,0.0,0.5,442
PhD,Married,43269.0,61,1,8,0,43,1,19,4,0.3684210526315789,0.05263157894736842,0.0,0.0,0.05263157894736842,0.25,0.25,0.0,0.5,286
2n Cycle,Single,38741.0,60,2,7,0,57,2,61,7,0.2786885245901639,0.16393442622950818,0.13114754098360656,0.09836065573770492,0.21311475409836064,0.2857142857142857,0.2857142857142857,0.0,0.42857142857142855,91
Graduation,Single,31907.0,75,1,7,0,43,0,449,14,0.14253897550111358,0.19376391982182628,0.3897550111358575,0.035634743875278395,0.16481069042316257,0.07142857142857142,0.42857142857142855,0.07142857142857142,0.42857142857142855,482
Master,Married,27100.0,64,1,7,0,32,1,37,5,0.35135135135135137,0.0,0.05405405405405406,0.0,0.2702702702702703,0.2,0.2,0.0,0.6,450
2n Cycle,Divorced,31163.0,54,1,6,0,42,1,38,5,0.2631578947368421,0.07894736842105263,0.2894736842105263,0.05263157894736842,0.2631578947368421,0.2,0.2,0.0,0.6,136
Graduation,Married,92533.0,84,1,2,0,30,0,1131,23,0.10433244916003537,0.01856763925729443,0.09725906277630415,0.129973474801061,0.03713527851458886,0.043478260869565216,0.2608695652173913,0.21739130434782608,0.4782608695652174,192
Graduation,Single,34853.0,75,2,6,0,42,2,34,7,0.4411764705882353,0.08823529411764706,0.058823529411764705,0.08823529411764706,0.058823529411764705,0.2857142857142857,0.2857142857142857,0.0,0.42857142857142855,188
Graduation,Divorced,70844.0,16,5,7,0,48,2,294,17,0.22789115646258504,0.08843537414965986,0.01020408163265306,0.22789115646258504,0.006802721088435374,0.29411764705882354,0.35294117647058826,0.058823529411764705,0.29411764705882354,242
2n Cycle,Married,31086.0,79,2,8,0,36,2,48,6,0.22916666666666666,0.041666666666666664,0.0625,0.0,0.3333333333333333,0.3333333333333333,0.16666666666666666,0.16666666666666666,0.3333333333333333,421
Graduation,Married,60544.0,92,4,6,0,54,2,289,15,0.14878892733564014,0.006920415224913495,0.010380622837370242,0.01730103806228374,0.12110726643598616,0.26666666666666666,0.3333333333333333,0.06666666666666667,0.3333333333333333,673
2n Cycle,Together,20491.0,16,1,7,0,29,0,30,4,0.16666666666666666,0.13333333333333333,0.13333333333333333,0.06666666666666667,0.3333333333333333,0.25,0.0,0.25,0.5,520
Graduation,Married,42523.0,96,1,2,0,51,0,125,7,0.088,0.288,0.024,0.208,0.28,0.14285714285714285,0.14285714285714285,0.14285714285714285,0.5714285714285714,67
Graduation,Married,39922.0,30,2,8,0,32,1,156,9,0.3782051282051282,0.07692307692307693,0.12179487179487179,0.00641025641025641,0.23076923076923078,0.2222222222222222,0.3333333333333333,0.0,0.4444444444444444,500
Graduation,Together,33402.0,60,3,8,0,63,2,70,9,0.2714285714285714,0.02857142857142857,0.14285714285714285,0.07142857142857142,0.11428571428571428,0.3333333333333333,0.2222222222222222,0.1111111111111111,0.3333333333333333,346
Master,Married,36408.0,11,1,6,0,66,2,22,4,0.18181818181818182,0.045454545454545456,0.13636363636363635,0.09090909090909091,0.13636363636363635,0.25,0.25,0.0,0.5,281
Graduation,Together,21645.0,75,3,9,0,36,1,65,9,0.35384615384615387,0.0,0.06153846153846154,0.07692307692307693,0.2923076923076923,0.3333333333333333,0.3333333333333333,0.0,0.3333333333333333,664
Master,Widow,78427.0,36,3,3,0,67,0,1930,23,0.3082901554404145,0.009844559585492229,0.09326424870466321,0.013471502590673576,0.07150259067357513,0.13043478260869565,0.13043478260869565,0.30434782608695654,0.43478260869565216,613
Graduation,Together,82657.0,71,1,4,0,69,0,2283,23,0.2943495400788436,0.0735873850197109,0.10775295663600526,0.045992115637319315,0.05519053876478318,0.043478260869565216,0.30434782608695654,0.21739130434782608,0.43478260869565216,275
Graduation,Married,51876.0,88,1,1,0,57,0,310,13,0.32903225806451614,0.08709677419354839,0.09032258064516129,0.15483870967741936,0.01935483870967742,0.07692307692307693,0.15384615384615385,0.15384615384615385,0.6153846153846154,257
2n Cycle,Married,78041.0,93,1,2,0,44,0,1319,18,0.41925701288855194,0.026535253980288095,0.05458680818802123,0.12130401819560273,0.01288855193328279,0.05555555555555555,0.2222222222222222,0.2222222222222222,0.5,560
Graduation,Married,52852.0,93,4,8,0,58,1,879,26,0.11262798634812286,0.009101251422070534,0.012514220705346985,0.0,0.053469852104664393,0.15384615384615385,0.38461538461538464,0.2692307692307692,0.19230769230769232,575
PhD,Together,70038.0,54,1,2,0,33,0,1244,17,0.2797427652733119,0.04340836012861737,0.05707395498392283,0.04340836012861737,0.1045016077170418,0.058823529411764705,0.23529411764705882,0.23529411764705882,0.47058823529411764,247
2n Cycle,Together,69401.0,41,4,2,0,42,1,690,17,0.23043478260869565,0.0391304347826087,0.08405797101449275,0.011594202898550725,0.05652173913043478,0.23529411764705882,0.23529411764705882,0.23529411764705882,0.29411764705882354,98
Graduation,Together,46053.0,46,3,5,0,43,1,209,12,0.44019138755980863,0.04784688995215311,0.09090909090909091,0.03349282296650718,0.11961722488038277,0.25,0.25,0.16666666666666666,0.3333333333333333,497
Graduation,Married,77343.0,28,1,1,0,50,0,1134,17,0.5052910052910053,0.13315696649029982,0.08641975308641975,0.047619047619047616,0.027336860670194002,0.058823529411764705,0.17647058823529413,0.23529411764705882,0.5294117647058824,20
Graduation,Single,73892.0,40,1,1,0,62,0,1507,23,0.3988055739880557,0.0676841406768414,0.0,0.038487060384870604,0.028533510285335104,0.043478260869565216,0.13043478260869565,0.4782608695652174,0.34782608695652173,228
PhD,Single,40304.0,82,1,7,0,48,1,57,6,0.2982456140350877,0.0,0.0,0.0,0.05263157894736842,0.16666666666666666,0.3333333333333333,0.0,0.5,272
PhD,Together,32727.0,38,2,8,0,50,0,529,17,0.34026465028355385,0.024574669187145556,0.16257088846880907,0.024574669187145556,0.1323251417769376,0.11764705882352941,0.4117647058823529,0.17647058823529413,0.29411764705882354,670
Graduation,Together,68695.0,3,1,2,0,46,0,1091,16,0.32630614115490375,0.07424381301558204,0.09715857011915674,0.045829514207149404,0.03666361136571952,0.0625,0.25,0.25,0.4375,4
Graduation,Divorced,43300.0,87,3,8,0,44,1,180,11,0.28888888888888886,0.016666666666666666,0.011111111111111112,0.005555555555555556,0.17222222222222222,0.2727272727272727,0.36363636363636365,0.0,0.36363636363636365,624
Graduation,Together,26290.0,49,4,6,0,43,2,77,10,0.2077922077922078,0.1038961038961039,0.14285714285714285,0.06493506493506493,0.2857142857142857,0.4,0.2,0.0,0.4,533
Graduation,Single,93790.0,16,0,2,0,45,0,2349,25,0.3111962537249894,0.02894848871860366,0.037888463175819495,0.04853128991060025,0.019157088122605363,0.0,0.24,0.28,0.48,137
PhD,Married,38410.0,65,2,6,0,41,0,534,18,0.2303370786516854,0.1198501872659176,0.21722846441947566,0.1198501872659176,0.026217228464419477,0.1111111111111111,0.2777777777777778,0.1111111111111111,0.5,653
Master,Widow,64866.0,9,4,5,0,65,1,556,21,0.03776978417266187,0.008992805755395683,0.012589928057553957,0.008992805755395683,0.017985611510791366,0.19047619047619047,0.3333333333333333,0.14285714285714285,0.3333333333333333,154
Graduation,Together,57957.0,24,7,3,1,56,1,637,25,0.2778649921507064,0.09262166405023547,0.12087912087912088,0.007849293563579277,0.04552590266875981,0.28,0.16,0.24,0.32,314
PhD,Together,46015.0,25,1,7,0,60,2,46,5,0.043478260869565216,0.0,0.0,0.0,0.13043478260869565,0.2,0.2,0.0,0.6,77
Graduation,Together,16531.0,43,3,7,0,37,1,44,9,0.13636363636363635,0.29545454545454547,0.1590909090909091,0.11363636363636363,0.25,0.3333333333333333,0.3333333333333333,0.0,0.3333333333333333,11
Master,Married,28072.0,10,1,7,0,29,1,47,5,0.2127659574468085,0.0,0.0425531914893617,0.0,0.10638297872340426,0.2,0.2,0.0,0.6,356
Master,Divorced,49476.0,29,4,2,0,52,1,795,22,0.11949685534591195,0.028930817610062894,0.06792452830188679,0.05157232704402516,0.24654088050314465,0.18181818181818182,0.09090909090909091,0.5,0.22727272727272727,374
Graduation,Married,50725.0,45,4,8,0,62,1,586,21,0.12798634812286688,0.017064846416382253,0.0,0.017064846416382253,0.08191126279863481,0.19047619047619047,0.38095238095238093,0.047619047619047616,0.38095238095238093,501
Graduation,Together,83844.0,57,1,1,0,63,0,1574,20,0.21918678526048285,0.019695044472681066,0.04764930114358323,0.019695044472681066,0.12134688691232529,0.05,0.2,0.2,0.55,413
PhD,Married,41145.0,20,1,3,0,65,2,13,4,0.23076923076923078,0.0,0.0,0.0,0.07692307692307693,0.25,0.0,0.0,0.75,141
Graduation,Together,67419.0,29,4,5,0,45,1,1471,25,0.23929299796057105,0.05710401087695445,0.061862678450033994,0.038069340584636305,0.028552005438477225,0.16,0.36,0.16,0.32,529
2n Cycle,Married,23162.0,82,3,6,0,45,2,65,8,0.13846153846153847,0.046153846153846156,0.2923076923076923,0.06153846153846154,0.3384615384615385,0.375,0.125,0.125,0.375,190
Graduation,Married,34380.0,68,4,8,0,38,1,175,12,0.3314285714285714,0.04,0.07428571428571429,0.005714285714285714,0.13714285714285715,0.3333333333333333,0.3333333333333333,0.08333333333333333,0.25,423
Graduation,Single,34704.0,65,1,5,0,49,1,40,5,0.125,0.0,0.0,0.025,0.125,0.2,0.2,0.0,0.6,428
PhD,Married,94871.0,99,1,7,0,46,2,1078,18,0.512987012987013,0.022263450834879406,0.17439703153988867,0.0,0.13358070500927643,0.05555555555555555,0.4444444444444444,0.2777777777777778,0.2222222222222222,666
Graduation,Married,65148.0,9,2,4,0,57,1,1115,21,0.37847533632286995,0.03139013452914798,0.029596412556053813,0.010762331838565023,0.13721973094170403,0.09523809523809523,0.2857142857142857,0.2857142857142857,0.3333333333333333,590
Graduation,Together,39898.0,20,2,7,0,61,1,134,9,0.19402985074626866,0.05970149253731343,0.08955223880597014,0.05223880597014925,0.08955223880597014,0.2222222222222222,0.3333333333333333,0.0,0.4444444444444444,502
Master,Single,64857.0,78,1,4,0,59,0,1540,23,0.4655844155844156,0.00909090909090909,0.13636363636363635,0.0,0.02792207792207792,0.043478260869565216,0.30434782608695654,0.21739130434782608,0.43478260869565216,583
PhD,Married,59892.0,26,1,3,0,45,1,87,7,0.14942528735632185,0.0,0.0,0.011494252873563218,0.0,0.14285714285714285,0.2857142857142857,0.14285714285714285,0.42857142857142855,239
Master,Single,41020.0,68,1,3,0,28,0,217,10,0.2488479262672811,0.004608294930875576,0.03225806451612903,0.03225806451612903,0.16589861751152074,0.1,0.3,0.2,0.4,244
PhD,Married,57072.0,79,2,5,0,54,1,1034,27,0.058027079303675046,0.0,0.0,0.0,0.029013539651837523,0.07407407407407407,0.25925925925925924,0.18518518518518517,0.48148148148148145,156
Graduation,Single,60474.0,25,7,7,0,36,1,1180,31,0.25677966101694916,0.16864406779661018,0.19830508474576272,0.007627118644067797,0.1440677966101695,0.22580645161290322,0.3225806451612903,0.06451612903225806,0.3870967741935484,454
Graduation,Together,62807.0,83,3,5,0,55,1,819,23,0.16483516483516483,0.03418803418803419,0.01221001221001221,0.02564102564102564,0.12087912087912088,0.13043478260869565,0.21739130434782608,0.13043478260869565,0.5217391304347826,667
2n Cycle,Together,19414.0,32,1,8,0,34,1,32,5,0.375,0.09375,0.09375,0.15625,0.21875,0.2,0.2,0.0,0.6,256
Graduation,Married,19107.0,49,2,7,0,35,1,46,6,0.1956521739130435,0.08695652173913043,0.21739130434782608,0.10869565217391304,0.34782608695652173,0.3333333333333333,0.16666666666666666,0.0,0.5,311
2n Cycle,Together,75484.0,50,2,4,0,39,1,1159,18,0.22346850733390855,0.08369283865401209,0.16997411561691114,0.16738567730802417,0.029335634167385678,0.1111111111111111,0.3888888888888889,0.16666666666666666,0.3333333333333333,696
Master,Single,70379.0,84,3,4,0,39,1,860,25,0.16511627906976745,0.029069767441860465,0.0755813953488372,0.07790697674418605,0.009302325581395349,0.12,0.24,0.12,0.52,483
Master,Together,79419.0,96,1,2,0,45,0,1631,15,0.4212139791538933,0.07786633966891478,0.012262415695892091,0.009196811771919068,0.01900674432863274,0.06666666666666667,0.26666666666666666,0.4,0.26666666666666666,7
PhD,Together,64014.0,56,7,7,0,69,3,444,22,0.06756756756756757,0.0,0.0,0.0,0.018018018018018018,0.3181818181818182,0.36363636363636365,0.09090909090909091,0.22727272727272727,19
Graduation,Married,76998.0,85,2,6,0,60,1,1910,29,0.08429319371727749,0.04659685863874346,0.03612565445026178,0.01832460732984293,0.05602094240837696,0.06896551724137931,0.3793103448275862,0.27586206896551724,0.27586206896551724,534
Master,Together,49854.0,63,5,6,0,43,1,380,18,0.45,0.04473684210526316,0.10263157894736842,0.0,0.07894736842105263,0.2777777777777778,0.3333333333333333,0.1111111111111111,0.2777777777777778,231
PhD,Married,60585.0,17,10,5,0,44,2,736,30,0.41983695652173914,0.057065217391304345,0.07472826086956522,0.057065217391304345,0.028532608695652172,0.3333333333333333,0.23333333333333334,0.13333333333333333,0.3,370
PhD,Divorced,42873.0,11,4,8,0,65,2,269,15,0.14869888475836432,0.0,0.011152416356877323,0.007434944237918215,0.055762081784386616,0.26666666666666666,0.4,0.06666666666666667,0.26666666666666666,524
Graduation,Together,87679.0,62,1,4,0,27,0,2524,29,0.32290015847860537,0.06814580031695722,0.0384310618066561,0.058637083993660855,0.013074484944532488,0.034482758620689655,0.2413793103448276,0.3793103448275862,0.3448275862068966,337
Graduation,Together,57867.0,48,7,6,0,37,1,612,25,0.2908496732026144,0.05718954248366013,0.024509803921568627,0.03758169934640523,0.027777777777777776,0.28,0.28,0.08,0.36,271
Graduation,Married,35765.0,86,2,6,0,25,1,75,8,0.4,0.04,0.0,0.06666666666666667,0.2,0.25,0.25,0.0,0.5,200
Graduation,Married,65492.0,73,2,2,0,56,0,1045,26,0.2822966507177033,0.15406698564593302,0.20095693779904306,0.08133971291866028,0.044976076555023926,0.07692307692307693,0.15384615384615385,0.2692307692307692,0.5,154
Graduation,Divorced,32952.0,36,1,7,0,38,1,55,6,0.21818181818181817,0.0,0.05454545454545454,0.01818181818181818,0.01818181818181818,0.16666666666666666,0.3333333333333333,0.0,0.5,210
PhD,Together,53374.0,34,6,9,0,46,1,1064,21,0.09492481203007519,0.009398496240601503,0.012218045112781954,0.009398496240601503,0.03195488721804511,0.2857142857142857,0.19047619047619047,0.09523809523809523,0.42857142857142855,682
Graduation,Together,71706.0,16,4,5,0,56,1,1443,25,0.17532917532917533,0.038808038808038806,0.06306306306306306,0.06791406791406791,0.009702009702009701,0.16,0.36,0.2,0.28,593
Graduation,Married,68487.0,48,1,4,0,27,0,1366,30,0.28184480234260617,0.008784773060029283,0.024158125915080528,0.06515373352855051,0.06515373352855051,0.03333333333333333,0.3,0.23333333333333334,0.43333333333333335,532
Master,Together,53253.0,61,7,5,0,40,2,436,19,0.13073394495412843,0.020642201834862386,0.045871559633027525,0.020642201834862386,0.286697247706422,0.3684210526315789,0.21052631578947367,0.15789473684210525,0.2631578947368421,503
2n Cycle,Divorced,31163.0,54,1,6,0,42,1,38,5,0.2631578947368421,0.07894736842105263,0.2894736842105263,0.05263157894736842,0.2631578947368421,0.2,0.2,0.0,0.6,136
Graduation,Married,42014.0,56,6,8,0,38,1,436,20,0.24770642201834864,0.034403669724770644,0.009174311926605505,0.034403669724770644,0.11467889908256881,0.3,0.35,0.05,0.3,681
Master,Married,54108.0,74,13,8,0,42,2,747,32,0.12182061579651941,0.008032128514056224,0.0107095046854083,0.008032128514056224,0.12985274431057564,0.40625,0.25,0.0625,0.28125,601
PhD,Single,49667.0,35,2,8,0,60,0,1396,22,0.08595988538681948,0.01862464183381089,0.012177650429799427,0.009312320916905445,0.027936962750716332,0.09090909090909091,0.22727272727272727,0.45454545454545453,0.22727272727272727,678
Master,Married,63206.0,65,1,2,0,41,0,928,14,0.13469827586206898,0.008620689655172414,0.011853448275862068,0.008620689655172414,0.028017241379310345,0.07142857142857142,0.2857142857142857,0.21428571428571427,0.42857142857142855,101
Master,Married,57136.0,48,9,6,0,43,2,642,26,0.16978193146417445,0.00778816199376947,0.03271028037383177,0.16978193146417445,0.14330218068535824,0.34615384615384615,0.19230769230769232,0.07692307692307693,0.38461538461538464,355
2n Cycle,Together,46772.0,88,6,8,0,40,1,1048,30,0.1803435114503817,0.09923664122137404,0.18797709923664122,0.14408396946564886,0.05438931297709924,0.2,0.36666666666666664,0.26666666666666666,0.16666666666666666,599
PhD,Married,78931.0,19,1,1,0,44,0,943,24,0.18027571580063625,0.20890774125132555,0.061505832449628844,0.16118769883351008,0.03711558854718982,0.041666666666666664,0.08333333333333333,0.3333333333333333,0.5416666666666666,247
Graduation,Together,53977.0,21,5,5,0,57,1,907,27,0.1819184123484013,0.017640573318632856,0.0,0.026460859977949284,0.09040793825799338,0.18518518518518517,0.18518518518518517,0.18518518518518517,0.4444444444444444,386
Graduation,Married,84219.0,27,1,1,0,27,0,1198,18,0.333889816360601,0.11435726210350584,0.037562604340567615,0.11435726210350584,0.037562604340567615,0.05555555555555555,0.16666666666666666,0.2222222222222222,0.5555555555555556,147
Master,Single,46098.0,86,4,8,0,40,2,120,11,0.225,0.0,0.0,0.0,0.3,0.36363636363636365,0.2727272727272727,0.18181818181818182,0.18181818181818182,680
Graduation,Married,73538.0,92,3,7,0,50,1,1658,26,0.25814234016887816,0.045838359469240045,0.05971049457177322,0.08262967430639324,0.06453558504221954,0.11538461538461539,0.38461538461538464,0.15384615384615385,0.34615384615384615,581
Graduation,Married,79529.0,1,1,2,0,29,0,1638,22,0.43101343101343104,0.02564102564102564,0.04456654456654457,0.12026862026862027,0.12026862026862027,0.045454545454545456,0.18181818181818182,0.36363636363636365,0.4090909090909091,63
2n Cycle,Together,20981.0,14,1,8,0,38,0,73,7,0.136986301369863,0.1643835616438356,0.0821917808219178,0.1780821917808219,0.410958904109589,0.14285714285714285,0.42857142857142855,0.14285714285714285,0.2857142857142857,425
Graduation,Single,51766.0,74,2,5,0,35,1,275,12,0.31636363636363635,0.18545454545454546,0.02181818181818182,0.07272727272727272,0.18545454545454546,0.16666666666666666,0.3333333333333333,0.16666666666666666,0.3333333333333333,110
Graduation,Married,55759.0,84,5,8,0,53,1,854,26,0.09953161592505855,0.0,0.0117096018735363,0.00819672131147541,0.09016393442622951,0.19230769230769232,0.38461538461538464,0.11538461538461539,0.3076923076923077,578
Graduation,Married,33039.0,4,1,5,0,37,1,78,7,0.15384615384615385,0.10256410256410256,0.10256410256410256,0.10256410256410256,0.15384615384615385,0.14285714285714285,0.2857142857142857,0.0,0.5714285714285714,293
Master,Married,37787.0,50,1,8,0,43,1,106,7,0.37735849056603776,0.009433962264150943,0.03773584905660377,0.02830188679245283,0.16981132075471697,0.14285714285714285,0.42857142857142855,0.0,0.42857142857142855,282
Graduation,Single,27242.0,2,2,9,0,45,1,106,7,0.24528301886792453,0.16037735849056603,0.18867924528301888,0.009433962264150943,0.36792452830188677,0.2857142857142857,0.2857142857142857,0.0,0.42857142857142855,595
PhD,Single,87188.0,73,1,3,0,32,0,1923,19,0.3764950598023921,0.057722308892355696,0.02548101924076963,0.03848153926157046,0.02860114404576183,0.05263157894736842,0.5263157894736842,0.10526315789473684,0.3157894736842105,391
Graduation,Together,69930.0,21,1,3,0,44,0,1662,22,0.49759326113116725,0.05896510228640193,0.13176895306859207,0.0421179302045728,0.11793020457280386,0.045454545454545456,0.18181818181818182,0.22727272727272727,0.5454545454545454,399
Graduation,Single,37697.0,82,1,6,0,39,1,84,7,0.25,0.07142857142857142,0.13095238095238096,0.047619047619047616,0.09523809523809523,0.14285714285714285,0.2857142857142857,0.14285714285714285,0.42857142857142855,142
PhD,Married,37401.0,14,2,7,0,42,1,48,7,0.3958333333333333,0.0625,0.0625,0.020833333333333332,0.0625,0.2857142857142857,0.2857142857142857,0.0,0.42857142857142855,54
Graduation,Single,3502.0,56,0,14,0,42,1,5,0,0.2,0.2,0.0,0.0,0.2,0.0,0.0,0.0,0.0,442
Graduation,Married,58597.0,20,12,7,0,39,2,733,32,0.25102319236016374,0.0,0.013642564802182811,0.03819918144611187,0.0286493860845839,0.375,0.21875,0.125,0.28125,586
PhD,Widow,82032.0,54,0,1,0,67,0,1234,17,0.3055105348460292,0.15721231766612642,0.12074554294975688,0.1012965964343598,0.046191247974068074,0.0,0.23529411764705882,0.35294117647058826,0.4117647058823529,85
Graduation,Together,28087.0,77,3,7,0,57,2,112,9,0.15178571428571427,0.07142857142857142,0.11607142857142858,0.0,0.1875,0.3333333333333333,0.2222222222222222,0.2222222222222222,0.2222222222222222,565
PhD,Single,74004.0,5,1,3,0,28,0,1658,15,0.33775633293124246,0.028950542822677925,0.025331724969843185,0.10615199034981906,0.028950542822677925,0.06666666666666667,0.26666666666666666,0.4,0.26666666666666666,125
Graduation,Together,19740.0,65,2,5,0,55,1,55,7,0.05454545454545454,0.2,0.18181818181818182,0.07272727272727272,0.36363636363636365,0.2857142857142857,0.14285714285714285,0.14285714285714285,0.42857142857142855,462
2n Cycle,Married,57036.0,33,4,9,0,40,1,1513,26,0.14474553866490417,0.028420356906807668,0.01255783212161269,0.009253139458030404,0.031064111037673495,0.15384615384615385,0.23076923076923078,0.11538461538461539,0.5,565
2n Cycle,Together,53083.0,65,6,7,0,57,2,271,17,0.12177121771217712,0.025830258302583026,0.01107011070110701,0.0,0.04797047970479705,0.35294117647058826,0.29411764705882354,0.058823529411764705,0.29411764705882354,410
PhD,Married,69283.0,41,4,5,0,40,1,904,27,0.14823008849557523,0.06858407079646017,0.0,0.028761061946902654,0.008849557522123894,0.14814814814814814,0.25925925925925924,0.1111111111111111,0.48148148148148145,15
Master,Single,46098.0,86,4,8,0,40,2,120,11,0.225,0.0,0.0,0.0,0.3,0.36363636363636365,0.2727272727272727,0.18181818181818182,0.18181818181818182,680
2n Cycle,Married,23331.0,92,2,8,0,27,1,103,8,0.06796116504854369,0.34951456310679613,0.0,0.0970873786407767,0.4368932038834951,0.25,0.375,0.0,0.375,663
2n Cycle,Single,23331.0,97,6,9,0,27,1,269,17,0.3754646840148699,0.07434944237918216,0.08921933085501858,0.055762081784386616,0.01858736059479554,0.35294117647058826,0.29411764705882354,0.058823529411764705,0.29411764705882354,632
Graduation,Single,9255.0,91,1,8,0,26,1,22,5,0.3181818181818182,0.0,0.09090909090909091,0.0,0.18181818181818182,0.2,0.2,0.2,0.4,191
PhD,Widow,67786.0,0,1,1,0,56,0,1156,16,0.3814878892733564,0.07093425605536333,0.06920415224913495,0.01730103806228374,0.08823529411764706,0.0625,0.1875,0.375,0.375,204
PhD,Married,71969.0,59,3,8,0,44,1,1086,19,0.06998158379373849,0.0,0.0,0.0,0.009208103130755065,0.15789473684210525,0.15789473684210525,0.21052631578947367,0.47368421052631576,621
Master,Single,59235.0,4,3,7,0,48,1,1128,28,0.4157801418439716,0.03546099290780142,0.07092198581560284,0.0,0.08067375886524823,0.10714285714285714,0.39285714285714285,0.07142857142857142,0.42857142857142855,533
Graduation,Together,31928.0,5,2,7,0,26,1,72,9,0.3333333333333333,0.05555555555555555,0.05555555555555555,0.027777777777777776,0.06944444444444445,0.2222222222222222,0.3333333333333333,0.0,0.4444444444444444,93
Master,Together,74881.0,48,4,5,0,54,2,964,27,0.2800829875518672,0.07468879668049792,0.03734439834024896,0.028008298755186723,0.056016597510373446,0.14814814814814814,0.3333333333333333,0.07407407407407407,0.4444444444444444,478
Graduation,Married,65819.0,99,1,3,0,37,0,1383,20,0.5068691250903832,0.0274765003615329,0.10773680404916848,0.1193058568329718,0.0455531453362256,0.05,0.25,0.2,0.5,577
PhD,Single,51411.0,81,1,5,0,62,3,18,4,0.16666666666666666,0.0,0.0,0.0,0.05555555555555555,0.25,0.0,0.0,0.75,399
Graduation,Divorced,51983.0,95,3,7,0,51,1,793,24,0.1450189155107188,0.0,0.012610340479192938,0.008827238335435058,0.03783102143757881,0.125,0.375,0.08333333333333333,0.4166666666666667,667
Master,Together,42386.0,43,1,8,0,29,1,100,7,0.16,0.04,0.0,0.04,0.11,0.14285714285714285,0.42857142857142855,0.0,0.42857142857142855,532
2n Cycle,Married,30390.0,5,1,6,0,28,0,80,6,0.15,0.15,0.3125,0.0125,0.25,0.16666666666666666,0.3333333333333333,0.0,0.5,300
Graduation,Single,30983.0,50,1,8,0,52,0,167,8,0.2994011976047904,0.023952095808383235,0.0718562874251497,0.005988023952095809,0.2934131736526946,0.125,0.5,0.0,0.375,597
Graduation,Widow,66033.0,76,2,7,0,58,1,677,20,0.26440177252584934,0.051698670605613,0.06794682422451995,0.08714918759231906,0.09601181683899557,0.1,0.4,0.15,0.35,525
2n Cycle,Married,37284.0,46,1,6,0,40,2,23,4,0.08695652173913043,0.043478260869565216,0.08695652173913043,0.043478260869565216,0.2608695652173913,0.25,0.0,0.0,0.75,457
Master,Divorced,57530.0,68,1,1,0,64,1,92,7,0.29347826086956524,0.010869565217391304,0.06521739130434782,0.07608695652173914,0.010869565217391304,0.14285714285714285,0.14285714285714285,0.14285714285714285,0.5714285714285714,260
2n Cycle,Married,76800.0,33,1,1,0,50,0,641,16,0.39781591263650545,0.0405616224648986,0.054602184087363496,0.11076443057722309,0.12636505460218408,0.0625,0.25,0.25,0.4375,113
Graduation,Married,63943.0,50,1,5,0,59,1,1106,17,0.33273056057866185,0.16636528028933092,0.011754068716094032,0.08770343580470162,0.0189873417721519,0.058823529411764705,0.35294117647058826,0.23529411764705882,0.35294117647058826,665
Graduation,Together,76081.0,85,1,2,0,53,0,1033,14,0.40174249757986447,0.02904162633107454,0.06098741529525654,0.031945788964181994,0.1936108422071636,0.07142857142857142,0.2857142857142857,0.35714285714285715,0.2857142857142857,37
Graduation,Married,67445.0,63,5,6,0,41,1,1174,32,0.1848381601362862,0.06814310051107325,0.024701873935264053,0.06814310051107325,0.009369676320272573,0.15625,0.28125,0.1875,0.375,686
Master,Married,37054.0,89,2,7,0,48,2,25,6,0.24,0.04,0.0,0.04,0.2,0.3333333333333333,0.16666666666666666,0.0,0.5,287
Master,Together,47175.0,81,7,8,0,53,2,240,17,0.18333333333333332,0.008333333333333333,0.025,0.008333333333333333,0.07916666666666666,0.4117647058823529,0.23529411764705882,0.11764705882352941,0.23529411764705882,609
Graduation,Divorced,31859.0,77,1,7,0,39,1,20,4,0.15,0.05,0.4,0.0,0.25,0.25,0.25,0.0,0.5,380
Graduation,Divorced,27215.0,50,4,6,0,54,3,102,11,0.21568627450980393,0.049019607843137254,0.0784313725490196,0.08823529411764706,0.27450980392156865,0.36363636363636365,0.18181818181818182,0.09090909090909091,0.36363636363636365,522
PhD,Divorced,70179.0,10,3,5,0,39,1,1034,26,0.16247582205029013,0.0851063829787234,0.06673114119922631,0.0425531914893617,0.1286266924564797,0.11538461538461539,0.2692307692307692,0.11538461538461539,0.5,343
Graduation,Married,39922.0,30,2,8,0,32,1,156,9,0.3782051282051282,0.07692307692307693,0.12179487179487179,0.00641025641025641,0.23076923076923078,0.2222222222222222,0.3333333333333333,0.0,0.4444444444444444,500
Master,Married,49681.0,66,6,7,0,39,2,458,21,0.056768558951965066,0.0,0.0,0.0,0.04585152838427948,0.2857142857142857,0.3333333333333333,0.047619047619047616,0.3333333333333333,237
Graduation,Married,24645.0,16,1,8,0,27,1,17,4,0.23529411764705882,0.17647058823529413,0.23529411764705882,0.058823529411764705,0.0,0.25,0.25,0.0,0.5,605
Graduation,Divorced,79865.0,12,1,1,0,61,1,792,21,0.351010101010101,0.125,0.2335858585858586,0.1527777777777778,0.047979797979797977,0.047619047619047616,0.23809523809523808,0.47619047619047616,0.23809523809523808,11
Graduation,Married,44322.0,30,2,8,0,30,1,92,8,0.43478260869565216,0.0,0.03260869565217391,0.0,0.03260869565217391,0.25,0.375,0.0,0.375,13
Graduation,Single,47958.0,8,2,5,0,63,1,407,16,0.21621621621621623,0.02702702702702703,0.036855036855036855,0.007371007371007371,0.05405405405405406,0.125,0.375,0.1875,0.3125,526
Master,Single,63972.0,93,4,4,0,51,1,1269,23,0.20015760441292357,0.04964539007092199,0.0,0.009456264775413711,0.009456264775413711,0.17391304347826086,0.21739130434782608,0.17391304347826086,0.43478260869565216,574
Graduation,Together,75315.0,14,2,2,0,61,1,841,23,0.20332936979785968,0.0178359096313912,0.16884661117717004,0.027348394768133173,0.036860879904875146,0.08695652173913043,0.21739130434782608,0.17391304347826086,0.5217391304347826,75
PhD,Married,55517.0,53,5,9,0,65,2,633,23,0.17061611374407584,0.0,0.0,0.009478672985781991,0.05687203791469194,0.21739130434782608,0.4782608695652174,0.043478260869565216,0.2608695652173913,640
PhD,Married,75283.0,26,11,4,0,58,3,1019,25,0.17664376840039253,0.008832188420019628,0.011776251226692836,0.018645731108930325,0.0647693817468106,0.44,0.24,0.12,0.2,459
PhD,Single,82800.0,23,1,3,0,69,0,1315,26,0.08745247148288973,0.016730038022813688,0.044866920152091254,0.05171102661596958,0.034220532319391636,0.038461538461538464,0.2692307692307692,0.23076923076923078,0.46153846153846156,582
Graduation,Married,38998.0,92,3,8,1,61,2,54,8,0.25925925925925924,0.018518518518518517,0.0,0.0,0.09259259259259259,0.375,0.25,0.0,0.375,603
Master,Single,90638.0,29,1,1,0,24,0,2525,18,0.36237623762376237,0.047524752475247525,0.037227722772277226,0.05702970297029703,0.03801980198019802,0.05555555555555555,0.16666666666666666,0.2222222222222222,0.5555555555555556,136
Master,Married,27161.0,41,1,7,0,29,1,52,5,0.4423076923076923,0.07692307692307693,0.1346153846153846,0.0,0.21153846153846154,0.2,0.2,0.0,0.6,244
Graduation,Married,42014.0,56,6,8,0,38,1,436,20,0.24770642201834864,0.034403669724770644,0.009174311926605505,0.034403669724770644,0.11467889908256881,0.3,0.35,0.05,0.3,681
PhD,Together,38201.0,19,4,8,0,55,1,268,15,0.08582089552238806,0.0,0.0,0.0,0.04477611940298507,0.26666666666666666,0.3333333333333333,0.06666666666666667,0.3333333333333333,457
Graduation,Together,45203.0,4,1,6,0,33,2,147,8,0.4557823129251701,0.02040816326530612,0.06802721088435375,0.05442176870748299,0.16326530612244897,0.125,0.375,0.125,0.375,98
PhD,Together,81574.0,89,1,1,0,68,0,1798,18,0.25862068965517243,0.0,0.025583982202447165,0.01946607341490545,0.0,0.05555555555555555,0.2222222222222222,0.2777777777777778,0.4444444444444444,62
Graduation,Married,34935.0,71,1,7,0,23,0,137,8,0.48175182481751827,0.029197080291970802,0.021897810218978103,0.072992700729927,0.145985401459854,0.125,0.25,0.125,0.5,373
Master,Single,60482.0,81,1,7,0,39,1,507,17,0.26429980276134124,0.08481262327416174,0.07297830374753451,0.027613412228796843,0.047337278106508875,0.058823529411764705,0.4117647058823529,0.11764705882352941,0.4117647058823529,522
Graduation,Together,34633.0,31,1,6,0,59,3,15,4,0.3333333333333333,0.06666666666666667,0.0,0.0,0.06666666666666667,0.25,0.25,0.0,0.5,157
Master,Together,78093.0,53,1,1,0,68,0,1105,17,0.5782805429864254,0.02895927601809955,0.011764705882352941,0.03891402714932127,0.00904977375565611,0.058823529411764705,0.23529411764705882,0.4117647058823529,0.29411764705882354,200
Graduation,Divorced,82460.0,78,1,1,0,65,0,974,15,0.5882956878850103,0.048254620123203286,0.053388090349075976,0.03285420944558522,0.015400410677618069,0.06666666666666667,0.3333333333333333,0.2,0.4,209
Master,Together,45903.0,80,2,4,0,49,1,66,8,0.15151515151515152,0.12121212121212122,0.030303030303030304,0.15151515151515152,0.045454545454545456,0.25,0.25,0.125,0.375,67
Graduation,Divorced,81361.0,18,1,1,0,28,0,778,27,0.5449871465295629,0.02956298200514139,0.03470437017994859,0.08354755784061697,0.09768637532133675,0.037037037037037035,0.1111111111111111,0.37037037037037035,0.48148148148148145,124
PhD,Divorced,35860.0,37,2,5,0,42,2,49,6,0.16326530612244897,0.0,0.08163265306122448,0.04081632653061224,0.40816326530612246,0.3333333333333333,0.16666666666666666,0.16666666666666666,0.3333333333333333,41
Master,Together,40442.0,52,4,7,0,63,2,169,12,0.3076923076923077,0.07100591715976332,0.14792899408284024,0.1301775147928994,0.07692307692307693,0.3333333333333333,0.25,0.08333333333333333,0.3333333333333333,679
Graduation,Married,61482.0,39,1,2,0,50,0,299,12,0.22742474916387959,0.1939799331103679,0.05351170568561873,0.22073578595317725,0.14381270903010032,0.08333333333333333,0.25,0.16666666666666666,0.5,2
Graduation,Married,34968.0,11,7,7,0,35,1,221,17,0.20361990950226244,0.027149321266968326,0.03619909502262444,0.00904977375565611,0.00904977375565611,0.4117647058823529,0.17647058823529413,0.11764705882352941,0.29411764705882354,445
Graduation,Married,75794.0,33,1,3,0,28,0,1682,25,0.37158145065398335,0.09512485136741974,0.03745541022592152,0.019024970273483946,0.028537455410225922,0.04,0.28,0.2,0.48,187
PhD,Together,31497.0,22,2,8,0,53,1,155,10,0.18064516129032257,0.0064516129032258064,0.08387096774193549,0.0064516129032258064,0.025806451612903226,0.2,0.3,0.1,0.4,570
Graduation,Married,74268.0,83,1,2,0,60,0,892,13,0.3531390134529148,0.07399103139013453,0.10874439461883408,0.19506726457399104,0.04596412556053812,0.07692307692307693,0.3076923076923077,0.23076923076923078,0.38461538461538464,500
Basic,Together,13724.0,43,1,9,0,27,1,58,5,0.08620689655172414,0.1206896551724138,0.034482758620689655,0.25862068965517243,0.46551724137931033,0.2,0.4,0.0,0.4,667
Master,Together,45143.0,74,3,7,0,50,1,311,15,0.2379421221864952,0.01607717041800643,0.03536977491961415,0.01607717041800643,0.04501607717041801,0.2,0.4,0.06666666666666667,0.3333333333333333,307
PhD,Single,52569.0,54,1,3,0,48,1,95,7,0.031578947368421054,0.0,0.0,0.0,0.07368421052631578,0.14285714285714285,0.2857142857142857,0.0,0.5714285714285714,85
PhD,Single,48432.0,3,5,8,0,42,1,424,19,0.1179245283018868,0.007075471698113208,0.009433962264150943,0.007075471698113208,0.09905660377358491,0.2631578947368421,0.3684210526315789,0.05263157894736842,0.3157894736842105,619
Master,Together,17144.0,96,5,7,0,55,2,47,12,0.40425531914893614,0.0425531914893617,0.0,0.0425531914893617,0.1276595744680851,0.4166666666666667,0.25,0.0,0.3333333333333333,134
Graduation,Single,36108.0,68,3,9,0,31,1,339,15,0.3805309734513274,0.02359882005899705,0.008849557522123894,0.032448377581120944,0.13864306784660768,0.2,0.4666666666666667,0.06666666666666667,0.26666666666666666,257
Graduation,Married,76445.0,2,1,6,0,44,1,1410,21,0.21914893617021278,0.07588652482269503,0.09929078014184398,0.05673758865248227,0.024822695035460994,0.047619047619047616,0.09523809523809523,0.23809523809523808,0.6190476190476191,639
PhD,Married,36663.0,40,1,2,0,40,1,35,6,0.17142857142857143,0.0,0.08571428571428572,0.08571428571428572,0.14285714285714285,0.16666666666666666,0.16666666666666666,0.16666666666666666,0.5,65
Master,Married,53843.0,64,4,7,0,50,1,562,20,0.15658362989323843,0.0,0.033807829181494664,0.0071174377224199285,0.1298932384341637,0.2,0.4,0.25,0.15,367
Master,Married,90226.0,26,1,2,0,59,0,2352,24,0.27593537414965985,0.04591836734693878,0.10756802721088435,0.06420068027210885,0.04591836734693878,0.041666666666666664,0.16666666666666666,0.2916666666666667,0.5,641
Master,Divorced,70638.0,69,1,3,0,60,0,1334,20,0.16116941529235382,0.008995502248875561,0.01199400299850075,0.008995502248875561,0.0472263868065967,0.05,0.2,0.25,0.5,393
Graduation,Together,44512.0,57,2,4,0,55,2,32,6,0.1875,0.03125,0.0,0.0,0.0625,0.3333333333333333,0.16666666666666666,0.0,0.5,303
Graduation,Married,27116.0,78,2,7,0,54,2,41,7,0.5121951219512195,0.024390243902439025,0.04878048780487805,0.04878048780487805,0.07317073170731707,0.2857142857142857,0.2857142857142857,0.0,0.42857142857142855,119
PhD,Married,54072.0,71,1,8,0,52,2,39,5,0.10256410256410256,0.0,0.0,0.0,0.0,0.2,0.4,0.0,0.4,337
Graduation,Married,71855.0,59,4,3,0,38,1,1141,25,0.3698510078878177,0.02716914986853637,0.0,0.09815950920245399,0.024539877300613498,0.16,0.2,0.2,0.44,529
2n Cycle,Single,51250.0,28,5,9,0,25,1,710,24,0.323943661971831,0.04507042253521127,0.04788732394366197,0.04507042253521127,0.056338028169014086,0.20833333333333334,0.4166666666666667,0.20833333333333334,0.16666666666666666,456
Master,Married,60432.0,61,5,6,0,42,1,401,19,0.03740648379052369,0.007481296758104738,0.00997506234413965,0.007481296758104738,0.02743142144638404,0.2631578947368421,0.3684210526315789,0.10526315789473684,0.2631578947368421,112
PhD,Married,65526.0,22,1,2,0,51,1,506,17,0.13636363636363635,0.037549407114624504,0.023715415019762844,0.0,0.017786561264822136,0.058823529411764705,0.23529411764705882,0.23529411764705882,0.47058823529411764,79
Graduation,Single,68655.0,95,1,3,0,27,0,1538,21,0.540962288686606,0.01235370611183355,0.04876462938881664,0.07672301690507152,0.0247074122236671,0.047619047619047616,0.19047619047619047,0.23809523809523808,0.5238095238095238,688
2n Cycle,Married,12393.0,38,1,9,0,37,0,57,6,0.2631578947368421,0.10526315789473684,0.19298245614035087,0.12280701754385964,0.22807017543859648,0.16666666666666666,0.3333333333333333,0.0,0.5,572
Graduation,Single,64509.0,19,1,4,0,25,0,1722,19,0.3339140534262485,0.10743321718931476,0.013937282229965157,0.014518002322880372,0.044715447154471545,0.05263157894736842,0.3157894736842105,0.15789473684210525,0.47368421052631576,316
Graduation,Single,33955.0,92,4,8,0,40,1,270,15,0.4740740740740741,0.007407407407407408,0.08518518518518518,0.025925925925925925,0.037037037037037035,0.26666666666666666,0.3333333333333333,0.06666666666666667,0.3333333333333333,324
Graduation,Married,31353.0,24,2,8,0,38,2,31,6,0.3225806451612903,0.0,0.0967741935483871,0.03225806451612903,0.22580645161290322,0.3333333333333333,0.16666666666666666,0.16666666666666666,0.3333333333333333,182
Graduation,Married,55434.0,21,3,4,0,31,1,882,24,0.2437641723356009,0.13038548752834467,0.19160997732426305,0.0782312925170068,0.08616780045351474,0.125,0.20833333333333334,0.125,0.5416666666666666,267
Graduation,Together,28359.0,35,1,7,0,32,1,16,4,0.3125,0.0,0.125,0.0625,0.125,0.25,0.25,0.0,0.5,245
Graduation,Single,57100.0,9,2,3,0,28,1,311,14,0.3183279742765273,0.03536977491961415,0.04823151125401929,0.03536977491961415,0.05466237942122187,0.14285714285714285,0.21428571428571427,0.14285714285714285,0.5,42
Graduation,Married,69139.0,23,1,4,0,50,1,227,11,0.3303964757709251,0.05286343612334802,0.14537444933920704,0.06607929515418502,0.02643171806167401,0.09090909090909091,0.36363636363636365,0.09090909090909091,0.45454545454545453,153
Master,Married,52973.0,92,7,8,0,59,1,1152,31,0.06597222222222222,0.0,0.010416666666666666,0.0078125,0.17274305555555555,0.22580645161290322,0.2903225806451613,0.1935483870967742,0.2903225806451613,598
PhD,Together,51717.0,55,1,7,0,50,1,122,8,0.13934426229508196,0.00819672131147541,0.0,0.00819672131147541,0.040983606557377046,0.125,0.375,0.0,0.5,313
Graduation,Married,18793.0,14,3,8,0,44,1,77,9,0.2597402597402597,0.2077922077922078,0.0,0.22077922077922077,0.2597402597402597,0.3333333333333333,0.2222222222222222,0.0,0.4444444444444444,533
2n Cycle,Together,66664.0,78,1,3,0,33,0,1289,19,0.3467804499612102,0.07447633824670287,0.17067494181536075,0.07447633824670287,0.02482544608223429,0.05263157894736842,0.2631578947368421,0.3684210526315789,0.3157894736842105,642
Graduation,Single,50664.0,64,9,9,0,56,2,561,24,0.18538324420677363,0.0142602495543672,0.0106951871657754,0.0071301247771836,0.22459893048128343,0.375,0.3333333333333333,0.041666666666666664,0.25,529
Graduation,Together,54414.0,49,4,4,0,52,2,211,13,0.07582938388625593,0.08530805687203792,0.11374407582938388,0.12322274881516587,0.08530805687203792,0.3076923076923077,0.23076923076923078,0.07692307692307693,0.38461538461538464,522
PhD,Married,54549.0,8,2,7,0,63,1,233,12,0.02575107296137339,0.008583690987124463,0.0,0.0,0.03862660944206009,0.16666666666666666,0.4166666666666667,0.08333333333333333,0.3333333333333333,118
PhD,Widow,47111.0,35,6,9,0,44,1,1092,21,0.1401098901098901,0.06501831501831502,0.10989010989010989,0.10256410256410256,0.037545787545787544,0.2857142857142857,0.14285714285714285,0.09523809523809523,0.47619047619047616,659
PhD,Divorced,41003.0,11,1,6,0,52,0,601,17,0.23627287853577372,0.22129783693843594,0.11813643926788686,0.07321131447587355,0.1464226289517471,0.058823529411764705,0.35294117647058826,0.11764705882352941,0.47058823529411764,469
Graduation,Together,19444.0,8,3,7,0,33,1,54,10,0.42592592592592593,0.0,0.05555555555555555,0.037037037037037035,0.18518518518518517,0.3,0.4,0.1,0.2,127
2n Cycle,Together,36301.0,53,1,7,0,39,1,78,7,0.44871794871794873,0.15384615384615385,0.038461538461538464,0.0641025641025641,0.15384615384615385,0.14285714285714285,0.42857142857142855,0.0,0.42857142857142855,247
PhD,Together,73059.0,36,1,4,0,68,1,1095,26,0.3835616438356164,0.10228310502283106,0.0,0.07488584474885844,0.06484018264840183,0.038461538461538464,0.34615384615384615,0.11538461538461539,0.5,302
PhD,Together,42731.0,64,3,5,0,46,1,244,13,0.20901639344262296,0.00819672131147541,0.02459016393442623,0.00819672131147541,0.09836065573770492,0.23076923076923078,0.3076923076923077,0.07692307692307693,0.38461538461538464,251
PhD,Married,52854.0,43,2,5,0,56,2,116,9,0.08620689655172414,0.0,0.0,0.008620689655172414,0.0,0.2222222222222222,0.2222222222222222,0.1111111111111111,0.4444444444444444,97
Graduation,Together,22775.0,40,1,8,0,37,1,15,4,0.5333333333333333,0.06666666666666667,0.0,0.0,0.06666666666666667,0.25,0.25,0.0,0.5,375
PhD,Together,46681.0,52,2,5,0,67,2,425,16,0.1623529411764706,0.03529411764705882,0.03529411764705882,0.04470588235294118,0.08941176470588236,0.125,0.25,0.375,0.25,264
PhD,Married,59821.0,11,6,8,0,60,1,734,26,0.09536784741144415,0.0,0.0,0.0,0.047683923705722074,0.23076923076923078,0.4230769230769231,0.07692307692307693,0.2692307692307692,443
Graduation,Divorced,50002.0,21,2,7,0,61,1,638,19,0.11128526645768025,0.007836990595611285,0.032915360501567396,0.025078369905956112,0.12852664576802508,0.10526315789473684,0.42105263157894735,0.10526315789473684,0.3684210526315789,377
Graduation,Married,69755.0,23,1,1,0,70,0,894,22,0.4172259507829978,0.08612975391498881,0.12416107382550336,0.025727069351230425,0.1040268456375839,0.045454545454545456,0.13636363636363635,0.2727272727272727,0.5454545454545454,270
Graduation,Married,44078.0,17,2,5,0,46,2,41,7,0.24390243902439024,0.024390243902439025,0.04878048780487805,0.0,0.0975609756097561,0.2857142857142857,0.2857142857142857,0.0,0.42857142857142855,10
Master,Together,30560.0,6,1,7,0,39,1,31,5,0.16129032258064516,0.03225806451612903,0.12903225806451613,0.16129032258064516,0.22580645161290322,0.2,0.2,0.0,0.6,367
Master,Together,35924.0,56,1,5,0,46,2,34,5,0.4117647058823529,0.0,0.058823529411764705,0.08823529411764706,0.20588235294117646,0.2,0.2,0.0,0.6,98
PhD,Divorced,64140.0,71,5,5,0,51,2,1750,18,0.03485714285714286,0.0,0.0,0.008571428571428572,0.12285714285714286,0.2777777777777778,0.1111111111111111,0.2777777777777778,0.3333333333333333,279
Graduation,Together,56386.0,51,8,9,0,34,2,612,25,0.34967320261437906,0.0784313725490196,0.021241830065359478,0.05228758169934641,0.12254901960784313,0.32,0.36,0.04,0.28,610
Basic,Together,24594.0,94,1,5,0,36,1,29,5,0.20689655172413793,0.10344827586206896,0.3448275862068966,0.0,0.3103448275862069,0.2,0.2,0.0,0.6,201
2n Cycle,Together,75774.0,27,1,4,0,34,1,823,21,0.16281895504252733,0.02551640340218712,0.3134872417982989,0.01701093560145808,0.06804374240583232,0.047619047619047616,0.3333333333333333,0.23809523809523808,0.38095238095238093,58
Master,Divorced,39228.0,1,1,4,0,55,0,20,4,0.3,0.05,0.0,0.15,0.15,0.25,0.0,0.0,0.75,415
Master,Married,58494.0,56,2,6,0,41,1,396,16,0.1717171717171717,0.017676767676767676,0.010101010101010102,0.0,0.047979797979797977,0.125,0.375,0.125,0.375,199
Graduation,Single,58684.0,71,1,2,0,34,0,813,21,0.2201722017220172,0.04305043050430504,0.03444034440344403,0.008610086100861008,0.1045510455104551,0.047619047619047616,0.23809523809523808,0.14285714285714285,0.5714285714285714,13
Graduation,Divorced,57136.0,18,1,6,0,48,0,1179,20,0.5080576759966073,0.11874469889737066,0.02883799830364716,0.010178117048346057,0.1077184054283291,0.05,0.35,0.25,0.35,407
PhD,Widow,56551.0,48,3,4,0,65,2,138,10,0.2318840579710145,0.028985507246376812,0.12318840579710146,0.014492753623188406,0.11594202898550725,0.3,0.2,0.1,0.4,53
Graduation,Married,22448.0,86,3,3,0,33,1,55,9,0.14545454545454545,0.01818181818181818,0.41818181818181815,0.03636363636363636,0.32727272727272727,0.3333333333333333,0.2222222222222222,0.1111111111111111,0.3333333333333333,123
Graduation,Single,82014.0,48,1,6,0,54,0,1511,22,0.17538054268696227,0.024487094639311716,0.02316346790205162,0.10787557908669755,0.020516214427531435,0.045454545454545456,0.13636363636363635,0.2727272727272727,0.5454545454545454,678
Graduation,Widow,34213.0,2,3,9,0,52,2,117,9,0.23931623931623933,0.03418803418803419,0.05128205128205128,0.02564102564102564,0.2222222222222222,0.3333333333333333,0.3333333333333333,0.1111111111111111,0.2222222222222222,660
PhD,Widow,25358.0,57,2,6,0,68,1,32,6,0.15625,0.0,0.0,0.0,0.25,0.3333333333333333,0.16666666666666666,0.0,0.5,342
Master,Single,35544.0,77,1,7,0,37,1,67,6,0.34328358208955223,0.07462686567164178,0.05970149253731343,0.014925373134328358,0.05970149253731343,0.16666666666666666,0.3333333333333333,0.0,0.5,113
Master,Together,36634.0,0,3,7,0,61,1,335,15,0.22686567164179106,0.026865671641791045,0.011940298507462687,0.008955223880597015,0.08955223880597014,0.2,0.3333333333333333,0.13333333333333333,0.3333333333333333,397
PhD,Married,62670.0,57,1,3,0,61,1,825,22,0.11151515151515151,0.03636363636363636,0.09696969696969697,0.055757575757575756,0.04606060606060606,0.045454545454545456,0.22727272727272727,0.13636363636363635,0.5909090909090909,147
2n Cycle,Together,50334.0,24,6,6,0,43,1,694,23,0.23054755043227665,0.023054755043227664,0.12103746397694524,0.023054755043227664,0.1930835734870317,0.2608695652173913,0.30434782608695654,0.17391304347826086,0.2608695652173913,340
Graduation,Single,72066.0,55,1,2,0,34,0,1792,17,0.29910714285714285,0.018973214285714284,0.07477678571428571,0.028459821428571428,0.018973214285714284,0.058823529411764705,0.23529411764705882,0.35294117647058826,0.35294117647058826,6
PhD,Single,50729.0,62,9,6,0,57,2,496,24,0.28830645161290325,0.02620967741935484,0.0907258064516129,0.008064516129032258,0.10483870967741936,0.375,0.25,0.08333333333333333,0.2916666666666667,423
Graduation,Together,34916.0,89,4,9,0,47,2,231,13,0.354978354978355,0.09956709956709957,0.14285714285714285,0.0,0.18181818181818182,0.3076923076923077,0.38461538461538464,0.07692307692307693,0.23076923076923078,410
Graduation,Divorced,64892.0,77,2,4,0,39,1,902,24,0.2549889135254989,0.026607538802660754,0.03547671840354767,0.026607538802660754,0.07206208425720621,0.08333333333333333,0.25,0.16666666666666666,0.5,31
Graduation,Single,43602.0,45,3,6,0,49,2,68,9,0.17647058823529413,0.07352941176470588,0.14705882352941177,0.04411764705882353,0.27941176470588236,0.3333333333333333,0.3333333333333333,0.1111111111111111,0.2222222222222222,170
PhD,Single,33996.0,46,1,4,0,26,0,71,6,0.2112676056338028,0.028169014084507043,0.11267605633802817,0.0,0.08450704225352113,0.16666666666666666,0.16666666666666666,0.16666666666666666,0.5,291
2n Cycle,Single,41473.0,80,1,7,0,30,1,76,6,0.2631578947368421,0.10526315789473684,0.19736842105263158,0.039473684210526314,0.11842105263157894,0.16666666666666666,0.3333333333333333,0.0,0.5,375
PhD,Married,63246.0,60,1,4,0,48,2,772,22,0.11787564766839378,0.038860103626943004,0.03756476683937824,0.02849740932642487,0.009067357512953367,0.045454545454545456,0.2727272727272727,0.13636363636363635,0.5454545454545454,313
PhD,Married,36732.0,71,3,2,0,56,2,47,9,0.06382978723404255,0.10638297872340426,0.2127659574468085,0.02127659574468085,0.14893617021276595,0.3333333333333333,0.1111111111111111,0.1111111111111111,0.4444444444444444,182
PhD,Married,69084.0,43,2,8,0,45,1,1586,25,0.12547288776796975,0.06746532156368222,0.02459016393442623,0.018915510718789406,0.018915510718789406,0.08,0.28,0.12,0.52,222
PhD,Married,77766.0,97,2,6,0,48,1,1529,34,0.17331589274035317,0.03858731196860693,0.07521255722694571,0.03858731196860693,0.01765860039241334,0.058823529411764705,0.3235294117647059,0.29411764705882354,0.3235294117647059,492
PhD,Single,37929.0,49,2,7,0,30,0,265,13,0.17358490566037735,0.007547169811320755,0.011320754716981131,0.007547169811320755,0.03773584905660377,0.15384615384615385,0.3076923076923077,0.15384615384615385,0.38461538461538464,334
Graduation,Together,86610.0,66,1,2,0,64,0,1603,18,0.479101684341859,0.06674984404242046,0.020586400499064253,0.1222707423580786,0.0330630068621335,0.05555555555555555,0.2777777777777778,0.3333333333333333,0.3333333333333333,297
Master,Married,80141.0,20,1,6,0,29,0,2091,22,0.3218555714968914,0.04878048780487805,0.024868483978957436,0.01912960306073649,0.01912960306073649,0.045454545454545456,0.3181818181818182,0.18181818181818182,0.45454545454545453,534
2n Cycle,Married,72635.0,54,1,3,0,60,0,981,21,0.3292558613659531,0.022426095820591234,0.10601427115188583,0.03567787971457696,0.109072375127421,0.047619047619047616,0.2857142857142857,0.38095238095238093,0.2857142857142857,391
Graduation,Married,69016.0,61,4,5,0,45,1,1533,34,0.23679060665362034,0.03457273320287019,0.08023483365949119,0.06979778212654925,0.1050228310502283,0.11764705882352941,0.23529411764705882,0.2647058823529412,0.38235294117647056,584
2n Cycle,Together,20193.0,18,1,4,0,24,0,82,7,0.2682926829268293,0.0975609756097561,0.2926829268292683,0.13414634146341464,0.10975609756097561,0.14285714285714285,0.14285714285714285,0.14285714285714285,0.5714285714285714,578
Graduation,Married,27573.0,45,4,8,0,40,1,244,14,0.45081967213114754,0.06147540983606557,0.1598360655737705,0.06147540983606557,0.06147540983606557,0.2857142857142857,0.35714285714285715,0.07142857142857142,0.2857142857142857,461
Basic,Single,15862.0,26,1,8,0,36,1,36,5,0.1111111111111111,0.027777777777777776,0.3055555555555556,0.25,0.2777777777777778,0.2,0.2,0.0,0.6,367
PhD,Married,49544.0,0,2,7,0,39,1,404,16,0.1806930693069307,0.0,0.0,0.0,0.05693069306930693,0.125,0.3125,0.0625,0.5,502
Graduation,Married,33228.0,28,1,7,0,35,1,71,6,0.43661971830985913,0.028169014084507043,0.09859154929577464,0.056338028169014086,0.07042253521126761,0.16666666666666666,0.3333333333333333,0.0,0.5,157
Graduation,Together,70440.0,49,1,3,0,37,0,1572,23,0.31743002544529264,0.07442748091603053,0.04834605597964377,0.0648854961832061,0.05597964376590331,0.043478260869565216,0.21739130434782608,0.43478260869565216,0.30434782608695654,264
Graduation,Together,38232.0,84,4,5,0,44,2,122,11,0.22950819672131148,0.040983606557377046,0.05737704918032787,0.04918032786885246,0.27049180327868855,0.36363636363636365,0.2727272727272727,0.09090909090909091,0.2727272727272727,163
PhD,Married,22554.0,38,4,5,0,60,2,41,10,0.24390243902439024,0.0,0.0,0.0,0.0975609756097561,0.4,0.2,0.0,0.4,603
PhD,Married,23536.0,53,1,3,0,32,1,10,4,0.3,0.0,0.0,0.0,0.1,0.25,0.0,0.0,0.75,25
Graduation,Married,49413.0,88,2,5,0,63,1,304,13,0.13486842105263158,0.023026315789473683,0.009868421052631578,0.006578947368421052,0.1513157894736842,0.15384615384615385,0.3076923076923077,0.15384615384615385,0.38461538461538464,247
Graduation,Married,42231.0,99,1,5,0,46,2,37,5,0.21621621621621623,0.0,0.0,0.02702702702702703,0.10810810810810811,0.2,0.2,0.0,0.6,96
Master,Divorced,78789.0,12,1,2,0,35,0,1754,16,0.4846066134549601,0.028506271379703536,0.011972633979475485,0.04732041049030787,0.04732041049030787,0.0625,0.25,0.375,0.3125,690
Graduation,Together,56534.0,35,4,8,0,47,1,815,25,0.07484662576687116,0.008588957055214725,0.012269938650306749,0.0,0.05644171779141104,0.16,0.4,0.16,0.28,341
Graduation,Single,58350.0,5,4,6,0,44,1,1001,27,0.2057942057942058,0.025974025974025976,0.11588411588411589,0.07992007992007992,0.07992007992007992,0.14814814814814814,0.2962962962962963,0.1111111111111111,0.4444444444444444,541
Graduation,Single,81217.0,77,1,1,0,26,0,1157,22,0.28003457216940364,0.06050129645635264,0.12618841832324978,0.03457216940363008,0.07260155574762317,0.045454545454545456,0.13636363636363635,0.3181818181818182,0.5,345
Graduation,Single,49090.0,45,3,7,0,64,1,688,21,0.11918604651162791,0.007267441860465116,0.010174418604651164,0.0,0.14534883720930233,0.14285714285714285,0.3333333333333333,0.09523809523809523,0.42857142857142855,345
Master,Divorced,61787.0,71,1,5,0,28,0,1319,19,0.31387414708112205,0.05534495830174375,0.05913570887035633,0.03639120545868082,0.06444275966641395,0.05263157894736842,0.42105263157894735,0.21052631578947367,0.3157894736842105,358
PhD,Married,18169.0,40,1,8,0,30,1,21,4,0.23809523809523808,0.0,0.0,0.0,0.3333333333333333,0.25,0.25,0.0,0.5,495
2n Cycle,Single,24336.0,82,1,7,0,34,1,31,4,0.06451612903225806,0.1935483870967742,0.25806451612903225,0.06451612903225806,0.3870967741935484,0.25,0.25,0.0,0.5,671
Graduation,Married,18222.0,70,1,8,0,25,0,67,6,0.2835820895522388,0.05970149253731343,0.1791044776119403,0.08955223880597014,0.208955223880597,0.16666666666666666,0.3333333333333333,0.0,0.5,545
Graduation,Divorced,62335.0,87,2,2,0,63,1,708,21,0.3064971751412429,0.1850282485875706,0.12005649717514125,0.00847457627118644,0.03672316384180791,0.09523809523809523,0.14285714285714285,0.14285714285714285,0.6190476190476191,402
2n Cycle,Together,42033.0,95,1,7,0,44,2,25,4,0.16,0.04,0.08,0.0,0.28,0.25,0.25,0.0,0.5,648
PhD,Married,86580.0,72,0,1,0,32,0,746,11,0.17024128686327078,0.028150134048257374,0.03485254691689008,0.02680965147453083,0.02680965147453083,0.0,0.36363636363636365,0.18181818181818182,0.45454545454545453,487
PhD,Divorced,41437.0,5,1,7,0,58,2,32,5,0.0625,0.0,0.0,0.0,0.03125,0.2,0.2,0.0,0.6,645
Master,Widow,73705.0,86,2,5,0,64,2,1695,25,0.30678466076696165,0.05368731563421829,0.15221238938053097,0.06312684365781711,0.06312684365781711,0.08,0.36,0.24,0.32,116
Graduation,Married,61064.0,80,5,6,0,39,1,1080,28,0.31666666666666665,0.11666666666666667,0.0,0.041666666666666664,0.16666666666666666,0.17857142857142858,0.2857142857142857,0.14285714285714285,0.39285714285714285,667
Master,Married,38452.0,62,3,7,0,60,2,72,9,0.19444444444444445,0.0,0.0,0.0,0.027777777777777776,0.3333333333333333,0.3333333333333333,0.0,0.3333333333333333,91
Graduation,Single,18358.0,49,3,7,0,26,1,57,10,0.3333333333333333,0.14035087719298245,0.2807017543859649,0.07017543859649122,0.07017543859649122,0.3,0.3,0.0,0.4,221
PhD,Together,55012.0,85,6,5,0,42,1,660,25,0.09848484848484848,0.0,0.0,0.0,0.019696969696969695,0.24,0.32,0.08,0.36,100
Basic,Together,9722.0,7,4,8,0,42,1,103,11,0.1553398058252427,0.1650485436893204,0.05825242718446602,0.1553398058252427,0.4077669902912621,0.36363636363636365,0.2727272727272727,0.09090909090909091,0.2727272727272727,635
PhD,Married,38175.0,6,3,7,0,31,1,153,11,0.45098039215686275,0.0392156862745098,0.013071895424836602,0.0196078431372549,0.0196078431372549,0.2727272727272727,0.2727272727272727,0.09090909090909091,0.36363636363636365,279
Master,Together,58656.0,25,4,6,0,59,1,1220,32,0.15901639344262294,0.009836065573770493,0.013114754098360656,0.019672131147540985,0.009836065573770493,0.125,0.21875,0.25,0.40625,647
Graduation,Together,52117.0,55,2,7,0,50,1,279,13,0.3835125448028674,0.035842293906810034,0.10752688172043011,0.0,0.07168458781362007,0.15384615384615385,0.38461538461538464,0.15384615384615385,0.3076923076923077,682
Graduation,Married,64813.0,81,1,5,0,37,1,745,20,0.16644295302013423,0.0,0.24026845637583893,0.13020134228187918,0.0697986577181208,0.05,0.35,0.1,0.5,178
PhD,Married,54222.0,98,1,3,0,42,1,264,12,0.11742424242424243,0.045454545454545456,0.011363636363636364,0.045454545454545456,0.026515151515151516,0.08333333333333333,0.25,0.25,0.4166666666666667,120
Graduation,Married,83512.0,31,1,1,0,29,0,2157,22,0.38711172925359294,0.028280018544274456,0.03708854891052388,0.00927213722763097,0.046824292999536395,0.045454545454545456,0.18181818181818182,0.3181818181818182,0.45454545454545453,12
Master,Married,77520.0,30,1,4,0,56,1,1526,23,0.2595019659239843,0.028833551769331587,0.0,0.057667103538663174,0.03800786369593709,0.043478260869565216,0.34782608695652173,0.30434782608695654,0.30434782608695654,305
Graduation,Together,41154.0,98,1,5,0,37,1,69,6,0.15942028985507245,0.028985507246376812,0.028985507246376812,0.043478260869565216,0.10144927536231885,0.16666666666666666,0.16666666666666666,0.0,0.6666666666666666,446
Graduation,Married,80398.0,92,1,3,0,49,0,1597,26,0.5860989355040701,0.031934877896055106,0.12961803381340012,0.021916092673763307,0.01628052598622417,0.038461538461538464,0.19230769230769232,0.3076923076923077,0.46153846153846156,596
Basic,Single,18746.0,41,2,6,0,23,1,64,8,0.171875,0.15625,0.1875,0.140625,0.3125,0.25,0.375,0.0,0.375,31
Graduation,Together,35196.0,68,6,8,0,31,1,497,18,0.2837022132796781,0.02414486921529175,0.08651911468812877,0.07847082494969819,0.3762575452716298,0.3333333333333333,0.3333333333333333,0.05555555555555555,0.2777777777777778,593
Graduation,Single,60230.0,78,2,5,0,59,1,1067,17,0.34395501405810686,0.01874414245548266,0.03655107778819119,0.07591377694470477,0.03748828491096532,0.11764705882352941,0.35294117647058826,0.17647058823529413,0.35294117647058826,405
Graduation,Married,22108.0,46,2,7,0,38,2,31,7,0.2903225806451613,0.0967741935483871,0.1935483870967742,0.06451612903225806,0.1935483870967742,0.2857142857142857,0.2857142857142857,0.0,0.42857142857142855,52
Graduation,Together,44392.0,71,5,7,0,41,2,211,14,0.33649289099526064,0.023696682464454975,0.03317535545023697,0.05687203791469194,0.13744075829383887,0.35714285714285715,0.2857142857142857,0.07142857142857142,0.2857142857142857,297
PhD,Married,55424.0,6,4,6,0,39,1,877,25,0.20980615735461802,0.06955530216647662,0.011402508551881414,0.06043329532497149,0.12200684150513112,0.16,0.28,0.2,0.36,581
Graduation,Married,17688.0,82,1,8,1,36,1,11,4,0.09090909090909091,0.18181818181818182,0.2727272727272727,0.09090909090909091,0.18181818181818182,0.25,0.25,0.0,0.5,532
PhD,Married,92491.0,71,1,3,0,32,0,2034,25,0.45968534906588004,0.021632251720747297,0.014257620452310717,0.012291052114060964,0.010816125860373648,0.04,0.28,0.2,0.48,424
Graduation,Single,90273.0,32,1,2,0,24,0,1991,19,0.4284279256654947,0.06479156202913108,0.06027122049221497,0.0371672526368659,0.055750878955298844,0.05263157894736842,0.2631578947368421,0.3157894736842105,0.3684210526315789,197
PhD,Widow,82571.0,28,0,2,0,53,0,1686,24,0.3309608540925267,0.018386714116251483,0.036773428232502965,0.05634638196915777,0.0468564650059312,0.0,0.25,0.20833333333333334,0.5416666666666666,88
PhD,Single,38513.0,20,5,8,0,33,1,324,17,0.3549382716049383,0.009259259259259259,0.04938271604938271,0.0,0.05555555555555555,0.29411764705882354,0.35294117647058826,0.058823529411764705,0.29411764705882354,152
Master,Single,16653.0,10,3,6,0,36,1,69,9,0.4492753623188406,0.10144927536231885,0.21739130434782608,0.057971014492753624,0.10144927536231885,0.3333333333333333,0.2222222222222222,0.1111111111111111,0.3333333333333333,72
Graduation,Together,42586.0,7,5,8,0,60,2,252,16,0.2222222222222222,0.007936507936507936,0.0,0.0,0.0,0.3125,0.25,0.0625,0.375,608
Basic,Single,23529.0,67,1,6,0,50,1,54,5,0.24074074074074073,0.12962962962962962,0.05555555555555555,0.037037037037037035,0.37037037037037035,0.2,0.2,0.2,0.4,538
Master,Together,74881.0,48,4,5,0,54,2,964,27,0.2800829875518672,0.07468879668049792,0.03734439834024896,0.028008298755186723,0.056016597510373446,0.14814814814814814,0.3333333333333333,0.07407407407407407,0.4444444444444444,478
Graduation,Married,71107.0,61,2,4,0,64,1,1327,28,0.16352675207234363,0.007535795026375283,0.1492087415222306,0.13112283345892992,0.146948003014318,0.07142857142857142,0.25,0.21428571428571427,0.4642857142857143,497
PhD,Together,46910.0,36,2,6,0,51,2,68,7,0.20588235294117646,0.0,0.0,0.0,0.08823529411764706,0.2857142857142857,0.2857142857142857,0.0,0.42857142857142855,98
Graduation,Married,18690.0,77,1,8,0,56,0,60,5,0.11666666666666667,0.016666666666666666,0.38333333333333336,0.06666666666666667,0.31666666666666665,0.2,0.2,0.2,0.4,548
Graduation,Divorced,37244.0,90,1,7,0,60,2,55,5,0.18181818181818182,0.03636363636363636,0.0,0.0,0.45454545454545453,0.2,0.2,0.2,0.4,428
Graduation,Together,82427.0,35,1,1,0,49,0,1456,21,0.34958791208791207,0.10096153846153846,0.07142857142857142,0.07348901098901099,0.07348901098901099,0.047619047619047616,0.14285714285714285,0.23809523809523808,0.5714285714285714,109
2n Cycle,Single,75342.0,38,1,4,0,57,1,563,18,0.17229129662522202,0.17229129662522202,0.037300177619893425,0.20959147424511546,0.046181172291296625,0.05555555555555555,0.2777777777777778,0.1111111111111111,0.5555555555555556,419
Graduation,Divorced,70044.0,46,4,5,0,61,1,1504,26,0.16622340425531915,0.0,0.10172872340425532,0.009308510638297872,0.009308510638297872,0.15384615384615385,0.2692307692307692,0.38461538461538464,0.19230769230769232,496
Graduation,Single,79146.0,33,2,6,0,48,2,564,19,0.3953900709219858,0.028368794326241134,0.03723404255319149,0.07624113475177305,0.028368794326241134,0.10526315789473684,0.42105263157894735,0.05263157894736842,0.42105263157894735,66
Graduation,Married,77437.0,70,1,1,0,52,0,1125,23,0.3928888888888889,0.018666666666666668,0.025777777777777778,0.03911111111111111,0.025777777777777778,0.043478260869565216,0.17391304347826086,0.21739130434782608,0.5652173913043478,215
Graduation,Married,54984.0,51,4,7,0,56,1,358,17,0.3659217877094972,0.036312849162011177,0.0893854748603352,0.008379888268156424,0.01675977653631285,0.23529411764705882,0.35294117647058826,0.058823529411764705,0.35294117647058826,36
PhD,Married,42403.0,18,1,8,0,44,1,42,5,0.2619047619047619,0.023809523809523808,0.0,0.11904761904761904,0.07142857142857142,0.2,0.2,0.0,0.6,200
Graduation,Together,55761.0,97,2,6,0,51,1,184,10,0.06521739130434782,0.005434782608695652,0.0,0.016304347826086956,0.17391304347826086,0.2,0.4,0.1,0.3,66
Graduation,Together,37292.0,32,5,8,0,32,1,460,19,0.18695652173913044,0.0,0.021739130434782608,0.05,0.14347826086956522,0.2631578947368421,0.3157894736842105,0.15789473684210525,0.2631578947368421,437
PhD,Single,45576.0,9,1,8,0,70,0,145,8,0.2,0.1310344827586207,0.013793103448275862,0.09655172413793103,0.1724137931034483,0.125,0.375,0.125,0.375,32
Graduation,Together,70321.0,6,1,4,0,68,0,1376,25,0.5457848837209303,0.016715116279069766,0.059593023255813955,0.0188953488372093,0.13880813953488372,0.04,0.24,0.2,0.52,529
PhD,Divorced,58086.0,80,2,8,0,46,1,792,23,0.07828282828282829,0.008838383838383838,0.0,0.0,0.01893939393939394,0.08695652173913043,0.4782608695652174,0.13043478260869565,0.30434782608695654,525
Graduation,Married,81795.0,74,1,2,0,63,0,1382,23,0.5014471780028944,0.0955137481910275,0.019536903039073805,0.085383502170767,0.06367583212735166,0.043478260869565216,0.17391304347826086,0.4782608695652174,0.30434782608695654,611
Basic,Together,28389.0,49,1,7,0,68,0,28,4,0.10714285714285714,0.17857142857142858,0.25,0.14285714285714285,0.2857142857142857,0.25,0.25,0.0,0.5,586
Master,Married,66835.0,21,1,2,0,69,0,1033,24,0.1887705711519845,0.02516940948693127,0.03291384317521781,0.016456921587608905,0.13649564375605033,0.041666666666666664,0.25,0.16666666666666666,0.5416666666666666,274
Graduation,Divorced,69901.0,95,3,5,0,46,1,882,23,0.23356009070294784,0.023809523809523808,0.11564625850340136,0.10430839002267574,0.1689342403628118,0.13043478260869565,0.30434782608695654,0.13043478260869565,0.43478260869565216,396
PhD,Married,80360.0,56,2,2,0,66,0,2231,15,0.20349619004930525,0.03854773644105782,0.0502017032720753,0.01927386822052891,0.01927386822052891,0.13333333333333333,0.26666666666666666,0.26666666666666666,0.3333333333333333,483
PhD,Together,63342.0,48,3,6,0,54,1,1101,19,0.10717529518619437,0.01907356948228883,0.011807447774750226,0.009082652134423252,0.01907356948228883,0.15789473684210525,0.42105263157894735,0.15789473684210525,0.2631578947368421,621
Graduation,Married,44989.0,26,5,6,0,41,1,369,16,0.2872628726287263,0.0,0.13279132791327913,0.02710027100271003,0.2872628726287263,0.3125,0.3125,0.0625,0.3125,655
2n Cycle,Single,31859.0,3,1,7,0,35,1,48,5,0.14583333333333334,0.08333333333333333,0.3125,0.16666666666666666,0.22916666666666666,0.2,0.2,0.0,0.6,122
PhD,Widow,51569.0,39,4,8,0,66,1,467,19,0.1006423982869379,0.0,0.01284796573875803,0.0,0.0728051391862955,0.21052631578947367,0.3684210526315789,0.05263157894736842,0.3684210526315789,502
Graduation,Widow,30372.0,33,3,7,0,44,2,44,8,0.2727272727272727,0.0,0.1590909090909091,0.06818181818181818,0.1590909090909091,0.375,0.25,0.0,0.375,551
Basic,Single,16014.0,42,4,3,0,36,2,38,10,0.10526315789473684,0.23684210526315788,0.18421052631578946,0.21052631578947367,0.18421052631578946,0.4,0.1,0.1,0.4,469
Graduation,Married,41120.0,80,3,6,0,47,2,81,9,0.2839506172839506,0.024691358024691357,0.0,0.09876543209876543,0.2962962962962963,0.3333333333333333,0.2222222222222222,0.1111111111111111,0.3333333333333333,235
Master,Single,39763.0,9,2,9,0,44,1,167,10,0.3592814371257485,0.005988023952095809,0.023952095808383235,0.03592814371257485,0.09580838323353294,0.2,0.5,0.1,0.2,329
PhD,Married,38725.0,52,2,4,0,60,2,45,7,0.13333333333333333,0.0,0.044444444444444446,0.022222222222222223,0.1111111111111111,0.2857142857142857,0.14285714285714285,0.0,0.5714285714285714,50
Graduation,Married,77981.0,78,3,5,0,43,1,664,21,0.3072289156626506,0.18072289156626506,0.024096385542168676,0.1897590361445783,0.09036144578313253,0.14285714285714285,0.3333333333333333,0.19047619047619047,0.3333333333333333,399
2n Cycle,Married,62905.0,68,3,4,0,51,1,622,20,0.15434083601286175,0.12057877813504823,0.19131832797427653,0.1720257234726688,0.09485530546623794,0.15,0.35,0.1,0.4,292
2n Cycle,Divorced,13533.0,45,2,7,0,36,1,48,7,0.16666666666666666,0.0625,0.16666666666666666,0.0,0.3541666666666667,0.2857142857142857,0.2857142857142857,0.0,0.42857142857142855,476
Graduation,Together,59481.0,47,2,2,0,40,1,461,16,0.1843817787418655,0.006507592190889371,0.1540130151843818,0.14316702819956617,0.12581344902386118,0.125,0.1875,0.1875,0.5,249
Graduation,Married,72117.0,34,1,5,0,38,1,1073,26,0.15936626281453867,0.01863932898415657,0.06057781919850885,0.05591798695246971,0.046598322460391424,0.038461538461538464,0.34615384615384615,0.2692307692307692,0.34615384615384615,313
2n Cycle,Married,21955.0,81,2,6,0,29,1,55,8,0.12727272727272726,0.01818181818181818,0.3090909090909091,0.2545454545454545,0.2,0.25,0.25,0.125,0.375,295
Graduation,Married,67131.0,72,3,6,0,59,1,976,26,0.25614754098360654,0.07274590163934426,0.09528688524590163,0.035860655737704916,0.06352459016393443,0.11538461538461539,0.34615384615384615,0.07692307692307693,0.46153846153846156,460
PhD,Single,36802.0,23,1,5,0,35,1,20,5,0.1,0.05,0.0,0.0,0.05,0.2,0.2,0.0,0.6,13
Graduation,Together,71853.0,29,1,1,0,33,0,1149,17,0.35944299390774587,0.09399477806788512,0.1227154046997389,0.08442123585726719,0.0278503046127067,0.058823529411764705,0.11764705882352941,0.47058823529411764,0.35294117647058826,417
Basic,Married,28249.0,80,1,6,0,54,0,43,6,0.16279069767441862,0.20930232558139536,0.046511627906976744,0.32558139534883723,0.23255813953488372,0.16666666666666666,0.3333333333333333,0.0,0.5,14
Master,Married,47808.0,30,2,7,0,40,1,224,10,0.11607142857142858,0.004464285714285714,0.008928571428571428,0.0,0.32142857142857145,0.2,0.3,0.2,0.3,252
PhD,Divorced,25509.0,15,3,9,0,41,1,101,9,0.297029702970297,0.0297029702970297,0.09900990099009901,0.06930693069306931,0.10891089108910891,0.3333333333333333,0.3333333333333333,0.0,0.3333333333333333,649
PhD,Married,51012.0,86,1,6,0,69,0,209,10,0.3014354066985646,0.0430622009569378,0.009569377990430622,0.0430622009569378,0.11483253588516747,0.1,0.4,0.1,0.4,437
Graduation,Single,70596.0,68,1,2,0,30,0,968,21,0.5516528925619835,0.045454545454545456,0.01756198347107438,0.0,0.026859504132231406,0.047619047619047616,0.14285714285714285,0.23809523809523808,0.5714285714285714,632
PhD,Together,85431.0,54,1,0,0,63,0,1165,17,0.3965665236051502,0.045493562231759654,0.14420600858369098,0.045493562231759654,0.045493562231759654,0.058823529411764705,0.11764705882352941,0.4117647058823529,0.4117647058823529,386
Graduation,Married,42664.0,44,1,6,0,48,1,24,5,0.125,0.0,0.0,0.0,0.0,0.2,0.2,0.0,0.6,103
Graduation,Together,42586.0,7,5,8,0,60,2,252,16,0.2222222222222222,0.007936507936507936,0.0,0.0,0.0,0.3125,0.25,0.0625,0.375,608
Graduation,Single,29760.0,87,4,8,0,30,1,165,12,0.4121212121212121,0.024242424242424242,0.04242424242424243,0.030303030303030304,0.10303030303030303,0.3333333333333333,0.25,0.08333333333333333,0.3333333333333333,669
PhD,Married,28973.0,59,2,8,0,38,0,269,13,0.17100371747211895,0.0,0.011152416356877323,0.007434944237918215,0.04460966542750929,0.15384615384615385,0.38461538461538464,0.07692307692307693,0.38461538461538464,624
PhD,Together,39435.0,16,1,7,0,42,1,102,7,0.17647058823529413,0.0,0.0,0.0,0.12745098039215685,0.14285714285714285,0.42857142857142855,0.14285714285714285,0.2857142857142857,327
2n Cycle,Married,65370.0,1,1,1,0,31,0,461,19,0.24295010845986983,0.04772234273318872,0.2993492407809111,0.19305856832971802,0.06290672451193059,0.05263157894736842,0.10526315789473684,0.15789473684210525,0.6842105263157895,332
Basic,Single,20194.0,64,2,6,0,36,1,47,7,0.14893617021276595,0.0851063829787234,0.23404255319148937,0.2127659574468085,0.3191489361702128,0.2857142857142857,0.2857142857142857,0.0,0.42857142857142855,559
PhD,Single,42473.0,72,3,5,0,39,2,144,10,0.14583333333333334,0.006944444444444444,0.0,0.027777777777777776,0.1736111111111111,0.3,0.2,0.1,0.4,132
Graduation,Married,64590.0,98,1,6,0,47,0,1338,24,0.12556053811659193,0.1031390134529148,0.026905829596412557,0.0343796711509716,0.02242152466367713,0.041666666666666664,0.375,0.16666666666666666,0.4166666666666667,623
Graduation,Together,71232.0,91,2,7,0,56,1,917,25,0.18538713195201745,0.018538713195201745,0.03707742639040349,0.028353326063249727,0.018538713195201745,0.08,0.44,0.08,0.4,213
Graduation,Together,34600.0,8,5,8,0,44,2,318,17,0.18867924528301888,0.10377358490566038,0.025157232704402517,0.009433962264150943,0.04716981132075472,0.29411764705882354,0.29411764705882354,0.11764705882352941,0.29411764705882354,544
Graduation,Single,46904.0,20,4,8,0,48,2,253,14,0.22134387351778656,0.015810276679841896,0.0,0.03557312252964427,0.1225296442687747,0.2857142857142857,0.35714285714285715,0.07142857142857142,0.2857142857142857,603
Graduation,Married,49094.0,6,5,6,0,42,1,502,20,0.07569721115537849,0.0,0.021912350597609563,0.01593625498007968,0.13745019920318724,0.25,0.3,0.15,0.3,646
Graduation,Together,36075.0,54,1,6,0,32,1,119,7,0.25210084033613445,0.0,0.10084033613445378,0.008403361344537815,0.25210084033613445,0.14285714285714285,0.2857142857142857,0.0,0.5714285714285714,202
2n Cycle,Together,60839.0,72,13,8,0,36,2,1250,29,0.1024,0.0168,0.1784,0.12,0.1024,0.4482758620689655,0.06896551724137931,0.06896551724137931,0.41379310344827586,670
Graduation,Together,77298.0,46,1,3,0,36,1,969,24,0.3013415892672859,0.11867905056759546,0.023735810113519093,0.03611971104231166,0.08152734778121776,0.041666666666666664,0.25,0.25,0.4583333333333333,239
Graduation,Together,34026.0,11,3,5,0,65,2,76,9,0.19736842105263158,0.07894736842105263,0.15789473684210525,0.10526315789473684,0.2236842105263158,0.3333333333333333,0.2222222222222222,0.1111111111111111,0.3333333333333333,328
PhD,Single,48918.0,21,2,4,0,52,2,62,7,0.14516129032258066,0.0,0.0,0.0,0.016129032258064516,0.2857142857142857,0.14285714285714285,0.0,0.5714285714285714,78
2n Cycle,Together,82122.0,89,1,1,0,53,0,1382,26,0.2532561505065123,0.015918958031837915,0.10926193921852388,0.01808972503617945,0.0723589001447178,0.038461538461538464,0.11538461538461539,0.34615384615384615,0.5,318
Graduation,Single,37697.0,82,1,6,0,39,1,84,7,0.25,0.07142857142857142,0.13095238095238096,0.047619047619047616,0.09523809523809523,0.14285714285714285,0.2857142857142857,0.14285714285714285,0.42857142857142855,142
Graduation,Together,34074.0,69,5,6,0,63,2,255,14,0.1607843137254902,0.00392156862745098,0.0392156862745098,0.00392156862745098,0.2627450980392157,0.35714285714285715,0.21428571428571427,0.21428571428571427,0.21428571428571427,351
Master,Married,28520.0,55,1,6,0,55,2,43,5,0.23255813953488372,0.0,0.0,0.046511627906976744,0.46511627906976744,0.2,0.2,0.2,0.4,380
Graduation,Single,62535.0,13,1,3,0,60,1,398,14,0.22613065326633167,0.12060301507537688,0.0,0.11306532663316583,0.1306532663316583,0.07142857142857142,0.21428571428571427,0.14285714285714285,0.5714285714285714,269
Master,Single,36273.0,80,2,6,0,38,1,76,8,0.39473684210526316,0.039473684210526314,0.039473684210526314,0.02631578947368421,0.11842105263157894,0.25,0.375,0.0,0.375,74
Graduation,Together,63404.0,97,2,4,0,51,2,902,15,0.07760532150776053,0.028824833702882482,0.012195121951219513,0.04878048780487805,0.018847006651884702,0.13333333333333333,0.4,0.2,0.26666666666666666,23
2n Cycle,Together,75774.0,27,1,4,0,34,1,823,21,0.16281895504252733,0.02551640340218712,0.3134872417982989,0.01701093560145808,0.06804374240583232,0.047619047619047616,0.3333333333333333,0.23809523809523808,0.38095238095238093,58
Graduation,Together,78416.0,99,2,3,0,39,1,1179,26,0.2366412213740458,0.032230703986429174,0.1594571670907549,0.032230703986429174,0.15521628498727735,0.07692307692307693,0.2692307692307692,0.2692307692307692,0.38461538461538464,2
Graduation,Together,75702.0,87,1,6,0,41,1,1921,29,0.3274336283185841,0.0,0.07548152004164498,0.019260801665799063,0.019260801665799063,0.034482758620689655,0.3448275862068966,0.1724137931034483,0.4482758620689655,623
Master,Together,59385.0,85,2,5,0,64,2,185,10,0.05405405405405406,0.0,0.0,0.021621621621621623,0.1945945945945946,0.2,0.3,0.1,0.4,427
Graduation,Single,37070.0,30,9,7,0,49,2,433,23,0.3163972286374134,0.016166281755196306,0.009237875288683603,0.03464203233256351,0.09006928406466513,0.391304347826087,0.21739130434782608,0.043478260869565216,0.34782608695652173,466
Graduation,Married,44689.0,82,2,7,0,64,2,34,6,0.14705882352941177,0.0,0.0,0.0,0.3235294117647059,0.3333333333333333,0.16666666666666666,0.16666666666666666,0.3333333333333333,170
Graduation,Together,53977.0,21,5,5,0,57,1,907,27,0.1819184123484013,0.017640573318632856,0.0,0.026460859977949284,0.09040793825799338,0.18518518518518517,0.18518518518518517,0.18518518518518517,0.4444444444444444,386
PhD,Single,7144.0,92,0,0,0,49,2,416,25,0.07932692307692307,0.009615384615384616,0.01201923076923077,0.004807692307692308,0.6995192307692307,0.0,0.92,0.04,0.04,204
Graduation,Single,18701.0,95,4,5,0,51,2,44,10,0.045454545454545456,0.09090909090909091,0.22727272727272727,0.13636363636363635,0.22727272727272727,0.4,0.2,0.0,0.4,390
Graduation,Married,90369.0,2,1,1,0,59,0,1588,17,0.6177581863979849,0.03211586901763224,0.14105793450881612,0.014483627204030227,0.010705289672544081,0.058823529411764705,0.23529411764705882,0.35294117647058826,0.35294117647058826,62
PhD,Single,63159.0,74,1,3,0,41,0,1797,17,0.32609905397885364,0.018920422927100722,0.04952698942682248,0.047857540345019475,0.020589872008903727,0.058823529411764705,0.17647058823529413,0.29411764705882354,0.47058823529411764,601
Graduation,Together,37758.0,49,2,8,0,49,2,40,6,0.25,0.05,0.0,0.0,0.025,0.3333333333333333,0.16666666666666666,0.0,0.5,633
PhD,Single,46757.0,71,6,9,0,52,1,1143,21,0.1426071741032371,0.026246719160104987,0.0,0.04461942257217848,0.10673665791776028,0.2857142857142857,0.19047619047619047,0.19047619047619047,0.3333333333333333,590
Master,Married,79734.0,72,1,1,0,46,0,914,14,0.2538293216630197,0.0087527352297593,0.02516411378555799,0.06783369803063458,0.018599562363238512,0.07142857142857142,0.2857142857142857,0.21428571428571427,0.42857142857142855,1
Graduation,Together,63207.0,68,1,7,0,23,0,1502,12,0.37616511318242346,0.11251664447403462,0.06058588548601864,0.11251664447403462,0.04660452729693742,0.08333333333333333,0.16666666666666666,0.25,0.5,525
Graduation,Divorced,72071.0,4,3,2,0,61,1,1338,20,0.2242152466367713,0.0515695067264574,0.11210762331838565,0.1031390134529148,0.11210762331838565,0.15,0.25,0.2,0.4,500
PhD,Together,21840.0,80,1,9,0,32,1,27,5,0.3333333333333333,0.0,0.0,0.0,0.037037037037037035,0.2,0.2,0.0,0.6,343
2n Cycle,Together,58582.0,15,2,5,0,33,1,763,22,0.13892529488859764,0.045871559633027525,0.13237221494102228,0.10091743119266056,0.05504587155963303,0.09090909090909091,0.4090909090909091,0.09090909090909091,0.4090909090909091,274
Graduation,Single,72282.0,70,1,7,0,64,0,1331,22,0.3148009015777611,0.0202854996243426,0.067618332081142,0.10443275732531931,0.1149511645379414,0.045454545454545456,0.22727272727272727,0.3181818181818182,0.4090909090909091,345
Graduation,Married,50387.0,91,3,5,0,59,2,525,19,0.1657142857142857,0.017142857142857144,0.022857142857142857,0.02666666666666667,0.06476190476190476,0.15789473684210525,0.3157894736842105,0.10526315789473684,0.42105263157894735,302
PhD,Together,32583.0,10,1,7,0,54,2,9,4,0.3333333333333333,0.0,0.0,0.0,0.1111111111111111,0.25,0.25,0.0,0.5,14
Graduation,Together,62568.0,99,3,4,0,53,1,953,16,0.4176285414480588,0.017838405036726127,0.08394543546694648,0.03672612801678909,0.06400839454354669,0.1875,0.3125,0.1875,0.3125,83
Master,Divorced,44635.0,25,2,7,0,44,2,68,7,0.1323529411764706,0.0,0.0,0.0,0.04411764705882353,0.2857142857142857,0.2857142857142857,0.0,0.42857142857142855,261
Master,Single,33316.0,34,3,6,0,44,2,131,10,0.2366412213740458,0.007633587786259542,0.030534351145038167,0.030534351145038167,0.0916030534351145,0.3,0.2,0.1,0.4,268
Graduation,Married,63967.0,57,3,2,0,47,1,882,23,0.1598639455782313,0.09523809523809523,0.08276643990929705,0.03968253968253968,0.1836734693877551,0.13043478260869565,0.17391304347826086,0.17391304347826086,0.5217391304347826,324
2n Cycle,Together,52513.0,84,2,7,0,37,0,1149,25,0.20974760661444736,0.014795474325500435,0.09051348999129678,0.16362053959965187,0.20191470844212359,0.08,0.36,0.2,0.36,663
Graduation,Married,25293.0,51,1,8,0,46,1,37,5,0.2972972972972973,0.0,0.0,0.05405405405405406,0.24324324324324326,0.2,0.2,0.2,0.4,287
PhD,Widow,54111.0,97,2,5,0,50,1,388,15,0.13917525773195877,0.015463917525773196,0.020618556701030927,0.007731958762886598,0.12886597938144329,0.13333333333333333,0.3333333333333333,0.13333333333333333,0.4,308
Graduation,Together,78394.0,13,1,2,0,29,0,1428,16,0.4880952380952381,0.018907563025210083,0.15126050420168066,0.01680672268907563,0.11624649859943978,0.0625,0.25,0.375,0.3125,499
Master,Married,80739.0,92,1,1,0,57,0,1633,24,0.4507042253521127,0.056338028169014086,0.023882424984690752,0.0,0.056338028169014086,0.041666666666666664,0.125,0.4583333333333333,0.375,402
Master,Together,22669.0,30,3,9,0,40,1,173,10,0.20809248554913296,0.08092485549132948,0.2138728323699422,0.12716763005780346,0.2774566473988439,0.3,0.4,0.1,0.2,403
Graduation,Single,29236.0,30,2,9,0,28,1,99,9,0.24242424242424243,0.04040404040404041,0.16161616161616163,0.09090909090909091,0.09090909090909091,0.2222222222222222,0.4444444444444444,0.0,0.3333333333333333,264
Graduation,Together,44911.0,11,3,7,0,56,1,215,12,0.10232558139534884,0.0,0.009302325581395349,0.004651162790697674,0.14418604651162792,0.25,0.3333333333333333,0.08333333333333333,0.3333333333333333,471
PhD,Married,54693.0,72,8,6,0,53,1,929,31,0.15285252960172227,0.01829924650161464,0.024757804090419805,0.02798708288482239,0.03767491926803014,0.25806451612903225,0.1935483870967742,0.12903225806451613,0.41935483870967744,497
Graduation,Together,48186.0,39,3,7,0,41,1,219,12,0.3013698630136986,0.0136986301369863,0.0547945205479452,0.0319634703196347,0.1552511415525114,0.25,0.3333333333333333,0.08333333333333333,0.3333333333333333,101
Graduation,Married,54809.0,0,4,4,0,38,2,174,12,0.3275862068965517,0.034482758620689655,0.07471264367816093,0.07471264367816093,0.12643678160919541,0.3333333333333333,0.16666666666666666,0.08333333333333333,0.4166666666666667,291
Graduation,Together,41580.0,15,3,5,0,37,2,92,9,0.2608695652173913,0.05434782608695652,0.043478260869565216,0.0,0.03260869565217391,0.3333333333333333,0.2222222222222222,0.1111111111111111,0.3333333333333333,566
PhD,Married,80336.0,12,1,1,0,45,0,1052,25,0.43346007604562736,0.01806083650190114,0.1520912547528517,0.13498098859315588,0.06273764258555133,0.04,0.08,0.36,0.52,293
Graduation,Married,47743.0,56,3,6,0,58,1,275,14,0.15636363636363637,0.007272727272727273,0.0,0.04363636363636364,0.07272727272727272,0.21428571428571427,0.2857142857142857,0.07142857142857142,0.42857142857142855,464
2n Cycle,Married,62972.0,39,2,6,0,60,1,587,16,0.08006814310051108,0.02555366269165247,0.034071550255536626,0.0,0.3270868824531516,0.125,0.4375,0.25,0.1875,695
PhD,Divorced,57333.0,55,11,6,0,61,1,1662,33,0.2388688327316486,0.00842358604091456,0.0457280385078219,0.03489771359807461,0.10589651022864019,0.3333333333333333,0.24242424242424243,0.15151515151515152,0.2727272727272727,645
PhD,Together,32313.0,60,3,9,0,33,1,159,11,0.3522012578616352,0.025157232704402517,0.012578616352201259,0.025157232704402517,0.0440251572327044,0.2727272727272727,0.36363636363636365,0.0,0.36363636363636365,503
Master,Widow,84953.0,73,1,2,0,62,0,1024,18,0.587890625,0.046875,0.0615234375,0.0703125,0.0703125,0.05555555555555555,0.16666666666666666,0.5555555555555556,0.2222222222222222,391
Master,Divorced,27071.0,90,2,6,0,47,1,35,7,0.5428571428571428,0.08571428571428572,0.0,0.05714285714285714,0.08571428571428572,0.2857142857142857,0.2857142857142857,0.0,0.42857142857142855,67
Master,Together,68148.0,86,1,2,0,58,0,1042,15,0.3915547024952015,0.06333973128598848,0.03550863723608445,0.05470249520153551,0.08157389635316699,0.06666666666666667,0.26666666666666666,0.26666666666666666,0.4,302
Master,Together,65735.0,37,5,7,0,50,2,395,19,0.3012658227848101,0.017721518987341773,0.010126582278481013,0.0379746835443038,0.027848101265822784,0.2631578947368421,0.3157894736842105,0.10526315789473684,0.3157894736842105,204
PhD,Married,86836.0,7,1,5,0,40,0,557,23,0.49012567324955114,0.03770197486535009,0.0,0.03770197486535009,0.11310592459605028,0.043478260869565216,0.2608695652173913,0.43478260869565216,0.2608695652173913,655
PhD,Married,4023.0,29,15,19,0,52,2,9,15,0.1111111111111111,0.0,0.1111111111111111,0.1111111111111111,0.1111111111111111,1.0,0.0,0.0,0.0,6
Graduation,Married,30093.0,19,1,7,0,25,0,69,6,0.4057971014492754,0.08695652173913043,0.18840579710144928,0.057971014492753624,0.2318840579710145,0.16666666666666666,0.3333333333333333,0.0,0.5,356
PhD,Married,57705.0,14,3,6,0,49,1,486,18,0.10905349794238683,0.0,0.012345679012345678,0.00823045267489712,0.0823045267489712,0.16666666666666666,0.4444444444444444,0.05555555555555555,0.3333333333333333,169
Graduation,Single,25008.0,72,2,8,0,27,1,34,6,0.23529411764705882,0.23529411764705882,0.17647058823529413,0.029411764705882353,0.2647058823529412,0.3333333333333333,0.16666666666666666,0.0,0.5,147
2n Cycle,Single,83257.0,56,1,6,1,20,0,1365,28,0.43223443223443225,0.01978021978021978,0.02783882783882784,0.07838827838827839,0.04908424908424908,0.03571428571428571,0.17857142857142858,0.35714285714285715,0.42857142857142855,649
Graduation,Together,22280.0,85,1,8,0,40,1,13,4,0.3076923076923077,0.07692307692307693,0.23076923076923078,0.07692307692307693,0.15384615384615385,0.25,0.25,0.0,0.5,406
PhD,Married,72159.0,62,1,2,0,37,0,1401,21,0.6416845110635261,0.03783012134189864,0.02426837972876517,0.028551034975017844,0.03783012134189864,0.047619047619047616,0.19047619047619047,0.2857142857142857,0.47619047619047616,608
Graduation,Together,64260.0,1,1,3,0,54,0,1574,14,0.5184243964421855,0.10736975857687421,0.012706480304955527,0.0,0.01905972045743329,0.07142857142857142,0.2857142857142857,0.35714285714285715,0.2857142857142857,534
PhD,Single,82733.0,28,1,4,0,31,0,1323,20,0.31746031746031744,0.03779289493575208,0.0491307634164777,0.02872260015117158,0.02872260015117158,0.05,0.4,0.2,0.35,292
Master,Divorced,74290.0,70,4,6,0,44,1,1217,32,0.05916187345932621,0.0,0.0,0.009860312243221035,0.009860312243221035,0.125,0.3125,0.25,0.3125,321
Master,Single,58217.0,84,1,6,0,64,3,103,7,0.1262135922330097,0.009708737864077669,0.02912621359223301,0.04854368932038835,0.1262135922330097,0.14285714285714285,0.2857142857142857,0.0,0.5714285714285714,589
Master,Together,21024.0,89,1,7,0,39,0,84,7,0.21428571428571427,0.047619047619047616,0.07142857142857142,0.023809523809523808,0.21428571428571427,0.14285714285714285,0.2857142857142857,0.0,0.5714285714285714,360
PhD,Married,70116.0,73,1,1,0,43,0,1536,23,0.392578125,0.028645833333333332,0.061848958333333336,0.037760416666666664,0.018880208333333332,0.043478260869565216,0.08695652173913043,0.34782608695652173,0.5217391304347826,519
Graduation,Together,54006.0,42,2,7,0,30,1,581,18,0.3493975903614458,0.13253012048192772,0.010327022375215147,0.04130808950086059,0.16695352839931152,0.1111111111111111,0.4444444444444444,0.05555555555555555,0.3888888888888889,649
PhD,Married,69063.0,16,1,3,0,49,1,928,14,0.1336206896551724,0.03771551724137931,0.07435344827586207,0.008620689655172414,0.028017241379310345,0.07142857142857142,0.35714285714285715,0.21428571428571427,0.35714285714285715,599
2n Cycle,Divorced,11448.0,16,1,6,0,40,0,14,4,0.0,0.0,0.42857142857142855,0.14285714285714285,0.42857142857142855,0.25,0.25,0.0,0.5,196
Graduation,Single,61825.0,56,1,4,0,36,1,424,15,0.2358490566037736,0.1179245283018868,0.12971698113207547,0.07075471698113207,0.06367924528301887,0.06666666666666667,0.26666666666666666,0.13333333333333333,0.5333333333333333,326
Graduation,Married,70886.0,65,1,2,0,44,1,960,14,0.24895833333333334,0.07291666666666667,0.10729166666666666,0.09166666666666666,0.05520833333333333,0.07142857142857142,0.35714285714285715,0.2857142857142857,0.2857142857142857,258
Graduation,Married,69109.0,10,1,4,0,33,0,1555,20,0.29517684887459805,0.01607717041800643,0.0797427652733119,0.01864951768488746,0.06109324758842444,0.05,0.3,0.3,0.35,597
Graduation,Widow,60208.0,13,11,7,0,42,2,656,29,0.10823170731707317,0.0350609756097561,0.022865853658536585,0.0,0.0899390243902439,0.3793103448275862,0.27586206896551724,0.10344827586206896,0.2413793103448276,630
Master,Together,32889.0,78,3,5,0,47,2,55,9,0.23636363636363636,0.0,0.07272727272727272,0.03636363636363636,0.14545454545454545,0.3333333333333333,0.2222222222222222,0.1111111111111111,0.3333333333333333,296
Graduation,Single,34738.0,51,1,6,0,31,1,20,5,0.5,0.1,0.15,0.0,0.1,0.2,0.2,0.0,0.6,49
Master,Together,30538.0,27,4,10,0,44,1,367,17,0.14168937329700274,0.0,0.021798365122615803,0.008174386920980926,0.05449591280653951,0.23529411764705882,0.5294117647058824,0.0,0.23529411764705882,636
2n Cycle,Together,82326.0,30,1,2,0,38,0,2257,22,0.33407177669472754,0.06291537439078422,0.07044749667700487,0.0358883473637572,0.08108108108108109,0.045454545454545456,0.22727272727272727,0.45454545454545453,0.2727272727272727,111
PhD,Divorced,26642.0,71,2,6,0,48,1,42,7,0.35714285714285715,0.047619047619047616,0.047619047619047616,0.047619047619047616,0.19047619047619047,0.2857142857142857,0.2857142857142857,0.0,0.42857142857142855,120
Graduation,Divorced,69932.0,97,2,4,0,51,1,1049,26,0.14585319351763584,0.16396568160152525,0.14299332697807435,0.10009532888465204,0.05433746425166826,0.07692307692307693,0.2692307692307692,0.23076923076923078,0.4230769230769231,382
Graduation,Single,44503.0,83,2,6,0,43,2,48,7,0.16666666666666666,0.020833333333333332,0.0,0.0,0.16666666666666666,0.2857142857142857,0.2857142857142857,0.0,0.42857142857142855,74
PhD,Single,60200.0,3,6,6,0,67,1,685,25,0.1927007299270073,0.027737226277372264,0.0,0.008759124087591242,0.03795620437956204,0.24,0.24,0.08,0.44,543
Graduation,Divorced,49638.0,71,1,2,0,63,1,39,5,0.07692307692307693,0.2564102564102564,0.07692307692307693,0.1282051282051282,0.0,0.2,0.2,0.0,0.6,71
2n Cycle,Single,23830.0,3,1,7,0,28,0,43,5,0.13953488372093023,0.18604651162790697,0.09302325581395349,0.18604651162790697,0.37209302325581395,0.2,0.2,0.0,0.6,142
Master,Widow,33051.0,15,3,9,0,56,0,835,21,0.29101796407185626,0.08502994011976048,0.12934131736526946,0.1125748502994012,0.2622754491017964,0.14285714285714285,0.42857142857142855,0.047619047619047616,0.38095238095238093,682
Graduation,Married,72905.0,52,1,1,0,57,0,1515,20,0.29372937293729373,0.07524752475247524,0.11947194719471947,0.10891089108910891,0.13399339933993398,0.05,0.15,0.35,0.45,159
PhD,Together,69702.0,8,2,4,0,64,1,1039,26,0.23099133782483156,0.008662175168431183,0.04812319538017324,0.01828681424446583,0.0548604427333975,0.07692307692307693,0.2692307692307692,0.2692307692307692,0.38461538461538464,495
Graduation,Divorced,70300.0,89,3,8,0,40,1,1596,26,0.21177944862155387,0.03822055137844611,0.03759398496240601,0.02882205513784461,0.02882205513784461,0.11538461538461539,0.19230769230769232,0.19230769230769232,0.5,349
PhD,Married,70643.0,66,1,6,0,31,0,1828,18,0.16630196936542668,0.058533916849015315,0.012582056892778994,0.07822757111597374,0.018052516411378557,0.05555555555555555,0.2777777777777778,0.4444444444444444,0.2222222222222222,622
PhD,Married,30396.0,22,2,7,0,46,1,34,6,0.17647058823529413,0.0,0.0,0.029411764705882353,0.35294117647058826,0.3333333333333333,0.16666666666666666,0.16666666666666666,0.3333333333333333,60
PhD,Divorced,50616.0,56,2,7,0,47,1,149,10,0.10738255033557047,0.0,0.0,0.006711409395973154,0.026845637583892617,0.2,0.4,0.0,0.4,72
Master,Single,62772.0,74,1,2,0,46,1,946,23,0.16596194503171247,0.05179704016913319,0.045454545454545456,0.008456659619450317,0.11416490486257928,0.043478260869565216,0.21739130434782608,0.2608695652173913,0.4782608695652174,406
PhD,Single,30298.0,48,1,3,0,30,0,28,6,0.42857142857142855,0.10714285714285714,0.21428571428571427,0.03571428571428571,0.0,0.16666666666666666,0.16666666666666666,0.16666666666666666,0.5,41
Graduation,Single,52413.0,67,2,7,0,31,1,450,17,0.29555555555555557,0.017777777777777778,0.12444444444444444,0.12444444444444444,0.02666666666666667,0.11764705882352941,0.4117647058823529,0.058823529411764705,0.4117647058823529,603
PhD,Married,44155.0,24,1,4,0,58,2,46,5,0.1956521739130435,0.021739130434782608,0.0,0.0,0.30434782608695654,0.2,0.2,0.2,0.4,161
PhD,Divorced,86979.0,67,1,2,0,44,0,1702,16,0.490599294947121,0.05875440658049354,0.038190364277320796,0.04876615746180964,0.020564042303172738,0.0625,0.3125,0.3125,0.3125,234
Graduation,Together,76532.0,38,4,5,0,40,2,820,25,0.21585365853658536,0.036585365853658534,0.10975609756097561,0.16829268292682928,0.036585365853658534,0.16,0.36,0.2,0.28,293
Graduation,Married,42081.0,86,2,6,0,33,1,382,15,0.2879581151832461,0.02617801047120419,0.14136125654450263,0.015706806282722512,0.07068062827225131,0.13333333333333333,0.4,0.2,0.26666666666666666,488
PhD,Married,67546.0,90,1,3,0,27,0,2126,20,0.36124176857949203,0.06302916274694262,0.07055503292568203,0.017873941674506115,0.08090310442144873,0.05,0.2,0.5,0.25,667
Master,Together,88420.0,87,1,1,0,26,0,2069,20,0.2957950700821653,0.07394876752054133,0.047849202513291444,0.045915901401643304,0.07394876752054133,0.05,0.2,0.35,0.4,58
Graduation,Married,31158.0,62,2,8,0,30,1,72,7,0.2222222222222222,0.08333333333333333,0.2777777777777778,0.0,0.06944444444444445,0.2857142857142857,0.2857142857142857,0.0,0.42857142857142855,518
Graduation,Divorced,61671.0,23,8,8,0,47,1,732,28,0.07650273224043716,0.009562841530054645,0.0,0.0,0.03825136612021858,0.2857142857142857,0.35714285714285715,0.14285714285714285,0.21428571428571427,26
Graduation,Single,69719.0,99,1,1,0,41,0,801,11,0.2596754057428215,0.10736579275905118,0.2209737827715356,0.017478152309612985,0.05368289637952559,0.09090909090909091,0.18181818181818182,0.2727272727272727,0.45454545454545453,34
Graduation,Divorced,49160.0,29,2,6,0,66,1,236,12,0.18220338983050846,0.08898305084745763,0.1059322033898305,0.0423728813559322,0.0635593220338983,0.16666666666666666,0.25,0.08333333333333333,0.5,252
Basic,Together,24882.0,52,1,6,0,37,1,80,5,0.125,0.05,0.3625,0.0,0.45,0.2,0.2,0.2,0.4,658
PhD,Single,90933.0,90,1,1,0,61,0,1685,15,0.2551928783382789,0.018397626112759646,0.03679525222551929,0.037388724035608306,0.04688427299703264,0.06666666666666667,0.26666666666666666,0.4,0.26666666666666666,90
PhD,Single,113734.0,9,0,1,0,70,0,277,27,0.010830324909747292,0.007220216606498195,0.0036101083032490976,0.9458483754512635,0.010830324909747292,0.0,1.0,0.0,0.0,32
PhD,Together,59292.0,71,2,3,0,65,1,507,18,0.1341222879684418,0.027613412228796843,0.03747534516765286,0.027613412228796843,0.027613412228796843,0.1111111111111111,0.16666666666666666,0.2777777777777778,0.4444444444444444,381
PhD,Married,45759.0,13,2,7,0,51,2,68,7,0.2647058823529412,0.014705882352941176,0.04411764705882353,0.0,0.058823529411764705,0.2857142857142857,0.2857142857142857,0.0,0.42857142857142855,491
Graduation,Single,22148.0,16,1,7,0,32,0,49,5,0.2857142857142857,0.10204081632653061,0.0,0.08163265306122448,0.22448979591836735,0.2,0.2,0.0,0.6,77
Master,Married,73395.0,94,1,2,0,28,0,397,15,0.20151133501259447,0.017632241813602016,0.05037783375314862,0.017632241813602016,0.027707808564231738,0.06666666666666667,0.26666666666666666,0.26666666666666666,0.4,103
Graduation,Divorced,29819.0,77,3,6,0,44,1,39,9,0.6153846153846154,0.02564102564102564,0.05128205128205128,0.02564102564102564,0.05128205128205128,0.3333333333333333,0.3333333333333333,0.0,0.3333333333333333,248
Graduation,Married,45688.0,20,2,4,0,47,1,306,14,0.058823529411764705,0.0,0.0,0.0,0.029411764705882353,0.14285714285714285,0.21428571428571427,0.07142857142857142,0.5714285714285714,155
Graduation,Married,62820.0,51,1,1,0,61,0,976,14,0.27151639344262296,0.0625,0.1413934426229508,0.0625,0.05430327868852459,0.07142857142857142,0.21428571428571427,0.2857142857142857,0.42857142857142855,414
PhD,Married,60491.0,81,4,5,0,44,1,1028,28,0.23054474708171208,0.04571984435797665,0.011673151750972763,0.01848249027237354,0.07392996108949416,0.14285714285714285,0.21428571428571427,0.39285714285714285,0.25,296
Graduation,Together,33235.0,71,1,7,0,29,1,70,7,0.22857142857142856,0.0,0.02857142857142857,0.014285714285714285,0.08571428571428572,0.14285714285714285,0.42857142857142855,0.0,0.42857142857142855,144
Graduation,Married,35701.0,36,1,6,0,56,0,46,5,0.1956521739130435,0.021739130434782608,0.15217391304347827,0.06521739130434782,0.10869565217391304,0.2,0.2,0.0,0.6,467
Master,Married,31535.0,95,1,7,0,35,1,51,5,0.2549019607843137,0.0784313725490196,0.0,0.0,0.37254901960784315,0.2,0.2,0.2,0.4,276
2n Cycle,Together,92556.0,32,0,0,0,55,0,1263,21,0.278701504354711,0.14489311163895488,0.1456848772763262,0.018210609659540775,0.022169437846397466,0.0,0.14285714285714285,0.23809523809523808,0.6190476190476191,70
Graduation,Single,67384.0,32,2,5,0,45,1,1490,22,0.1174496644295302,0.026845637583892617,0.10604026845637583,0.03557046979865772,0.07181208053691275,0.09090909090909091,0.3181818181818182,0.36363636363636365,0.22727272727272727,596
Master,Together,80573.0,85,1,2,0,44,0,1564,24,0.2749360613810742,0.08823529411764706,0.03836317135549872,0.058823529411764705,0.00959079283887468,0.041666666666666664,0.16666666666666666,0.25,0.5416666666666666,623
Graduation,Married,77870.0,93,3,8,0,48,1,1815,18,0.27548209366391185,0.027548209366391185,0.03581267217630854,0.027548209366391185,0.07327823691460054,0.16666666666666666,0.2777777777777778,0.2777777777777778,0.2777777777777778,676
PhD,Widow,52278.0,24,6,8,0,52,1,1198,31,0.05926544240400668,0.0,0.0,0.0,0.14524207011686144,0.1935483870967742,0.3225806451612903,0.16129032258064516,0.3225806451612903,520
Graduation,Single,57107.0,44,7,8,0,47,1,416,23,0.28846153846153844,0.0,0.0,0.0,0.3293269230769231,0.30434782608695654,0.17391304347826086,0.17391304347826086,0.34782608695652173,674
Graduation,Married,18929.0,15,1,6,0,25,0,85,6,0.09411764705882353,0.0,0.27058823529411763,0.047058823529411764,0.21176470588235294,0.16666666666666666,0.16666666666666666,0.0,0.6666666666666666,498
PhD,Single,36038.0,82,2,6,0,34,1,47,8,0.3191489361702128,0.0,0.0,0.0425531914893617,0.14893617021276595,0.25,0.375,0.0,0.375,394
Graduation,Single,20180.0,27,1,7,0,39,0,137,8,0.17518248175182483,0.30656934306569344,0.10948905109489052,0.145985401459854,0.13138686131386862,0.125,0.25,0.125,0.5,494
PhD,Together,34230.0,72,1,7,0,50,2,21,4,0.19047619047619047,0.0,0.0,0.0,0.09523809523809523,0.25,0.25,0.0,0.5,550
2n Cycle,Single,31878.0,7,1,3,0,38,1,70,6,0.07142857142857142,0.05714285714285714,0.14285714285714285,0.07142857142857142,0.32857142857142857,0.16666666666666666,0.16666666666666666,0.0,0.6666666666666666,7
2n Cycle,Married,70932.0,57,2,3,0,43,1,909,22,0.11001100110011001,0.21232123212321233,0.050605060506050605,0.20352035203520352,0.20352035203520352,0.09090909090909091,0.2727272727272727,0.09090909090909091,0.5454545454545454,161
Graduation,Single,91249.0,84,0,4,0,59,0,1676,22,0.07100238663484487,0.016109785202863963,0.042362768496420046,0.06443914081145585,0.016109785202863963,0.0,0.3181818181818182,0.4090909090909091,0.2727272727272727,617
Master,Single,77598.0,53,1,3,0,72,0,1735,26,0.16195965417867436,0.019020172910662825,0.07435158501440922,0.03804034582132565,0.019020172910662825,0.038461538461538464,0.2692307692307692,0.19230769230769232,0.5,271
Graduation,Single,80982.0,48,3,5,1,56,2,1191,30,0.33669185558354325,0.11502938706968933,0.0873215785054576,0.018471872376154493,0.018471872376154493,0.1,0.36666666666666664,0.16666666666666666,0.36666666666666664,537
Master,Married,22701.0,2,1,5,0,38,1,24,5,0.375,0.16666666666666666,0.0,0.16666666666666666,0.20833333333333334,0.2,0.2,0.0,0.6,297
PhD,Married,55212.0,65,3,8,0,46,1,1182,20,0.03807106598984772,0.0,0.0,0.0,0.028764805414551606,0.15,0.2,0.1,0.55,583
Graduation,Married,70617.0,45,1,2,0,45,0,1280,14,0.58828125,0.04765625,0.03125,0.0359375,0.02109375,0.07142857142857142,0.21428571428571427,0.21428571428571427,0.5,371
Graduation,Single,64849.0,42,1,5,0,58,0,1336,19,0.2619760479041916,0.03592814371257485,0.07035928143712575,0.06287425149700598,0.08083832335329341,0.05263157894736842,0.47368421052631576,0.15789473684210525,0.3157894736842105,593
Master,Married,62694.0,29,5,7,0,50,2,749,24,0.2096128170894526,0.00801068090787717,0.03337783711615487,0.12149532710280374,0.12149532710280374,0.20833333333333334,0.375,0.125,0.2916666666666667,377
PhD,Married,61917.0,83,1,5,0,41,2,91,7,0.3956043956043956,0.04395604395604396,0.02197802197802198,0.02197802197802198,0.01098901098901099,0.14285714285714285,0.2857142857142857,0.0,0.5714285714285714,221
PhD,Married,67472.0,93,2,3,0,68,1,414,15,0.30676328502415456,0.0748792270531401,0.01932367149758454,0.04106280193236715,0.16666666666666666,0.13333333333333333,0.26666666666666666,0.13333333333333333,0.4666666666666667,274
Master,Married,21059.0,40,3,6,0,33,1,44,9,0.4318181818181818,0.06818181818181818,0.06818181818181818,0.06818181818181818,0.18181818181818182,0.3333333333333333,0.3333333333333333,0.0,0.3333333333333333,173
Master,Married,29543.0,47,2,7,0,47,2,63,8,0.2857142857142857,0.047619047619047616,0.047619047619047616,0.06349206349206349,0.2857142857142857,0.25,0.375,0.125,0.25,89
Graduation,Married,75903.0,50,2,3,0,64,1,901,23,0.20532741398446172,0.11986681465038845,0.14428412874583796,0.042175360710321866,0.11098779134295228,0.08695652173913043,0.2608695652173913,0.2608695652173913,0.391304347826087,447
2n Cycle,Together,34984.0,40,2,7,0,40,2,38,6,0.39473684210526316,0.10526315789473684,0.07894736842105263,0.13157894736842105,0.07894736842105263,0.3333333333333333,0.16666666666666666,0.0,0.5,661
PhD,Single,54998.0,3,5,4,0,59,1,455,20,0.44395604395604393,0.04835164835164835,0.08571428571428572,0.06593406593406594,0.017582417582417582,0.25,0.2,0.1,0.45,476
PhD,Widow,54356.0,62,3,8,0,66,1,775,24,0.03870967741935484,0.01935483870967742,0.025806451612903226,0.0,0.0,0.125,0.4583333333333333,0.08333333333333333,0.3333333333333333,587
Master,Married,34242.0,25,1,5,0,56,1,15,4,0.26666666666666666,0.13333333333333333,0.0,0.0,0.06666666666666667,0.25,0.0,0.0,0.75,98
Graduation,Married,25410.0,48,1,4,0,42,1,38,6,0.10526315789473684,0.05263157894736842,0.34210526315789475,0.34210526315789475,0.10526315789473684,0.16666666666666666,0.16666666666666666,0.0,0.6666666666666666,302
PhD,Married,73356.0,56,1,2,0,31,0,1512,22,0.21296296296296297,0.009259259259259259,0.0,0.009259259259259259,0.07407407407407407,0.045454545454545456,0.22727272727272727,0.5,0.22727272727272727,143
Graduation,Together,28320.0,68,1,8,0,65,1,43,5,0.32558139534883723,0.023255813953488372,0.06976744186046512,0.046511627906976744,0.09302325581395349,0.2,0.2,0.0,0.6,531
Graduation,Single,23763.0,64,1,7,0,38,1,42,5,0.14285714285714285,0.0,0.14285714285714285,0.047619047619047616,0.14285714285714285,0.2,0.2,0.0,0.6,691
Graduation,Married,72570.0,67,1,1,0,31,0,1089,23,0.19834710743801653,0.07621671258034894,0.1386593204775023,0.12947658402203857,0.2056932966023875,0.043478260869565216,0.17391304347826086,0.2608695652173913,0.5217391304347826,65
Master,Married,34529.0,94,2,7,0,39,1,162,9,0.2345679012345679,0.037037037037037035,0.018518518518518517,0.037037037037037035,0.25308641975308643,0.2222222222222222,0.2222222222222222,0.2222222222222222,0.3333333333333333,653
Graduation,Widow,70792.0,82,2,3,0,64,0,1272,19,0.5141509433962265,0.03537735849056604,0.08176100628930817,0.008647798742138365,0.08962264150943396,0.10526315789473684,0.15789473684210525,0.21052631578947367,0.5263157894736842,508
Graduation,Married,63211.0,3,2,2,0,33,0,1173,20,0.391304347826087,0.16453537936913895,0.17476555839727195,0.02216538789428815,0.12361466325660699,0.1,0.15,0.4,0.35,604
Master,Married,83891.0,24,1,1,0,41,1,816,22,0.42892156862745096,0.04656862745098039,0.13602941176470587,0.10416666666666667,0.01838235294117647,0.045454545454545456,0.18181818181818182,0.3181818181818182,0.45454545454545453,9
Graduation,Single,36065.0,54,3,8,0,47,2,74,9,0.4594594594594595,0.0945945945945946,0.13513513513513514,0.02702702702702703,0.04054054054054054,0.3333333333333333,0.3333333333333333,0.0,0.3333333333333333,455
Graduation,Together,39898.0,20,2,7,0,61,1,134,9,0.19402985074626866,0.05970149253731343,0.08955223880597014,0.05223880597014925,0.08955223880597014,0.2222222222222222,0.3333333333333333,0.0,0.4444444444444444,502
PhD,Single,51141.0,96,1,5,0,75,0,157,9,0.044585987261146494,0.0,0.0,0.0,0.03821656050955414,0.1111111111111111,0.3333333333333333,0.1111111111111111,0.4444444444444444,356
Graduation,Married,56939.0,19,2,3,0,39,1,561,18,0.1836007130124777,0.06060606060606061,0.16042780748663102,0.05169340463458111,0.0873440285204991,0.1111111111111111,0.16666666666666666,0.16666666666666666,0.5555555555555556,284
Graduation,Single,80872.0,60,1,1,0,64,0,1336,19,0.4244011976047904,0.05389221556886228,0.07035928143712575,0.008982035928143712,0.08083832335329341,0.05263157894736842,0.21052631578947367,0.21052631578947367,0.5263157894736842,48
PhD,Together,72335.0,2,1,8,0,39,0,2092,23,0.3121414913957935,0.05019120458891013,0.01338432122370937,0.010038240917782026,0.0,0.043478260869565216,0.43478260869565216,0.17391304347826086,0.34782608695652173,685
PhD,Single,61798.0,13,1,4,0,51,0,463,16,0.19222462203023757,0.008639308855291577,0.023758099352051837,0.017278617710583154,0.028077753779697623,0.0625,0.25,0.125,0.5625,218
PhD,Widow,76842.0,37,1,0,0,65,0,1130,17,0.3053097345132743,0.008849557522123894,0.0743362831858407,0.047787610619469026,0.02831858407079646,0.058823529411764705,0.058823529411764705,0.47058823529411764,0.4117647058823529,57
Graduation,Together,29478.0,59,1,6,0,39,1,20,5,0.35,0.0,0.15,0.05,0.05,0.2,0.2,0.0,0.6,163
Graduation,Single,46998.0,55,5,7,0,59,1,377,18,0.22811671087533156,0.10875331564986737,0.11936339522546419,0.015915119363395226,0.07161803713527852,0.2777777777777778,0.2777777777777778,0.16666666666666666,0.2777777777777778,615
Graduation,Single,96843.0,60,1,2,0,25,0,1544,28,0.6159326424870466,0.04598445595854922,0.025906735751295335,0.011010362694300517,0.011010362694300517,0.03571428571428571,0.21428571428571427,0.39285714285714285,0.35714285714285715,432
PhD,Widow,56551.0,48,3,4,0,65,2,138,10,0.2318840579710145,0.028985507246376812,0.12318840579710146,0.014492753623188406,0.11594202898550725,0.3,0.2,0.1,0.4,53
Master,Married,70053.0,38,3,5,0,50,1,1012,26,0.09683794466403162,0.05237154150197629,0.0800395256916996,0.17687747035573123,0.08794466403162056,0.11538461538461539,0.3076923076923077,0.19230769230769232,0.38461538461538464,361
PhD,Widow,71670.0,8,1,6,0,53,0,1766,15,0.072480181200453,0.009060022650056626,0.0,0.0,0.09060022650056625,0.06666666666666667,0.3333333333333333,0.2,0.4,355
Graduation,Married,44359.0,19,3,3,0,37,2,45,9,0.3111111111111111,0.0,0.15555555555555556,0.06666666666666667,0.022222222222222223,0.3333333333333333,0.2222222222222222,0.0,0.4444444444444444,12
Graduation,Single,40887.0,32,3,9,0,63,2,161,10,0.2732919254658385,0.024844720496894408,0.062111801242236024,0.062111801242236024,0.2670807453416149,0.3,0.3,0.1,0.3,419
Graduation,Divorced,48877.0,27,1,7,0,49,1,144,8,0.10416666666666667,0.006944444444444444,0.013888888888888888,0.0,0.16666666666666666,0.125,0.375,0.0,0.5,175
Graduation,Together,74485.0,58,1,3,0,68,0,1734,26,0.4700115340253749,0.08592848904267589,0.09976931949250288,0.02825836216839677,0.02825836216839677,0.038461538461538464,0.23076923076923078,0.2692307692307692,0.46153846153846156,309
Graduation,Together,64474.0,59,2,5,0,43,1,823,22,0.20899149453219928,0.0425273390036452,0.06804374240583232,0.10449574726609964,0.11300121506682867,0.09090909090909091,0.36363636363636365,0.09090909090909091,0.45454545454545453,250
Graduation,Together,77226.0,29,2,3,0,52,1,1138,28,0.2100175746924429,0.037785588752196834,0.11247803163444639,0.06678383128295255,0.01845342706502636,0.07142857142857142,0.21428571428571427,0.2857142857142857,0.42857142857142855,121
Graduation,Widow,72643.0,60,1,2,0,66,0,1429,21,0.38698390482855144,0.05598320503848846,0.086074177746676,0.06578026592022393,0.0370888733379986,0.047619047619047616,0.14285714285714285,0.47619047619047616,0.3333333333333333,487
Master,Together,85738.0,41,1,1,0,37,0,1371,21,0.27425237053245805,0.018964259664478483,0.012399708242159009,0.018964259664478483,0.009482129832239242,0.047619047619047616,0.14285714285714285,0.2857142857142857,0.5238095238095238,157
Graduation,Divorced,55686.0,27,2,4,0,49,1,982,16,0.20264765784114053,0.0,0.03767820773930754,0.04786150712830957,0.026476578411405296,0.125,0.375,0.1875,0.3125,500
Graduation,Single,39062.0,28,1,4,0,32,1,44,5,0.20454545454545456,0.0,0.0,0.0,0.2727272727272727,0.2,0.2,0.0,0.6,96
Graduation,Together,34600.0,8,5,8,0,44,2,318,17,0.18867924528301888,0.10377358490566038,0.025157232704402517,0.009433962264150943,0.04716981132075472,0.29411764705882354,0.29411764705882354,0.11764705882352941,0.29411764705882354,544
Graduation,Married,40794.0,18,2,7,0,40,1,434,16,0.16820276497695852,0.052995391705069124,0.009216589861751152,0.052995391705069124,0.1152073732718894,0.125,0.375,0.1875,0.3125,448
2n Cycle,Married,54690.0,76,3,3,0,44,2,198,12,0.18686868686868688,0.08080808080808081,0.03535353535353535,0.045454545454545456,0.09090909090909091,0.25,0.25,0.08333333333333333,0.4166666666666667,234
Graduation,Married,4428.0,0,0,1,0,46,1,359,25,0.033426183844011144,0.011142061281337047,0.005571030640668524,0.011142061281337047,0.8941504178272981,0.0,1.0,0.0,0.0,267
2n Cycle,Married,32632.0,32,2,5,0,52,0,576,18,0.2378472222222222,0.2621527777777778,0.265625,0.03298611111111111,0.0920138888888889,0.1111111111111111,0.2222222222222222,0.2222222222222222,0.4444444444444444,696
PhD,Single,38236.0,2,4,7,0,47,2,88,11,0.20454545454545456,0.0,0.022727272727272728,0.0,0.11363636363636363,0.36363636363636365,0.2727272727272727,0.0,0.36363636363636365,282
Graduation,Married,36781.0,16,1,8,0,36,1,63,6,0.2698412698412698,0.015873015873015872,0.0,0.047619047619047616,0.20634920634920634,0.16666666666666666,0.3333333333333333,0.16666666666666666,0.3333333333333333,80
Master,Single,31385.0,56,1,8,0,31,1,27,4,0.4444444444444444,0.07407407407407407,0.0,0.037037037037037035,0.3333333333333333,0.25,0.25,0.0,0.5,571
Graduation,Married,24570.0,97,3,9,0,31,1,193,11,0.32124352331606215,0.17616580310880828,0.05699481865284974,0.07253886010362694,0.22797927461139897,0.2727272727272727,0.36363636363636365,0.0,0.36363636363636365,487
PhD,Divorced,25509.0,15,3,9,0,41,1,101,9,0.297029702970297,0.0297029702970297,0.09900990099009901,0.06930693069306931,0.10891089108910891,0.3333333333333333,0.3333333333333333,0.0,0.3333333333333333,649
Graduation,Married,94642.0,35,0,1,0,64,0,2211,21,0.36047037539574855,0.06467661691542288,0.04794210764360018,0.06467661691542288,0.06467661691542288,0.0,0.23809523809523808,0.3333333333333333,0.42857142857142855,137
Master,Married,58646.0,3,1,4,0,53,1,140,8,0.3142857142857143,0.007142857142857143,0.04285714285714286,0.03571428571428571,0.15714285714285714,0.125,0.25,0.125,0.5,384
Graduation,Single,53201.0,49,8,7,0,40,2,415,22,0.19518072289156627,0.016867469879518072,0.04819277108433735,0.0,0.06506024096385542,0.36363636363636365,0.2727272727272727,0.13636363636363635,0.22727272727272727,502
Graduation,Together,21994.0,4,1,5,0,58,1,22,4,0.2727272727272727,0.0,0.13636363636363635,0.045454545454545456,0.13636363636363635,0.25,0.0,0.0,0.75,552
Graduation,Married,57113.0,45,6,7,0,37,2,263,16,0.12547528517110265,0.015209125475285171,0.0,0.0076045627376425855,0.1596958174904943,0.375,0.25,0.0625,0.3125,508
Graduation,Married,51373.0,37,1,4,0,24,0,393,12,0.25699745547073793,0.005089058524173028,0.1628498727735369,0.06615776081424936,0.29770992366412213,0.08333333333333333,0.25,0.4166666666666667,0.25,372
Graduation,Married,23477.0,39,3,8,0,29,1,147,10,0.3673469387755102,0.10204081632653061,0.02040816326530612,0.05442176870748299,0.19727891156462585,0.3,0.3,0.0,0.4,251
Graduation,Married,58116.0,38,2,2,0,59,1,443,16,0.29345372460496616,0.04288939051918736,0.009029345372460496,0.024830699774266364,0.11512415349887133,0.125,0.1875,0.1875,0.5,77
PhD,Divorced,72968.0,8,1,3,0,52,0,1958,19,0.3023493360572012,0.018896833503575076,0.07405515832482125,0.018896833503575076,0.028089887640449437,0.05263157894736842,0.2631578947368421,0.2631578947368421,0.42105263157894735,195
Master,Married,39791.0,89,2,7,0,44,1,174,10,0.15517241379310345,0.08620689655172414,0.07471264367816093,0.07471264367816093,0.1206896551724138,0.2,0.3,0.1,0.4,458
Master,Single,91712.0,47,0,3,0,68,0,2217,27,0.33649075327018496,0.010825439783491205,0.042399639152007215,0.013080739738385205,0.02165087956698241,0.0,0.3333333333333333,0.25925925925925924,0.4074074074074074,255
Graduation,Single,94472.0,75,1,5,0,57,1,1691,16,0.24659964518036664,0.019515079834417505,0.0638675340035482,0.05913660555884092,0.009461856889414548,0.0625,0.3125,0.3125,0.3125,87
Graduation,Together,13672.0,86,2,8,0,55,2,25,6,0.36,0.08,0.08,0.04,0.2,0.3333333333333333,0.16666666666666666,0.0,0.5,438
2n Cycle,Married,96547.0,4,0,2,0,35,0,809,21,0.15451174289245984,0.02595797280593325,0.06427688504326329,0.12484548825710753,0.07663782447466007,0.0,0.3333333333333333,0.2857142857142857,0.38095238095238093,37
Graduation,Married,79205.0,73,1,4,0,40,0,895,16,0.13072625698324022,0.02569832402234637,0.2,0.03128491620111732,0.049162011173184354,0.0625,0.375,0.3125,0.25,669
PhD,Together,56559.0,46,3,4,0,40,1,484,18,0.27479338842975204,0.045454545454545456,0.08471074380165289,0.0640495867768595,0.0640495867768595,0.16666666666666666,0.2222222222222222,0.16666666666666666,0.4444444444444444,551
PhD,Married,32644.0,38,4,8,0,42,1,413,18,0.3414043583535109,0.007263922518159807,0.0,0.01694915254237288,0.05569007263922518,0.2222222222222222,0.3888888888888889,0.05555555555555555,0.3333333333333333,529
2n Cycle,Single,67506.0,73,1,3,0,35,1,331,12,0.20241691842900303,0.1148036253776435,0.09969788519637462,0.10876132930513595,0.20241691842900303,0.08333333333333333,0.3333333333333333,0.08333333333333333,0.5,178
Graduation,Single,24206.0,66,1,6,0,45,1,25,5,0.32,0.08,0.12,0.08,0.12,0.2,0.2,0.0,0.6,478
PhD,Divorced,28420.0,36,1,6,0,48,1,13,4,0.38461538461538464,0.15384615384615385,0.15384615384615385,0.0,0.0,0.25,0.25,0.0,0.5,187
Graduation,Married,22979.0,29,3,8,0,45,1,115,10,0.16521739130434782,0.14782608695652175,0.17391304347826086,0.1826086956521739,0.19130434782608696,0.3,0.3,0.2,0.2,661
Graduation,Single,33279.0,29,1,3,0,49,0,16,4,0.1875,0.1875,0.0,0.0,0.0,0.25,0.0,0.0,0.75,17
Master,Single,46423.0,6,3,7,0,43,2,92,9,0.17391304347826086,0.0,0.0,0.0,0.08695652173913043,0.3333333333333333,0.2222222222222222,0.0,0.4444444444444444,284
Graduation,Married,30368.0,97,2,8,0,38,1,52,7,0.25,0.0,0.038461538461538464,0.0,0.038461538461538464,0.2857142857142857,0.2857142857142857,0.0,0.42857142857142855,234
Graduation,Married,63684.0,61,3,5,0,45,1,1464,23,0.2923497267759563,0.0546448087431694,0.14207650273224043,0.06352459016393443,0.0546448087431694,0.13043478260869565,0.34782608695652173,0.17391304347826086,0.34782608695652173,580
Graduation,Divorced,41638.0,68,4,8,0,51,1,441,17,0.07029478458049887,0.0,0.009070294784580499,0.0,0.20634920634920634,0.23529411764705882,0.29411764705882354,0.29411764705882354,0.17647058823529413,501
PhD,Divorced,68805.0,73,1,2,0,56,1,283,12,0.17314487632508835,0.007067137809187279,0.06007067137809187,0.045936395759717315,0.0706713780918728,0.08333333333333333,0.25,0.08333333333333333,0.5833333333333334,285
PhD,Together,65814.0,90,3,5,0,49,1,747,23,0.15127175368139223,0.018741633199464525,0.013386880856760375,0.018741633199464525,0.04685408299866131,0.13043478260869565,0.34782608695652173,0.08695652173913043,0.43478260869565216,119
Graduation,Divorced,71964.0,81,1,3,0,57,0,1870,17,0.4983957219251337,0.02727272727272727,0.0962566844919786,0.01818181818181818,0.045989304812834225,0.058823529411764705,0.29411764705882354,0.35294117647058826,0.29411764705882354,405
Graduation,Single,39146.0,1,3,8,0,29,1,165,11,0.2,0.006060606060606061,0.07878787878787878,0.07272727272727272,0.07272727272727272,0.2727272727272727,0.36363636363636365,0.0,0.36363636363636365,500
Graduation,Together,96876.0,79,1,2,0,38,0,1941,24,0.3786707882534776,0.02215352910870685,0.020607934054611025,0.09994848016486348,0.010819165378670788,0.041666666666666664,0.2916666666666667,0.2916666666666667,0.375,327
Basic,Married,34445.0,92,6,9,0,34,0,839,27,0.14541120381406436,0.14541120381406436,0.24791418355184744,0.1537544696066746,0.03575685339690107,0.2222222222222222,0.4074074074074074,0.07407407407407407,0.2962962962962963,518
Graduation,Single,68281.0,31,1,5,0,57,0,1655,25,0.25196374622356493,0.06767371601208459,0.025377643504531724,0.029003021148036254,0.024773413897280966,0.04,0.08,0.36,0.52,691
2n Cycle,Married,37284.0,46,1,6,0,40,2,23,4,0.08695652173913043,0.043478260869565216,0.08695652173913043,0.043478260869565216,0.2608695652173913,0.25,0.0,0.0,0.75,457
Graduation,Married,36790.0,14,1,9,0,32,0,66,6,0.21212121212121213,0.045454545454545456,0.22727272727272727,0.3181818181818182,0.15151515151515152,0.16666666666666666,0.3333333333333333,0.16666666666666666,0.3333333333333333,485
Graduation,Together,27943.0,89,3,8,0,48,2,37,8,0.43243243243243246,0.02702702702702703,0.10810810810810811,0.02702702702702703,0.08108108108108109,0.375,0.25,0.0,0.375,440
Graduation,Divorced,22263.0,31,2,6,1,64,2,21,6,0.09523809523809523,0.0,0.0,0.0,0.09523809523809523,0.3333333333333333,0.16666666666666666,0.0,0.5,91
Graduation,Together,30261.0,75,1,8,0,43,3,22,4,0.22727272727272727,0.0,0.0,0.13636363636363635,0.2727272727272727,0.25,0.0,0.0,0.75,642
Graduation,Together,28587.0,42,3,6,0,37,1,78,9,0.21794871794871795,0.05128205128205128,0.15384615384615385,0.1282051282051282,0.16666666666666666,0.3333333333333333,0.2222222222222222,0.0,0.4444444444444444,137
Master,Married,43815.0,53,1,6,0,33,1,79,6,0.3670886075949367,0.12658227848101267,0.05063291139240506,0.08860759493670886,0.189873417721519,0.16666666666666666,0.3333333333333333,0.0,0.5,450
Graduation,Married,48195.0,53,6,6,0,59,2,265,17,0.25660377358490566,0.1018867924528302,0.19622641509433963,0.026415094339622643,0.018867924528301886,0.35294117647058826,0.23529411764705882,0.11764705882352941,0.29411764705882354,159
Master,Married,77027.0,23,2,4,0,63,1,1175,19,0.20595744680851064,0.04851063829787234,0.03829787234042553,0.0,0.009361702127659575,0.10526315789473684,0.42105263157894735,0.15789473684210525,0.3157894736842105,144
PhD,Married,71322.0,57,2,4,0,50,1,1305,28,0.1731800766283525,0.03295019157088123,0.052873563218390804,0.007662835249042145,0.15632183908045977,0.07142857142857142,0.2857142857142857,0.17857142857142858,0.4642857142857143,498
Master,Married,32765.0,49,2,5,0,36,1,46,8,0.3695652173913043,0.06521739130434782,0.15217391304347827,0.06521739130434782,0.06521739130434782,0.25,0.25,0.0,0.5,126
Graduation,Together,29672.0,6,1,6,0,50,2,25,4,0.12,0.04,0.0,0.16,0.32,0.25,0.0,0.0,0.75,474
Graduation,Divorced,23272.0,29,1,4,0,62,0,46,5,0.13043478260869565,0.06521739130434782,0.08695652173913043,0.043478260869565216,0.2608695652173913,0.2,0.2,0.0,0.6,255
Master,Together,49912.0,5,4,8,0,66,1,874,26,0.2551487414187643,0.009153318077803204,0.036613272311212815,0.05606407322654462,0.04805491990846682,0.15384615384615385,0.38461538461538464,0.19230769230769232,0.2692307692307692,660
2n Cycle,Together,7500.0,98,4,9,0,30,1,100,10,0.17,0.17,0.13,0.14,0.34,0.4,0.2,0.1,0.3,697
PhD,Widow,68117.0,80,2,6,0,68,1,930,25,0.23118279569892472,0.047311827956989246,0.0,0.01827956989247312,0.03870967741935484,0.08,0.44,0.32,0.16,476
Graduation,Married,67225.0,4,3,5,0,60,1,868,23,0.3709677419354839,0.04032258064516129,0.052995391705069124,0.008064516129032258,0.16474654377880185,0.13043478260869565,0.30434782608695654,0.08695652173913043,0.4782608695652174,215
Graduation,Married,17649.0,70,3,8,0,39,1,45,9,0.5111111111111111,0.022222222222222223,0.0,0.1111111111111111,0.022222222222222223,0.3333333333333333,0.3333333333333333,0.0,0.3333333333333333,229
Graduation,Together,55914.0,32,4,7,0,40,1,1260,29,0.28888888888888886,0.047619047619047616,0.09444444444444444,0.08015873015873017,0.18412698412698414,0.13793103448275862,0.3793103448275862,0.20689655172413793,0.27586206896551724,426
Graduation,Married,40059.0,82,1,8,0,31,1,414,12,0.2222222222222222,0.07004830917874397,0.06763285024154589,0.024154589371980676,0.3502415458937198,0.08333333333333333,0.5,0.16666666666666666,0.25,274
Graduation,Together,60905.0,27,2,2,0,65,1,392,15,0.19387755102040816,0.04336734693877551,0.09183673469387756,0.04336734693877551,0.09693877551020408,0.13333333333333333,0.2,0.2,0.4666666666666667,206
Graduation,Married,75330.0,94,4,6,0,38,2,1109,29,0.23174030658250677,0.0739404869251578,0.08385933273219116,0.05500450856627592,0.05500450856627592,0.13793103448275862,0.3448275862068966,0.10344827586206896,0.41379310344827586,633
Graduation,Single,60689.0,23,4,3,0,64,1,639,22,0.3380281690140845,0.14084507042253522,0.09859154929577464,0.009389671361502348,0.03755868544600939,0.18181818181818182,0.18181818181818182,0.18181818181818182,0.45454545454545453,393
Graduation,Married,38680.0,97,1,7,0,31,1,79,6,0.45569620253164556,0.0,0.189873417721519,0.06329113924050633,0.1518987341772152,0.16666666666666666,0.3333333333333333,0.0,0.5,458
Graduation,Together,61416.0,25,1,6,0,33,0,1665,24,0.193993993993994,0.09249249249249249,0.12072072072072072,0.03663663663663664,0.04684684684684685,0.041666666666666664,0.4166666666666667,0.125,0.4166666666666667,506
Graduation,Single,49767.0,92,1,4,0,24,0,692,18,0.2846820809248555,0.06791907514450866,0.07947976878612717,0.06069364161849711,0.2153179190751445,0.05555555555555555,0.2777777777777778,0.2222222222222222,0.4444444444444444,423
Graduation,Single,83273.0,98,10,7,0,45,3,1392,29,0.46695402298850575,0.0639367816091954,0.011494252873563218,0.07327586206896551,0.07327586206896551,0.3448275862068966,0.13793103448275862,0.20689655172413793,0.3103448275862069,642
Graduation,Married,29009.0,19,2,6,0,34,1,44,7,0.3409090909090909,0.13636363636363635,0.22727272727272727,0.11363636363636363,0.045454545454545456,0.2857142857142857,0.2857142857142857,0.0,0.42857142857142855,212
Master,Married,45057.0,80,1,5,0,36,1,50,6,0.14,0.0,0.06,0.0,0.06,0.16666666666666666,0.3333333333333333,0.0,0.5,210
Graduation,Married,37150.0,80,8,7,0,44,1,467,21,0.13704496788008566,0.07922912205567452,0.10492505353319058,0.0728051391862955,0.24839400428265523,0.38095238095238093,0.19047619047619047,0.14285714285714285,0.2857142857142857,656
Graduation,Single,43020.0,79,3,6,0,45,1,223,12,0.4439461883408072,0.03139013452914798,0.017937219730941704,0.11210762331838565,0.19282511210762332,0.25,0.3333333333333333,0.08333333333333333,0.3333333333333333,211
Graduation,Married,53154.0,50,1,4,0,56,1,158,9,0.13291139240506328,0.0,0.0,0.006329113924050633,0.04430379746835443,0.1111111111111111,0.3333333333333333,0.1111111111111111,0.4444444444444444,20
Graduation,Married,65308.0,60,1,4,0,42,0,1211,28,0.2180016515276631,0.0,0.0990916597853014,0.06606110652353427,0.028075970272502065,0.03571428571428571,0.25,0.2857142857142857,0.42857142857142855,291
Graduation,Single,76467.0,44,2,6,0,45,1,1575,14,0.2704761904761905,0.10222222222222223,0.13333333333333333,0.027936507936507936,0.036825396825396824,0.14285714285714285,0.14285714285714285,0.35714285714285715,0.35714285714285715,681
2n Cycle,Married,81044.0,0,1,1,0,68,0,1208,22,0.44288079470198677,0.02152317880794702,0.060430463576158944,0.08112582781456953,0.02152317880794702,0.045454545454545456,0.22727272727272727,0.2727272727272727,0.45454545454545453,184
Graduation,Married,32871.0,28,1,4,0,64,2,43,5,0.27906976744186046,0.046511627906976744,0.0,0.046511627906976744,0.11627906976744186,0.2,0.2,0.0,0.6,477
Graduation,Single,55801.0,35,6,7,0,40,2,527,21,0.0967741935483871,0.007590132827324478,0.011385199240986717,0.007590132827324478,0.18026565464895636,0.2857142857142857,0.3333333333333333,0.09523809523809523,0.2857142857142857,280
Graduation,Widow,76320.0,49,2,2,0,56,1,932,15,0.2296137339055794,0.03755364806866953,0.0740343347639485,0.05686695278969957,0.03755364806866953,0.13333333333333333,0.4,0.2,0.26666666666666666,7
Master,Single,36927.0,46,2,8,0,60,2,71,8,0.22535211267605634,0.0,0.0,0.0,0.056338028169014086,0.25,0.375,0.0,0.375,27
Graduation,Together,48794.0,97,1,4,0,62,2,54,5,0.2037037037037037,0.0,0.05555555555555555,0.0,0.2777777777777778,0.2,0.2,0.0,0.6,3
Graduation,Single,23478.0,51,1,8,0,50,0,129,7,0.20930232558139536,0.046511627906976744,0.09302325581395349,0.13178294573643412,0.3023255813953488,0.14285714285714285,0.42857142857142855,0.0,0.42857142857142855,467
Graduation,Divorced,71128.0,80,3,7,0,42,1,1615,27,0.27678018575851393,0.09845201238390093,0.01238390092879257,0.0,0.019195046439628483,0.1111111111111111,0.07407407407407407,0.37037037037037035,0.4444444444444444,631
PhD,Divorced,70179.0,10,3,5,0,39,1,1034,26,0.16247582205029013,0.0851063829787234,0.06673114119922631,0.0425531914893617,0.1286266924564797,0.11538461538461539,0.2692307692307692,0.11538461538461539,0.5,343
Graduation,Married,59462.0,29,2,7,0,65,1,1088,25,0.13143382352941177,0.015625,0.0,0.007352941176470588,0.1801470588235294,0.08,0.36,0.08,0.48,540
Graduation,Together,38361.0,74,3,7,0,46,1,137,10,0.40875912408759124,0.0,0.145985401459854,0.058394160583941604,0.10218978102189781,0.3,0.3,0.1,0.3,184
PhD,Together,70038.0,54,1,2,0,33,0,1244,17,0.2797427652733119,0.04340836012861737,0.05707395498392283,0.04340836012861737,0.1045016077170418,0.058823529411764705,0.23529411764705882,0.23529411764705882,0.47058823529411764,247
Graduation,Together,42554.0,93,2,4,0,37,2,41,7,0.2682926829268293,0.024390243902439025,0.0,0.0,0.0,0.2857142857142857,0.2857142857142857,0.0,0.42857142857142855,533
Graduation,Married,67445.0,63,5,6,0,41,1,1174,32,0.1848381601362862,0.06814310051107325,0.024701873935264053,0.06814310051107325,0.009369676320272573,0.15625,0.28125,0.1875,0.375,686
Graduation,Widow,67046.0,92,2,2,0,64,1,993,15,0.1339375629405841,0.035246727089627394,0.023162134944612285,0.15206445115810674,0.10775427995971802,0.13333333333333333,0.26666666666666666,0.3333333333333333,0.26666666666666666,539
Graduation,Married,42192.0,40,1,4,0,67,0,100,7,0.15,0.15,0.17,0.06,0.07,0.14285714285714285,0.2857142857142857,0.14285714285714285,0.42857142857142855,296
PhD,Married,77610.0,70,2,7,0,63,1,1680,17,0.1976190476190476,0.019642857142857142,0.0125,0.019642857142857142,0.009523809523809525,0.11764705882352941,0.23529411764705882,0.4117647058823529,0.23529411764705882,608
Graduation,Married,31761.0,96,2,5,0,31,1,98,9,0.20408163265306123,0.01020408163265306,0.16326530612244897,0.14285714285714285,0.2857142857142857,0.2222222222222222,0.3333333333333333,0.0,0.4444444444444444,85
Graduation,Together,34350.0,81,1,7,0,36,1,48,5,0.3125,0.0625,0.041666666666666664,0.020833333333333332,0.22916666666666666,0.2,0.2,0.0,0.6,253
Graduation,Together,54591.0,63,3,5,0,66,1,519,19,0.1811175337186898,0.007707129094412331,0.023121387283236993,0.017341040462427744,0.046242774566473986,0.15789473684210525,0.3157894736842105,0.10526315789473684,0.42105263157894735,328
Graduation,Married,71866.0,85,1,3,0,59,1,715,20,0.24895104895104894,0.24895104895104894,0.14405594405594405,0.05454545454545454,0.046153846153846156,0.05,0.3,0.15,0.5,186
Graduation,Married,25293.0,51,1,8,0,46,1,37,5,0.2972972972972973,0.0,0.0,0.05405405405405406,0.24324324324324326,0.2,0.2,0.2,0.4,287
PhD,Single,42000.0,23,2,5,0,28,0,653,20,0.40888208269525267,0.12710566615620214,0.13016845329249618,0.0903522205206738,0.05359877488514548,0.1,0.25,0.1,0.55,535
Graduation,Married,69520.0,95,1,5,0,32,0,1455,21,0.2845360824742268,0.08247422680412371,0.0831615120274914,0.054982817869415807,0.06391752577319587,0.047619047619047616,0.42857142857142855,0.2857142857142857,0.23809523809523808,357
Graduation,Divorced,64713.0,11,2,4,0,45,1,602,19,0.4003322259136213,0.09966777408637874,0.02159468438538206,0.08970099667774087,0.08970099667774087,0.10526315789473684,0.2631578947368421,0.2631578947368421,0.3684210526315789,142
Master,Married,27889.0,42,1,6,0,38,1,26,5,0.15384615384615385,0.0,0.0,0.0,0.3076923076923077,0.2,0.2,0.2,0.4,359
Basic,Widow,22123.0,77,1,5,0,55,0,102,7,0.23529411764705882,0.029411764705882353,0.3333333333333333,0.06862745098039216,0.30392156862745096,0.14285714285714285,0.2857142857142857,0.14285714285714285,0.42857142857142855,94
Graduation,Married,27803.0,40,2,8,0,42,1,176,9,0.26136363636363635,0.14772727272727273,0.2159090909090909,0.05113636363636364,0.2784090909090909,0.2222222222222222,0.3333333333333333,0.0,0.4444444444444444,672
Graduation,Married,51651.0,32,4,8,0,55,1,433,17,0.053117782909930716,0.013856812933025405,0.03002309468822171,0.013856812933025405,0.21247113163972287,0.23529411764705882,0.35294117647058826,0.11764705882352941,0.29411764705882354,599
Graduation,Married,68487.0,48,1,4,0,27,0,1366,30,0.28184480234260617,0.008784773060029283,0.024158125915080528,0.06515373352855051,0.06515373352855051,0.03333333333333333,0.3,0.23333333333333334,0.43333333333333335,532
Graduation,Married,56796.0,24,3,7,0,46,1,1001,27,0.16083916083916083,0.03796203796203796,0.061938061938061936,0.04695304695304695,0.03696303696303696,0.1111111111111111,0.2962962962962963,0.3333333333333333,0.25925925925925924,498
2n Cycle,Married,87000.0,61,1,2,0,23,0,961,18,0.631633714880333,0.026014568158168574,0.06971904266389178,0.01768990634755463,0.05098855359001041,0.05555555555555555,0.2222222222222222,0.3333333333333333,0.3888888888888889,561
Graduation,Married,79823.0,6,1,2,0,56,1,1518,23,0.2503293807641634,0.04808959156785244,0.07509881422924901,0.04808959156785244,0.028326745718050064,0.043478260869565216,0.2608695652173913,0.391304347826087,0.30434782608695654,90
Graduation,Single,30828.0,16,2,3,0,35,1,56,8,0.26785714285714285,0.19642857142857142,0.03571428571428571,0.0,0.21428571428571427,0.25,0.125,0.125,0.5,268
Master,Married,34109.0,39,1,4,0,44,1,22,4,0.22727272727272727,0.045454545454545456,0.09090909090909091,0.045454545454545456,0.18181818181818182,0.25,0.0,0.0,0.75,235
Master,Divorced,53367.0,2,7,7,0,41,2,400,21,0.35,0.0175,0.025,0.0075,0.0275,0.3333333333333333,0.23809523809523808,0.047619047619047616,0.38095238095238093,302
Basic,Together,22390.0,49,1,7,0,46,0,26,4,0.15384615384615385,0.038461538461538464,0.5769230769230769,0.038461538461538464,0.19230769230769232,0.25,0.25,0.0,0.5,251
Graduation,Together,71322.0,31,1,2,0,39,1,350,13,0.35428571428571426,0.06857142857142857,0.06857142857142857,0.04285714285714286,0.12,0.07692307692307693,0.3076923076923077,0.07692307692307693,0.5384615384615384,58
Master,Together,49912.0,5,4,8,0,66,1,874,26,0.2551487414187643,0.009153318077803204,0.036613272311212815,0.05606407322654462,0.04805491990846682,0.15384615384615385,0.38461538461538464,0.19230769230769232,0.2692307692307692,660
PhD,Married,48699.0,90,1,5,0,65,2,40,5,0.25,0.025,0.05,0.0,0.025,0.2,0.2,0.0,0.6,404
Graduation,Together,80144.0,47,1,1,0,40,0,1367,19,0.32553035844915873,0.09656181419166057,0.182882223847842,0.14045354791514264,0.07900512070226774,0.05263157894736842,0.15789473684210525,0.3684210526315789,0.42105263157894735,272
Graduation,Single,54252.0,25,5,6,0,59,2,264,15,0.09848484848484848,0.015151515151515152,0.030303030303030304,0.015151515151515152,0.16666666666666666,0.3333333333333333,0.26666666666666666,0.06666666666666667,0.3333333333333333,397
Master,Married,81929.0,60,2,6,0,39,1,2053,20,0.1354115927910375,0.02679006332196785,0.023867510959571358,0.0,0.09011203117389187,0.1,0.2,0.2,0.5,638
Graduation,Married,76068.0,67,1,6,0,40,1,1376,10,0.09302325581395349,0.00872093023255814,0.023982558139534885,0.00872093023255814,0.055232558139534885,0.1,0.2,0.3,0.4,577
Master,Married,53204.0,40,1,4,0,39,2,45,5,0.17777777777777778,0.0,0.044444444444444446,0.0,0.13333333333333333,0.2,0.2,0.0,0.6,101
PhD,Together,67911.0,63,3,3,0,66,1,976,27,0.36475409836065575,0.0,0.06454918032786885,0.028688524590163935,0.0,0.1111111111111111,0.2222222222222222,0.25925925925925924,0.4074074074074074,38
2n Cycle,Married,14796.0,1,2,9,0,31,1,51,6,0.1568627450980392,0.058823529411764705,0.13725490196078433,0.0784313725490196,0.3137254901960784,0.3333333333333333,0.16666666666666666,0.0,0.5,650
PhD,Married,78128.0,89,2,3,0,41,1,1264,20,0.1819620253164557,0.0189873417721519,0.012658227848101266,0.0189873417721519,0.028481012658227847,0.1,0.4,0.2,0.3,130
Basic,Married,14188.0,40,1,6,0,43,0,75,7,0.14666666666666667,0.09333333333333334,0.21333333333333335,0.16,0.36,0.14285714285714285,0.2857142857142857,0.0,0.5714285714285714,486
Basic,Married,20425.0,5,2,7,0,29,1,57,7,0.08771929824561403,0.21052631578947367,0.05263157894736842,0.2807017543859649,0.2982456140350877,0.2857142857142857,0.2857142857142857,0.0,0.42857142857142855,608
Master,Married,58646.0,3,1,4,0,53,1,140,8,0.3142857142857143,0.007142857142857143,0.04285714285714286,0.03571428571428571,0.15714285714285714,0.125,0.25,0.125,0.5,384
Graduation,Divorced,72967.0,1,2,5,0,45,1,497,19,0.36016096579476864,0.07042253521126761,0.0,0.0,0.2515090543259557,0.10526315789473684,0.3684210526315789,0.10526315789473684,0.42105263157894735,561
Master,Married,48150.0,24,3,7,0,66,1,266,13,0.14661654135338345,0.007518796992481203,0.011278195488721804,0.007518796992481203,0.17669172932330826,0.23076923076923078,0.38461538461538464,0.07692307692307693,0.3076923076923077,386
Graduation,Single,82332.0,89,1,2,0,54,0,2006,21,0.48255234297108673,0.029411764705882353,0.025423728813559324,0.03938185443668993,0.009471585244267198,0.047619047619047616,0.23809523809523808,0.14285714285714285,0.5714285714285714,650
Graduation,Widow,58275.0,48,6,7,0,60,2,615,23,0.4113821138211382,0.016260162601626018,0.0910569105691057,0.06991869918699187,0.1040650406504065,0.2608695652173913,0.34782608695652173,0.08695652173913043,0.30434782608695654,392
PhD,Together,44953.0,31,1,6,0,34,0,1021,24,0.13026444662095985,0.01665034280117532,0.010773751224289911,0.007835455435847209,0.12144955925563174,0.041666666666666664,0.2916666666666667,0.125,0.5416666666666666,555
Graduation,Together,34587.0,68,2,4,0,62,2,22,6,0.4090909090909091,0.09090909090909091,0.09090909090909091,0.0,0.09090909090909091,0.3333333333333333,0.16666666666666666,0.0,0.5,44
Master,Together,43018.0,46,1,5,0,41,1,133,7,0.12781954887218044,0.03007518796992481,0.05263157894736842,0.045112781954887216,0.48120300751879697,0.14285714285714285,0.2857142857142857,0.2857142857142857,0.2857142857142857,240
Master,Married,45736.0,92,5,7,0,61,1,437,19,0.41189931350114417,0.006864988558352402,0.04576659038901602,0.006864988558352402,0.09839816933638444,0.2631578947368421,0.3684210526315789,0.05263157894736842,0.3157894736842105,340
Master,Together,66476.0,80,2,4,0,46,1,1013,26,0.15004935834155972,0.027640671273445213,0.024679170779861797,0.008884501480750246,0.0562685093780849,0.07692307692307693,0.23076923076923078,0.3076923076923077,0.38461538461538464,207
2n Cycle,Married,27733.0,16,2,7,0,34,1,57,7,0.08771929824561403,0.12280701754385964,0.45614035087719296,0.03508771929824561,0.2982456140350877,0.2857142857142857,0.2857142857142857,0.0,0.42857142857142855,307
PhD,Together,69805.0,50,2,2,0,63,1,1038,27,0.1676300578034682,0.06840077071290944,0.012524084778420038,0.009633911368015413,0.019267822736030827,0.07407407407407407,0.2222222222222222,0.2962962962962963,0.4074074074074074,159
Master,Single,72217.0,93,1,2,0,53,0,1573,22,0.28607755880483154,0.02670057215511761,0.03496503496503497,0.03560076287349015,0.0979020979020979,0.045454545454545456,0.13636363636363635,0.45454545454545453,0.36363636363636365,445
Graduation,Divorced,25818.0,51,1,7,0,44,1,28,4,0.2857142857142857,0.07142857142857142,0.07142857142857142,0.07142857142857142,0.32142857142857145,0.25,0.0,0.25,0.5,619
Master,Together,37509.0,24,2,7,0,39,1,123,9,0.45528455284552843,0.04065040650406504,0.0975609756097561,0.06504065040650407,0.04065040650406504,0.2222222222222222,0.3333333333333333,0.0,0.4444444444444444,655
2n Cycle,Together,25176.0,79,1,7,0,39,2,13,4,0.3076923076923077,0.0,0.0,0.0,0.38461538461538464,0.25,0.25,0.0,0.5,323
Graduation,Married,43586.0,26,3,8,0,35,1,132,10,0.08333333333333333,0.015151515151515152,0.030303030303030304,0.0,0.12121212121212122,0.3,0.3,0.0,0.4,668
2n Cycle,Married,53230.0,86,4,5,0,59,1,732,23,0.13387978142076504,0.09836065573770492,0.18579234972677597,0.028688524590163935,0.3128415300546448,0.17391304347826086,0.21739130434782608,0.08695652173913043,0.5217391304347826,695
Graduation,Together,50116.0,68,2,5,0,58,2,66,7,0.15151515151515152,0.0,0.0,0.0,0.030303030303030304,0.2857142857142857,0.14285714285714285,0.0,0.5714285714285714,9
Graduation,Together,84906.0,98,1,2,0,43,0,1631,24,0.25383200490496627,0.009196811771919068,0.06069895769466585,0.018393623543838136,0.04659717964438995,0.041666666666666664,0.20833333333333334,0.25,0.5,268
Graduation,Married,61286.0,34,2,5,0,49,1,608,18,0.17598684210526316,0.0,0.03125,0.014802631578947368,0.1924342105263158,0.1111111111111111,0.3888888888888889,0.05555555555555555,0.4444444444444444,331
PhD,Married,82333.0,60,1,2,0,29,0,1822,18,0.19703622392974754,0.0,0.025246981339187707,0.04884742041712404,0.009330406147091108,0.05555555555555555,0.2222222222222222,0.16666666666666666,0.5555555555555556,456
PhD,Together,65220.0,3,4,6,0,50,0,1282,23,0.22776911076443057,0.04914196567862714,0.0,0.01950078003120125,0.0093603744149766,0.17391304347826086,0.34782608695652173,0.17391304347826086,0.30434782608695654,664
Graduation,Together,33590.0,65,1,7,0,41,3,8,4,0.25,0.0,0.0,0.0,0.25,0.25,0.25,0.0,0.5,238
Graduation,Divorced,30992.0,83,1,7,0,39,1,43,5,0.32558139534883723,0.0,0.16279069767441862,0.06976744186046512,0.046511627906976744,0.2,0.2,0.0,0.6,433
Master,Single,72309.0,64,1,3,0,39,0,1931,20,0.4572760227861212,0.0,0.02589331952356292,0.01967892283790782,0.0,0.05,0.25,0.3,0.4,475
Basic,Married,16005.0,69,3,8,0,35,1,103,8,0.019417475728155338,0.02912621359223301,0.1941747572815534,0.2912621359223301,0.4563106796116505,0.375,0.25,0.125,0.25,684
Graduation,Married,58692.0,21,1,7,0,50,1,395,15,0.15443037974683543,0.027848101265822784,0.010126582278481013,0.017721518987341773,0.027848101265822784,0.06666666666666667,0.5333333333333333,0.13333333333333333,0.26666666666666666,84
Graduation,Widow,40590.0,30,5,6,0,46,2,258,15,0.1937984496124031,0.0,0.023255813953488372,0.04263565891472868,0.1434108527131783,0.3333333333333333,0.2,0.26666666666666666,0.2,270
Graduation,Single,20587.0,39,1,7,0,45,1,25,5,0.24,0.12,0.16,0.04,0.36,0.2,0.2,0.2,0.4,49
Master,Divorced,62637.0,76,1,2,0,61,1,185,10,0.2594594594594595,0.06486486486486487,0.021621621621621623,0.06486486486486487,0.02702702702702703,0.1,0.2,0.2,0.5,120
Master,Divorced,29435.0,11,4,9,0,49,2,180,11,0.20555555555555555,0.016666666666666666,0.022222222222222223,0.011111111111111112,0.35555555555555557,0.36363636363636365,0.2727272727272727,0.18181818181818182,0.18181818181818182,692
Graduation,Divorced,19346.0,26,1,8,0,41,1,22,5,0.4090909090909091,0.0,0.13636363636363635,0.2727272727272727,0.09090909090909091,0.2,0.2,0.0,0.6,150
Graduation,Married,35788.0,34,2,6,0,44,2,44,7,0.25,0.045454545454545456,0.06818181818181818,0.022727272727272728,0.09090909090909091,0.2857142857142857,0.2857142857142857,0.0,0.42857142857142855,157
Graduation,Divorced,36997.0,72,5,5,0,47,2,94,12,0.1276595744680851,0.0425531914893617,0.0851063829787234,0.0,0.2872340425531915,0.4166666666666667,0.16666666666666666,0.08333333333333333,0.3333333333333333,513
Graduation,Married,23539.0,13,1,6,0,58,0,81,7,0.13580246913580246,0.2962962962962963,0.19753086419753085,0.012345679012345678,0.30864197530864196,0.14285714285714285,0.2857142857142857,0.0,0.5714285714285714,121
Graduation,Single,65333.0,58,7,6,0,42,1,798,28,0.11528822055137844,0.008771929824561403,0.0,0.018796992481203006,0.03759398496240601,0.25,0.32142857142857145,0.14285714285714285,0.2857142857142857,163
Graduation,Single,78499.0,12,1,4,0,58,0,1334,19,0.12743628185907047,0.053973013493253376,0.03523238380809595,0.026986506746626688,0.0727136431784108,0.05263157894736842,0.5789473684210527,0.15789473684210525,0.21052631578947367,218
PhD,Together,29732.0,23,1,9,0,44,1,38,5,0.21052631578947367,0.0,0.0,0.02631578947368421,0.10526315789473684,0.2,0.4,0.0,0.4,96
Master,Together,41275.0,33,4,5,0,55,3,61,11,0.36065573770491804,0.06557377049180328,0.0,0.03278688524590164,0.14754098360655737,0.36363636363636365,0.2727272727272727,0.09090909090909091,0.2727272727272727,97
PhD,Together,63516.0,30,4,5,0,42,2,300,16,0.38,0.03666666666666667,0.05,0.04666666666666667,0.016666666666666666,0.25,0.25,0.0625,0.4375,358
PhD,Married,42769.0,15,2,4,0,53,1,88,8,0.14772727272727273,0.0,0.03409090909090909,0.011363636363636364,0.0,0.25,0.125,0.125,0.5,260
Master,Married,49572.0,25,2,7,0,57,2,54,7,0.2962962962962963,0.018518518518518517,0.0,0.018518518518518517,0.018518518518518517,0.2857142857142857,0.2857142857142857,0.0,0.42857142857142855,196
Graduation,Married,69209.0,4,2,4,0,43,0,1782,16,0.4764309764309764,0.017957351290684626,0.12850729517396184,0.026936026936026935,0.0718294051627385,0.125,0.3125,0.1875,0.375,650
Graduation,Married,17148.0,80,4,8,0,39,1,68,11,0.16176470588235295,0.1323529411764706,0.19117647058823528,0.14705882352941177,0.23529411764705882,0.36363636363636365,0.2727272727272727,0.09090909090909091,0.2727272727272727,152
Graduation,Widow,40590.0,30,5,6,0,46,2,258,15,0.1937984496124031,0.0,0.023255813953488372,0.04263565891472868,0.1434108527131783,0.3333333333333333,0.2,0.26666666666666666,0.2,270
Master,Together,30560.0,6,1,7,0,39,1,31,5,0.16129032258064516,0.03225806451612903,0.12903225806451613,0.16129032258064516,0.22580645161290322,0.2,0.2,0.0,0.6,367
2n Cycle,Married,32146.0,16,2,6,0,32,1,66,8,0.3484848484848485,0.045454545454545456,0.06060606060606061,0.10606060606060606,0.045454545454545456,0.25,0.25,0.0,0.5,48
2n Cycle,Divorced,41713.0,57,5,6,0,51,2,174,13,0.25287356321839083,0.04597701149425287,0.05747126436781609,0.05747126436781609,0.14367816091954022,0.38461538461538464,0.23076923076923078,0.07692307692307693,0.3076923076923077,61
Master,Together,34176.0,9,1,3,0,40,1,28,5,0.25,0.07142857142857142,0.14285714285714285,0.07142857142857142,0.07142857142857142,0.2,0.2,0.0,0.6,158
PhD,Married,58482.0,59,2,6,0,60,1,731,22,0.1573187414500684,0.009575923392612859,0.025991792065663474,0.009575923392612859,0.009575923392612859,0.09090909090909091,0.3181818181818182,0.18181818181818182,0.4090909090909091,109
Graduation,Single,59686.0,78,1,4,0,50,1,274,12,0.3248175182481752,0.05474452554744526,0.12408759124087591,0.15328467153284672,0.01824817518248175,0.08333333333333333,0.3333333333333333,0.08333333333333333,0.5,155
PhD,Married,60896.0,90,3,6,0,51,1,1701,26,0.2345679012345679,0.01763668430335097,0.03527336860670194,0.02704291593180482,0.08994708994708994,0.11538461538461539,0.34615384615384615,0.38461538461538464,0.15384615384615385,626
Graduation,Together,62994.0,74,1,6,0,35,1,312,13,0.15384615384615385,0.038461538461538464,0.01282051282051282,0.038461538461538464,0.038461538461538464,0.07692307692307693,0.46153846153846156,0.15384615384615385,0.3076923076923077,117
Graduation,Together,47320.0,10,6,6,0,58,1,414,20,0.26811594202898553,0.04589371980676329,0.12077294685990338,0.036231884057971016,0.04589371980676329,0.3,0.25,0.05,0.4,332
2n Cycle,Widow,74859.0,63,1,3,0,66,0,1565,23,0.39233226837060703,0.04664536741214057,0.08498402555910543,0.06517571884984026,0.04664536741214057,0.043478260869565216,0.2608695652173913,0.21739130434782608,0.4782608695652174,391
Basic,Single,15253.0,13,2,7,0,23,1,29,6,0.10344827586206896,0.10344827586206896,0.27586206896551724,0.034482758620689655,0.4482758620689655,0.3333333333333333,0.16666666666666666,0.0,0.5,244
PhD,Single,31560.0,98,2,8,0,41,1,94,8,0.2127659574468085,0.010638297872340425,0.0425531914893617,0.0,0.07446808510638298,0.25,0.25,0.125,0.375,370
Graduation,Divorced,72071.0,4,3,2,0,61,1,1338,20,0.2242152466367713,0.0515695067264574,0.11210762331838565,0.1031390134529148,0.11210762331838565,0.15,0.25,0.2,0.4,500
Master,Single,91172.0,94,0,3,0,25,0,1092,14,0.7490842490842491,0.02564102564102564,0.0,0.02564102564102564,0.05128205128205128,0.0,0.2857142857142857,0.21428571428571427,0.5,459
Graduation,Married,90000.0,91,1,1,0,31,0,1479,18,0.08992562542258282,0.0973630831643002,0.06355645706558485,0.12981744421906694,0.162947937795808,0.05555555555555555,0.2222222222222222,0.4444444444444444,0.2777777777777778,188
Graduation,Single,41967.0,66,1,4,0,34,2,54,5,0.18518518518518517,0.07407407407407407,0.0,0.037037037037037035,0.2777777777777778,0.2,0.2,0.0,0.6,218
Graduation,Single,69263.0,14,1,6,0,50,1,568,18,0.056338028169014086,0.008802816901408451,0.022887323943661973,0.008802816901408451,0.03697183098591549,0.05555555555555555,0.5,0.05555555555555555,0.3888888888888889,116
2n Cycle,Divorced,65706.0,77,1,7,0,45,0,1199,27,0.10758965804837364,0.008340283569641367,0.010842368640533779,0.0,0.10758965804837364,0.037037037037037035,0.4074074074074074,0.1111111111111111,0.4444444444444444,366
Graduation,Together,60934.0,41,2,4,0,40,1,873,23,0.1775486827033219,0.1775486827033219,0.21993127147766323,0.10652920962199312,0.061855670103092786,0.08695652173913043,0.2608695652173913,0.17391304347826086,0.4782608695652174,163
Graduation,Married,71965.0,21,3,3,0,64,1,1213,17,0.23577906018136852,0.015663643858202802,0.041220115416323165,0.031327287716405604,0.2044517724649629,0.17647058823529413,0.35294117647058826,0.17647058823529413,0.29411764705882354,335
Graduation,Married,65210.0,25,2,6,0,60,1,731,22,0.09575923392612859,0.0,0.0,0.009575923392612859,0.038303693570451436,0.09090909090909091,0.4090909090909091,0.13636363636363635,0.36363636363636365,111
PhD,Married,79174.0,2,1,2,0,40,0,2043,19,0.2535487028879099,0.01811062163485071,0.09446891825746451,0.04503181595692609,0.0631424375917768,0.05263157894736842,0.2631578947368421,0.3157894736842105,0.3684210526315789,534
Master,Divorced,81380.0,51,1,2,0,48,0,1893,17,0.36397253037506605,0.03592181722134179,0.11833069202324353,0.03592181722134179,0.054410987849973586,0.058823529411764705,0.23529411764705882,0.11764705882352941,0.5882352941176471,554
Graduation,Married,52914.0,32,2,7,0,44,1,575,15,0.07652173913043478,0.017391304347826087,0.05217391304347826,0.017391304347826087,0.3947826086956522,0.13333333333333333,0.4666666666666667,0.2,0.2,538
Graduation,Together,38946.0,84,2,5,0,60,1,257,12,0.31906614785992216,0.023346303501945526,0.023346303501945526,0.023346303501945526,0.15953307392996108,0.16666666666666666,0.25,0.08333333333333333,0.5,248
Graduation,Married,26067.0,49,3,8,0,41,1,56,9,0.32142857142857145,0.03571428571428571,0.0,0.03571428571428571,0.21428571428571427,0.3333333333333333,0.3333333333333333,0.0,0.3333333333333333,237
PhD,Married,44325.0,69,4,8,0,43,1,542,21,0.03874538745387454,0.0,0.0,0.0,0.00922509225092251,0.19047619047619047,0.38095238095238093,0.09523809523809523,0.3333333333333333,479
Graduation,Married,42523.0,96,1,2,0,51,0,125,7,0.088,0.288,0.024,0.208,0.28,0.14285714285714285,0.14285714285714285,0.14285714285714285,0.5714285714285714,67
Basic,Single,26487.0,23,3,5,0,37,1,69,9,0.14492753623188406,0.11594202898550725,0.17391304347826086,0.2028985507246377,0.3333333333333333,0.3333333333333333,0.2222222222222222,0.1111111111111111,0.3333333333333333,405
2n Cycle,Married,53233.0,18,1,4,0,58,1,40,5,0.225,0.0,0.075,0.0,0.0,0.2,0.2,0.0,0.6,103
Graduation,Married,67716.0,8,4,5,0,55,1,1016,28,0.21358267716535434,0.13976377952755906,0.0610236220472441,0.008858267716535433,0.05511811023622047,0.14285714285714285,0.25,0.14285714285714285,0.4642857142857143,535
Master,Married,76234.0,21,1,3,0,43,1,907,23,0.18412348401323042,0.05512679162072767,0.14332965821389196,0.0,0.04520396912899669,0.043478260869565216,0.34782608695652173,0.13043478260869565,0.4782608695652174,143
PhD,Married,84117.0,60,1,2,0,59,0,1566,24,0.4782886334610473,0.04853128991060025,0.037675606641123884,0.028735632183908046,0.016602809706257982,0.041666666666666664,0.2916666666666667,0.4166666666666667,0.25,49
Master,Together,65487.0,48,3,2,0,58,0,1169,17,0.42771599657827203,0.05731394354148845,0.17023096663815226,0.0,0.1394354148845167,0.17647058823529413,0.17647058823529413,0.29411764705882354,0.35294117647058826,170
Basic,Married,25224.0,36,2,3,0,43,1,46,7,0.2608695652173913,0.1956521739130435,0.2391304347826087,0.043478260869565216,0.17391304347826086,0.2857142857142857,0.14285714285714285,0.14285714285714285,0.42857142857142855,105
Master,Single,89616.0,36,1,2,0,32,0,1644,25,0.3984184914841849,0.028588807785888078,0.08819951338199514,0.06751824817518248,0.009124087591240875,0.04,0.28,0.2,0.48,489
Graduation,Divorced,40851.0,63,1,7,0,44,2,59,5,0.11864406779661017,0.01694915254237288,0.0,0.06779661016949153,0.4067796610169492,0.2,0.2,0.2,0.4,493
Graduation,Married,27469.0,2,1,6,0,68,0,17,4,0.11764705882352941,0.058823529411764705,0.17647058823529413,0.11764705882352941,0.0,0.25,0.0,0.0,0.75,696
2n Cycle,Married,82347.0,38,1,3,0,58,0,1853,25,0.4560172692930383,0.02914193200215866,0.1090124123043713,0.07177549919050188,0.033998920669185105,0.04,0.28,0.28,0.4,600
Graduation,Married,73803.0,61,2,6,0,58,1,1528,22,0.23756544502617802,0.05235602094240838,0.034031413612565446,0.017015706806282723,0.11387434554973822,0.09090909090909091,0.4090909090909091,0.22727272727272727,0.2727272727272727,697
Master,Single,8820.0,52,4,8,0,63,2,35,10,0.37142857142857144,0.0,0.11428571428571428,0.05714285714285714,0.11428571428571428,0.4,0.3,0.0,0.3,464
Graduation,Single,43322.0,25,1,7,0,41,0,141,8,0.3404255319148936,0.04964539007092199,0.07092198581560284,0.014184397163120567,0.1276595744680851,0.125,0.375,0.0,0.5,69
Graduation,Together,55593.0,63,2,6,0,42,1,546,17,0.2271062271062271,0.014652014652014652,0.020146520146520148,0.007326007326007326,0.19413919413919414,0.11764705882352941,0.35294117647058826,0.35294117647058826,0.17647058823529413,312
Graduation,Married,50501.0,10,7,6,0,61,2,500,20,0.076,0.0,0.026,0.0,0.304,0.35,0.25,0.2,0.2,376
Graduation,Married,37085.0,65,4,8,0,40,2,61,10,0.26229508196721313,0.01639344262295082,0.03278688524590164,0.0,0.04918032786885246,0.4,0.3,0.0,0.3,3
Basic,Single,16185.0,71,2,8,0,25,1,106,8,0.1509433962264151,0.10377358490566038,0.19811320754716982,0.07547169811320754,0.42452830188679247,0.25,0.25,0.25,0.25,328
Graduation,Single,57731.0,0,4,6,0,46,1,704,26,0.42613636363636365,0.029829545454545456,0.09232954545454546,0.011363636363636364,0.0625,0.15384615384615385,0.3076923076923077,0.3076923076923077,0.23076923076923078,583
Graduation,Married,73807.0,88,2,2,0,37,1,849,23,0.18374558303886926,0.14605418138987045,0.08362779740871613,0.09187279151943463,0.0636042402826855,0.08695652173913043,0.21739130434782608,0.21739130434782608,0.4782608695652174,543
Graduation,Married,18929.0,15,1,6,0,25,0,85,6,0.09411764705882353,0.0,0.27058823529411763,0.047058823529411764,0.21176470588235294,0.16666666666666666,0.16666666666666666,0.0,0.6666666666666666,498
Graduation,Single,35893.0,80,6,8,0,47,2,199,15,0.11557788944723618,0.0,0.0,0.0,0.09045226130653267,0.4,0.2,0.06666666666666667,0.3333333333333333,622
Graduation,Married,61014.0,17,4,7,0,35,1,1147,20,0.4315605928509154,0.11246730601569312,0.15867480383609417,0.037489102005231034,0.025283347863993024,0.2,0.45,0.15,0.2,687
Graduation,Together,32144.0,76,4,7,0,61,2,54,10,0.18518518518518517,0.0,0.0,0.0,0.05555555555555555,0.4,0.2,0.1,0.3,98
Basic,Together,14918.0,52,1,6,0,52,1,43,5,0.06976744186046512,0.06976744186046512,0.3488372093023256,0.09302325581395349,0.3488372093023256,0.2,0.2,0.0,0.6,569
Graduation,Divorced,45146.0,28,2,4,0,52,2,53,6,0.09433962264150944,0.0,0.0,0.0,0.2830188679245283,0.3333333333333333,0.16666666666666666,0.16666666666666666,0.3333333333333333,349
2n Cycle,Divorced,41769.0,31,6,8,0,60,1,521,22,0.2514395393474088,0.05566218809980806,0.061420345489443376,0.0,0.05182341650671785,0.2727272727272727,0.36363636363636365,0.045454545454545456,0.3181818181818182,501
Graduation,Together,88325.0,42,1,2,0,34,0,1623,18,0.529882932840419,0.04374614910659273,0.05730129390018484,0.0166358595194085,0.03265557609365373,0.05555555555555555,0.3333333333333333,0.1111111111111111,0.5,144
Master,Divorced,38054.0,24,2,7,0,65,2,45,7,0.37777777777777777,0.044444444444444446,0.044444444444444446,0.022222222222222223,0.0,0.2857142857142857,0.2857142857142857,0.0,0.42857142857142855,59
2n Cycle,Single,80617.0,42,1,2,0,20,0,1435,19,0.4397212543554007,0.03554006968641115,0.050174216027874564,0.03832752613240418,0.02229965156794425,0.05263157894736842,0.21052631578947367,0.3157894736842105,0.42105263157894735,625
Graduation,Married,5305.0,12,0,13,0,39,1,32,1,0.21875,0.125,0.03125,0.09375,0.15625,0.0,1.0,0.0,0.0,334
Graduation,Together,36807.0,88,1,6,0,61,2,16,4,0.3125,0.125,0.0,0.0,0.3125,0.25,0.25,0.0,0.5,556
Graduation,Together,28427.0,67,2,8,0,32,1,52,7,0.36538461538461536,0.057692307692307696,0.057692307692307696,0.057692307692307696,0.11538461538461539,0.2857142857142857,0.2857142857142857,0.0,0.42857142857142855,465
PhD,Widow,82032.0,54,0,1,0,67,0,1234,17,0.3055105348460292,0.15721231766612642,0.12074554294975688,0.1012965964343598,0.046191247974068074,0.0,0.23529411764705882,0.35294117647058826,0.4117647058823529,85
Graduation,Together,22775.0,40,1,8,0,37,1,15,4,0.5333333333333333,0.06666666666666667,0.0,0.0,0.06666666666666667,0.25,0.25,0.0,0.5,375
Master,Together,40101.0,73,4,7,0,30,1,415,17,0.3108433734939759,0.007228915662650603,0.06265060240963856,0.05783132530120482,0.1493975903614458,0.23529411764705882,0.35294117647058826,0.058823529411764705,0.35294117647058826,623
Graduation,Married,58025.0,81,3,4,0,36,1,470,18,0.18723404255319148,0.06595744680851064,0.023404255319148935,0.10212765957446808,0.04680851063829787,0.16666666666666666,0.16666666666666666,0.1111111111111111,0.5555555555555556,215
Master,Single,75777.0,12,1,1,0,33,0,1438,21,0.3741307371349096,0.01808066759388039,0.04798331015299027,0.009040333796940195,0.055632823365785816,0.047619047619047616,0.14285714285714285,0.2857142857142857,0.5238095238095238,360
2n Cycle,Together,7500.0,7,4,7,0,36,1,53,11,0.20754716981132076,0.1509433962264151,0.05660377358490566,0.1509433962264151,0.39622641509433965,0.36363636363636365,0.2727272727272727,0.18181818181818182,0.18181818181818182,418
Master,Married,33562.0,33,3,4,0,52,3,51,9,0.23529411764705882,0.23529411764705882,0.0,0.058823529411764705,0.058823529411764705,0.3333333333333333,0.2222222222222222,0.0,0.4444444444444444,4
PhD,Single,57642.0,24,3,4,0,45,1,679,22,0.08541973490427099,0.008836524300441826,0.011782032400589101,0.0,0.039764359351988215,0.13636363636363635,0.3181818181818182,0.2727272727272727,0.2727272727272727,171
Graduation,Together,58554.0,55,6,7,0,47,2,586,22,0.11604095563139932,0.040955631399317405,0.06484641638225255,0.0,0.15017064846416384,0.2727272727272727,0.36363636363636365,0.09090909090909091,0.2727272727272727,641
Graduation,Married,63777.0,87,8,8,0,36,2,653,26,0.16232771822358347,0.007656967840735069,0.022970903522205207,0.026033690658499236,0.08116385911179173,0.3076923076923077,0.4230769230769231,0.038461538461538464,0.23076923076923078,462
Graduation,Single,57967.0,39,5,5,0,53,1,468,19,0.29273504273504275,0.014957264957264958,0.008547008547008548,0.0,0.19444444444444445,0.2631578947368421,0.21052631578947367,0.10526315789473684,0.42105263157894735,483
Graduation,Married,24434.0,9,2,7,0,43,2,50,7,0.16,0.04,0.4,0.0,0.34,0.2857142857142857,0.2857142857142857,0.14285714285714285,0.2857142857142857,42
Graduation,Single,11012.0,82,3,9,0,31,1,84,9,0.30952380952380953,0.03571428571428571,0.08333333333333333,0.011904761904761904,0.27380952380952384,0.3333333333333333,0.3333333333333333,0.1111111111111111,0.2222222222222222,470
Master,Single,44802.0,71,2,8,0,45,0,1049,27,0.1363203050524309,0.009532888465204958,0.012392755004766444,0.009532888465204958,0.019065776930409915,0.07407407407407407,0.3333333333333333,0.14814814814814814,0.4444444444444444,677
Graduation,Single,26816.0,50,1,4,0,29,0,22,4,0.2727272727272727,0.045454545454545456,0.13636363636363635,0.18181818181818182,0.13636363636363635,0.25,0.0,0.0,0.75,681
Graduation,Married,34421.0,81,1,7,0,41,1,30,4,0.23333333333333334,0.1,0.2,0.06666666666666667,0.3,0.25,0.25,0.0,0.5,363
Graduation,Married,61223.0,46,2,5,0,48,1,1341,18,0.13571961222967935,0.03206562266964952,0.03131991051454139,0.08799403430275914,0.18419090231170768,0.1111111111111111,0.5,0.16666666666666666,0.2222222222222222,381
PhD,Together,64014.0,56,7,7,0,69,3,444,22,0.06756756756756757,0.0,0.0,0.0,0.018018018018018018,0.3181818181818182,0.36363636363636365,0.09090909090909091,0.22727272727272727,19
Graduation,Divorced,56981.0,91,1,6,0,34,0,1241,19,0.17485898468976632,0.038678485092667206,0.0257856567284448,0.009669621273166801,0.019339242546333603,0.05263157894736842,0.10526315789473684,0.15789473684210525,0.6842105263157895,155
Master,Together,69245.0,8,2,3,0,59,1,843,23,0.2538552787663108,0.03558718861209965,0.09489916963226572,0.03558718861209965,0.07236061684460261,0.08695652173913043,0.2608695652173913,0.21739130434782608,0.43478260869565216,156
PhD,Married,52869.0,40,3,7,0,61,2,172,11,0.3546511627906977,0.01744186046511628,0.011627906976744186,0.005813953488372093,0.12209302325581395,0.2727272727272727,0.2727272727272727,0.09090909090909091,0.36363636363636365,622
