skewed_numeric__NumDealsPurchases,skewed_numeric__Complain,skewed_numeric__total_spending,skewed_numeric__fruit_share,skewed_numeric__fish_share,skewed_numeric__sweet_share,skewed_numeric__gold_share,skewed_numeric__catalog_share,normal_numeric__Income,normal_numeric__Recency,normal_numeric__NumWebVisitsMonth,normal_numeric__age,normal_numeric__total_children,normal_numeric__total_purchases,normal_numeric__meat_share,normal_numeric__deals_share,normal_numeric__web_share,normal_numeric__store_share,normal_numeric__Customer_Days,ordinal_cat__Education,nominal_cat__Marital_Status_Divorced,nominal_cat__Marital_Status_Married,nominal_cat__Marital_Status_Single,nominal_cat__Marital_Status_Together,nominal_cat__Marital_Status_Widow
0.6617062493271514,-0.09582659576267816,1.2022525948100666,0.11787688199897871,0.5008361416848013,0.09103913010590617,-0.6086073810970369,1.9748971319952469,0.3146757377588648,0.30862960030160497,0.6896207377832941,1.016421757301588,-1.266418095856426,1.3281071760028504,0.7254508704718164,-0.5434530166719816,0.5372327384164823,-2.1185624071096876,1.528448791575439,-0.4545042726906662,0.0,0.0,1.0,0.0,0.0
0.042551568719807045,-0.09582659576267816,-1.5639570057902163,-0.2091498710249827,0.06915620669575011,-0.21688285584929928,0.9970459825029667,0.25914156367018515,-0.25443632354307494,-0.38280640159721047,-0.13958406618152008,1.272890018413847,1.40368931392048,-1.1659083770449954,-0.213256774210438,1.3809235605130437,-1.0262684218413018,-0.6497030499088993,-1.1893980200763812,-0.4545042726906662,0.0,0.0,1.0,0.0,0.0
-0.8300979410970113,-0.09582659576267816,0.7020899405209583,0.27993250637455364,0.975982087003994,-0.39590456556128106,-0.6116812291235341,-0.33540992088250887,0.9649033980983288,-0.7976680027364996,-0.5541864681639271,0.3325063943355631,-1.266418095856426,0.8030512700980408,-0.6894603801057061,-1.1963664982169009,1.1587487275872774,0.5608953214104312,-0.20603162822417717,-0.4545042726906662,0.0,0.0,0.0,1.0,0.0
0.042551568719807045,-0.09582659576267816,-1.1161123945729945,0.5067084402144044,1.5464554222400577,0.12932816354376095,-0.20459519875855636,-1.1915090995073558,-1.2049509397484006,-0.7976680027364996,0.275018335800887,-1.2917925927087455,0.06863560903202695,-0.9033804240925906,1.0482423199875541,0.6292139600501433,-0.17653953039685363,0.7626617166303205,-1.0609179889801132,-0.4545042726906662,0.0,0.0,0.0,1.0,0.0
1.5343557591439694,-0.09582659576267816,0.2874606186693928,0.9841754418260519,0.5354978485853309,0.2581987330751084,-0.8050180318921519,0.18811781682473352,0.32215516539171213,1.5532144037194726,-0.13958406618152008,-1.0353243315964862,0.06863560903202695,0.540523317145636,0.25348334793518795,0.7479049495969169,-0.0423718106950989,-0.7983730253340803,-0.9522041165140405,1.5395084845430351,0.0,1.0,0.0,0.0,0.0
0.042551568719807045,-0.09582659576267816,0.6472910154043204,0.1967708036426985,-0.9720971351758327,0.16532410161876768,-0.9742347089335901,0.3805703682880689,0.5257886144924571,-1.1433860036859074,0.275018335800887,0.16152755359405693,0.06863560903202695,0.9343152465742431,-0.907290795723942,-0.8058680044699397,0.05520471272435914,0.37747132575598724,-0.29992088171760367,0.5425021059261845,0.0,0.0,0.0,1.0,0.0
1.1419599302953858,-0.09582659576267816,0.515511071623094,1.1313258452962425,0.21321838310222055,0.5872254718635966,-0.6982637420565998,0.06510166265634933,0.19389504508133767,-0.5210936019769735,0.275018335800887,-0.1804301278889554,0.06863560903202695,0.8030512700980408,0.24002764607765384,0.09227853114807089,0.6731893610475937,-0.6497030499088993,1.1825410155470255,-0.4545042726906662,1.0,0.0,0.0,0.0,0.0
0.042551568719807045,-0.09582659576267816,-0.3341229804855506,0.20628901426332918,-0.7157031875150147,-0.7812020987455005,0.2025373615100276,-1.1915090995073558,-0.8764351763650187,-0.590237202166855,1.1042231397657012,-1.3772820130794987,0.06863560903202695,-0.6408524711401857,0.6742107638316166,0.17818819977240308,1.3529724742031521,-0.0847571432932111,0.31283003581844304,1.5395084845430351,0.0,1.0,0.0,0.0,0.0
-0.8300979410970113,-0.09582659576267816,-1.2107821432840513,-0.9245347831413334,-0.05149545299033177,0.2797085586867955,-0.7220408476101203,-1.1915090995073558,-1.0261684921374385,-1.039670603401085,1.5188255417481082,-0.4368983890012147,0.06863560903202695,-1.1659083770449954,2.2222814299814555,-0.12249564041275783,2.372647143936489,-0.6497030499088993,0.16952538574952888,1.5395084845430351,0.0,0.0,0.0,1.0,0.0
-0.8300979410970113,-0.09582659576267816,-1.1685905636340725,-0.9245347831413334,-0.6777164817636621,-0.5162857791425433,1.3737115371086952,-1.1915090995073558,-2.2181962393259935,0.6543476012510127,6.079451963554586,1.6148476998968595,1.40368931392048,-1.690964282949805,-1.0245683814001012,2.884342761438845,2.372647143936489,-3.474432582987338,-1.214105718364125,1.5395084845430351,0.0,0.0,0.0,1.0,0.0
-0.8300979410970113,-0.09582659576267816,-1.0219104878469938,3.6574425684119727,1.4437192969594974,-0.5893019719510109,1.3478071246156436,-1.1915090995073558,-2.128829142706425,0.34320140039654573,1.1042231397657012,-0.6078772297427208,-1.266418095856426,-1.1659083770449954,-0.553923011655576,-0.12249564041275783,0.6731893610475937,0.7626617166303205,1.1825410155470255,-2.4485170299243677,0.0,1.0,0.0,0.0,0.0
-0.8300979410970113,-0.09582659576267816,0.9409855740090118,0.1352587468686034,1.7351723112168176,0.9023186805440052,-0.8927452458923744,0.9084060034327873,0.550880887841364,1.1383528025801835,-1.3833912721287414,0.8454429165600816,-1.266418095856426,0.1467313877170287,1.521606133722515,-1.062132640991383,-0.8138361989801893,0.7626617166303205,-0.6310040387733709,-0.4545042726906662,1.0,0.0,0.0,0.0,0.0
0.6617062493271514,-0.09582659576267816,0.0777285707650429,-0.7980332728386924,-0.8317620529678194,-0.5941209521409289,-0.7045184386060245,-0.5841627771062523,0.3733530538978473,0.1357705998269011,0.275018335800887,1.4438688591553532,1.40368931392048,0.015467411240826293,-0.6300353982264185,0.17818819977240308,1.3529724742031521,-0.6497030499088993,-0.6310040387733709,0.5425021059261845,1.0,0.0,0.0,0.0,0.0
-0.8300979410970113,-0.09582659576267816,-1.2107821432840513,4.3020901523052375,0.8143838111719902,-0.49214271651642566,-0.0628904056708738,-1.1915090995073558,-1.6548264482712074,-0.38280640159721047,1.1042231397657012,-1.5482608538210048,-1.266418095856426,-1.2971723535211979,0.9848708907549288,0.17818819977240308,-0.686376865263522,1.610080576553852,1.3505533639036833,-0.4545042726906662,0.0,1.0,0.0,0.0,0.0
-0.8300979410970113,-0.09582659576267816,1.0613803567236466,-0.5981621565556658,-0.3325676019454638,0.04336149471522678,-0.8189333628538343,0.7625022778985887,1.5047250557026022,-0.901383403021322,-0.9687888701463342,1.9568053813798718,-1.266418095856426,1.4593711524790527,-1.3091444109181485,-1.2789719488172202,0.019551752244172604,0.43673138589050026,1.128184079313989,1.5395084845430351,0.0,0.0,1.0,0.0,0.0
0.6617062493271514,-0.09582659576267816,-0.7167171095799293,0.07420341817162225,-0.6716463518112287,1.4617812762405475,-0.7409333848289691,-1.1915090995073558,-0.47129147052382087,0.06662699963701955,1.1042231397657012,-0.9498349112257332,1.40368931392048,-0.7721164476163882,-0.4108987353368975,1.3809235605130437,0.6731893610475937,-0.6497030499088993,0.9799378895875261,-0.4545042726906662,0.0,1.0,0.0,0.0,0.0
0.042551568719807045,-0.09582659576267816,0.09290616927454354,-0.6166894226850435,4.6732430677932095,-0.20228155414280327,-0.264486702810753,-0.49410848426511644,-0.6686518512873391,-1.0050988033061443,0.6896207377832941,1.9568053813798718,-1.266418095856426,-0.2470605417115785,-1.0455084572954465,-0.23814327125320392,0.41173431752622563,0.43673138589050026,1.548214950205634,-0.4545042726906662,0.0,0.0,0.0,1.0,0.0
0.042551568719807045,-0.09582659576267816,1.2684675564465755,-0.060689414944180196,-0.9720971351758327,-0.7249166320611448,-0.16071188985173643,0.1551559554974849,1.224608427259516,1.4494990034346502,-0.13958406618152008,1.7003371202676125,0.06863560903202695,1.4593711524790527,0.25218576627784633,-0.9320290562958812,1.5882820133723836,-0.5410596063289597,0.5154331617779423,0.5425021059261845,0.0,1.0,0.0,0.0,0.0
0.042551568719807045,-0.09582659576267816,-0.49638213658448327,1.4416044091206057,1.991730420766959,2.1822215433879566,1.611075257298638,-0.083099853583399,-0.8591601112517326,1.2766400029599465,0.275018335800887,-1.3772820130794987,0.06863560903202695,-0.9033804240925906,-0.8586182799294886,0.6292139600501433,-0.17653953039685363,-0.2966118582740942,1.231956412122513,-1.4515106513075169,0.0,0.0,1.0,0.0,0.0
-0.8300979410970113,-0.09582659576267816,0.09075851500632583,-0.8004276392294524,1.9057601761133482,1.2127565067796469,0.35274302166800847,0.25914156367018515,-0.7033949990012103,-0.2790910013123881,1.1042231397657012,-1.1208137519672394,-1.266418095856426,-0.37832451818778096,-0.1417768606023152,-0.8742052408756581,0.6731893610475937,0.05647933336071082,1.6618703623292554,-0.4545042726906662,0.0,1.0,0.0,0.0,0.0
3.6453146301754766,-0.09582659576267816,1.2482852393334563,-0.91316759585073,-0.9636768247767706,-0.8797721576310581,-1.1784937884162108,3.527717239192158,-2.3726584835372457,-0.24451920121744736,-1.7979936741111484,-0.8643454908549801,0.06863560903202695,3.6908587525744934,6.0877843778707605,1.5207765094363743,-2.7257262047301962,-3.474432582987338,0.9156978740393922,-0.4545042726906662,0.0,1.0,0.0,0.0,0.0
0.6617062493271514,-0.09582659576267816,0.85547449734775,-0.9245347831413334,-0.9720971351758327,-0.8904752785619348,-0.9742960014702615,0.3378918289805533,0.3373070381447059,0.4814886007763088,1.1042231397657012,1.7003371202676125,0.06863560903202695,0.2779953641932311,-1.3008104227369854,-0.03405921682888675,-1.5261089462203883,1.0119025577843004,0.9848794292450749,1.5395084845430351,0.0,1.0,0.0,0.0,0.0
0.6617062493271514,-0.09582659576267816,0.4602582103652162,-0.9245347831413334,-0.42018574928333324,0.16819858758022485,-1.0853007293838066,-0.2945829510424179,0.661431653692029,-1.6965348052049596,-0.5541864681639271,1.272890018413847,0.06863560903202695,0.6717872936218383,-0.4956024329625223,-0.2728375605053374,0.3332978044698148,0.33895228666855465,-0.9126717992536504,1.5395084845430351,0.0,1.0,0.0,0.0,0.0
2.153510439751314,-0.09582659576267816,0.3220333518341544,-0.7920701946295066,0.25469501876931694,-0.6418574482959687,1.0037224656318724,-0.7323642933460006,-0.5273147962124382,0.6889194013459534,1.1042231397657012,1.5293582795261063,0.06863560903202695,0.6717872936218383,-1.5257825392201279,1.5312654806056238,0.8431351393364832,-1.3558854331785088,0.56484855835343,-0.4545042726906662,0.0,0.0,0.0,1.0,0.0
0.042551568719807045,-0.09582659576267816,-0.8830805001534815,0.0975609317717585,1.6845734870622675,1.8585229891538653,0.5532026244306992,-0.083099853583399,-1.593736413540984,1.3803554032447687,0.6896207377832941,-0.009451287147449236,-1.266418095856426,-0.9033804240925906,0.6902493337962321,0.6292139600501433,-0.17653953039685363,-0.2966118582740942,0.9354640326695872,-0.4545042726906662,0.0,0.0,1.0,0.0,0.0
1.1419599302953858,-0.09582659576267816,-0.04966927611083863,-0.6207307976381122,-0.8029886985486966,-0.46303130258580666,0.42456501895702714,-0.5422446597447547,0.0840680948080449,-1.5582476048251965,0.6896207377832941,-0.6078772297427208,1.40368931392048,-0.11579656523537611,-1.0710602386214403,0.9513752173913862,0.9159690443174356,-1.0532358403486761,0.21894078232501651,-0.4545042726906662,0.0,1.0,0.0,0.0,0.0
0.042551568719807045,-0.09582659576267816,-0.5066361593862311,-0.6264848832869926,1.0982364363943,1.863397775405313,-0.3849565178491897,-0.20000324249116966,-0.6396992281924464,-0.7976680027364996,-0.9687888701463342,-1.719239694562511,0.06863560903202695,-0.7721164476163882,0.5867944359328725,0.37864409322917636,-0.4597824942116696,0.29187346111724705,0.19917462369482147,-0.4545042726906662,0.0,1.0,0.0,0.0,0.0
-0.8300979410970113,-0.09582659576267816,1.2250461978457896,0.21811608631700063,-0.7902235814429283,-0.17341475268894996,-1.184776742901236,1.6058066186750264,1.592451503680127,1.6223580039093541,-1.3833912721287414,0.3325063943355631,-1.266418095856426,1.4593711524790527,1.87529053885522,-1.2789719488172202,-0.3726308130378807,-0.21512927558913952,-0.6655948163762122,1.5395084845430351,0.0,1.0,0.0,0.0,0.0
0.042551568719807045,-0.09582659576267816,-1.494553456141747,1.5375390207501538,-0.031683965587523524,0.3048910918053388,0.17607860795676705,-1.1915090995073558,-1.9609521831278725,-0.5210936019769735,-0.13958406618152008,-1.719239694562511,-1.266418095856426,-0.9033804240925906,0.6902493337962321,0.6292139600501433,1.0980538067698178,-0.2966118582740942,-1.5600134943925383,0.5425021059261845,1.0,0.0,0.0,0.0,0.0
-0.8300979410970113,-0.09582659576267816,0.09504708050413498,0.09990983822376968,0.5080572477607964,0.3485230324904506,1.498178571379408,2.334581745694014,-0.6271530915179929,0.2394860001117234,-0.9687888701463342,0.5034852350770693,-1.266418095856426,-0.5095884946639834,-0.8951481764796232,-0.8058680044699397,-0.8717722597604928,-1.1632902377413428,0.29800541684579673,0.5425021059261845,0.0,0.0,0.0,1.0,0.0
0.042551568719807045,-0.09582659576267816,-0.5659674481070045,-0.9245347831413334,-0.7312429450730643,-0.8904752785619348,-0.9163025485242302,-0.20000324249116966,-0.534118662639738,-0.6248090022617958,-0.13958406618152008,-0.09494070751820233,0.06863560903202695,-0.7721164476163882,-1.6814541997212775,0.37864409322917636,-0.4597824942116696,0.29187346111724705,1.3505533639036833,-0.4545042726906662,0.0,0.0,0.0,1.0,0.0
1.8661217052122583,-0.09582659576267816,0.05995871392082577,-0.15803844799770259,0.5390027320441312,0.41190934396519907,0.2625624764519152,-0.6536140280356327,-0.24160066063767255,-1.4199604044454335,0.275018335800887,1.4438688591553532,1.40368931392048,0.2779953641932311,0.564596166457556,1.5577964076807849,-0.32649168771057996,-0.4835424891395794,1.256664110410257,1.5395084845430351,1.0,0.0,0.0,0.0,0.0
-0.8300979410970113,-0.09582659576267816,0.9967528886286475,-0.3731291990441065,0.4100535356982273,0.13375232461948722,-0.9865953210648639,1.115240742295033,0.8222634749841577,-1.5582476048251965,0.6896207377832941,1.9568053813798718,-1.266418095856426,0.40925934066943354,1.1820407019503643,-1.1247751076966253,-1.0262684218413018,0.7626617166303205,0.6933285894496979,0.5425021059261845,0.0,1.0,0.0,0.0,0.0
-0.8300979410970113,-0.09582659576267816,-0.9792791276809844,-0.9245347831413334,-0.5305073795997216,-0.6076949727231695,-0.6941979324359787,-1.1915090995073558,-0.10750176133649476,0.20491420001678262,0.6896207377832941,1.5293582795261063,1.40368931392048,-1.1659083770449954,0.3566470785322311,-0.12249564041275783,0.6731893610475937,0.7626617166303205,-0.24556394548456728,0.5425021059261845,0.0,0.0,1.0,0.0,0.0
1.5343557591439694,-0.09582659576267816,0.8128205303133925,-0.5616318263755542,-0.9720971351758327,-0.7288886462313292,-0.7757625445537357,0.6356158371085828,0.7593397741245911,-0.41737820169215123,-1.3833912721287414,-0.09494070751820233,0.06863560903202695,1.7218991054314576,-0.6754006432565665,-0.015108554632343603,-0.9048785802063809,0.15736253097065425,-0.858314863020614,1.5395084845430351,0.0,1.0,0.0,0.0,0.0
0.6617062493271514,-0.09582659576267816,-0.8312672552469645,-0.2091498710249827,1.5035606407775617,0.6447492556206087,2.813366982688264,-0.20000324249116966,-1.3462397404514765,0.9309220020105388,0.6896207377832941,-0.6078772297427208,0.06863560903202695,-0.7721164476163882,-0.6148150444356247,1.3809235605130437,0.6731893610475937,-1.5912795609350454,-0.2653301041147623,-1.4515106513075169,0.0,1.0,0.0,0.0,0.0
0.042551568719807045,-0.09582659576267816,-0.9589229991253417,-0.9245347831413334,-0.5434972148616688,-0.8904752785619348,-0.5543014448811339,0.06510166265634933,-0.44335218923724945,1.7260734041941765,-0.13958406618152008,-0.35140896863046156,0.06863560903202695,-1.034644400568793,-1.292070037501985,0.9513752173913862,-1.269048105111144,0.15736253097065425,-1.065859528637662,-0.4545042726906662,0.0,0.0,0.0,0.0,1.0
0.042551568719807045,-0.09582659576267816,0.8045643190125996,-0.7508390226900306,1.40732629325991,0.0893168359323375,-0.6899444333530634,2.0862665002861247,-0.12878193931124085,0.1357705998269011,0.275018335800887,2.213273642492131,-1.266418095856426,1.196843199526648,-0.16317328707037895,-0.8742052408756581,0.24832491532537035,-1.708976624813314,0.7872178429431244,1.5395084845430351,1.0,0.0,0.0,0.0,0.0
0.042551568719807045,-0.09582659576267816,1.1016209202601421,0.11896854325369563,-0.13980238010293655,1.3338055770106365,-0.41750790203942917,1.173510908580307,1.3701436126831763,-1.5928194049201374,-0.5541864681639271,-0.9498349112257332,0.06863560903202695,0.8030512700980408,1.104113421979933,-0.7668181550952438,1.1587487275872774,-1.456768630788454,0.3573038927363819,-0.4545042726906662,0.0,1.0,0.0,0.0,0.0
0.042551568719807045,-0.09582659576267816,-1.1161123945729945,-0.5568433850035649,-0.16980203040973216,-0.8904752785619348,0.16400458957684436,-1.1915090995073558,-1.4986753010460865,1.345783603149828,1.1042231397657012,-1.3772820130794987,0.06863560903202695,-1.034644400568793,2.429072409582654,0.9513752173913862,0.18762999450790946,0.15736253097065425,0.5944977962987226,0.5425021059261845,0.0,1.0,0.0,0.0,0.0
-0.8300979410970113,-0.09582659576267816,-1.6980897556219077,-0.9245347831413334,0.890607246049705,-0.06715083380963333,0.20511107496358322,-1.1915090995073558,-1.429430277477468,-1.5582476048251965,-0.13958406618152008,1.016421757301588,0.06863560903202695,-1.4284363299974001,0.19742782033804837,0.6292139600501433,-2.7257262047301962,2.8812088664391498,0.9799378895875261,-0.4545042726906662,0.0,0.0,0.0,1.0,0.0
0.6617062493271514,-0.09582659576267816,-1.4729046643241483,-0.30000877186414515,0.37390654198671486,0.2675111593289781,2.3728955125120796,-1.1915090995073558,-2.128829142706425,-1.039670603401085,-0.13958406618152008,-0.5223878093719677,0.06863560903202695,-0.9033804240925906,0.6028132588278448,1.756778360744494,-0.17653953039685363,-0.2966118582740942,-0.41357629384122524,0.5425021059261845,0.0,1.0,0.0,0.0,0.0
-0.8300979410970113,-0.09582659576267816,0.863832677580916,2.1077504543284817,2.0525624990560147,-0.3342247573160873,0.585549419289358,0.9084060034327873,1.366765806655439,0.7926348016307757,-1.7979936741111484,-0.6078772297427208,-1.266418095856426,0.1467313877170287,0.1778952603534254,-1.062132640991383,-1.4511328675635249,1.2922985040825277,-1.7428504617218428,-0.4545042726906662,0.0,0.0,1.0,0.0,0.0
0.6617062493271514,-0.09582659576267816,-0.554788842564996,1.7826039266031206,0.7175945001973395,2.180287459926119,2.549690504343117,-0.2945829510424179,-2.128829142706425,-0.8668116029263813,1.5188255417481082,-2.3176656371577824,-1.266418095856426,-0.6408524711401857,-1.0871397311349225,1.0802397203278835,0.3332978044698148,-0.9321760032167431,1.2023071741772204,-1.4515106513075169,0.0,1.0,0.0,0.0,0.0
-0.8300979410970113,-0.09582659576267816,-1.0913140374954629,1.1122053245360488,-0.1982154552205723,0.7211277154242802,1.1221230677493188,-1.1915090995073558,-0.47717850388644906,1.484070803529591,1.9334279437305153,0.07603813322330386,0.06863560903202695,-1.2971723535211979,0.19742782033804837,0.17818819977240308,1.3529724742031521,-0.0847571432932111,0.2337654012976628,-0.4545042726906662,0.0,0.0,0.0,1.0,0.0
2.6337641207195492,-0.09582659576267816,1.0634497958430664,-0.19264541295333756,-0.4299458080967632,-0.3644111351014649,-0.8759661547641995,-0.5422446597447547,1.0101177444981861,-0.34823460150226965,1.1042231397657012,1.272890018413847,1.40368931392048,1.7218991054314576,-0.06598322362557507,1.2735364747326292,-0.9048785802063809,0.15736253097065425,1.2072487138347692,1.5395084845430351,0.0,1.0,0.0,0.0,0.0
-0.8300979410970113,-0.09582659576267816,0.412319105623676,-0.20083763043689898,0.05428293119793127,1.4084145936631576,-0.8886161483334352,-0.1448089388865984,0.6692488619276501,-0.6939526024516773,-1.3833912721287414,1.016421757301588,0.06863560903202695,0.2779953641932311,-0.015447744646847313,-1.0952962998353346,-0.32649168771057996,1.5103842400922602,-1.5105980978170508,-0.4545042726906662,0.0,0.0,0.0,0.0,1.0
-0.8300979410970113,-0.09582659576267816,1.2335520836059397,-0.49926322055745376,-0.7415465523858734,0.8519469779565214,-0.9811868987160958,1.352085560776103,1.3282588179392316,-1.627391205015078,-0.9687888701463342,0.4179958147063162,-1.266418095856426,1.85316308190766,1.7261060116703888,-1.3148625928711517,-0.6160544742474302,0.32434161666987305,1.6470457433566092,0.5425021059261845,0.0,1.0,0.0,0.0,0.0
0.042551568719807045,-0.09582659576267816,-0.9105424530651017,0.6499786806822482,4.103200478901575,-0.6349988108336061,-0.7409333848289691,-1.1915090995073558,-0.7637129637822366,0.17034239992184186,0.6896207377832941,-0.6933666501134739,0.06863560903202695,-1.034644400568793,0.23849627979289728,0.9513752173913862,0.18762999450790946,0.15736253097065425,0.9354640326695872,-0.4545042726906662,0.0,0.0,1.0,0.0,0.0
-0.8300979410970113,-0.09582659576267816,1.2022525948100666,0.48364532035624624,0.3699304056507228,-0.43787486567113953,0.3257397645669657,2.165016765596492,1.4942056026447912,0.17034239992184186,-1.7979936741111484,-0.6933666501134739,-1.266418095856426,0.8030512700980408,0.7455660342864365,-1.1963664982169009,-0.7834887385714597,-0.6497030499088993,-1.6390781289133187,-0.4545042726906662,1.0,0.0,0.0,0.0,0.0
2.153510439751314,-0.09582659576267816,0.5337259688123597,-0.6345405818284573,-0.686375299532627,-0.1710935859141258,0.6135877669371074,-0.4068379813534157,0.7120504897362664,0.27405780020666415,-0.9687888701463342,-0.778856070484227,1.40368931392048,1.0655792230504455,-0.3563864546867423,1.1194593516563824,-0.9523789530200455,0.20999724276714699,0.1398761478042363,-0.4545042726906662,0.0,1.0,0.0,0.0,0.0
-0.8300979410970113,-0.09582659576267816,1.332309362039818,-0.41847067152703377,0.31003985991177513,0.21178846440049076,-0.1773294841425612,1.7735931613132572,1.4846512370234768,0.20491420001678262,-1.7979936741111484,1.187400598043094,-1.266418095856426,1.5906351289552552,-0.22526043226264775,-1.2918216855772695,-1.5927543494709329,0.605732298125962,1.152891777601733,0.5425021059261845,0.0,0.0,0.0,1.0,0.0
-0.8300979410970113,-0.09582659576267816,0.9353989091687738,-0.3045085813448217,0.5578138888675901,1.038943238900832,-0.7939834661810454,0.8183517105916509,0.9009181010586161,-0.6593808023567366,-0.9687888701463342,0.24701697396481,-1.266418095856426,0.8030512700980408,1.5656500367962907,-1.1963664982169009,-0.29792937203177566,0.5608953214104312,0.4907254634901985,-0.4545042726906662,1.0,0.0,0.0,0.0,0.0
-0.8300979410970113,-0.09582659576267816,-1.5169121695918946,-0.9245347831413334,-0.00031399278234673034,-0.26255920515215514,0.544678396292168,-1.1915090995073558,-1.1426062913507318,-0.6248090022617958,-0.9687888701463342,-1.6337502741917578,0.06863560903202695,-1.1659083770449954,0.2229185882755403,-0.12249564041275783,-1.0262684218413018,2.1750264831695394,-1.441416542611368,-0.4545042726906662,0.0,0.0,1.0,0.0,0.0
0.6617062493271514,-0.09582659576267816,0.42692662885698923,-0.9245347831413334,-0.9720971351758327,-0.8904752785619348,-0.3177298631393304,-0.24966352547884904,0.2092881896934556,0.4814886007763088,0.6896207377832941,0.07603813322330386,0.06863560903202695,0.540523317145636,-1.5807254782205338,-0.20162296677727368,1.5676408257259589,-0.7983730253340803,-1.1646903217886373,1.5395084845430351,0.0,1.0,0.0,0.0,0.0
-0.8300979410970113,-0.09582659576267816,1.122307392522234,-0.5720485469718978,-0.2891722053846399,-0.7237848123110632,-0.5961267771606915,1.173510908580307,1.1658346023768837,-1.2816732040656704,-1.7979936741111484,-1.1208137519672394,-1.266418095856426,0.8030512700980408,1.0219956655260805,-1.1963664982169009,-1.269048105111144,0.9644281118502092,0.031162275338163493,0.5425021059261845,0.0,0.0,1.0,0.0,0.0
1.1419599302953858,-0.09582659576267816,0.5404330360002423,-0.354323349563006,-0.5960415094267545,-0.3535753600744144,-1.0787012436371666,-0.37267967964723286,0.7255617138472163,-1.0742424034960258,-0.9687888701463342,-0.5223878093719677,1.40368931392048,0.9343152465742431,-0.6650098282137735,0.014178832398679007,-0.8717722597604928,1.1478521075046526,1.5136241726027926,-0.4545042726906662,0.0,0.0,0.0,1.0,0.0
1.1419599302953858,-0.09582659576267816,0.790834734382231,-0.769383083694089,-0.3746285892180124,-0.5994429118802879,0.7173008337334658,-0.4382590515720541,0.4924930979333305,-0.7976680027364996,0.6896207377832941,1.4438688591553532,0.06863560903202695,1.196843199526648,-0.7876577161784795,-0.12249564041275783,0.6731893610475937,0.05647933336071082,0.7032116687647954,-0.4545042726906662,0.0,0.0,1.0,0.0,0.0
-0.8300979410970113,-0.09582659576267816,0.5337259688123597,-0.9245347831413334,-0.9720971351758327,-0.7079935044016469,-1.077656148001837,0.18811781682473352,0.7751189537113076,-1.4199604044454335,-0.13958406618152008,1.5293582795261063,0.06863560903202695,0.540523317145636,-1.3761854280804096,-1.1511508831514636,1.03096994691894,0.09364682721700525,0.14481768746178506,1.5395084845430351,0.0,0.0,0.0,0.0,1.0
-0.8300979410970113,-0.09582659576267816,0.9247197831759731,-0.20653839846104213,0.556374825592034,1.0988169670942949,-0.8857848748649507,0.9084060034327873,0.9192065079802233,-0.6939526024516773,-0.5541864681639271,1.7858265406383655,-1.266418095856426,0.1467313877170287,0.753226060655433,-1.062132640991383,1.7353504753531535,-1.3558854331785088,-0.7347763715818949,-0.4545042726906662,0.0,0.0,0.0,1.0,0.0
-0.8300979410970113,-0.09582659576267816,-1.4117999554451786,0.7387865834840187,0.26001788521758223,2.119659745381709,2.7887403528308097,0.5242464688177053,-1.2495862336863601,0.896350201915598,0.6896207377832941,-0.1804301278889554,0.06863560903202695,-1.2971723535211979,-0.585288701036714,0.17818819977240308,-0.686376865263522,-0.0847571432932111,0.2485900202703091,-0.4545042726906662,0.0,1.0,0.0,0.0,0.0
-0.8300979410970113,-0.09582659576267816,-2.1417121882316854,-0.9245347831413334,-0.9720971351758327,-0.8904752785619348,-1.184776742901236,-1.1915090995073558,-0.9237244607533432,-1.6965348052049596,0.6896207377832941,0.16152755359405693,1.40368931392048,-1.4284363299974001,-1.281036720036503,0.6292139600501433,-0.17653953039685363,0.7626617166303205,-1.505656558159502,-0.4545042726906662,0.0,0.0,0.0,1.0,0.0
-0.8300979410970113,-0.09582659576267816,1.0397984191309622,-0.7095499431707053,1.162553181034544,-0.5448027212738763,-0.8652171651135155,1.3675508095941424,1.765009137325687,-1.039670603401085,-0.13958406618152008,-0.8643454908549801,0.06863560903202695,2.246955011336267,-0.04801586120764809,-1.3440237411649707,0.7794054724781498,-0.8262486457263015,-1.2437549563094175,-1.4515106513075169,0.0,0.0,1.0,0.0,0.0
-0.8300979410970113,-0.09582659576267816,0.5845795727021474,0.49877949615163286,-0.8167271525918535,1.300524976277744,0.4936283768584896,-0.20000324249116966,0.8434471442152542,-1.5582476048251965,-0.5541864681639271,0.9309323369308347,0.06863560903202695,0.40925934066943354,-0.04030384388756846,-1.1247751076966253,0.10670343341796235,1.2334499721433938,-0.3888685955534814,-0.4545042726906662,0.0,0.0,0.0,1.0,0.0
2.153510439751314,-0.09582659576267816,1.1786706271685317,-0.19521209850653704,-0.44083897891061574,-0.5497547555764078,-0.6881601566235643,1.0069472366848569,1.121295817182574,1.4149272033397096,-0.13958406618152008,-0.09494070751820233,2.738743018808933,0.540523317145636,0.5149853448551178,1.697432865971107,-1.652384447116158,-1.2443829516096232,0.46107622554490596,-0.4545042726906662,0.0,0.0,0.0,1.0,0.0
0.6617062493271514,-0.09582659576267816,1.0284739413739423,-0.36733544147600794,1.0750366569928935,-0.024140424841177295,-1.081144640464668,1.8459827627871286,0.7418716915240058,-1.661963005110019,-0.9687888701463342,1.272890018413847,-1.266418095856426,0.8030512700980408,0.9649786451693697,-0.3372698119735866,-0.7834887385714597,-1.0532358403486761,1.4938580139725977,0.5425021059261845,0.0,1.0,0.0,0.0,0.0
1.1419599302953858,-0.09582659576267816,0.7744594786060178,1.3746291567234081,0.3813536946080196,-0.11293086480983991,-0.15193882850879956,-0.2945829510424179,0.6472931227473565,-0.6939526024516773,0.6896207377832941,0.8454429165600816,0.06863560903202695,1.9844270583838624,0.7216574256156988,-0.4231794805979177,0.6731893610475937,0.19771581001463226,0.5697900980109788,-0.4545042726906662,0.0,1.0,0.0,0.0,0.0
1.5343557591439694,-0.09582659576267816,0.5928700051177125,-0.7467843231296256,-0.9720971351758327,-0.723108926588749,-0.8766570987692724,-0.4382590515720541,0.4349738867181438,1.345783603149828,0.6896207377832941,-0.5223878093719677,1.40368931392048,1.196843199526648,-1.2206455814735484,0.2533591598186926,1.0980538067698178,-0.6497030499088993,0.4759008445175522,1.5395084845430351,0.0,1.0,0.0,0.0,0.0
-0.8300979410970113,-0.09582659576267816,-0.9792791276809844,1.8903900431866785,-0.10190745928555701,2.955369179064531,0.22516515830113437,-0.083099853583399,-1.1235940688517523,0.30862960030160497,-1.3833912721287414,1.4438688591553532,-1.266418095856426,-0.9033804240925906,-0.3939579958117719,-0.4983504406442075,-0.17653953039685363,0.7626617166303205,-1.4512996219264656,-0.4545042726906662,0.0,1.0,0.0,0.0,0.0
-0.8300979410970113,-0.09582659576267816,-2.03659997408497,0.5332369905049001,1.1130748763121154,0.48213407360840843,-0.37902651910182267,-1.1915090995073558,-0.5486914829308339,0.6543476012510127,0.275018335800887,-0.6933666501134739,0.06863560903202695,-1.4284363299974001,1.7327563814962361,0.6292139600501433,-0.17653953039685363,0.7626617166303205,1.00464558787527,-0.4545042726906662,1.0,0.0,0.0,0.0,0.0
-0.8300979410970113,-0.09582659576267816,1.308567843260497,0.19808890946929,-0.24281384236209527,-0.7149123503003573,-1.0817176543747204,1.3911067712999385,1.140452802797028,-0.5210936019769735,-0.13958406618152008,-0.2659195482597085,-1.266418095856426,0.540523317145636,1.9594602950436975,-1.1511508831514636,1.03096994691894,-1.2443829516096232,1.567981108835829,0.5425021059261845,0.0,1.0,0.0,0.0,0.0
-2.321902131521174,-0.09582659576267816,1.4148638318924547,-0.011062552786793866,-0.09531259755719204,-0.030367716459541987,-0.9366096596367628,1.7272354232929101,1.1681508122244753,-0.3136628014073289,-0.5541864681639271,-0.6078772297427208,-1.266418095856426,0.9343152465742431,0.8473096984293514,-1.6259148413385582,-0.4082837735180672,-0.0077190651183445536,1.3406702845885858,-0.4545042726906662,0.0,0.0,1.0,0.0,0.0
-0.8300979410970113,10.435516278555651,-1.828366436742988,-0.9245347831413334,-0.9720971351758327,1.9646651149090057,3.2237044515824933,-1.1915090995073558,-1.2203923387323432,-1.2816732040656704,-0.9687888701463342,-0.6078772297427208,-1.266418095856426,-1.4284363299974001,0.23849627979289728,0.6292139600501433,-2.7257262047301962,2.8812088664391498,-0.27521318342985984,-1.4515106513075169,0.0,0.0,0.0,1.0,0.0
0.042551568719807045,-0.09582659576267816,0.6240758484191763,-0.9245347831413334,-0.9720971351758327,-0.8904752785619348,-0.4116214595810754,-0.7537277572037735,0.21372759190133914,-1.3853886043504928,1.1042231397657012,0.3325063943355631,-1.266418095856426,0.8030512700980408,-1.2682176633280535,-0.7668181550952438,2.129867460666646,-0.24617025946912274,0.9354640326695872,-0.4545042726906662,0.0,0.0,0.0,1.0,0.0
1.1419599302953858,-0.09582659576267816,-0.3503589776752548,-0.4533525656937412,-0.36667220702727393,-0.3375461507178793,-0.11859125480177815,-0.4382590515720541,-1.0546868258859077,1.3112118030548872,1.1042231397657012,-1.3772820130794987,0.06863560903202695,-0.37832451818778096,1.3309173012918711,1.3809235605130437,-0.17653953039685363,-0.6497030499088993,1.5580980295207314,-0.4545042726906662,0.0,0.0,1.0,0.0,0.0
-0.8300979410970113,-0.09582659576267816,-1.9042089357148482,0.268007124342744,0.7441603174739571,-0.8904752785619348,1.2413855333767627,-1.1915090995073558,-1.2214539349124893,-1.5236758047302559,0.6896207377832941,-0.009451287147449236,0.06863560903202695,-1.4284363299974001,0.5208419385449816,0.6292139600501433,-0.17653953039685363,0.7626617166303205,0.08551921157119989,-0.4545042726906662,0.0,1.0,0.0,0.0,0.0
0.6617062493271514,-0.09582659576267816,-0.8481046456843575,0.2826486710246696,0.26500209827801174,-0.8904752785619348,1.5934573442191053,-1.1915090995073558,-1.3539121855716232,1.3112118030548872,0.6896207377832941,-0.35140896863046156,0.06863560903202695,-0.7721164476163882,-0.06457855390554322,1.3809235605130437,0.6731893610475937,-0.6497030499088993,0.03610381499571226,-1.4515106513075169,0.0,1.0,0.0,0.0,0.0
-0.8300979410970113,-0.09582659576267816,0.09504708050413498,0.09990983822376968,0.5080572477607964,0.3485230324904506,1.498178571379408,2.334581745694014,-0.6271530915179929,0.2394860001117234,-0.9687888701463342,0.5034852350770693,-1.266418095856426,-0.5095884946639834,-0.8951481764796232,-0.8058680044699397,-0.8717722597604928,-1.1632902377413428,0.29800541684579673,0.5425021059261845,0.0,0.0,0.0,1.0,0.0
-0.8300979410970113,-0.09582659576267816,0.7038428455132083,-0.3514339669110732,-0.474984665413872,0.595717997106593,-0.17139476502478704,1.7735931613132572,1.4352870146466847,-1.0742424034960258,-1.7979936741111484,-1.5482608538210048,-1.266418095856426,1.5906351289552552,2.4113239508474984,-1.2918216855772695,-1.5927543494709329,0.605732298125962,-1.1350410838433447,-0.4545042726906662,1.0,0.0,0.0,0.0,0.0
0.042551568719807045,-0.09582659576267816,-1.0792450557662656,1.7021501659478544,1.4220195956444834,0.3873934565269133,-0.6173791866827709,-1.1915090995073558,-1.0701282248698505,1.5877862038144135,0.6896207377832941,0.7599534961893285,1.40368931392048,-1.034644400568793,0.012619752791229637,0.9513752173913862,-1.269048105111144,1.3679609022899857,-0.1566162316486895,-0.4545042726906662,0.0,1.0,0.0,0.0,0.0
1.5343557591439694,-0.09582659576267816,-0.41043753185872833,-0.9245347831413334,-0.9720971351758327,-0.8904752785619348,-0.8305873641422228,-0.49410848426511644,-0.7469204423871989,-0.03708840064780275,0.6896207377832941,-0.09494070751820233,1.40368931392048,-0.2470605417115785,-1.1586472713300007,1.8435140838748285,-0.3726308130378807,-0.8669899370687788,-0.02813620055242167,0.5425021059261845,0.0,1.0,0.0,0.0,0.0
1.1419599302953858,-0.09582659576267816,0.20168441196404993,-0.609793395599869,-0.9720971351758327,-0.7417054003761763,-0.23386211396397288,-0.6536140280356327,-0.05929564388349851,-1.5928194049201374,0.6896207377832941,1.016421757301588,0.06863560903202695,0.2779953641932311,-1.2114852967661947,0.49655932467433705,0.8731255707992283,-0.4835424891395794,-1.589662732337831,-0.4545042726906662,0.0,0.0,1.0,0.0,0.0
-0.8300979410970113,-0.09582659576267816,1.0873065977752598,-0.07894971013725281,0.1564385889329336,0.8304075418642225,-0.08789004864261013,1.3911067712999385,1.349973285260401,0.7234912014408942,-1.3833912721287414,-0.35140896863046156,-1.266418095856426,0.540523317145636,1.3609339556986948,-1.1511508831514636,-0.0423718106950989,-0.35236309905853724,-1.5105980978170508,-0.4545042726906662,0.0,1.0,0.0,0.0,0.0
-0.8300979410970113,-0.09582659576267816,-0.24056832550864218,-0.032501577538791154,-0.6747123900634862,-0.8904752785619348,-0.7993765611631521,0.5242464688177053,0.12358842533257337,1.034637402295361,-1.3833912721287414,0.16152755359405693,0.06863560903202695,-0.6408524711401857,-0.38557494944882387,-0.7238633207830776,-0.686376865263522,0.7626617166303205,-0.962087195829138,-0.4545042726906662,0.0,0.0,0.0,1.0,0.0
-0.8300979410970113,-0.09582659576267816,-1.4519220959757373,0.268007124342744,-0.9720971351758327,-0.32053030178984465,0.09583726638573888,-1.1915090995073558,-0.4450410922511182,0.6889194013459534,0.6896207377832941,-0.2659195482597085,0.06863560903202695,-1.2971723535211979,0.5208419385449816,0.17818819977240308,-0.686376865263522,1.610080576553852,-1.2635211149396126,0.5425021059261845,0.0,0.0,1.0,0.0,0.0
0.6617062493271514,-0.09582659576267816,-1.255757540362953,-0.03024819337239978,-0.9720971351758327,-0.8904752785619348,-1.184776742901236,-0.2945829510424179,-1.3506791426593603,1.207496402770065,-0.13958406618152008,-0.09494070751820233,0.06863560903202695,-0.6408524711401857,0.6272140239353016,1.0802397203278835,0.3332978044698148,-0.9321760032167431,-1.569896573707636,1.5395084845430351,0.0,1.0,0.0,0.0,0.0
-0.8300979410970113,-0.09582659576267816,-1.2254467873271546,0.3449971132660755,2.472405715464735,1.06098587923955,0.7975421753044954,-1.1915090995073558,-1.0384733569527678,-0.6593808023567366,0.275018335800887,-1.2063031723379924,0.06863560903202695,-1.1659083770449954,-0.032555552609104164,-0.12249564041275783,0.6731893610475937,0.7626617166303205,-1.5600134943925383,-0.4545042726906662,0.0,1.0,0.0,0.0,0.0
1.5343557591439694,-0.09582659576267816,0.5337259688123597,-0.9245347831413334,-0.9720971351758327,-0.8904752785619348,0.08386956849742883,0.3805703682880689,-0.17858045103445622,0.7926348016307757,0.275018335800887,0.7599534961893285,0.06863560903202695,0.9343152465742431,-1.671390394062787,0.424202250832988,0.5186931989667852,-1.1632902377413428,1.1380671586290865,-0.4545042726906662,0.0,0.0,0.0,0.0,1.0
0.042551568719807045,-0.09582659576267816,-1.0002616960293953,-0.30976859198943796,-0.9720971351758327,-0.598788143864118,-0.844978699709626,-1.1915090995073558,0.009466835966871524,-0.41737820169215123,0.6896207377832941,-0.2659195482597085,1.40368931392048,-1.034644400568793,-1.116762882217108,0.9513752173913862,0.18762999450790946,0.15736253097065425,0.44625160657225965,-0.4545042726906662,1.0,0.0,0.0,0.0,0.0
-0.8300979410970113,-0.09582659576267816,0.8596663937450648,-0.40841653532093425,0.10456280327491124,-0.8904752785619348,1.048467720130726,1.1315927912188095,1.2970864937403972,-0.17537560102756583,-1.3833912721287414,1.5293582795261063,-1.266418095856426,1.3281071760028504,1.696300613570531,-1.265094233116366,-0.686376865263522,0.5931779446456139,-0.710068673294151,-1.4515106513075169,0.0,1.0,0.0,0.0,0.0
0.042551568719807045,-0.09582659576267816,0.2678368279206607,1.167184964804266,1.1721879259033592,1.6785087870771902,-0.8969159417229188,-0.083099853583399,-0.07078018437780594,-0.590237202166855,-0.13958406618152008,-1.2063031723379924,-1.266418095856426,0.1467313877170287,-0.19562738673713723,-0.4983504406442075,0.46075713818648206,0.2330249291781131,0.10034383054384619,1.5395084845430351,0.0,1.0,0.0,0.0,0.0
0.042551568719807045,-0.09582659576267816,-0.9105424530651017,-0.6532074875081462,-0.572857181957986,-0.6349988108336061,0.2292457184667936,-1.1915090995073558,-0.1830681076141646,-1.6965348052049596,1.1042231397657012,0.7599534961893285,0.06863560903202695,-1.034644400568793,-1.4555776727196097,0.9513752173913862,0.18762999450790946,0.15736253097065425,-0.06272697815526301,-1.4515106513075169,0.0,0.0,1.0,0.0,0.0
0.042551568719807045,-0.09582659576267816,-1.0913140374954629,-0.5700942558710903,-0.45163656868968755,-0.8904752785619348,-0.23873228310868386,-1.1915090995073558,-0.8233553673577154,-0.2099474011225066,0.275018335800887,0.8454429165600816,0.06863560903202695,-1.034644400568793,-1.1331902659990483,0.9513752173913862,0.18762999450790946,0.15736253097065425,-1.298111892542454,1.5395084845430351,0.0,0.0,1.0,0.0,0.0
0.042551568719807045,-0.09582659576267816,0.9811960237628333,1.775631450719168,1.1686448689028608,1.0910652272627956,-0.19850326848191163,0.40734307990993374,1.6443249533918096,0.34320140039654573,-0.13958406618152008,-0.8643454908549801,0.06863560903202695,1.5906351289552552,-0.7473224034941075,-0.9577285298159808,0.6731893610475937,-0.02198537589146839,0.4017777496543208,-0.4545042726906662,0.0,0.0,0.0,1.0,0.0
-0.8300979410970113,-0.09582659576267816,0.952023435525891,0.4490038740355802,0.03322191785514721,-0.24052261688286702,-0.42558446025108465,0.42570523556563544,0.6866204357845858,0.6543476012510127,-0.5541864681639271,2.0422948017506246,-1.266418095856426,0.1467313877170287,-0.016421514966127742,-1.062132640991383,1.0980538067698178,-0.2966118582740942,0.26835617890050417,1.5395084845430351,0.0,1.0,0.0,0.0,0.0
-0.8300979410970113,-0.09582659576267816,0.9378875238525273,0.3931292358117485,-0.3226426397204929,-0.4566126422537355,-0.8145252033383863,2.9327335370385015,1.716803019872691,-0.48652180188203276,-1.7979936741111484,0.8454429165600816,-1.266418095856426,0.6717872936218383,3.094382724198667,-1.1748890810608181,-1.1962142001301908,-1.3558854331785088,-1.4908319391868556,-0.4545042726906662,0.0,1.0,0.0,0.0,0.0
-0.8300979410970113,-0.09582659576267816,-1.5169121695918946,1.0118717244496636,3.344894799082696,-0.8904752785619348,1.7539960685716975,-1.1915090995073558,-1.3039689107329333,1.5532144037194726,-0.13958406618152008,-0.8643454908549801,0.06863560903202695,-1.2971723535211979,-0.3378783063492892,0.17818819977240308,-0.686376865263522,1.610080576553852,-0.75454253021209,-2.4485170299243677,0.0,0.0,0.0,1.0,0.0
1.1419599302953858,-0.09582659576267816,-0.26549620669454477,-0.8196229768130471,-0.8170813461707923,-0.7916923763802687,-0.7852117433651863,-0.49410848426511644,-0.12164029228116735,-1.177957803780848,0.6896207377832941,0.4179958147063162,1.40368931392048,-0.2470605417115785,-0.6287729522242007,1.1496282988321516,0.41173431752622563,-0.8669899370687788,-0.37404397658083516,-0.4545042726906662,0.0,1.0,0.0,0.0,0.0
1.1419599302953858,-0.09582659576267816,0.8105787321303957,1.2428861052168563,0.18191041965892907,1.0039080212630471,-0.43464123081539663,0.1551559554974849,0.038419459061764166,0.2394860001117234,0.275018335800887,-0.009451287147449236,1.40368931392048,1.4593711524790527,0.40132595200508825,-0.23814327125320392,-0.3726308130378807,0.43673138589050026,0.7822763032855756,-0.4545042726906662,0.0,1.0,0.0,0.0,0.0
0.042551568719807045,-0.09582659576267816,-0.4378994847703485,-0.521703291592501,-0.5755734363679558,-0.38645097314298776,0.6718453714889769,-0.20000324249116966,-0.6301931169429567,-1.1088142035909665,0.6896207377832941,-0.778856070484227,0.06863560903202695,-0.7721164476163882,-0.2817986168868066,0.37864409322917636,0.6731893610475937,-0.6497030499088993,1.00464558787527,-0.4545042726906662,0.0,0.0,1.0,0.0,0.0
-0.8300979410970113,-0.09582659576267816,0.7641217463020513,3.1193812453053393,-0.4501328953237075,-0.4171876158098084,-0.6482088294480801,1.173510908580307,1.8067009145823325,-1.0742424034960258,-1.3833912721287414,0.7599534961893285,-1.266418095856426,-0.11579656523537611,-1.0062162525315868,-0.9815923266560724,0.9159690443174356,-1.0532358403486761,1.063944063765855,0.5425021059261845,0.0,1.0,0.0,0.0,0.0
-0.8300979410970113,-0.09582659576267816,0.8533688456493683,1.281530437754344,-0.6302752647874548,-0.23327378634862522,-0.33264073038168374,0.9084060034327873,1.2392295019224366,-0.10623200083768429,-0.9687888701463342,-0.8643454908549801,0.06863560903202695,1.196843199526648,0.4301067082710921,-1.2500600411071086,-0.17653953039685363,0.4095705249955154,-0.5667640232252369,-0.4545042726906662,0.0,0.0,0.0,1.0,0.0
-0.8300979410970113,-0.09582659576267816,1.282847349789082,-0.7416482647759365,-0.7891075749574062,-0.3785980718616887,-0.6827830731893099,0.7970366351419088,0.7966404035451777,-0.3136628014073289,1.5188255417481082,-1.890218535304017,-1.266418095856426,0.2779953641932311,-0.6307560252179164,-1.0952962998353346,1.4729342000541326,-0.9820241714475394,1.1973656345196717,1.5395084845430351,0.0,0.0,1.0,0.0,0.0
0.6617062493271514,-0.09582659576267816,0.535968996053594,-0.9245347831413334,-0.9720971351758327,-0.8904752785619348,-0.16151563425674378,-0.7323642933460006,0.2736595217077669,-0.7630962026415589,0.275018335800887,0.5034852350770693,0.06863560903202695,0.6717872936218383,-1.7394093612545998,-0.2728375605053374,1.3529724742031521,-0.0847571432932111,-1.7280258427491964,0.5425021059261845,0.0,0.0,0.0,1.0,0.0
-0.8300979410970113,-0.09582659576267816,0.6604769447007517,0.2267516568100071,-0.4044376356954449,-0.3898569588560549,-0.8619482321885927,1.1315927912188095,1.660924457299548,1.5877862038144135,-0.9687888701463342,-1.890218535304017,-1.266418095856426,1.3281071760028504,-0.6278794402134994,-1.265094233116366,-0.2785069973701874,0.25421040067620143,0.9354640326695872,-0.4545042726906662,0.0,0.0,1.0,0.0,0.0
1.5343557591439694,-0.09582659576267816,0.46896053023907364,-0.9245347831413334,-0.9720971351758327,-0.8904752785619348,0.15051229075299705,0.44926119727143127,-0.3687991847679009,-1.039670603401085,0.6896207377832941,-0.9498349112257332,0.06863560903202695,0.8030512700980408,-0.5297298755630468,0.5218268742697281,0.18762999450790946,-1.0532358403486761,1.0392363654781114,1.5395084845430351,0.0,1.0,0.0,0.0,0.0
0.042551568719807045,-0.09582659576267816,-0.6006467686873634,-0.7527352888561486,-0.9720971351758327,-0.7287122393694867,1.1263299366096091,-0.083099853583399,-0.040138658269044544,-0.7630962026415589,0.275018335800887,0.5889746554478223,1.40368931392048,-0.9033804240925906,-0.5223509690548256,0.6292139600501433,-0.17653953039685363,-0.2966118582740942,-0.30486242137515246,-0.4545042726906662,0.0,0.0,1.0,0.0,0.0
-2.321902131521174,-0.09582659576267816,1.2459175992239027,0.1738169044217182,0.2513348073504584,-0.02981987235528374,-0.978624327274531,1.9748971319952469,1.8890711272873022,-0.8322398028314404,-1.7979936741111484,-0.09494070751820233,-1.266418095856426,0.015467411240826293,1.8096745348996244,-1.6259148413385582,-0.0065937521079647175,-0.6497030499088993,-0.9769118148017844,-0.4545042726906662,0.0,1.0,0.0,0.0,0.0
1.5343557591439694,-0.09582659576267816,0.500344602662971,1.9267209634696945,1.8436417648377705,2.1517320482102904,0.86953639430029,-0.7323642933460006,-0.7270396411953726,0.8617784018206572,1.5188255417481082,-0.778856070484227,0.06863560903202695,0.6717872936218383,-0.6955442634063729,0.6292139600501433,1.8628098090698206,-1.3558854331785088,0.6982701291072466,-1.4515106513075169,0.0,1.0,0.0,0.0,0.0
0.042551568719807045,-0.09582659576267816,-0.8312672552469645,0.25371659188786033,-0.9720971351758327,1.06098587923955,2.2409899656849035,0.06510166265634933,-1.0067702346638603,1.2420682028650056,-0.13958406618152008,0.16152755359405693,1.40368931392048,-1.034644400568793,0.48947019868363834,0.9513752173913862,-1.269048105111144,0.15736253097065425,-0.003428502264677851,-1.4515106513075169,0.0,0.0,0.0,1.0,0.0
0.042551568719807045,-0.09582659576267816,-1.431565967420095,2.3615722606342713,3.219818093427352,1.722547284799404,-0.23873228310868386,-1.1915090995073558,-1.4330976097361545,-0.41737820169215123,0.275018335800887,-0.009451287147449236,0.06863560903202695,-1.034644400568793,-0.29539369312013536,0.9513752173913862,0.18762999450790946,0.15736253097065425,-0.6260624991158221,-0.4545042726906662,0.0,0.0,0.0,1.0,0.0
1.1419599302953858,-0.09582659576267816,0.5918391966576557,0.45644736640842487,-0.1355428995070187,1.0272793180618054,-0.4214702389760579,-0.37267967964723286,0.2177327047627993,0.5506322009661904,-0.5541864681639271,1.3583794387846002,0.06863560903202695,0.9343152465742431,-0.3816374579753174,0.014178832398679007,0.05520471272435914,0.37747132575598724,0.10034383054384619,0.5425021059261845,0.0,0.0,0.0,1.0,0.0
0.6617062493271514,-0.09582659576267816,-0.8396339818910253,-0.20037017123228007,-0.9720971351758327,0.013203957107521893,0.09583726638573888,-0.20000324249116966,-0.9197193478918831,-1.2471014039707298,-0.13958406618152008,0.16152755359405693,0.06863560903202695,-0.7721164476163882,0.9274196871479831,1.3809235605130437,-0.4597824942116696,-0.6497030499088993,-1.130099544185796,0.5425021059261845,0.0,0.0,1.0,0.0,0.0
0.042551568719807045,-0.09582659576267816,-1.494553456141747,-0.9245347831413334,0.41670054261350437,1.4277651964214852,1.09544169869388,-1.1915090995073558,-1.5492941370903237,0.4814886007763088,0.6896207377832941,-1.3772820130794987,1.40368931392048,-1.1659083770449954,-0.12290616340977109,1.3809235605130437,-1.0262684218413018,0.7626617166303205,-0.27521318342985984,0.5425021059261845,0.0,1.0,0.0,0.0,0.0
-0.8300979410970113,-0.09582659576267816,-1.255757540362953,-0.9245347831413334,1.2255954874894561,0.3586552812417458,-0.6904801507503182,-1.1915090995073558,-0.9952374397977282,1.172924602675124,0.6896207377832941,-0.6078772297427208,0.06863560903202695,-1.2971723535211979,0.6272140239353016,0.17818819977240308,-0.686376865263522,1.610080576553852,0.39189467033922326,-0.4545042726906662,1.0,0.0,0.0,0.0,0.0
-2.321902131521174,-0.09582659576267816,0.9610871002058998,-0.4620713756241944,-0.4178909613421217,0.24871036410137587,0.31604774532977997,1.250647420686372,2.429761363584422,0.6889194013459534,-1.3833912721287414,-1.2063031723379924,-1.266418095856426,1.5906351289552552,-1.289503697580498,-1.6259148413385582,-0.4597824942116696,0.605732298125962,0.5944977962987226,-0.4545042726906662,0.0,0.0,1.0,0.0,0.0
0.042551568719807045,-0.09582659576267816,0.47877191773383404,0.20373318796739515,0.034959601565999934,0.014781686164692852,1.7319643438420202,0.9084060034327873,0.9588716016202262,1.3112118030548872,-1.7979936741111484,0.3325063943355631,-1.266418095856426,0.1467313877170287,-0.21648935420330628,-0.4983504406442075,-0.8138361989801893,0.2330249291781131,0.7032116687647954,-1.4515106513075169,0.0,0.0,0.0,1.0,0.0
-0.8300979410970113,-0.09582659576267816,1.3203647450935567,0.39097512498697595,0.2831413276523496,-0.8904752785619348,-0.0273615429419665,1.8053321518977248,1.3506488464659485,-0.41737820169215123,-1.7979936741111484,-1.2917925927087455,-1.266418095856426,0.1467313877170287,2.0011084296561434,-1.062132640991383,-0.8138361989801893,-0.2966118582740942,0.396836209996772,-0.4545042726906662,0.0,0.0,1.0,0.0,0.0
0.042551568719807045,-0.09582659576267816,-0.7602561300017173,-0.9245347831413334,-0.9720971351758327,-0.8904752785619348,-0.7119782347365867,-1.1915090995073558,0.13179166854279295,0.06662699963701955,0.275018335800887,1.3583794387846002,1.40368931392048,-0.9033804240925906,-0.5746592174131067,0.6292139600501433,-0.17653953039685363,0.7626617166303205,-1.6440196685708675,0.5425021059261845,0.0,1.0,0.0,0.0,0.0
1.1419599302953858,-0.09582659576267816,0.5928700051177125,-0.3670814845204492,-0.6235879249170537,-0.5572413978914358,-0.9891615276156563,-0.0377474680331959,1.2429933429247728,0.7926348016307757,-0.5541864681639271,1.101911177672341,1.40368931392048,1.0655792230504455,-0.667060144646466,-0.057129588198592526,-0.06570532716496924,0.20999724276714699,-1.5007150185019533,1.5395084845430351,0.0,0.0,0.0,1.0,0.0
1.5343557591439694,-0.09582659576267816,0.35054292483769306,1.3970856183137204,0.9421294605963582,2.366037228465619,0.09844618119940206,0.6064356531459979,0.5491919848274953,-1.350816804255552,-0.13958406618152008,1.4438688591553532,0.06863560903202695,0.540523317145636,-0.7381879687110741,0.7479049495969169,-0.0423718106950989,-1.2443829516096232,-0.4036932145261277,-0.4545042726906662,0.0,1.0,0.0,0.0,0.0
-0.8300979410970113,-0.09582659576267816,0.6557969011644704,1.7597219708387184,-0.5170146968453385,0.12841573957966315,0.6084478015806742,-0.24966352547884904,1.0534501703968755,-1.350816804255552,-0.5541864681639271,-0.009451287147449236,-1.266418095856426,0.540523317145636,0.09954327145807762,-1.1511508831514636,1.03096994691894,0.5396567534925483,-1.0609179889801132,-0.4545042726906662,0.0,1.0,0.0,0.0,0.0
1.5343557591439694,-0.09582659576267816,0.006128949439080812,-0.9245347831413334,-0.8162523689701654,-0.8904752785619348,-0.3234970192682439,-0.6209949250551222,-0.4857195276994424,0.06662699963701955,1.1042231397657012,0.4179958147063162,1.40368931392048,0.1467313877170287,-1.0584721655715166,1.1929961603973187,0.46075713818648206,-0.8262486457263015,-0.17144085062133582,1.5395084845430351,0.0,1.0,0.0,0.0,0.0
-0.8300979410970113,-0.09582659576267816,1.1428446774814165,-0.7395818834452911,-0.6031825763376744,-0.3485769117225382,-1.184776742901236,0.6596531472090433,0.5483716605064733,-0.9705270032112036,-0.9687888701463342,0.16152755359405693,-1.266418095856426,1.0655792230504455,1.2169897368446552,-1.233718528053567,-0.9523789530200455,1.315326190493493,0.5697900980109788,1.5395084845430351,0.0,0.0,0.0,1.0,0.0
0.042551568719807045,-0.09582659576267816,-1.5169121695918946,-0.2576601719577463,3.344894799082696,2.592581188318787,1.7539960685716975,-1.1915090995073558,-2.0300041892091913,-0.6248090022617958,1.1042231397657012,-0.6078772297427208,0.06863560903202695,-1.1659083770449954,-1.1790736482865343,1.3809235605130437,-1.0262684218413018,0.7626617166303205,1.6618703623292554,-2.4485170299243677,1.0,0.0,0.0,0.0,0.0
0.6617062493271514,-0.09582659576267816,-0.6498125386841919,-0.7398299795141445,-0.6997275837438378,-0.8904752785619348,0.34372194466530237,0.6969229059737683,-0.8615728298429738,0.41234500058642726,1.1042231397657012,0.8454429165600816,2.738743018808933,-0.7721164476163882,0.5879656234558539,1.3809235605130437,-0.4597824942116696,-1.5912795609350454,0.016337656365517202,1.5395084845430351,0.0,1.0,0.0,0.0,0.0
0.042551568719807045,-0.09582659576267816,-1.3380113124431865,-0.41357314453571997,0.1351198627598494,-0.4093638066364609,-0.09660408364087965,-1.1915090995073558,-0.709137269248364,0.8617784018206572,0.6896207377832941,0.3325063943355631,1.40368931392048,-1.034644400568793,0.5475904746372842,0.9513752173913862,0.18762999450790946,0.15736253097065425,-0.08743467644300683,1.5395084845430351,1.0,0.0,0.0,0.0,0.0
-0.8300979410970113,-0.09582659576267816,1.3728691660427,-0.3551351518725022,-0.6117791895779062,-0.35433973723020257,-1.0805818637087041,0.3805703682880689,1.9901157818884774,-0.10623200083768429,-1.3833912721287414,-1.9757079556747703,-1.266418095856426,0.9343152465742431,1.5854903401889746,-1.2158914229042492,-0.4082837735180672,1.1478521075046526,1.3060795069857445,0.5425021059261845,0.0,0.0,1.0,0.0,0.0
0.042551568719807045,-0.09582659576267816,0.910000082236072,-0.9245347831413334,-0.7933053614874721,-0.5419842783025857,-0.6803888827639802,1.2348179774454915,0.6508156918905684,-1.5582476048251965,0.6896207377832941,-0.6078772297427208,0.06863560903202695,0.2779953641932311,-0.22870132306525323,-0.5646777583321106,-0.926300316965484,0.014939193168380513,-0.6260624991158221,0.5425021059261845,0.0,0.0,0.0,1.0,0.0
-0.8300979410970113,-0.09582659576267816,1.0967188167139295,-0.5308220851175375,-0.5981860398091993,-0.36313004187282044,-0.2380781119082357,1.308917586971645,1.6644952808145848,0.8272066017257165,-1.3833912721287414,0.5889746554478223,-1.266418095856426,1.0655792230504455,2.418327081167835,-1.233718528053567,-0.5090421400925079,0.20999724276714699,0.4067192893118695,-0.4545042726906662,0.0,1.0,0.0,0.0,0.0
0.6617062493271514,-0.09582659576267816,0.7807441283149316,-0.5664649725707308,-0.26992441431750325,-0.2016998479858335,-0.7804512467528193,0.5242464688177053,0.8075458915775873,-0.07166020074274353,0.275018335800887,-0.4368983890012147,0.06863560903202695,1.3281071760028504,-0.787932301002281,-0.5434530166719816,0.5372327384164823,-0.4237246872626241,-0.24062240582701852,1.5395084845430351,0.0,0.0,1.0,0.0,0.0
0.6617062493271514,-0.09582659576267816,0.08209960923576544,1.1101380745673561,2.091384937847247,0.03580524149281281,2.2522862289698997,0.25914156367018515,-0.4696990762536018,-1.2471014039707298,0.6896207377832941,-1.6337502741917578,0.06863560903202695,-0.37832451818778096,-0.9516992663312743,0.6292139600501433,0.6731893610475937,-1.3558854331785088,0.5599070186958812,-0.4545042726906662,0.0,0.0,0.0,1.0,0.0
0.6617062493271514,-0.09582659576267816,0.7854198929207175,-0.5688926972121604,-0.44988772726414883,-0.0442091331339571,-0.5936606138731473,0.5242464688177053,0.3953087930781409,-0.451950001787092,1.1042231397657012,-0.6078772297427208,1.40368931392048,0.015467411240826293,-0.7129152261867608,0.17818819977240308,-0.686376865263522,-0.0847571432932111,1.3110210466432932,-0.4545042726906662,0.0,1.0,0.0,0.0,0.0
-0.8300979410970113,-0.09582659576267816,-0.9489683746451855,-0.6373630105669245,2.784820216154158,1.8866786828283335,1.1127135886386508,-1.1915090995073558,-1.3347069455853444,-0.07166020074274353,0.275018335800887,-0.5223878093719677,0.06863560903202695,-1.1659083770449954,0.13220144355681837,-0.12249564041275783,0.6731893610475937,0.7626617166303205,1.2616056500678057,-0.4545042726906662,0.0,1.0,0.0,0.0,0.0
-0.8300979410970113,10.435516278555651,-1.6980897556219077,-0.05012784848428792,-0.9720971351758327,-0.06715083380963333,0.6315442572840614,-1.1915090995073558,-0.6306756606612048,-0.0025166005528619827,1.1042231397657012,-1.0353243315964862,0.06863560903202695,-1.4284363299974001,1.6758923607125993,0.6292139600501433,-0.17653953039685363,0.7626617166303205,-0.24062240582701852,-0.4545042726906662,0.0,0.0,0.0,1.0,0.0
2.153510439751314,-0.09582659576267816,-0.18357224340742556,-0.6468231062054711,-0.16610293665428114,-0.8029018281580401,0.3504777677541363,-0.6209949250551222,-0.7686349097083683,1.5532144037194726,1.1042231397657012,-0.35140896863046156,2.738743018808933,0.1467313877170287,1.4481667798492213,2.3205605610916695,-0.17653953039685363,-1.3558854331785088,1.5926888071235727,-1.4515106513075169,0.0,1.0,0.0,0.0,0.0
-0.8300979410970113,-0.09582659576267816,-0.5276187277346421,1.4095679193985151,0.34350381375286926,1.818247354353618,-0.5205915000228531,-0.083099853583399,-0.09707881702233341,0.5506322009661904,-0.9687888701463342,0.24701697396481,-1.266418095856426,-0.9033804240925906,-0.16345722495022766,-0.4983504406442075,-0.17653953039685363,0.7626617166303205,-1.7082596841190014,0.5425021059261845,0.0,1.0,0.0,0.0,0.0
-0.8300979410970113,-0.09582659576267816,0.344639167902143,-0.04453872582728083,0.21619425296656,-0.3731854733466959,-0.8811168737168337,0.9084060034327873,0.3733530538978473,0.34320140039654573,-0.9687888701463342,1.3583794387846002,1.40368931392048,0.1467313877170287,-0.6384361191547535,-1.062132640991383,-0.17653953039685363,0.2330249291781131,-1.421650383981173,0.5425021059261845,0.0,1.0,0.0,0.0,0.0
1.1419599302953858,-0.09582659576267816,0.3461199060876551,-0.21067717542879313,-0.2611587355570234,-0.37429449122625236,-0.8817678902666168,-0.7088083316402043,0.6818432529739284,1.6223580039093541,0.275018335800887,-0.009451287147449236,0.06863560903202695,0.540523317145636,-1.1717589061827316,0.2731409914098211,1.5676408257259589,-0.7983730253340803,-1.1844564804188324,-0.4545042726906662,0.0,1.0,0.0,0.0,0.0
1.1419599302953858,-0.09582659576267816,0.29865232984698337,-0.028210389883681863,-0.7028729086724254,-0.04651378403623108,0.9068159838823397,-0.6536140280356327,-0.25443632354307494,-0.7285244025466181,0.6896207377832941,-0.2659195482597085,0.06863560903202695,0.2779953641932311,-0.9398525953346837,0.49655932467433705,1.4729342000541326,-0.9820241714475394,1.0293532861630137,-1.4515106513075169,0.0,0.0,0.0,1.0,0.0
0.042551568719807045,-0.09582659576267816,0.888977078647843,-0.9245347831413334,-0.9720971351758327,-0.8904752785619348,-0.4041568073208172,0.463727920778138,0.45326229363975096,0.27405780020666415,-0.13958406618152008,1.4438688591553532,0.06863560903202695,1.4593711524790527,-1.5663036293937869,-0.9320290562958812,0.41173431752622563,0.1108010551506806,1.3554949035612323,1.5395084845430351,0.0,0.0,0.0,1.0,0.0
-0.8300979410970113,-0.09582659576267816,1.0947480648609778,-0.5576347323659958,-0.6176978425722647,-0.7169368895370092,-0.8590381137805472,0.44926119727143127,0.8567653508389048,-1.350816804255552,-0.5541864681639271,1.7003371202676125,-1.266418095856426,0.8030512700980408,-0.43635277915632825,-1.1963664982169009,2.129867460666646,-1.0532358403486761,0.6982701291072466,-0.4545042726906662,0.0,0.0,0.0,1.0,0.0
0.6617062493271514,-0.09582659576267816,0.06890152625062694,-0.5425632268018287,-0.7828562059732947,-0.17801243181283566,-1.0787012436371666,-0.5841627771062523,-0.07961073442174818,-1.5582476048251965,0.6896207377832941,0.9309323369308347,0.06863560903202695,0.015467411240826293,-0.18668306515141886,0.17818819977240308,1.3529724742031521,-0.6497030499088993,0.01139611670796844,-0.4545042726906662,0.0,0.0,1.0,0.0,0.0
-0.8300979410970113,-0.09582659576267816,-1.828366436742988,0.13901704207663407,0.5631474711892528,-0.8904752785619348,-1.184776742901236,-1.1915090995073558,0.4141279980898211,-0.0025166005528619827,-0.5541864681639271,-0.778856070484227,2.738743018808933,-1.4284363299974001,1.1420023877995675,0.6292139600501433,-2.7257262047301962,2.8812088664391498,-0.31474550069025,-0.4545042726906662,0.0,0.0,1.0,0.0,0.0
-0.8300979410970113,-0.09582659576267816,-0.36279481779091494,0.36775121303747416,-0.09930054511095217,2.062405448614674,-0.28356802678400844,-0.20000324249116966,0.1813489084068842,-1.5928194049201374,-1.3833912721287414,-0.6933666501134739,0.06863560903202695,-0.7721164476163882,0.8408336851306769,-0.623635374054691,-1.5927543494709329,2.1750264831695394,-0.48769938870445667,-0.4545042726906662,0.0,0.0,0.0,1.0,0.0
-0.8300979410970113,-0.09582659576267816,1.0164049596447444,-0.749539623662054,0.6927761579943851,0.43047546880992776,-0.6926393899051145,0.6969229059737683,1.3849094504615715,0.5160604008712496,-1.7979936741111484,1.187400598043094,-1.266418095856426,0.40925934066943354,0.5361175038357117,-1.1247751076966253,-1.0262684218413018,1.2334499721433938,-0.2010900885666284,-0.4545042726906662,0.0,0.0,1.0,0.0,0.0
-0.8300979410970113,-0.09582659576267816,-2.03659997408497,-0.9245347831413334,-0.9720971351758327,-0.8904752785619348,2.353427911189748,-1.1915090995073558,-1.0178687401835693,-1.6965348052049596,0.6896207377832941,0.9309323369308347,2.738743018808933,-1.4284363299974001,-0.14375630436377154,0.6292139600501433,-0.17653953039685363,0.7626617166303205,0.04598689431080979,0.5425021059261845,0.0,0.0,1.0,0.0,0.0
0.042551568719807045,-0.09582659576267816,1.2387649497256679,-0.7409076195029649,-0.6093762878066271,-0.7175755375468471,-0.976469918379429,0.6969229059737683,0.9042476527145288,-1.0050988033061443,0.275018335800887,2.0422948017506246,-1.266418095856426,1.5906351289552552,-0.8334242141141964,-0.9577285298159808,1.0508466461340142,-0.6497030499088993,1.2220733328074156,1.5395084845430351,0.0,1.0,0.0,0.0,0.0
1.1419599302953858,-0.09582659576267816,-0.5603552381009167,-0.44277395986794166,-0.15260869892809803,-0.28808884428087445,-0.7445282443207282,-1.1915090995073558,-1.369884382645639,1.4494990034346502,1.1042231397657012,-1.2917925927087455,0.06863560903202695,-0.5095884946639834,1.2726747587922675,1.6542725061359163,0.05520471272435914,-0.39290945599267774,-0.8830225613083578,-0.4545042726906662,0.0,1.0,0.0,0.0,0.0
-0.8300979410970113,-0.09582659576267816,1.0498847950686763,-0.7428160122307543,-0.7928930718435288,-0.7193724427642022,-1.0843358213682839,0.5242464688177053,1.0880485549952723,-1.3853886043504928,-1.3833912721287414,-0.5223878093719677,-1.266418095856426,0.6717872936218383,-0.5109316404214526,-1.1748890810608181,-0.17653953039685363,0.7626617166303205,0.3474208134212844,1.5395084845430351,1.0,0.0,0.0,0.0,0.0
0.6617062493271514,-0.09582659576267816,-0.77540963510039,-0.702262168937671,-0.011000716209729521,-0.2695763487312464,1.8188302048339144,-1.1915090995073558,-0.3925403357057129,1.172924602675124,0.275018335800887,0.24701697396481,2.738743018808933,-0.7721164476163882,0.9366600905253237,1.3809235605130437,-0.4597824942116696,0.29187346111724705,-0.6211209594582733,-0.4545042726906662,0.0,0.0,0.0,1.0,0.0
-0.8300979410970113,-0.09582659576267816,0.2858467015456137,-0.19080246751153734,3.0544800471579334,0.011108854989404672,-0.5089283323366682,1.8999118604489738,0.5276222806218003,-0.7630962026415589,-0.9687888701463342,1.3583794387846002,-1.266418095856426,0.40925934066943354,-0.12741296347346215,-1.1247751076966253,0.6731893610475937,-1.5912795609350454,-0.6458286577460172,-0.4545042726906662,1.0,0.0,0.0,0.0,0.0
-0.8300979410970113,-0.09582659576267816,-0.04440376989585807,-0.5484063627601341,-0.5835048599912122,-0.8904752785619348,-1.101140542540182,0.25914156367018515,0.034510854943953666,0.4814886007763088,-0.5541864681639271,0.8454429165600816,-1.266418095856426,-0.37832451818778096,-0.9842021405018437,-0.8742052408756581,-0.17653953039685363,0.7626617166303205,-0.24062240582701852,-0.4545042726906662,1.0,0.0,0.0,0.0,0.0
-0.8300979410970113,-0.09582659576267816,0.9501961552904449,1.7395369053595455,1.1261141136386876,0.3287119498361962,-0.04020189929004481,1.033051557966739,0.739941516651013,-0.10623200083768429,-1.7979936741111484,-1.6337502741917578,-1.266418095856426,0.015467411240826293,0.20007502631902335,-1.0245471609682386,-0.686376865263522,0.48018876332247656,-0.5667640232252369,-0.4545042726906662,0.0,0.0,1.0,0.0,0.0
0.6617062493271514,-0.09582659576267816,-0.7677907886151725,1.1700929280084666,0.282125834747718,2.347177126378319,1.0192350768038507,-0.20000324249116966,-1.2317321161111763,1.207496402770065,-0.13958406618152008,1.016421757301588,1.40368931392048,-0.7721164476163882,-0.28431905236826616,1.3809235605130437,-0.4597824942116696,-0.6497030499088993,-1.1350410838433447,-0.4545042726906662,0.0,0.0,0.0,1.0,0.0
0.042551568719807045,-0.09582659576267816,-1.3739080038739553,0.6499786806822482,1.9519451489785897,-0.3829983213936922,0.7470889412258439,-1.1915090995073558,-0.876338667621369,0.30862960030160497,0.6896207377832941,0.3325063943355631,1.40368931392048,-1.1659083770449954,0.23849627979289728,1.3809235605130437,-1.0262684218413018,0.7626617166303205,-1.4068257650085267,-0.4545042726906662,0.0,0.0,0.0,1.0,0.0
0.042551568719807045,-0.09582659576267816,-1.0673859800465666,0.409597884164188,1.599110797849315,1.542097351165023,1.505206334815722,-1.1915090995073558,-1.1049678813273713,1.0000656022004204,1.1042231397657012,-1.1208137519672394,0.06863560903202695,-1.034644400568793,-1.1643158352700913,0.9513752173913862,0.18762999450790946,0.15736253097065425,-0.013311581579775378,-0.4545042726906662,0.0,1.0,0.0,0.0,0.0
-0.8300979410970113,-0.09582659576267816,-0.4240302676666365,-0.01548577837635851,-0.7765056516169052,-0.5187888874990083,0.637193855973805,-0.083099853583399,-0.05644863594583407,-1.5582476048251965,0.275018335800887,-0.09494070751820233,1.40368931392048,-0.9033804240925906,-0.701638454214044,-0.4983504406442075,1.0980538067698178,-0.2966118582740942,-1.4068257650085267,-0.4545042726906662,0.0,1.0,0.0,0.0,0.0
0.042551568719807045,-0.09582659576267816,-0.738139174989298,-0.9245347831413334,-0.9720971351758327,-0.8904752785619348,-0.5050146314075532,-0.083099853583399,0.09265737299286306,-1.1088142035909665,-0.13958406618152008,0.8454429165600816,1.40368931392048,-0.9033804240925906,-1.4956525404134542,0.6292139600501433,-0.17653953039685363,-0.2966118582740942,-1.006561052747077,1.5395084845430351,0.0,0.0,0.0,1.0,0.0
-0.8300979410970113,-0.09582659576267816,-0.5716262330023884,-0.9245347831413334,-0.9720971351758327,-0.8904752785619348,2.499642459027383,1.173510908580307,0.022061227013149824,0.9654938021054795,-0.5541864681639271,0.16152755359405693,0.06863560903202695,-1.034644400568793,-1.2002802535454564,-0.3372698119735866,0.18762999450790946,-1.0532358403486761,-1.3228195908301978,-0.4545042726906662,0.0,0.0,1.0,0.0,0.0
-0.8300979410970113,-0.09582659576267816,1.2884411438048247,-0.1777810617707322,-0.4342329563443093,-0.1873465994014633,-1.0318040013050032,1.173510908580307,1.390217431362302,0.2394860001117234,-0.13958406618152008,-0.5223878093719677,0.06863560903202695,1.7218991054314576,-0.03058605700581954,-1.3037535839973153,1.2801385692221987,-1.0532358403486761,1.4889164743150487,1.5395084845430351,0.0,1.0,0.0,0.0,0.0
-0.8300979410970113,-0.09582659576267816,1.0629330245667445,0.036633849916749665,-0.05104420895579424,0.31981630553184687,-0.3056199071619682,1.9748971319952469,1.5547648392849418,1.034637402295361,-0.5541864681639271,1.7858265406383655,-1.266418095856426,1.3281071760028504,-1.2860845883458243,-1.265094233116366,0.945102606309817,-1.7795948631402745,1.0194702068479162,1.5395084845430351,0.0,1.0,0.0,0.0,0.0
0.042551568719807045,-0.09582659576267816,-1.2254467873271546,-0.9245347831413334,-0.9720971351758327,-0.8904752785619348,-0.7119782347365867,-1.1915090995073558,-0.6159098228828096,1.4149272033397096,0.6896207377832941,-0.09494070751820233,1.40368931392048,-1.034644400568793,0.5095481121948983,0.9513752173913862,0.18762999450790946,0.15736253097065425,-1.5649550340500873,1.5395084845430351,0.0,1.0,0.0,0.0,0.0
-0.8300979410970113,-0.09582659576267816,-2.201043476952459,-0.9245347831413334,1.6845734870622675,-0.8904752785619348,-0.14850228448805688,-1.1915090995073558,-0.6433183060793081,1.6223580039093541,-1.3833912721287414,0.8454429165600816,2.738743018808933,-1.4284363299974001,2.0455084958062377,0.6292139600501433,-2.7257262047301962,2.8812088664391498,-1.7230843030916476,-0.4545042726906662,0.0,0.0,0.0,1.0,0.0
-0.8300979410970113,-0.09582659576267816,0.8596663937450648,-0.40841653532093425,0.10456280327491124,-0.8904752785619348,1.048467720130726,1.1315927912188095,1.2970864937403972,-0.17537560102756583,-1.3833912721287414,1.5293582795261063,-1.266418095856426,1.3281071760028504,1.696300613570531,-1.265094233116366,-0.686376865263522,0.5931779446456139,-0.710068673294151,-1.4515106513075169,0.0,1.0,0.0,0.0,0.0
-0.8300979410970113,-0.09582659576267816,-0.25114031505267304,-0.6179688319251029,-0.8203109008015713,-0.4118504482801875,-0.7934308114711,-0.2945829510424179,0.0016013733594256875,1.1037810024852426,-0.13958406618152008,-0.6078772297427208,0.06863560903202695,-0.6408524711401857,-1.0836500929184347,-0.7238633207830776,1.3529724742031521,-0.0847571432932111,-1.505656558159502,1.5395084845430351,0.0,1.0,0.0,0.0,0.0
0.6617062493271514,-0.09582659576267816,-1.0673859800465666,2.5465251603303147,-0.22468475721321624,2.6482021017560924,0.4091918775711641,-0.20000324249116966,-1.70669989798289,0.9654938021054795,0.275018335800887,-1.6337502741917578,0.06863560903202695,-0.7721164476163882,-0.5936803986342996,1.3809235605130437,-0.4597824942116696,-0.6497030499088993,-1.5007150185019533,-1.4515106513075169,0.0,1.0,0.0,0.0,0.0
-0.8300979410970113,-0.09582659576267816,0.8969368538561567,-0.43555755660571566,-0.5002218162446229,-0.5881452301160439,0.2063740396447445,0.25914156367018515,0.7343440095193338,-0.9705270032112036,-1.3833912721287414,1.9568053813798718,-1.266418095856426,1.196843199526648,-0.4852707137942467,-1.2500600411071086,-0.17653953039685363,1.115752908265125,-0.3938101352110302,0.5425021059261845,0.0,1.0,0.0,0.0,0.0
-0.8300979410970113,-0.09582659576267816,-0.9690251048792364,-0.6287259447601075,-0.9720971351758327,-0.8904752785619348,0.6315442572840614,0.25914156367018515,-1.020088441287511,-1.1433860036859074,0.275018335800887,-1.2917925927087455,0.06863560903202695,-1.1659083770449954,-1.281036720036503,-0.12249564041275783,-1.0262684218413018,0.7626617166303205,-0.9670287354866868,0.5425021059261845,0.0,1.0,0.0,0.0,0.0
-0.8300979410970113,-0.09582659576267816,-1.255757540362953,2.813797166858593,-0.3096491188756297,4.329901370609088,1.0886057019683566,-1.1915090995073558,-1.1275991817132123,1.069209202390302,0.275018335800887,0.6744640758185755,-1.266418095856426,-1.1659083770449954,-0.6965274831442384,-0.12249564041275783,0.6731893610475937,0.7626617166303205,-1.6786104461737088,-2.4485170299243677,0.0,1.0,0.0,0.0,0.0
-0.8300979410970113,-0.09582659576267816,-1.155087554738126,-0.534998944047976,1.6845734870622675,0.5349779047621604,0.2398480132452737,0.5242464688177053,-1.2713007010075295,-0.14080380093262507,1.5188255417481082,-1.2063031723379924,0.06863560903202695,-1.2971723535211979,0.907090799717833,0.17818819977240308,-0.686376865263522,-0.0847571432932111,1.0738271430809527,-0.4545042726906662,0.0,1.0,0.0,0.0,0.0
0.042551568719807045,-0.09582659576267816,-1.3207476139791103,-0.9245347831413334,-0.9720971351758327,-0.8904752785619348,-0.641030821925953,-1.1915090995073558,-0.9319759583353877,0.4814886007763088,-0.13958406618152008,-0.09494070751820233,0.06863560903202695,-1.034644400568793,-1.6032661711437772,0.9513752173913862,-1.269048105111144,1.3679609022899857,-1.1893980200763812,1.5395084845430351,0.0,0.0,1.0,0.0,0.0
0.042551568719807045,-0.09582659576267816,0.535968996053594,-0.9245347831413334,-0.5237126269748058,-0.6183140513453039,0.7287749981818276,-0.6827040103583218,0.4665805002634016,-0.5210936019769735,-0.13958406618152008,0.24701697396481,0.06863560903202695,0.40925934066943354,-0.5892223092855823,-0.623635374054691,1.2396752886772258,0.29187346111724705,-0.11214237473075066,-0.4545042726906662,0.0,1.0,0.0,0.0,0.0
-0.8300979410970113,-0.09582659576267816,1.1869096550123743,-0.5547698155019353,0.26425189563240636,-0.020857244381551763,-1.0821069296270418,2.0862665002861247,1.0833678809282645,-1.212529603875789,-1.3833912721287414,-0.6078772297427208,-1.266418095856426,1.196843199526648,0.7416823190717543,-1.2500600411071086,-1.0262684218413018,-0.2966118582740942,0.5599070186958812,-0.4545042726906662,0.0,1.0,0.0,0.0,0.0
0.042551568719807045,-0.09582659576267816,-0.9489683746451855,-0.6373630105669245,-0.34302044940502996,-0.8904752785619348,-0.563313175553508,-1.1915090995073558,-0.28266513106059526,-1.2471014039707298,0.6896207377832941,0.4179958147063162,1.40368931392048,-1.034644400568793,0.13220144355681837,0.9513752173913862,0.18762999450790946,0.15736253097065425,0.6785039704770516,1.5395084845430351,0.0,1.0,0.0,0.0,0.0
-0.8300979410970113,-0.09582659576267816,-0.8396339818910253,0.035212489530352456,3.535130017029744,-0.8904752785619348,2.8551046632470936,0.5242464688177053,-1.290071651647385,0.10119879973196033,0.275018335800887,-0.778856070484227,0.06863560903202695,-1.2971723535211979,-1.0038246187162743,0.17818819977240308,-0.686376865263522,-0.0847571432932111,1.5037410932876951,-2.4485170299243677,0.0,0.0,0.0,1.0,0.0
-0.8300979410970113,-0.09582659576267816,1.0440635130456806,-0.5898320638185393,0.609674142574827,0.6741135823377373,-0.3524045410218889,0.9084060034327873,0.741003112831159,1.6915016040992357,-0.9687888701463342,-1.719239694562511,-1.266418095856426,1.7218991054314576,0.7198493778962949,-1.3037535839973153,0.18762999450790946,0.15736253097065425,0.26835617890050417,1.5395084845430351,0.0,0.0,0.0,1.0,0.0
0.042551568719807045,-0.09582659576267816,-0.7528038190324013,-0.2865031640153875,-0.49947148556612825,2.6216349201671654,1.1694603376726052,-1.1915090995073558,-0.614992989818138,1.518642603624532,1.1042231397657012,-1.6337502741917578,0.06863560903202695,-0.9033804240925906,-0.14375630436377154,0.6292139600501433,1.0980538067698178,-0.2966118582740942,0.20411616335237023,-0.4545042726906662,0.0,1.0,0.0,0.0,0.0
1.1419599302953858,-0.09582659576267816,0.08860407508933821,-0.553374393360856,-0.6066523576947284,-0.36870133090729745,-0.778275101329832,-0.6209949250551222,-0.022622321296634492,-0.38280640159721047,0.275018335800887,-0.35140896863046156,1.40368931392048,0.1467313877170287,-0.8586182799294886,0.6292139600501433,0.46075713818648206,-0.2966118582740942,0.7032116687647954,-0.4545042726906662,0.0,1.0,0.0,0.0,0.0
0.042551568719807045,-0.09582659576267816,-1.4729046643241483,-0.9245347831413334,0.37390654198671486,-0.3024338174431113,1.0288839333168016,0.25914156367018515,-0.9778176115689677,-0.8668116029263813,1.1042231397657012,-0.6933666501134739,1.40368931392048,-1.1659083770449954,0.6028132588278448,1.3809235605130437,-1.0262684218413018,-0.6497030499088993,-0.8484317837055164,-0.4545042726906662,0.0,1.0,0.0,0.0,0.0
-0.8300979410970113,-0.09582659576267816,0.7511793949422761,-0.5507293863568716,-0.42346398299516214,-0.5385074377834421,-1.0809797499709097,-0.0377474680331959,0.8707108642962781,1.069209202390302,-0.9687888701463342,-0.9498349112257332,-1.266418095856426,1.0655792230504455,-0.9867620033672281,-1.233718528053567,0.37763148576256833,0.9468832079180446,-1.5155396374745995,0.5425021059261845,0.0,1.0,0.0,0.0,0.0
-0.8300979410970113,-0.09582659576267816,1.19505031950708,-0.7166338177499849,-0.7282573192578659,1.011141667227074,-0.8436197030909227,1.6531358137667562,1.3728458575053661,1.1383528025801835,-1.3833912721287414,1.272890018413847,-1.266418095856426,0.2779953641932311,2.111577379954226,-1.0952962998353346,-0.32649168771057996,-0.4835424891395794,-0.34933627829309133,-0.4545042726906662,0.0,1.0,0.0,0.0,0.0
-0.8300979410970113,-0.09582659576267816,1.0376558261144493,1.8044974840696735,-0.4094269686461237,-0.4153479754233715,0.19620383801338054,1.6531358137667562,1.6937856845122512,-1.0050988033061443,-1.3833912721287414,1.272890018413847,-1.266418095856426,0.2779953641932311,1.0658802196446746,-1.0952962998353346,0.273316941544324,-0.9820241714475394,0.8613409378063558,-0.4545042726906662,0.0,1.0,0.0,0.0,0.0
1.8661217052122583,-0.09582659576267816,-0.0339931910914779,-0.8498822568859535,-0.5893380653293581,-0.8201839218806499,1.6709983187126702,-0.5841627771062523,-0.2298265939124162,1.1037810024852426,1.1042231397657012,-0.35140896863046156,1.40368931392048,0.015467411240826293,0.4222893473912119,1.9822912408833644,0.6731893610475937,-1.7795948631402745,-1.3030534322000027,1.5395084845430351,0.0,0.0,1.0,0.0,0.0
0.6617062493271514,-0.09582659576267816,0.44890380000502317,-0.7780095837947406,-0.8095897250955072,-0.7525100204963985,-0.41974811139919777,-0.7088083316402043,0.845666845319196,0.032055199542078784,-0.13958406618152008,1.4438688591553532,0.06863560903202695,0.540523317145636,-1.5034972723732347,-0.20162296677727368,1.5676408257259589,-0.35236309905853724,-1.7477920013793915,-0.4545042726906662,1.0,0.0,0.0,0.0,0.0
-0.8300979410970113,-0.09582659576267816,1.050937891287987,1.067331531923065,1.3526377954901974,-0.5644046637662363,-0.43856000989324107,0.6969229059737683,1.1728314862914828,0.3777732004914865,-1.7979936741111484,0.07603813322330386,-1.266418095856426,0.40925934066943354,1.4521247546018565,-1.1247751076966253,-0.4597824942116696,0.7626617166303205,-0.7496009905545412,-0.4545042726906662,0.0,0.0,1.0,0.0,0.0
0.6617062493271514,-0.09582659576267816,0.9700318677321983,-0.20243114007056454,-0.44941380204056136,0.4602631997546186,-0.6858589425599037,0.578175566479549,0.5827287732457459,0.4814886007763088,0.275018335800887,-0.778856070484227,0.06863560903202695,1.85316308190766,0.36263016245816104,-0.6927580959363376,1.1420053011548752,-0.8445119832246534,-0.4728747697318104,-0.4545042726906662,1.0,0.0,0.0,0.0,0.0
-2.321902131521174,-0.09582659576267816,1.0213681170179643,-0.46978627744847024,-0.1053139693513567,1.567816905345095,-0.6877525872749262,1.6058066186750264,2.4389296942311383,0.17034239992184186,-0.5541864681639271,-0.6933666501134739,-1.266418095856426,1.4593711524790527,-1.115305614300969,-1.6259148413385582,0.019551752244172604,-0.21512927558913952,1.2368979517800618,1.5395084845430351,0.0,0.0,0.0,1.0,0.0
0.042551568719807045,-0.09582659576267816,-1.3380113124431865,-0.9245347831413334,-0.9720971351758327,-0.8904752785619348,-0.3586083864650092,-1.1915090995073558,-0.5298240235473288,0.7926348016307757,0.6896207377832941,0.3325063943355631,1.40368931392048,-1.1659083770449954,0.7615787633757058,1.3809235605130437,-1.0262684218413018,0.7626617166303205,-0.03307774020997043,1.5395084845430351,0.0,0.0,1.0,0.0,0.0
-0.8300979410970113,-0.09582659576267816,-1.3925908072549635,1.2041256649733059,1.6845734870622675,0.13877562626094692,2.693225954381357,0.9084060034327873,-1.5792118476217127,-1.5236758047302559,0.275018335800887,-1.2917925927087455,-1.266418095856426,-1.4284363299974001,-1.7879388481649208,0.6292139600501433,-2.7257262047301962,0.7626617166303205,1.1973656345196717,0.5425021059261845,0.0,0.0,1.0,0.0,0.0
-0.8300979410970113,-0.09582659576267816,-1.1161123945729945,1.185083149392302,0.835517022621249,1.095899650662511,1.363780661916429,-1.1915090995073558,-1.0622145078905798,1.345783603149828,1.5188255417481082,-1.6337502741917578,0.06863560903202695,-1.2971723535211979,-0.02573663858641224,0.17818819977240308,-0.686376865263522,1.610080576553852,-0.7446594508969924,-0.4545042726906662,0.0,0.0,0.0,1.0,0.0
1.8661217052122583,-0.09582659576267816,0.0393979703099439,0.2482512553938355,1.195725958601501,-0.08639992644683185,-0.43216764362834825,-0.1448089388865984,-0.13973568171547524,0.032055199542078784,0.275018335800887,0.5034852350770693,1.40368931392048,0.2779953641932311,1.1157914597515926,1.5577964076807849,-0.32649168771057996,-0.9820241714475394,0.2881223375306992,0.5425021059261845,1.0,0.0,0.0,0.0,0.0
-0.8300979410970113,-0.09582659576267816,-0.9792791276809844,-0.9245347831413334,-0.9720971351758327,-0.8904752785619348,-0.5354702603793663,-1.1915090995073558,-0.3292305998715476,1.7260734041941765,0.275018335800887,0.24701697396481,0.06863560903202695,-1.1659083770449954,-1.1445630701557747,-0.12249564041275783,0.6731893610475937,0.7626617166303205,-1.6440196685708675,-0.4545042726906662,0.0,1.0,0.0,0.0,0.0
1.5343557591439694,-0.09582659576267816,1.2768296192464823,-0.4079821155753073,-0.6367417509430604,-0.5648097413149217,-0.08513019862314306,0.024451051766945328,0.6215252881929021,-1.1088142035909665,1.1042231397657012,1.272890018413847,0.06863560903202695,1.85316308190766,-0.5778645605900703,-0.07065359900152263,1.1420053011548752,-0.8445119832246534,1.4987995536301464,-0.4545042726906662,1.0,0.0,0.0,0.0,0.0
1.5343557591439694,-0.09582659576267816,-0.09332447981225127,0.9428822713095347,2.5073680649114882,-0.5855836160803645,-0.8297198075940845,-0.5841627771062523,-0.2663551533838058,-1.3162450041606113,-0.5541864681639271,1.101911177672341,0.06863560903202695,0.015467411240826293,0.2741116657931601,1.3809235605130437,-0.686376865263522,-0.0847571432932111,0.5006085428052961,-0.4545042726906662,0.0,0.0,0.0,1.0,0.0
-0.8300979410970113,-0.09582659576267816,0.9403670890083595,-0.5353492689259303,-0.541771058757051,0.7505440010830486,-1.066914857760369,1.2774965167530068,1.271752948532366,-1.0742424034960258,-1.7979936741111484,1.272890018413847,-1.266418095856426,0.6717872936218383,0.3357401252050588,-1.1748890810608181,-0.686376865263522,0.33895228666855465,-1.2388134166518687,-0.4545042726906662,0.0,0.0,0.0,1.0,0.0
2.407005268960788,-0.09582659576267816,-0.03141519306238771,-0.9245347831413334,-0.9720971351758327,-0.8904752785619348,-0.780542362819391,-0.7088083316402043,-0.349352672922498,0.7234912014408942,1.1042231397657012,0.07603813322330386,1.40368931392048,0.540523317145636,-1.096228652489684,2.1721968241582017,-0.0423718106950989,-1.2443829516096232,1.3752610621914272,1.5395084845430351,0.0,1.0,0.0,0.0,0.0
2.8388924536477904,-0.09582659576267816,0.4564943756029268,-0.9245347831413334,-0.4691306029269958,-0.5848849325798192,-0.3346161239427455,-0.8363499015187015,-0.2703602662452659,-0.9705270032112036,0.6896207377832941,-0.4368983890012147,1.40368931392048,1.4593711524790527,-1.133463549647916,1.8435140838748285,0.019551752244172604,-0.8669899370687788,0.8415747791761607,0.5425021059261845,0.0,0.0,0.0,1.0,0.0
-0.8300979410970113,-0.09582659576267816,0.9978912522761267,-0.7610183215499697,1.8298040587993698,0.40799607295098367,-0.705414838007466,0.7970366351419088,0.9329590039502973,0.5852040010611311,-1.7979936741111484,-1.3772820130794987,-1.266418095856426,0.2779953641932311,1.7400661137171707,-1.0952962998353346,-0.926300316965484,1.0119025577843004,0.3325961944486381,-0.4545042726906662,0.0,1.0,0.0,0.0,0.0
1.8661217052122583,-0.09582659576267816,0.37790818877300547,-0.6409121160450226,-0.23526945411206604,-0.17438761033318356,0.6575408882244341,-0.7323642933460006,-0.49093099985652305,1.034637402295361,1.1042231397657012,-0.6933666501134739,0.06863560903202695,0.6717872936218383,0.864577275797519,1.0802397203278835,1.3529724742031521,-1.3558854331785088,-1.3079949718575514,-0.4545042726906662,0.0,1.0,0.0,0.0,0.0
-0.8300979410970113,-0.09582659576267816,-1.8652337755497168,-0.9245347831413334,-0.9720971351758327,-0.8904752785619348,-0.563313175553508,-1.1915090995073558,0.027900006003953176,-1.627391205015078,1.1042231397657012,-0.778856070484227,2.738743018808933,-1.4284363299974001,-0.10696193797435932,0.6292139600501433,-0.17653953039685363,0.7626617166303205,-1.5105980978170508,-1.4515106513075169,0.0,0.0,1.0,0.0,0.0
-0.8300979410970113,-0.09582659576267816,1.2014092061231163,-0.7306116642502916,-0.5979955588785365,-0.3480057463636839,-1.0775901453342451,1.9748971319952469,1.552496883809175,1.1037810024852426,-0.9687888701463342,1.7858265406383655,-1.266418095856426,1.3281071760028504,0.0793337486920318,-1.265094233116366,0.5372327384164823,-1.440627319170862,-0.6310040387733709,0.5425021059261845,0.0,1.0,0.0,0.0,0.0
0.042551568719807045,-0.09582659576267816,0.020586303720299192,-0.6503712223372023,-0.9720971351758327,-0.8904752785619348,1.079964610765438,-0.4382590515720541,-0.34095641222497913,-0.8668116029263813,0.6896207377832941,1.272890018413847,0.06863560903202695,-0.37832451818778096,-1.0787205197747223,-0.12249564041275783,0.6731893610475937,0.05647933336071082,-0.2554470247996648,0.5425021059261845,0.0,0.0,0.0,0.0,1.0
0.042551568719807045,-0.09582659576267816,0.9610871002058998,-0.3776104598673469,-0.44263009587565827,-0.37550204706795587,-0.780472440201477,0.06510166265634933,0.8633279454070805,-0.03708840064780275,0.275018335800887,-0.9498349112257332,0.06863560903202695,1.7218991054314576,-0.8596417607315098,-0.9815923266560724,1.2801385692221987,-0.14528706185917836,1.1775994758894768,-0.4545042726906662,0.0,0.0,0.0,1.0,0.0
-0.8300979410970113,-0.09582659576267816,-0.6006467686873634,0.8874574248295477,2.3304429681030476,-0.7287122393694867,0.4091918775711641,0.06510166265634933,-0.309446307423371,1.518642603624532,-0.9687888701463342,-1.6337502741917578,0.06863560903202695,-1.034644400568793,-0.23703325073693002,-0.3372698119735866,-1.269048105111144,1.3679609022899857,-1.3574103684330392,-1.4515106513075169,0.0,0.0,0.0,1.0,0.0
-0.8300979410970113,-0.09582659576267816,0.9061073238055981,-0.737547471540745,0.10079554288125431,-0.36722719741489795,-1.081423755215807,1.3675508095941424,1.0057748510339524,0.2394860001117234,-1.7979936741111484,-0.009451287147449236,-1.266418095856426,0.1467313877170287,2.1736562102656363,-1.062132640991383,-0.8138361989801893,0.2330249291781131,-0.6260624991158221,-0.4545042726906662,0.0,1.0,0.0,0.0,0.0
0.042551568719807045,-0.09582659576267816,0.6453863223600903,-0.7326218749780127,-0.5894136508907909,-0.8904752785619348,-0.9736506444477372,0.011479854967848986,1.2548639183936787,-1.5928194049201374,-0.9687888701463342,-0.09494070751820233,1.40368931392048,0.9343152465742431,-0.26640419232847745,-0.8058680044699397,0.05520471272435914,0.7626617166303205,-1.3722349874056854,1.5395084845430351,0.0,0.0,0.0,1.0,0.0
1.1419599302953858,-0.09582659576267816,-0.2727891068702715,-0.8184918467670786,-0.9720971351758327,-0.7906273264817281,-1.0098777581259712,-0.49410848426511644,-1.0077835764721816,-0.17537560102756583,1.1042231397657012,-0.9498349112257332,0.06863560903202695,-0.2470605417115785,-0.9214102102156663,1.1496282988321516,0.41173431752622563,-0.8669899370687788,0.9206394136969409,1.5395084845430351,0.0,1.0,0.0,0.0,0.0
1.5343557591439694,-0.09582659576267816,1.0241098966125548,-0.5644522317225592,-0.7975879028085529,-0.7275479962176808,-0.40963525318674704,0.42570523556563544,0.5920901213797612,-0.38280640159721047,0.275018335800887,0.5889746554478223,0.06863560903202695,2.246955011336267,-0.6682755129415084,-0.21645934047061982,0.1421088038948142,-0.2966118582740942,1.5086826329452439,-0.4545042726906662,1.0,0.0,0.0,0.0,0.0
1.1419599302953858,-0.09582659576267816,-0.2582804815136905,-0.9245347831413334,-0.8187131216130309,-0.7927349448562692,0.8549177830351621,-0.4382590515720541,-0.4635225166600247,-0.10623200083768429,1.1042231397657012,-0.778856070484227,0.06863560903202695,-0.37832451818778096,-1.3318833841234587,1.3809235605130437,-0.17653953039685363,-0.6497030499088993,0.5253162410930399,-0.4545042726906662,0.0,0.0,0.0,1.0,0.0
0.042551568719807045,-0.09582659576267816,0.4991638583567346,-0.6869194358776639,-0.9720971351758327,-0.5400963815723024,1.8005896811940905,-0.083099853583399,-0.011958105123349036,1.207496402770065,1.1042231397657012,-0.6078772297427208,0.06863560903202695,0.1467313877170287,-0.9050036381530446,-0.4983504406442075,2.372647143936489,-1.3558854331785088,1.2764302690404519,-0.4545042726906662,0.0,0.0,0.0,1.0,0.0
0.6617062493271514,-0.09582659576267816,0.9416034985338269,-0.5710496726615597,-0.9720971351758327,-0.8904752785619348,-0.3137419715772741,-0.20000324249116966,-0.003851370656779094,-0.7630962026415589,1.1042231397657012,1.4438688591553532,0.06863560903202695,0.40925934066943354,-0.5163367923087773,-0.12249564041275783,-1.5927543494709329,1.7042382276564672,1.0540609844507576,-0.4545042726906662,1.0,0.0,0.0,0.0,0.0
-0.8300979410970113,-0.09582659576267816,1.2572857902863925,0.017571129442973954,-0.4255565894598994,-0.35931193826950736,-1.0798454195913085,1.2348179774454915,1.3662350085653658,0.7926348016307757,-1.3833912721287414,-0.2659195482597085,-1.266418095856426,0.2779953641932311,1.4123326522887274,-1.0952962998353346,-0.926300316965484,0.51342087547634,1.6618703623292554,1.5395084845430351,0.0,1.0,0.0,0.0,0.0
-0.8300979410970113,-0.09582659576267816,-1.8652337755497168,0.1998236347280535,1.3960225383648204,-0.8904752785619348,-1.184776742901236,-1.1915090995073558,-0.8346468903647236,0.5852040010611311,1.1042231397657012,-1.4627714334502517,0.06863560903202695,-1.4284363299974001,2.284671877337415,0.6292139600501433,-0.17653953039685363,0.7626617166303205,-1.0905672269254059,1.5395084845430351,0.0,0.0,0.0,1.0,0.0
2.6337641207195492,-0.09582659576267816,0.30496607557119765,-0.6090723077111172,-0.8381067957251618,-0.2597077310097405,-0.24710552374876313,-0.7909975159684977,-0.7019473678464656,-0.6593808023567366,0.6896207377832941,0.24701697396481,1.40368931392048,1.0655792230504455,0.5525324674487951,1.903851978226366,-0.5090421400925079,-0.5268887223837501,0.5549654790383325,-0.4545042726906662,0.0,0.0,1.0,0.0,0.0
-0.8300979410970113,-0.09582659576267816,1.189920166156266,-0.004939483347058578,0.5924808414176849,0.6529649489467935,-1.0014682387990728,0.6356158371085828,1.464915198947125,-1.627391205015078,0.6896207377832941,0.5889746554478223,0.06863560903202695,-0.11579656523537611,-1.078073703788611,-0.9815923266560724,1.6443080941269617,-1.0532358403486761,0.9206394136969409,-1.4515106513075169,1.0,0.0,0.0,0.0,0.0
-0.8300979410970113,-0.09582659576267816,-1.6980897556219077,-0.05012784848428792,1.4621058567998562,1.47722250285849,0.20511107496358322,-1.1915090995073558,-0.6286007226727376,0.5506322009661904,1.1042231397657012,-0.1804301278889554,0.06863560903202695,-1.4284363299974001,0.9366600905253237,0.6292139600501433,-0.17653953039685363,0.7626617166303205,0.2782392582156017,-0.4545042726906662,0.0,0.0,0.0,1.0,0.0
-0.8300979410970113,-0.09582659576267816,-1.7933905822738636,2.833696932904725,3.0268173018016586,-0.8904752785619348,0.8925004420726003,-1.1915090995073558,-1.7653289597500477,-0.41737820169215123,-0.9687888701463342,1.5293582795261063,-1.266418095856426,-1.2971723535211979,0.11961389716044046,0.17818819977240308,-0.686376865263522,1.610080576553852,-1.3821180667207829,-0.4545042726906662,0.0,0.0,1.0,0.0,0.0
0.6617062493271514,-0.09582659576267816,0.9501961552904449,-0.5581479089816938,-0.6113380289153152,-0.725396197778773,-0.8776734693055227,1.1011213071064345,0.5369836287558155,1.3803554032447687,-0.13958406618152008,0.3325063943355631,0.06863560903202695,1.85316308190766,1.3575658415003529,-0.6927580959363376,-0.26444251916696876,-0.26008518327739044,0.5401408600656862,1.5395084845430351,0.0,1.0,0.0,0.0,0.0
0.042551568719807045,-0.09582659576267816,-0.9391569871504251,1.4871653259772246,0.2428852004218393,1.1413406701567035,1.7041214286678774,-1.1915090995073558,-1.418910824419657,-0.0025166005528619827,0.275018335800887,-0.5223878093719677,0.06863560903202695,-0.9033804240925906,0.3367034654457962,0.6292139600501433,-0.17653953039685363,0.7626617166303205,-0.7496009905545412,-1.4515106513075169,0.0,1.0,0.0,0.0,0.0
-0.8300979410970113,-0.09582659576267816,-1.6690692199369324,-0.9245347831413334,-0.9720971351758327,-0.8904752785619348,-0.7220408476101203,-1.1915090995073558,-1.3489902396454914,-0.10623200083768429,0.6896207377832941,-1.1208137519672394,0.06863560903202695,-1.2971723535211979,-0.6060855168220342,0.17818819977240308,-0.686376865263522,1.610080576553852,-0.7248932922667973,0.5425021059261845,0.0,0.0,0.0,1.0,0.0
-0.8300979410970113,-0.09582659576267816,0.532601682215579,-0.7626333172728021,-0.6152299906164236,0.1511827386521888,-0.9888677951945241,-0.24966352547884904,1.358080019726971,-0.590237202166855,-0.9687888701463342,0.9309323369308347,0.06863560903202695,0.540523317145636,-0.3536362356197387,-1.1511508831514636,-0.0423718106950989,1.431676606043635,-0.42345937315632276,1.5395084845430351,0.0,0.0,1.0,0.0,0.0
1.1419599302953858,-0.09582659576267816,-1.0673859800465666,0.08445135643882785,1.8118349662039859,1.2549326802316998,2.085218641763323,-0.37267967964723286,-2.128829142706425,0.17034239992184186,0.6896207377832941,-0.35140896863046156,0.06863560903202695,-0.5095884946639834,-0.5936803986342996,1.6542725061359163,0.05520471272435914,-1.1632902377413428,-0.8336071647328701,-0.4545042726906662,0.0,0.0,1.0,0.0,0.0
-0.8300979410970113,-0.09582659576267816,1.376469211041032,-0.3580920854800803,0.27133016491010437,0.5017656425176543,-1.0811281749940689,0.7357295662767236,1.0537879509996493,1.6915016040992357,-0.9687888701463342,0.07603813322330386,-1.266418095856426,0.9343152465742431,0.9278091294359172,-1.2158914229042492,0.05520471272435914,0.37747132575598724,-0.5420563249374931,-0.4545042726906662,0.0,0.0,0.0,0.0,1.0
0.042551568719807045,-0.09582659576267816,0.8809232881734009,1.181117571811329,0.07264163879494845,1.2563667295100764,-0.782823583652609,0.9084060034327873,0.6439153167196191,1.656929804004295,-0.9687888701463342,0.9309323369308347,0.06863560903202695,0.1467313877170287,0.2040215670493322,-0.4983504406442075,1.0980538067698178,-1.3558854331785088,0.9848794292450749,-0.4545042726906662,0.0,0.0,0.0,1.0,0.0
-0.8300979410970113,-0.09582659576267816,-1.5887553628677478,-0.1821479216114521,0.1077558232811354,-0.1914583491042284,-0.7744392740070072,-1.1915090995073558,-1.3903442362993632,0.896350201915598,1.5188255417481082,-0.1804301278889554,0.06863560903202695,-1.2971723535211979,0.16899580994623015,0.17818819977240308,1.3529724742031521,-0.0847571432932111,-0.10225929541565312,-0.4545042726906662,0.0,0.0,1.0,0.0,0.0
-0.8300979410970113,-0.09582659576267816,1.2064539615610057,0.8433994324672397,0.8601251215290555,-0.7430715294477245,-0.03789203040010644,2.035807388573563,1.0649829652630078,-1.4199604044454335,-1.3833912721287414,-1.804729114933264,-1.266418095856426,0.9343152465742431,0.49366595196810614,-1.2158914229042492,-1.335260746002919,-0.0077190651183445536,-0.6952440543215048,-0.4545042726906662,0.0,1.0,0.0,0.0,0.0
2.153510439751314,-0.09582659576267816,0.9409855740090118,-0.9245347831413334,-0.9720971351758327,-0.4257474877184335,0.22009750384734295,0.21567450353705195,0.4563505734365395,-0.41737820169215123,0.6896207377832941,0.9309323369308347,0.06863560903202695,2.1156910348600646,-1.038874424630326,0.41097568894801056,0.8924742362590644,-1.2875452025395149,1.6173965054113166,-0.4545042726906662,0.0,1.0,0.0,0.0,0.0
0.042551568719807045,-0.09582659576267816,-1.8652337755497168,-0.9245347831413334,-0.9720971351758327,-0.8904752785619348,-0.563313175553508,-1.1915090995073558,-0.9617489057513023,-0.6248090022617958,0.275018335800887,0.4179958147063162,1.40368931392048,-1.1659083770449954,0.3713648250879954,1.3809235605130437,-1.0262684218413018,0.7626617166303205,-1.629195049598221,1.5395084845430351,0.0,1.0,0.0,0.0,0.0
0.042551568719807045,-0.09582659576267816,1.232343433954536,-0.73917730272194,-0.10190745928555701,-0.8904752785619348,-0.681905503276103,0.42570523556563544,1.3760789004176293,-0.3136628014073289,0.275018335800887,-0.2659195482597085,0.06863560903202695,0.1467313877170287,-0.7115216811111584,-0.4983504406442075,0.46075713818648206,-0.2966118582740942,0.25353155992785786,-0.4545042726906662,0.0,1.0,0.0,0.0,0.0
0.042551568719807045,-0.09582659576267816,1.099174273693814,-0.03905569124327886,0.35940814872545634,-0.7312615452727,-0.5985695105011762,0.44926119727143127,1.129643823508268,0.8617784018206572,-0.13958406618152008,1.3583794387846002,0.06863560903202695,0.8030512700980408,-0.9731119110879908,-0.7668181550952438,1.6443080941269617,-1.0532358403486761,0.9008732550667459,-0.4545042726906662,0.0,1.0,0.0,0.0,0.0
-0.8300979410970113,-0.09582659576267816,1.3887614923670135,0.2778015011062365,0.021337015378580928,-0.5623424495800479,-0.33891809413826857,2.624161571757848,0.7686528678867816,1.4149272033397096,-0.9687888701463342,-1.6337502741917578,-1.266418095856426,0.6717872936218383,0.917188309184549,-1.1748890810608181,-0.686376865263522,-1.3558854331785088,1.548214950205634,1.5395084845430351,0.0,1.0,0.0,0.0,0.0
1.1419599302953858,-0.09582659576267816,1.165010545365267,-0.5680294410671931,0.984338382816431,-0.06241751221649374,-0.698689620227399,0.832818434098358,0.6542900066619556,0.27405780020666415,0.275018335800887,-0.009451287147449236,0.06863560903202695,1.3281071760028504,-1.0483065082597118,-0.18263240844978926,0.945102606309817,-1.440627319170862,1.256664110410257,0.5425021059261845,0.0,0.0,0.0,1.0,0.0
0.042551568719807045,-0.09582659576267816,-0.9896897064853645,-0.023419199358665283,0.3336727012197522,-0.6033106076286114,0.8258195707853455,-1.1915090995073558,-0.9871307053311582,0.34320140039654573,1.1042231397657012,-0.5223878093719677,0.06863560903202695,-1.034644400568793,1.1561196707371717,0.9513752173913862,0.18762999450790946,0.15736253097065425,-0.334511659320445,0.5425021059261845,0.0,0.0,1.0,0.0,0.0
0.042551568719807045,-0.09582659576267816,-1.5887553628677478,1.2235154320030894,-0.9720971351758327,0.48213407360840843,2.651327434579133,-1.1915090995073558,-1.0460975477010896,0.10119879973196033,0.275018335800887,-1.3772820130794987,0.06863560903202695,-1.1659083770449954,0.16899580994623015,1.3809235605130437,-1.0262684218413018,0.7626617166303205,-0.5371147852799444,-0.4545042726906662,0.0,0.0,1.0,0.0,0.0
-0.8300979410970113,-0.09582659576267816,0.9471397643979819,1.5333763041842023,-0.5586978700479002,1.7733230180131527,0.17377776096187736,1.352085560776103,2.4646010200419433,-1.5236758047302559,-1.3833912721287414,-0.4368983890012147,-1.266418095856426,1.85316308190766,1.2265029590519894,-1.3148625928711517,-0.6160544742474302,0.32434161666987305,0.4759008445175522,-0.4545042726906662,1.0,0.0,0.0,0.0,0.0
0.042551568719807045,-0.09582659576267816,-0.1867962667491395,3.04837189461451,0.41670054261350437,0.7944812776602752,0.03815727734925293,-0.37267967964723286,-1.2124786217530725,1.484070803529591,0.275018335800887,0.9309323369308347,-1.266418095856426,-0.5095884946639834,-0.006741092380342024,0.014178832398679007,0.05520471272435914,0.37747132575598724,1.4395010777395612,-1.4515106513075169,0.0,0.0,0.0,1.0,0.0
1.5343557591439694,-0.09582659576267816,0.9688459897524829,-0.45051384470476136,-0.4118311083955918,-0.22495157749965225,-0.9042972403321287,0.7625022778985887,1.1622155244900223,0.9654938021054795,1.1042231397657012,0.16152755359405693,1.40368931392048,1.4593711524790527,0.4801133313242979,0.10879962126813507,-1.1569959436019859,0.1108010551506806,1.5580980295207314,-0.4545042726906662,0.0,0.0,0.0,1.0,0.0
0.042551568719807045,-0.09582659576267816,-1.431565967420095,-0.9245347831413334,-0.9720971351758327,-0.8904752785619348,-0.8601958504564117,-1.1915090995073558,-0.9997250963774365,-0.48652180188203276,0.275018335800887,-0.4368983890012147,0.06863560903202695,-1.1659083770449954,-0.0489829363910435,1.3809235605130437,-1.0262684218413018,0.7626617166303205,1.335728744931037,1.5395084845430351,0.0,0.0,1.0,0.0,0.0
0.6617062493271514,-0.09582659576267816,0.9403670890083595,-0.5528734723646612,-0.8010545323089912,-0.723008041337572,-0.9793493984089969,0.18811781682473352,0.5657914887352338,-0.03708840064780275,0.275018335800887,0.6744640758185755,0.06863560903202695,0.540523317145636,-1.1487671857704786,-0.20162296677727368,1.5676408257259589,-1.2443829516096232,1.320904125958391,1.5395084845430351,0.0,0.0,0.0,1.0,0.0
1.1419599302953858,-0.09582659576267816,0.10354413334007792,0.9946827089832673,0.2428852004218393,0.44100203304114327,-0.7869523982259838,-0.083099853583399,-0.27156662554088645,1.656929804004295,-0.9687888701463342,0.4179958147063162,0.06863560903202695,0.1467313877170287,0.17676604881107508,0.6292139600501433,-0.8138361989801893,0.2330249291781131,1.2912548880130983,-0.4545042726906662,0.0,0.0,1.0,0.0,0.0
1.1419599302953858,-0.09582659576267816,-1.2404337569099257,0.7870587968106897,2.0120332619227193,1.47722250285849,1.0418817261782904,-1.1915090995073558,-1.588331923896604,1.5877862038144135,-0.13958406618152008,0.4179958147063162,1.40368931392048,-0.6408524711401857,-1.650652855130141,1.9822912408833644,-0.686376865263522,-0.0847571432932111,0.1794084650646264,-0.4545042726906662,0.0,0.0,1.0,0.0,0.0
-0.8300979410970113,-0.09582659576267816,-1.8652337755497168,-0.9245347831413334,-0.9720971351758327,-0.8904752785619348,0.02454092937829412,-1.1915090995073558,-0.5249985863648468,-0.8668116029263813,1.1042231397657012,1.016421757301588,2.738743018808933,-1.4284363299974001,-0.10696193797435932,0.6292139600501433,-0.17653953039685363,0.7626617166303205,-0.7446594508969924,1.5395084845430351,0.0,0.0,1.0,0.0,0.0
0.042551568719807045,-0.09582659576267816,-1.4729046643241483,0.30529797353729543,0.7962939929080777,0.8204402871730347,2.622852553789202,0.25914156367018515,-1.7530723493065432,0.3777732004914865,0.6896207377832941,-0.8643454908549801,0.06863560903202695,-1.1659083770449954,0.0781968090175197,1.3809235605130437,-1.0262684218413018,-0.6497030499088993,1.3505533639036833,-0.4545042726906662,1.0,0.0,0.0,0.0,0.0
0.6617062493271514,-0.09582659576267816,0.760103586964146,0.007479625696658055,-0.7836349969866451,-0.8904752785619348,-0.880271825257888,-0.46725938819848106,0.8713381711300008,-0.10623200083768429,-0.13958406618152008,0.07603813322330386,1.40368931392048,1.3281071760028504,0.048706535211614124,-0.5434530166719816,1.3529724742031521,-0.0847571432932111,0.24364848061276034,1.5395084845430351,1.0,0.0,0.0,0.0,0.0
1.1419599302953858,-0.09582659576267816,-0.0036824380556795843,-0.7819912821537227,0.2471235212021833,-0.03496707200993076,-0.9114820419350583,-0.5841627771062523,-0.359872125980309,1.2420682028650056,-0.13958406618152008,-0.09494070751820233,0.06863560903202695,0.015467411240826293,-0.18697296015933515,0.7795558801427229,-0.0065937521079647175,-0.0847571432932111,-1.6884935254888063,0.5425021059261845,0.0,1.0,0.0,0.0,0.0
-0.8300979410970113,-0.09582659576267816,-1.6144897251251553,-0.9245347831413334,1.1905822225687657,-0.16403902469554688,0.7975421753044954,-1.1915090995073558,-0.6707267892758064,-0.6248090022617958,1.5188255417481082,-0.778856070484227,0.06863560903202695,-1.4284363299974001,-0.06869579692937075,0.6292139600501433,-0.17653953039685363,0.7626617166303205,1.1331256189715377,1.5395084845430351,0.0,1.0,0.0,0.0,0.0
1.8661217052122583,-0.09582659576267816,-0.0036824380556795843,-0.7819912821537227,-0.8139977895536153,-0.7562591096911975,-0.4214702389760579,-0.1448089388865984,-0.3783535503892155,-1.3853886043504928,1.1042231397657012,1.4438688591553532,1.40368931392048,0.2779953641932311,0.07915065710808442,1.5577964076807849,0.273316941544324,-1.4805058537554991,0.7773347636280268,0.5425021059261845,0.0,0.0,0.0,1.0,0.0
1.1419599302953858,-0.09582659576267816,-0.7602561300017173,-0.06914275287358365,-0.3384604910701818,-0.4833874574285732,0.9970459825029667,-0.37267967964723286,-0.648433269492739,-0.6593808023567366,0.6896207377832941,0.24701697396481,1.40368931392048,-0.5095884946639834,-0.032555552609104164,1.6542725061359163,0.05520471272435914,-1.1632902377413428,0.584614716983625,0.5425021059261845,0.0,1.0,0.0,0.0,0.0
-0.8300979410970113,-0.09582659576267816,1.1487959980148656,0.15078629260819684,0.900350707957444,0.12202598661749949,0.4402217231087882,1.7601972846201586,1.375596356699381,-0.07166020074274353,-1.7979936741111484,0.5034852350770693,-1.266418095856426,0.540523317145636,0.1445195575219693,-1.1511508831514636,-1.1157135683091384,0.09364682721700525,-1.732967382406745,-0.4545042726906662,0.0,1.0,0.0,0.0,0.0
1.1419599302953858,-0.09582659576267816,-0.2764650169394113,-0.7118741491235459,-0.9720971351758327,-0.7900861425270538,2.277659991789941,0.3805703682880689,-0.6523901279823744,0.7234912014408942,0.6896207377832941,-0.09494070751820233,1.40368931392048,-0.5095884946639834,-0.4735058161906202,1.6542725061359163,0.05520471272435914,-1.933671019490008,1.3258456656159396,1.5395084845430351,0.0,1.0,0.0,0.0,0.0
-0.8300979410970113,-0.09582659576267816,0.8617527176566129,0.5060048520800211,1.2549759051311926,1.7285085820042172,0.030372646120644362,0.7625022778985887,1.0289369495098664,-1.2471014039707298,-1.7979936741111484,-0.09494070751820233,-1.266418095856426,-0.2470605417115785,0.44986697478528337,-0.9320290562958812,-0.3726308130378807,0.43673138589050026,0.10528537020139495,-0.4545042726906662,0.0,1.0,0.0,0.0,0.0
0.042551568719807045,-0.09582659576267816,-0.9589229991253417,1.0302129071854293,0.6714851207360031,-0.3456786427279931,1.7795888283691126,0.9084060034327873,-1.4257629452187819,-1.3162450041606113,0.275018335800887,-0.09494070751820233,0.06863560903202695,-0.9033804240925906,0.28569436006190224,0.6292139600501433,-0.17653953039685363,-1.3558854331785088,-0.42345937315632276,-0.4545042726906662,0.0,0.0,0.0,1.0,0.0
0.042551568719807045,-0.09582659576267816,1.2097965156389197,-0.4021622945260429,-0.14912781055720575,-0.08143983725595122,-0.2548148608582722,1.173510908580307,0.8516986417972986,-0.6248090022617958,0.6896207377832941,1.3583794387846002,-1.266418095856426,-0.11579656523537611,0.46147164039270844,-0.3372698119735866,-0.5407090553016178,-0.447936654689011,1.4395010777395612,-0.4545042726906662,0.0,0.0,1.0,0.0,0.0
0.6617062493271514,10.435516278555651,-1.03299820639567,1.246112697048744,-0.9720971351758327,1.4277651964214852,-0.14850228448805688,-1.1915090995073558,-0.9568269598251705,-1.177957803780848,-0.13958406618152008,-1.2063031723379924,0.06863560903202695,-0.6408524711401857,1.0968270823992337,1.0802397203278835,0.3332978044698148,-0.0847571432932111,-1.2486964959669664,0.5425021059261845,0.0,0.0,1.0,0.0,0.0
0.042551568719807045,-0.09582659576267816,-0.12210004345706013,-0.9245347831413334,-0.5984523874501395,-0.730804028886135,-0.5894934252213617,0.25914156367018515,0.49644995642296585,-1.627391205015078,-0.13958406618152008,-0.5223878093719677,0.06863560903202695,-0.37832451818778096,-0.506602913173643,-0.12249564041275783,0.6731893610475937,-0.6497030499088993,-1.0312687510348206,1.5395084845430351,0.0,0.0,0.0,1.0,0.0
1.1419599302953858,-0.09582659576267816,-1.1823663789615313,-0.12152871475061468,1.2740858708080613,1.6309308560116393,-0.31450020250849064,-1.1915090995073558,-1.0761600213479532,0.20491420001678262,0.275018335800887,0.7599534961893285,1.40368931392048,-0.6408524711401857,0.3514345432937311,1.9822912408833644,-0.686376865263522,-0.0847571432932111,-1.3327026701452953,-0.4545042726906662,0.0,1.0,0.0,0.0,0.0
0.6617062493271514,-0.09582659576267816,-0.695947595339319,0.23291181251963117,-0.5370992579026379,0.37491669603121974,-0.13852279555085226,-1.1915090995073558,-0.8801025086237051,-0.38280640159721047,0.6896207377832941,0.5034852350770693,1.40368931392048,-0.7721164476163882,1.2652077661641128,1.3809235605130437,-0.4597824942116696,0.29187346111724705,0.7625101446553805,-0.4545042726906662,1.0,0.0,0.0,0.0,0.0
0.042551568719807045,-0.09582659576267816,0.6968040251631475,-0.7465162192314759,-0.7840771491840395,-0.36870133090729745,-1.0863810267103233,-0.0377474680331959,0.7091552274267772,1.2766400029599465,-0.5541864681639271,0.5034852350770693,0.06863560903202695,1.0655792230504455,-0.9747833509589177,-0.8415222147685755,-0.06570532716496924,0.9468832079180446,-0.334511659320445,1.5395084845430351,0.0,0.0,0.0,1.0,0.0
0.042551568719807045,-0.09582659576267816,0.8448806074113526,2.15174715587038,0.4898784457129477,0.8096216738075476,0.5155681983572481,0.3174117299554589,0.43897899957960396,0.2394860001117234,-0.13958406618152008,1.101911177672341,-1.266418095856426,1.0655792230504455,-0.11695831755768951,-0.8415222147685755,0.37763148576256833,0.20999724276714699,0.8613409378063558,-0.4545042726906662,0.0,0.0,1.0,0.0,0.0
-0.8300979410970113,-0.09582659576267816,0.7379866319517273,1.9560105099977314,2.0423504265092216,-0.39891626461527474,-0.9872064532348733,0.9084060034327873,1.2674100550681322,-0.6939526024516773,-1.7979936741111484,-1.0353243315964862,-1.266418095856426,-0.37832451818778096,1.9162784045632297,-0.8742052408756581,-0.17653953039685363,0.05647933336071082,-1.4512996219264656,0.5425021059261845,0.0,0.0,0.0,1.0,0.0
-0.8300979410970113,-0.09582659576267816,0.8217147390203192,-0.9245347831413334,-0.4613125570147566,1.5451776355984437,-0.5678852218189666,1.2348179774454915,0.8806512648921913,-0.6593808023567366,-1.7979936741111484,-1.4627714334502517,-1.266418095856426,0.2779953641932311,2.4806565726894503,-1.0952962998353346,-0.926300316965484,0.51342087547634,0.4907254634901985,1.5395084845430351,0.0,0.0,1.0,0.0,0.0
-0.8300979410970113,-0.09582659576267816,0.8090800948975481,-0.6022296416781722,-0.654626042798354,-0.7482340399416465,0.2805264124235572,0.011479854967848986,0.5898704202758195,0.5160604008712496,0.275018335800887,0.07603813322330386,0.06863560903202695,0.9343152465742431,-1.124723288455053,-1.2158914229042492,1.4456701714516373,-0.0077190651183445536,0.396836209996772,0.5425021059261845,1.0,0.0,0.0,0.0,0.0
0.6617062493271514,-0.09582659576267816,-0.6757920491256059,2.4356066613830105,2.5623525858917473,3.169756741606554,0.4912500212909224,-1.1915090995073558,-1.309469909120963,-0.10623200083768429,0.6896207377832941,-1.0353243315964862,0.06863560903202695,-0.6408524711401857,-1.3027788456302467,1.0802397203278835,0.3332978044698148,-0.0847571432932111,0.7378024463676367,-2.4485170299243677,0.0,1.0,0.0,0.0,0.0
0.042551568719807045,-0.09582659576267816,0.4991638583567346,-0.6869194358776639,-0.9720971351758327,-0.5400963815723024,1.8005896811940905,-0.083099853583399,-0.011958105123349036,1.207496402770065,1.1042231397657012,-0.6078772297427208,0.06863560903202695,0.1467313877170287,-0.9050036381530446,-0.4983504406442075,2.372647143936489,-1.3558854331785088,1.2764302690404519,-0.4545042726906662,0.0,0.0,0.0,1.0,0.0
0.042551568719807045,-0.09582659576267816,0.09290616927454354,-0.6166894226850435,4.6732430677932095,-0.20228155414280327,-0.264486702810753,-0.49410848426511644,-0.6686518512873391,-1.0050988033061443,0.6896207377832941,1.9568053813798718,-1.266418095856426,-0.2470605417115785,-1.0455084572954465,-0.23814327125320392,0.41173431752622563,0.43673138589050026,1.548214950205634,-0.4545042726906662,0.0,0.0,0.0,1.0,0.0
-0.8300979410970113,-0.09582659576267816,0.3475974357372072,-0.6280890878742894,-0.3532633011852356,-0.2974123316443001,0.2700113946549042,-0.5841627771062523,0.6766800351886726,0.8617784018206572,-1.3833912721287414,-0.4368983890012147,0.06863560903202695,0.015467411240826293,0.6079342436958413,-1.0245471609682386,0.6731893610475937,1.0451346699381643,-1.1548072424735398,1.5395084845430351,0.0,0.0,0.0,1.0,0.0
0.042551568719807045,-0.09582659576267816,-1.3557234684482347,-0.9245347831413334,-0.9720971351758327,-0.8904752785619348,-0.33712799929959786,-1.1915090995073558,-0.35215142648833764,-1.0742424034960258,-0.13958406618152008,-0.5223878093719677,1.40368931392048,-1.034644400568793,-0.2620949422107986,0.9513752173913862,0.18762999450790946,0.15736253097065425,-1.3870596063783316,0.5425021059261845,0.0,1.0,0.0,0.0,0.0
-0.8300979410970113,-0.09582659576267816,-0.929484772973113,0.6931640263676936,-0.16236956570378056,0.3873934565269133,1.5476776873903348,0.06510166265634933,-1.0126572680264885,0.896350201915598,0.6896207377832941,-0.4368983890012147,0.06863560903202695,-1.034644400568793,0.3030324303648021,-0.3372698119735866,1.6443080941269617,-1.0532358403486761,-0.008370041922226614,-0.4545042726906662,0.0,1.0,0.0,0.0,0.0
-0.8300979410970113,-0.09582659576267816,0.825386690093395,1.04621295680251,1.2067816091622825,0.5276001909599836,-0.352336963057784,-0.0377474680331959,1.1417556708362981,-1.1088142035909665,-0.9687888701463342,1.4438688591553532,-1.266418095856426,1.0655792230504455,-0.009239265950867654,-1.233718528053567,-0.06570532716496924,1.315326190493493,0.8020424619157707,-0.4545042726906662,0.0,0.0,0.0,1.0,0.0
3.357925895636421,-0.09582659576267816,0.7712952981417366,-0.2935692609025373,-0.06777532148794742,1.4176155967398898,0.40228568269544585,-0.6377845847947521,-0.03468591425283976,1.345783603149828,-0.13958406618152008,1.101911177672341,1.40368931392048,2.3782189878124695,0.2705765315905729,1.9276214517587895,-0.8717722597604928,-0.39290945599267774,0.9058147947242947,0.5425021059261845,0.0,0.0,0.0,1.0,0.0
-0.8300979410970113,-0.09582659576267816,1.1410030027184683,1.371651524590936,0.5789130629247872,0.7972053448861445,-0.9807263383847565,2.624161571757848,1.367007078514563,-1.039670603401085,-0.9687888701463342,0.24701697396481,-1.266418095856426,0.9343152465742431,1.0882077074852319,-1.2158914229042492,-0.4082837735180672,-1.5484806286156756,-1.5105980978170508,-0.4545042726906662,0.0,0.0,0.0,0.0,1.0
0.6617062493271514,-0.09582659576267816,0.23382081446115816,-0.7737990489296056,-0.8234086333720521,-0.74854546332908,0.15145197809931196,-0.6209949250551222,-0.7817600988447196,0.446916800681368,1.1042231397657012,1.7003371202676125,-1.266418095856426,0.1467313877170287,-0.33140757294977163,0.06543175970296788,1.7353504753531535,-0.8262486457263015,0.13493460814668753,0.5425021059261845,1.0,0.0,0.0,0.0,0.0
-0.8300979410970113,-0.09582659576267816,-1.1288581799969317,1.2235154320030894,-0.9720971351758327,2.0661544113347823,1.0728139019027727,-1.1915090995073558,-0.9266197230628326,-1.3162450041606113,0.6896207377832941,-1.2917925927087455,-1.266418095856426,-1.2971723535211979,-1.2383887044487758,0.17818819977240308,-0.686376865263522,1.610080576553852,0.031162275338163493,-1.4515106513075169,0.0,0.0,0.0,1.0,0.0
0.6617062493271514,-0.09582659576267816,-0.4763254063504322,-0.9245347831413334,1.0134656728096247,0.1606862166577413,-0.12687950155679759,-0.2945829510424179,-0.6396509738206216,0.8617784018206572,0.6896207377832941,-0.009451287147449236,0.06863560903202695,-0.6408524711401857,1.3035782976255772,1.0802397203278835,0.3332978044698148,-0.9321760032167431,-0.838548704390419,-0.4545042726906662,0.0,0.0,0.0,1.0,0.0
-0.8300979410970113,-0.09582659576267816,1.3189456401766244,0.35524505153328223,0.5821181114682137,-0.6888890671684461,-0.09147910007496447,1.7601972846201586,1.4901039810396814,-0.590237202166855,-0.5541864681639271,-0.9498349112257332,-1.266418095856426,0.540523317145636,0.4077565433824739,-1.1511508831514636,-1.652384447116158,0.5396567534925483,1.2467810310951595,-0.4545042726906662,0.0,1.0,0.0,0.0,0.0
0.6617062493271514,-0.09582659576267816,-0.9489683746451855,-0.07529857112410099,2.9494699537680495,-0.6200799616536892,0.7173008337334658,-1.1915090995073558,-1.6884597454331078,0.9309220020105388,1.5188255417481082,-0.1804301278889554,1.40368931392048,-0.7721164476163882,0.6105282066191733,1.3809235605130437,0.6731893610475937,-0.6497030499088993,-0.9324379578838454,-0.4545042726906662,0.0,0.0,0.0,1.0,0.0
-0.8300979410970113,-0.09582659576267816,-1.6144897251251553,-0.1530273877084712,-0.9720971351758327,1.8585229891538653,1.833816633717674,-1.1915090995073558,-1.058933210606492,-1.489104004635315,0.275018335800887,0.3325063943355631,1.40368931392048,-1.4284363299974001,-1.0444823935765746,0.6292139600501433,-2.7257262047301962,2.8812088664391498,0.5944977962987226,-0.4545042726906662,0.0,0.0,0.0,1.0,0.0
0.6617062493271514,-0.09582659576267816,1.091285483851173,-0.9245347831413334,-0.9720971351758327,-0.7160569281954502,-0.872771045831628,0.9898835841622818,0.20914342657798113,0.446916800681368,1.1042231397657012,1.4438688591553532,0.06863560903202695,1.0655792230504455,-1.546816007862205,-0.4493259014835841,-1.3957157659475834,0.5784402253425962,1.587747267466024,0.5425021059261845,0.0,0.0,0.0,1.0,0.0
-0.8300979410970113,-0.09582659576267816,-1.4519220959757373,1.3923655422121313,0.7441603174739571,0.7692987445417321,1.2413855333767627,-1.1915090995073558,-0.7831112212558147,-1.0050988033061443,0.6896207377832941,-1.6337502741917578,0.06863560903202695,-1.2971723535211979,-0.24149134008564635,0.17818819977240308,-0.686376865263522,1.610080576553852,0.6192054945864663,-1.4515106513075169,1.0,0.0,0.0,0.0,0.0
-0.8300979410970113,-0.09582659576267816,-0.6891626670558959,-0.1530273877084712,-0.9720971351758327,-0.16403902469554688,-0.05010656829714344,-1.1915090995073558,-0.44542712722571676,-0.2099474011225066,1.1042231397657012,-1.4627714334502517,0.06863560903202695,-1.034644400568793,-0.7192201946941732,-0.3372698119735866,1.6443080941269617,0.15736253097065425,0.8811070964365508,0.5425021059261845,0.0,0.0,0.0,1.0,0.0
-0.8300979410970113,-0.09582659576267816,0.7437898981839091,-0.5700942558710903,0.0508734605831865,0.28383168049111107,-0.6951670177286366,0.9084060034327873,0.8208158438294131,-0.14080380093262507,-1.7979936741111484,-1.1208137519672394,-1.266418095856426,-0.37832451818778096,0.5719721705662681,-0.8742052408756581,-1.0262684218413018,0.7626617166303205,0.8860486360940997,-0.4545042726906662,0.0,0.0,1.0,0.0,0.0
1.5343557591439694,-0.09582659576267816,0.8150549823395299,-0.9245347831413334,-0.9720971351758327,-0.8904752785619348,-0.7770773068802611,-0.23367269446410174,0.3037702497264553,-0.5210936019769735,-0.13958406618152008,0.3325063943355631,0.06863560903202695,1.7218991054314576,-1.3100895166814175,-0.015108554632343603,0.18762999450790946,0.15736253097065425,-1.23387187699432,1.5395084845430351,1.0,0.0,0.0,0.0,0.0
1.1419599302953858,-0.09582659576267816,-1.0110001804262785,-0.9245347831413334,-0.5094758434875074,-0.3024338174431113,0.4410298283849994,-0.37267967964723286,-0.7899633420549392,0.1357705998269011,-0.13958406618152008,0.9309323369308347,1.40368931392048,-0.5095884946639834,-0.44641964079280444,1.6542725061359163,0.05520471272435914,-1.1632902377413428,-1.3821180667207829,-0.4545042726906662,1.0,0.0,0.0,0.0,0.0
-0.8300979410970113,-0.09582659576267816,0.6586087800624186,-0.5498393197492218,-0.59667896242025,-0.8904752785619348,-0.7744392740070072,-0.33540992088250887,0.34763347371521763,-0.17537560102756583,0.275018335800887,1.101911177672341,0.06863560903202695,0.8030512700980408,-0.3001323615187718,-1.1963664982169009,1.6443080941269617,0.15736253097065425,-0.4629916904167129,-1.4515106513075169,0.0,0.0,0.0,1.0,0.0
-0.8300979410970113,-0.09582659576267816,-0.7602561300017173,-0.9245347831413334,-0.3384604910701818,-0.28315036931348475,-1.184776742901236,0.06510166265634933,-0.25284392927285587,1.3803554032447687,-0.5541864681639271,-0.778856070484227,0.06863560903202695,-1.034644400568793,2.135859106606904,-0.3372698119735866,0.18762999450790946,0.15736253097065425,-1.1548072424735398,1.5395084845430351,0.0,1.0,0.0,0.0,0.0
0.6617062493271514,-0.09582659576267816,-0.008641584761307759,0.12763670212427247,0.058108937978502556,-0.028843167092026997,0.7109070361756267,-0.49410848426511644,-0.5727704144714196,-0.2099474011225066,1.1042231397657012,-1.6337502741917578,0.06863560903202695,-0.2470605417115785,0.749821165093375,0.4557425137894733,1.1960994480903304,-0.8669899370687788,-1.3672934477481367,-0.4545042726906662,0.0,0.0,1.0,0.0,0.0
0.6617062493271514,-0.09582659576267816,-0.9690251048792364,-0.6287259447601075,-0.5370992579026379,-0.06715083380963333,2.3075710214762206,-0.2945829510424179,-1.3337901125206728,0.6543476012510127,0.6896207377832941,-1.2917925927087455,0.06863560903202695,-0.6408524711401857,0.5670439554316863,1.0802397203278835,0.3332978044698148,-0.9321760032167431,-0.838548704390419,-0.4545042726906662,0.0,0.0,0.0,1.0,0.0
-0.8300979410970113,-0.09582659576267816,1.006368937107113,1.325583450158632,1.4463885306617938,1.2281919822201746,-0.6342556983271826,1.308917586971645,1.4154544678266832,-0.17537560102756583,-1.3833912721287414,0.6744640758185755,-1.266418095856426,1.0655792230504455,-1.2694576490277993,-1.233718528053567,-0.06570532716496924,-0.15844573980830085,0.5154331617779423,0.5425021059261845,0.0,1.0,0.0,0.0,0.0
-0.8300979410970113,-0.09582659576267816,-0.6434694262782412,3.35428887405703,1.1764877380842955,2.715813514209807,0.24163056139809402,-1.1915090995073558,-1.1860352259930707,0.5160604008712496,1.5188255417481082,0.24701697396481,-1.266418095856426,-1.034644400568793,-0.1203729687144251,-0.3372698119735866,1.6443080941269617,0.15736253097065425,1.4592672363697563,-0.4545042726906662,0.0,0.0,0.0,0.0,1.0
-0.8300979410970113,-0.09582659576267816,0.9741662742183338,-0.7383999855833682,-0.7844000778059173,-0.18375219120006642,-1.081894962981696,1.115240742295033,1.2469019470425833,1.2420682028650056,-1.7979936741111484,1.8713159610091186,-1.266418095856426,0.40925934066943354,0.7909859698661198,-1.1247751076966253,-1.5927543494709329,1.2334499721433938,-1.1745734011037348,-0.4545042726906662,0.0,0.0,1.0,0.0,0.0
-0.8300979410970113,-0.09582659576267816,0.4627559408740205,-0.9245347831413334,-0.9720971351758327,-0.8904752785619348,-0.9874455108790965,0.25914156367018515,0.6023683025784481,1.518642603624532,0.6896207377832941,0.4179958147063162,0.06863560903202695,0.40925934066943354,-1.618159128968063,-1.1247751076966253,1.806161216306857,-0.6497030499088993,-0.30486242137515246,0.5425021059261845,0.0,1.0,0.0,0.0,0.0
-0.8300979410970113,-0.09582659576267816,-0.09332447981225127,-0.7619642953508271,0.18958124535545454,-0.5855836160803645,-0.528280433145016,0.3805703682880689,-0.4317228856274676,-1.2816732040656704,-0.5541864681639271,-1.9757079556747703,-1.266418095856426,-0.5095884946639834,-0.46818795821232007,-0.8058680044699397,0.9821816852092108,-0.39290945599267774,0.36718697205147943,0.5425021059261845,0.0,0.0,0.0,1.0,0.0
1.1419599302953858,-0.09582659576267816,-1.1161123945729945,0.8488199686109781,-0.4323559218275148,2.889727939933208,1.8400313537690025,-0.37267967964723286,-1.8841312231827572,1.2766400029599465,0.275018335800887,-0.6078772297427208,0.06863560903202695,-0.5095884946639834,0.1276889269241546,1.6542725061359163,0.05520471272435914,-1.1632902377413428,-0.9472625768564917,-0.4545042726906662,1.0,0.0,0.0,0.0,0.0
0.042551568719807045,-0.09582659576267816,-1.3557234684482347,-0.9245347831413334,-0.20500704086675464,-0.8904752785619348,-0.6123997258978758,-1.1915090995073558,-1.401442741819072,-0.7285244025466181,0.6896207377832941,0.16152755359405693,2.738743018808933,-1.034644400568793,-0.2620949422107986,0.9513752173913862,0.18762999450790946,0.15736253097065425,-0.5420563249374931,-0.4545042726906662,0.0,1.0,0.0,0.0,0.0
-0.8300979410970113,-0.09582659576267816,1.1546958256122322,-0.3587962150976444,-0.2464420604112469,-0.35778692266249273,-1.0843026720775761,0.9898835841622818,0.9301602503844577,-0.24451920121744736,-0.9687888701463342,-0.6078772297427208,-1.266418095856426,1.0655792230504455,1.0047988740505438,-1.233718528053567,-0.06570532716496924,0.20999724276714699,0.7625101446553805,0.5425021059261845,0.0,0.0,1.0,0.0,0.0
1.8661217052122583,-0.09582659576267816,-0.11044369693952864,-0.9245347831413334,-0.7872572772499331,-0.7335103539269077,-0.425391844945995,-0.6209949250551222,0.1245535127690698,-1.2471014039707298,-0.5541864681639271,0.24701697396481,1.40368931392048,0.1467313877170287,-1.0514028658932217,1.756778360744494,-0.8138361989801893,-0.2966118582740942,-0.7891333078149313,-0.4545042726906662,0.0,1.0,0.0,0.0,0.0
0.042551568719807045,-0.09582659576267816,-1.4519220959757373,-0.9245347831413334,-0.9720971351758327,-0.8904752785619348,-0.8502071934068133,-1.1915090995073558,-1.099129102336568,1.2766400029599465,-0.13958406618152008,1.101911177672341,1.40368931392048,-1.034644400568793,-0.24149134008564635,0.9513752173913862,0.18762999450790946,0.15736253097065425,-1.2042226390490274,0.5425021059261845,0.0,0.0,0.0,1.0,0.0
0.042551568719807045,-0.09582659576267816,-0.6757920491256059,-0.1678677634097166,-0.13922206800026485,-0.8904752785619348,1.3685525085735721,-1.1915090995073558,-0.5450724050439723,0.34320140039654573,0.6896207377832941,-0.2659195482597085,1.40368931392048,-0.9033804240925906,-0.346125319505537,0.6292139600501433,1.0980538067698178,-0.2966118582740942,-0.0923762161005556,-0.4545042726906662,0.0,1.0,0.0,0.0,0.0
0.042551568719807045,-0.09582659576267816,0.25273924439223905,1.9882555040496943,1.2168718711402353,-0.7524243269963408,0.09282419932093051,0.5242464688177053,0.7183235580734931,-0.6593808023567366,-0.9687888701463342,-1.3772820130794987,0.06863560903202695,0.015467411240826293,0.575339579411344,-0.4231794805979177,-0.0065937521079647175,-0.0847571432932111,1.632221124383963,-0.4545042726906662,0.0,0.0,1.0,0.0,0.0
0.042551568719807045,-0.09582659576267816,-1.5400289483413194,-0.9245347831413334,0.5110137957551313,-0.24052261688286702,0.9262141200426061,-1.1915090995073558,-1.0029098849178746,-0.5556654020719143,-0.13958406618152008,1.5293582795261063,1.40368931392048,-1.1659083770449954,0.012619752791229637,1.3809235605130437,-1.0262684218413018,0.7626617166303205,-0.02813620055242167,-0.4545042726906662,0.0,1.0,0.0,0.0,0.0
0.6617062493271514,-0.09582659576267816,0.6121649837147961,-0.780424856119291,-0.17975435210490942,-0.11695645385452123,-0.018462366366941273,0.06510166265634933,0.6359050909966988,-0.901383403021322,-1.3833912721287414,-0.1804301278889554,0.06863560903202695,0.8030512700980408,-0.5972468701132728,-0.3372698119735866,-1.269048105111144,1.3679609022899857,0.8613409378063558,-0.4545042726906662,0.0,1.0,0.0,0.0,0.0
-0.8300979410970113,-0.09582659576267816,-1.494553456141747,0.9503038586675181,1.6845734870622675,0.3048910918053388,1.66781871569724,-1.1915090995073558,-0.8297731988104167,1.1037810024852426,0.6896207377832941,-0.4368983890012147,0.06863560903202695,-1.4284363299974001,-0.12290616340977109,0.6292139600501433,-0.17653953039685363,0.7626617166303205,0.04598689431080979,-0.4545042726906662,0.0,1.0,0.0,0.0,0.0
-0.8300979410970113,-0.09582659576267816,-1.7601215614030006,-0.9245347831413334,-0.9720971351758327,-0.8904752785619348,-0.6542982457001006,-1.1915090995073558,-0.22157509633037178,-1.489104004635315,0.6896207377832941,0.3325063943355631,1.40368931392048,-1.4284363299974001,-0.8005357444147736,0.6292139600501433,-0.17653953039685363,0.7626617166303205,-1.0559764493225645,1.5395084845430351,1.0,0.0,0.0,0.0,0.0
1.5343557591439694,-0.09582659576267816,1.0572225409969007,-0.04162292038083476,-0.12745874862749912,-0.721196870204622,-0.5938582541979582,-0.0377474680331959,0.6132255362390329,-0.2790910013123881,0.6896207377832941,0.6744640758185755,0.06863560903202695,1.0655792230504455,0.17593522181691876,0.3350667250863988,1.7076419245451815,-1.6322176701100959,0.7575686049978317,1.5395084845430351,1.0,0.0,0.0,0.0,0.0
1.8661217052122583,-0.09582659576267816,0.5601672653809897,-0.40076759957441643,-0.8110861406798866,-0.2263351399306728,-0.499263426600735,-0.4382590515720541,-0.5381720298730229,1.0000656022004204,1.1042231397657012,1.3583794387846002,0.06863560903202695,1.196843199526648,-0.49721583672681996,0.6292139600501433,0.6731893610475937,-0.6497030499088993,0.8909901757516484,-0.4545042726906662,0.0,0.0,1.0,0.0,0.0
-0.8300979410970113,-0.09582659576267816,1.044594778882037,-0.9245347831413334,-0.46977960287098763,-0.2519756224735871,-0.16623593420013255,2.2690023737691933,0.5100576892775653,-0.0025166005528619827,-0.9687888701463342,1.016421757301588,-1.266418095856426,0.40925934066943354,-0.27734021600981995,-1.1247751076966253,-0.4597824942116696,-1.120491305421972,0.02622073568061473,-0.4545042726906662,0.0,1.0,0.0,0.0,0.0
0.6617062493271514,-0.09582659576267816,-0.9792791276809844,-0.32840076677483854,-0.31463162764022823,-0.32916716380480865,0.22516515830113437,-1.1915090995073558,-1.7742077641658147,-0.34823460150226965,1.1042231397657012,-0.6078772297427208,0.06863560903202695,-0.7721164476163882,1.4825546900482356,1.3809235605130437,-0.4597824942116696,0.29187346111724705,0.04104535465326102,1.5395084845430351,1.0,0.0,0.0,0.0,0.0
-0.8300979410970113,-0.09582659576267816,-1.3557234684482347,-0.39994590667933155,-0.9720971351758327,-0.39653266635505513,-0.6123997258978758,-1.1915090995073558,-1.1755640273070844,-1.5928194049201374,0.6896207377832941,-1.2917925927087455,0.06863560903202695,-1.2971723535211979,0.39722032579406913,0.17818819977240308,-0.686376865263522,1.610080576553852,-0.5914717215129808,-0.4545042726906662,0.0,1.0,0.0,0.0,0.0
-0.8300979410970113,-0.09582659576267816,-1.3380113124431865,-0.9245347831413334,-0.9720971351758327,-0.8904752785619348,-1.184776742901236,-1.1915090995073558,0.13584503577607793,-0.41737820169215123,-0.5541864681639271,1.6148476998968595,2.738743018808933,-1.2971723535211979,-0.9503275465316694,0.17818819977240308,-0.686376865263522,1.610080576553852,0.30788849616089425,1.5395084845430351,0.0,1.0,0.0,0.0,0.0
1.1419599302953858,-0.09582659576267816,-0.37121319220371624,-0.08222617008951903,-0.08871474970161101,-0.32053030178984465,-0.46185689567348254,-0.4382590515720541,-1.0431540310197756,-0.9359552031162628,1.1042231397657012,-1.4627714334502517,0.06863560903202695,-0.37832451818778096,0.9782419057233586,1.3809235605130437,-0.17653953039685363,-0.6497030499088993,0.7279193670525392,1.5395084845430351,0.0,0.0,1.0,0.0,0.0
-0.8300979410970113,-0.09582659576267816,-1.6690692199369324,-0.08734813784635694,0.8143838111719902,-0.8904752785619348,0.558573161676854,-1.1915090995073558,-1.32915769282549,1.034637402295361,1.1042231397657012,-1.2063031723379924,0.06863560903202695,-1.4284363299974001,0.10100621987883862,0.6292139600501433,-0.17653953039685363,0.7626617166303205,0.4215439082845158,-0.4545042726906662,0.0,0.0,1.0,0.0,0.0
-0.8300979410970113,-0.09582659576267816,-0.9199478389602104,-0.3780852816559911,0.5836560554897576,-0.8904752785619348,-0.30272689065558517,0.25914156367018515,-0.8502813068359656,-0.10623200083768429,-0.5541864681639271,-1.719239694562511,-1.266418095856426,-1.1659083770449954,-0.30233484119701104,-0.12249564041275783,-1.0262684218413018,0.7626617166303205,-0.3098039610327012,1.5395084845430351,0.0,0.0,1.0,0.0,0.0
0.042551568719807045,-0.09582659576267816,0.9765175857429361,-0.7390382626891685,-0.9720971351758327,-0.8904752785619348,-0.9714897277291511,0.18811781682473352,0.7101685692350984,1.1383528025801835,-0.13958406618152008,1.101911177672341,0.06863560903202695,0.540523317145636,-0.49341370692568504,-0.6763869249643686,2.1043117045329782,-1.2443829516096232,0.48578392383264973,1.5395084845430351,0.0,1.0,0.0,0.0,0.0
-0.8300979410970113,-0.09582659576267816,-1.0442692012971415,-0.5939233527390705,-0.486340596383321,-0.27302642795431037,1.710262435571476,0.5242464688177053,-0.7932446393390271,-1.350816804255552,0.6896207377832941,-0.1804301278889554,0.06863560903202695,-1.2971723535211979,-0.22857043705800908,0.17818819977240308,-0.686376865263522,-0.0847571432932111,0.8959317154091971,0.5425021059261845,0.0,1.0,0.0,0.0,0.0
0.042551568719807045,-0.09582659576267816,-1.431565967420095,0.23291181251963117,0.29577580927292996,-0.8904752785619348,1.1752901782593455,-1.1915090995073558,-1.428658207528271,0.06662699963701955,1.1042231397657012,-1.2063031723379924,0.06863560903202695,-1.034644400568793,0.19742782033804837,0.9513752173913862,0.18762999450790946,0.15736253097065425,0.05092843396835855,-0.4545042726906662,0.0,0.0,0.0,1.0,0.0
-0.8300979410970113,-0.09582659576267816,0.8370057940821396,0.009450946356380427,1.1858011612356245,-0.011052607415255884,0.30578450194815715,0.7357295662767236,0.5108780135985873,-0.38280640159721047,-0.9687888701463342,0.7599534961893285,1.40368931392048,0.9343152465742431,0.10287485554665249,-1.2158914229042492,-0.8717722597604928,1.1478521075046526,1.4889164743150487,-0.4545042726906662,1.0,0.0,0.0,0.0,0.0
-0.8300979410970113,-0.09582659576267816,1.1242001894807727,1.059133552909029,-0.26212114411324,0.31532429845602244,-0.9608981583910726,0.3805703682880689,1.1617812351435988,-1.350816804255552,-0.5541864681639271,0.07603813322330386,-1.266418095856426,0.9343152465742431,-0.36801822266927814,-1.2158914229042492,2.372647143936489,-1.1632902377413428,1.0688856034234038,-0.4545042726906662,1.0,0.0,0.0,0.0,0.0
-0.8300979410970113,-0.09582659576267816,-1.0110001804262785,-0.30000877186414515,1.407768888650334,-0.3024338174431113,1.9868436298457115,-1.1915090995073558,-1.0105340756661965,-1.212529603875789,1.1042231397657012,-0.2659195482597085,0.06863560903202695,-1.2971723535211979,0.0781968090175197,0.17818819977240308,-0.686376865263522,1.610080576553852,1.1874825552045742,-0.4545042726906662,0.0,1.0,0.0,0.0,0.0
-0.8300979410970113,-0.09582659576267816,1.225860868989852,-0.22048430928671717,-0.6280115665218616,-0.615911249072424,-0.4199291585762757,1.0779709835303086,1.5145206931830408,-1.0742424034960258,-0.9687888701463342,0.3325063943355631,-1.266418095856426,0.9343152465742431,0.7485400504418234,-1.2158914229042492,0.5186931989667852,-0.39290945599267774,0.6389716532166614,-0.4545042726906662,0.0,0.0,0.0,1.0,0.0
-0.8300979410970113,-0.09582659576267816,1.1681190871639007,-0.683014835286415,-0.278312651108058,0.47869296811677015,-0.9194066064020278,0.8183517105916509,0.8221669662405081,1.5877862038144135,-0.9687888701463342,-1.6337502741917578,-1.266418095856426,0.8030512700980408,2.378595598042767,-1.1963664982169009,-0.7834887385714597,0.9644281118502092,1.651987283014158,-0.4545042726906662,0.0,0.0,1.0,0.0,0.0
-0.8300979410970113,-0.09582659576267816,-0.4665140188556724,3.1510751136932296,0.13767646365071243,-0.4949780399441548,0.13920649993116402,-0.083099853583399,-0.4924751397549173,-1.3162450041606113,0.275018335800887,-1.4627714334502517,-1.266418095856426,-0.9033804240925906,0.20274603810918018,-0.4983504406442075,-0.17653953039685363,0.7626617166303205,-0.7397179112394436,-0.4545042726906662,1.0,0.0,0.0,0.0,0.0
0.6617062493271514,-0.09582659576267816,0.9887306823762886,-0.9245347831413334,-0.9720971351758327,-0.8904752785619348,-0.8764406651230626,-0.2945829510424179,0.17348344579943836,0.5506322009661904,1.1042231397657012,-0.009451287147449236,0.06863560903202695,0.6717872936218383,-1.7106920242824066,-0.2728375605053374,-0.686376865263522,1.1863711465920865,1.1331256189715377,1.5395084845430351,0.0,1.0,0.0,0.0,0.0
0.042551568719807045,-0.09582659576267816,0.412319105623676,-0.38871792268619604,-0.43601424106128667,-0.3859606165228317,-0.8886161483334352,1.115240742295033,0.3703612828447084,0.758063001535835,-0.9687888701463342,1.6148476998968595,0.06863560903202695,0.40925934066943354,-0.929646232629928,-0.623635374054691,-1.0262684218413018,0.29187346111724705,0.13493460814668753,1.5395084845430351,0.0,0.0,0.0,1.0,0.0
-0.8300979410970113,-0.09582659576267816,-1.828366436742988,4.734435403417671,-0.9720971351758327,0.11094429081318824,0.4912500212909224,-1.1915090995073558,-1.1787005614756978,-1.2471014039707298,1.1042231397657012,-0.35140896863046156,0.06863560903202695,-1.4284363299974001,1.1420023877995675,0.6292139600501433,-0.17653953039685363,0.7626617166303205,-0.17638239027888458,-2.4485170299243677,0.0,0.0,0.0,1.0,0.0
-0.8300979410970113,-0.09582659576267816,0.832671798560797,-0.22559900252049578,1.4764078504951554,1.9026345339248012,0.6519890988539235,3.0083211063729305,1.496184031889609,0.30862960030160497,-1.7979936741111484,1.4438688591553532,-1.266418095856426,0.1467313877170287,-0.25554854947883515,-1.062132640991383,-1.4511328675635249,-1.3558854331785088,-0.606296340485627,-0.4545042726906662,1.0,0.0,0.0,0.0,0.0
0.042551568719807045,-0.09582659576267816,-1.271433625382314,-0.9245347831413334,-0.9720971351758327,-0.8904752785619348,-0.43464123081539663,-1.1915090995073558,-0.35306825955300924,0.5506322009661904,0.275018335800887,0.3325063943355631,1.40368931392048,-1.1659083770449954,-0.2777929247823437,1.3809235605130437,-1.0262684218413018,0.7626617166303205,0.08551921157119989,-0.4545042726906662,0.0,1.0,0.0,0.0,0.0
-0.8300979410970113,-0.09582659576267816,0.9933263504308032,0.7235908182949711,0.32737399932964967,1.8397287204124135,0.6441876945772913,1.033051557966739,1.6029227023661132,-1.6965348052049596,-1.7979936741111484,-0.09494070751820233,-1.266418095856426,0.015467411240826293,0.5695287697852564,-1.0245471609682386,-0.0065937521079647175,-0.0847571432932111,-1.6835519858312575,-0.4545042726906662,1.0,0.0,0.0,0.0,0.0
0.6617062493271514,-0.09582659576267816,-1.2404337569099257,-0.9245347831413334,1.1791581947471517,0.3311817282358754,0.42041815883056294,-1.1915090995073558,-1.0251551503291172,-0.5556654020719143,0.6896207377832941,-0.1804301278889554,1.40368931392048,-0.9033804240925906,0.19742782033804837,1.756778360744494,-0.17653953039685363,-0.2966118582740942,0.9749963499299774,-0.4545042726906662,0.0,0.0,0.0,0.0,1.0
-0.8300979410970113,-0.09582659576267816,-1.9042089357148482,-0.9245347831413334,-0.9720971351758327,-0.8904752785619348,1.2413855333767627,-1.1915090995073558,-0.8896086198731948,1.4149272033397096,0.275018335800887,-0.6078772297427208,0.06863560903202695,-1.4284363299974001,-0.4956024329625223,0.6292139600501433,-0.17653953039685363,0.7626617166303205,-0.8731394819932603,0.5425021059261845,0.0,1.0,0.0,0.0,0.0
1.1419599302953858,-0.09582659576267816,0.7519955286919733,-0.16209023839124145,-0.7813926711476897,-0.17257242740602674,-1.0811034669753896,1.0520821039624233,0.9407762121859183,1.5877862038144135,-0.5541864681639271,1.016421757301588,0.06863560903202695,1.4593711524790527,0.4630202527406622,-0.23814327125320392,-0.3726308130378807,-0.5410596063289597,-0.7891333078149313,-0.4545042726906662,0.0,1.0,0.0,0.0,0.0
0.042551568719807045,-0.09582659576267816,1.1246725689014445,0.13686450970495131,-0.4562433808494925,0.4343975774533681,-0.5056996307735868,0.3805703682880689,0.9812616301469432,1.518642603624532,-0.5541864681639271,-1.4627714334502517,0.06863560903202695,0.9343152465742431,0.5437348297951506,-0.8058680044699397,0.9821816852092108,-0.39290945599267774,0.8959317154091971,-0.4545042726906662,0.0,1.0,0.0,0.0,0.0
0.6617062493271514,-0.09582659576267816,0.8942939061036917,-0.5458721365731226,-0.7891613595427001,-0.3582044475118808,-1.184776742901236,1.5157523258338912,0.8754397927351106,-0.38280640159721047,-0.9687888701463342,0.24701697396481,-1.266418095856426,0.40925934066943354,2.0415573029140797,-0.12249564041275783,-0.4597824942116696,-1.120491305421972,-0.5420563249374931,1.5395084845430351,0.0,0.0,1.0,0.0,0.0
-0.8300979410970113,-0.09582659576267816,0.9921803339148765,0.5273225260870925,0.4189304525941491,-0.8904752785619348,-0.9852729357027644,0.6969229059737683,0.9883550228051919,-1.0742424034960258,-1.7979936741111484,-0.4368983890012147,-1.266418095856426,0.40925934066943354,0.786075739190879,-1.1247751076966253,-1.0262684218413018,1.2334499721433938,1.2665471897253544,-0.4545042726906662,0.0,1.0,0.0,0.0,0.0
1.5343557591439694,-0.09582659576267816,1.0414009572750842,-0.9245347831413334,-0.9720971351758327,-0.8904752785619348,-1.0830832274231987,-0.083099853583399,0.4045253780966817,0.27405780020666415,0.275018335800887,-0.6078772297427208,0.06863560903202695,1.196843199526648,-0.6384777381196074,0.2533591598186926,1.947782698214265,-1.708976624813314,0.9898209689026236,1.5395084845430351,0.0,0.0,1.0,0.0,0.0
0.042551568719807045,10.435516278555651,-1.1685905636340725,-0.13759316403788396,-0.9720971351758327,-0.5162857791425433,0.8344612343218255,-1.1915090995073558,-0.626043240966022,-0.14080380093262507,0.6896207377832941,-0.778856070484227,1.40368931392048,-1.034644400568793,0.3030324303648021,0.9513752173913862,0.18762999450790946,0.15736253097065425,-0.7001855939790536,-0.4545042726906662,0.0,0.0,1.0,0.0,0.0
-0.8300979410970113,-0.09582659576267816,-0.695947595339319,-0.9245347831413334,-0.9720971351758327,-0.8904752785619348,-0.13852279555085226,-1.1915090995073558,-0.04245486811663596,0.41234500058642726,0.275018335800887,1.187400598043094,0.06863560903202695,-1.034644400568793,-1.116762882217108,-0.3372698119735866,0.18762999450790946,1.3679609022899857,0.29800541684579673,-0.4545042726906662,0.0,1.0,0.0,0.0,0.0
-0.8300979410970113,-0.09582659576267816,1.2242305522144807,-0.18476564961571434,-0.25700439575979195,0.4773802342730412,-0.8766762475223688,0.5242464688177053,0.8128538724783176,-1.489104004635315,-1.7979936741111484,-0.009451287147449236,-1.266418095856426,0.015467411240826293,1.802048766103841,-1.0245471609682386,-0.686376865263522,1.0451346699381643,1.0392363654781114,1.5395084845430351,0.0,1.0,0.0,0.0,0.0
-0.8300979410970113,10.435516278555651,0.8030523900861339,-0.5564386377878019,0.10428604192408159,-0.8904752785619348,-1.088557951821966,0.6356158371085828,0.649319806363999,0.5506322009661904,-1.3833912721287414,2.213273642492131,-1.266418095856426,-0.11579656523537611,-0.4210631790519726,-0.9815923266560724,0.9159690443174356,-0.447936654689011,-0.2010900885666284,0.5425021059261845,0.0,1.0,0.0,0.0,0.0
0.042551568719807045,-0.09582659576267816,0.29227957629836254,-0.24223804881655997,-0.46668184286071784,-0.0804192426857426,-0.2536657823731224,1.8053321518977248,-0.23817460023811024,0.10119879973196033,-0.13958406618152008,1.7858265406383655,1.40368931392048,0.1467313877170287,-0.7000871241716791,-0.4983504406442075,-0.17653953039685363,-1.3558854331785088,-0.4432255317865178,1.5395084845430351,0.0,0.0,0.0,1.0,0.0
-0.8300979410970113,-0.09582659576267816,1.3973627514707263,0.5110357871521833,0.39638260289563715,0.4612298553334496,-0.8810098826938781,1.4082014204835467,1.3029252727312004,1.3112118030548872,-1.3833912721287414,1.016421757301588,-1.266418095856426,0.9343152465742431,1.0691931403591786,-1.2158914229042492,-0.8717722597604928,0.37747132575598724,1.4098518397942685,-0.4545042726906662,0.0,1.0,0.0,0.0,0.0
0.6617062493271514,-0.09582659576267816,0.5666204334164742,-0.9245347831413334,-0.9720971351758327,-0.8904752785619348,-0.5055326851269493,-0.33540992088250887,0.5100576892775653,-0.38280640159721047,-0.5541864681639271,-0.009451287147449236,0.06863560903202695,0.8030512700980408,-0.9590754954423595,-0.3372698119735866,0.18762999450790946,0.5608953214104312,-1.2585795752820639,1.5395084845430351,0.0,0.0,0.0,0.0,1.0
0.6617062493271514,-0.09582659576267816,-1.0673859800465666,0.08445135643882785,1.599110797849315,1.542097351165023,-0.09660408364087965,-0.2945829510424179,-1.118286087951022,0.1357705998269011,-0.5541864681639271,-0.778856070484227,1.40368931392048,-0.6408524711401857,-0.5936803986342996,1.0802397203278835,-0.686376865263522,-0.0847571432932111,-1.130099544185796,-0.4545042726906662,0.0,1.0,0.0,0.0,0.0
-0.8300979410970113,-0.09582659576267816,-1.6144897251251553,-0.9245347831413334,1.1905822225687657,-0.16403902469554688,0.7975421753044954,-1.1915090995073558,-0.6707267892758064,-0.6248090022617958,1.5188255417481082,-0.778856070484227,0.06863560903202695,-1.4284363299974001,-0.06869579692937075,0.6292139600501433,-0.17653953039685363,0.7626617166303205,1.1331256189715377,1.5395084845430351,0.0,1.0,0.0,0.0,0.0
2.153510439751314,-0.09582659576267816,0.39464227193552903,-0.608529319703217,-0.7961833679633679,-0.5929307230330777,0.15923483629404142,0.011479854967848986,-0.006650124222618716,0.6197758011560719,0.6896207377832941,0.16152755359405693,1.40368931392048,0.9343152465742431,0.6134330250183369,1.2442490877016072,0.05520471272435914,-1.1632902377413428,0.9601717309573311,-0.4545042726906662,0.0,1.0,0.0,0.0,0.0
0.042551568719807045,-0.09582659576267816,0.6250590925210074,-0.9245347831413334,-0.39493864991673033,-0.18255152024517726,0.8419044332664762,-0.24966352547884904,0.15374740772308654,0.5506322009661904,-0.5541864681639271,-0.009451287147449236,0.06863560903202695,0.540523317145636,-0.9407551988391857,-0.6763869249643686,0.4942990681119206,0.5396567534925483,1.5976303467811217,-0.4545042726906662,0.0,0.0,1.0,0.0,0.0
-0.8300979410970113,-0.09582659576267816,1.078268296081813,-0.9245347831413334,0.35959268446736664,-0.32219585192409816,-0.9533500824214717,1.870911523822546,1.3469332598354373,0.5160604008712496,-1.3833912721287414,0.7599534961893285,-1.266418095856426,1.4593711524790527,2.8960643200350686,-1.2789719488172202,-1.1569959436019859,0.1108010551506806,0.26835617890050417,-0.4545042726906662,0.0,1.0,0.0,0.0,0.0
0.042551568719807045,-0.09582659576267816,-1.141846756830402,0.1998236347280535,0.6486101604022039,2.7269846546301597,0.5822350914375154,-1.1915090995073558,-0.9651749661508646,1.1383528025801835,0.6896207377832941,-0.6078772297427208,0.06863560903202695,-1.034644400568793,1.1685760968585865,0.9513752173913862,0.18762999450790946,0.15736253097065425,0.5747316376685275,-0.4545042726906662,1.0,0.0,0.0,0.0,0.0
-0.8300979410970113,-0.09582659576267816,1.3235469738394516,-0.591378108890141,0.12444663556825514,0.3426008101360887,0.053233756446895784,0.42570523556563544,0.9847841992901551,-0.7630962026415589,-0.9687888701463342,0.5889746554478223,-1.266418095856426,0.1467313877170287,0.2904057922094295,-1.062132640991383,-0.17653953039685363,0.7626617166303205,1.1627748569168304,-0.4545042726906662,0.0,0.0,0.0,1.0,0.0
0.042551568719807045,-0.09582659576267816,0.8679736599419315,-0.9245347831413334,-0.7965366170146482,-0.7228564852089621,-0.7752528212731865,0.9084060034327873,0.04811858779855321,0.4814886007763088,1.1042231397657012,-0.5223878093719677,0.06863560903202695,0.1467313877170287,-0.8539247417060771,-0.4983504406442075,-1.4511328675635249,0.7626617166303205,1.0935933017111477,1.5395084845430351,0.0,0.0,1.0,0.0,0.0
-0.8300979410970113,-0.09582659576267816,-1.494553456141747,1.5375390207501538,-0.9720971351758327,2.4864390625636457,-0.14850228448805688,-1.1915090995073558,-0.7688279271956676,0.5852040010611311,0.275018335800887,-1.2917925927087455,0.06863560903202695,-1.2971723535211979,-0.12290616340977109,0.17818819977240308,-0.686376865263522,1.610080576553852,-1.4117673046660755,-1.4515106513075169,0.0,1.0,0.0,0.0,0.0
1.8661217052122583,-0.09582659576267816,-0.057644567803582146,-0.6171704506493898,-0.6318945989085343,-0.7452059044195066,0.33108340634790956,-0.6209949250551222,-0.1659378056163531,0.6889194013459534,1.1042231397657012,-0.5223878093719677,1.40368931392048,0.1467313877170287,-0.5796391723391275,1.756778360744494,0.46075713818648206,-1.3558854331785088,1.2616056500678057,-0.4545042726906662,0.0,1.0,0.0,0.0,0.0
-0.8300979410970113,-0.09582659576267816,-1.5169121695918946,-0.2576601719577463,0.4623072989059783,-0.26255920515215514,2.311690230630919,0.5242464688177053,-1.0649167527127699,0.10119879973196033,-0.5541864681639271,-0.09494070751820233,0.06863560903202695,-1.2971723535211979,-0.3378783063492892,0.17818819977240308,-0.686376865263522,-0.0847571432932111,-0.24556394548456728,0.5425021059261845,0.0,0.0,1.0,0.0,0.0
1.1419599302953858,-0.09582659576267816,1.0897961210461664,-0.7531095844361576,-0.8030295765355089,-0.7290646687571893,-0.41193099718504433,-0.0377474680331959,0.5883745347492499,-0.14080380093262507,1.1042231397657012,0.24701697396481,0.06863560903202695,1.0655792230504455,-0.5196975767072302,-0.057129588198592526,-0.9523789530200455,0.9468832079180446,1.192424094862123,-0.4545042726906662,0.0,0.0,1.0,0.0,0.0
0.6617062493271514,-0.09582659576267816,-0.9012650355792018,0.12482957874327015,-0.385252186261415,-0.14453217691514106,-0.7468926354214394,-1.1915090995073558,-0.6291797751346354,-1.627391205015078,1.1042231397657012,-0.2659195482597085,1.40368931392048,-0.7721164476163882,0.4303366177943133,1.3809235605130437,0.6731893610475937,-0.6497030499088993,0.09046075122874866,1.5395084845430351,0.0,0.0,1.0,0.0,0.0
1.1419599302953858,-0.09582659576267816,-0.5659674481070045,-0.9245347831413334,-0.9720971351758327,-0.8904752785619348,1.66781871569724,0.3805703682880689,-0.26630689901198096,1.2766400029599465,1.1042231397657012,-0.5223878093719677,1.40368931392048,-0.5095884946639834,-0.1906691215102711,1.6542725061359163,0.05520471272435914,-1.933671019490008,1.612454965753768,0.5425021059261845,0.0,0.0,1.0,0.0,0.0
-0.8300979410970113,-0.09582659576267816,-0.8312672552469645,1.1480031816567966,1.196784115294904,-0.4387028754283282,3.088638709286542,0.5242464688177053,-1.400911943728999,-0.901383403021322,1.5188255417481082,-0.09494070751820233,-1.266418095856426,-1.2971723535211979,-0.5144254768793287,0.17818819977240308,-0.686376865263522,-0.0847571432932111,0.56484855835343,-0.4545042726906662,0.0,0.0,1.0,0.0,0.0
-0.8300979410970113,-0.09582659576267816,-1.3557234684482347,1.094766567135944,0.5237121379444708,1.0108593256251683,-0.8948221613588189,-1.1915090995073558,-1.0296428069088255,-1.2471014039707298,1.1042231397657012,-1.719239694562511,0.06863560903202695,-1.2971723535211979,1.0565355937989367,0.17818819977240308,-0.686376865263522,1.610080576553852,0.9502886516422335,-0.4545042726906662,0.0,0.0,1.0,0.0,0.0
0.042551568719807045,-0.09582659576267816,1.092771600675827,-0.584640070778999,-0.6373493946106918,-0.5704370741077115,-0.010840333324087252,0.9084060034327873,0.7146079714429819,-1.212529603875789,0.275018335800887,0.6744640758185755,0.06863560903202695,0.6717872936218383,-1.4474579282849094,-0.7238633207830776,-1.1962142001301908,0.7626617166303205,-0.41357629384122524,1.5395084845430351,0.0,0.0,0.0,1.0,0.0
-0.8300979410970113,-0.09582659576267816,-1.141846756830402,2.2723615995261834,-0.41159161943226097,3.0233389810511664,1.1127135886386508,-1.1915090995073558,-1.0034406830079476,1.484070803529591,0.6896207377832941,-0.009451287147449236,0.06863560903202695,-1.2971723535211979,0.052480316379759064,0.17818819977240308,-0.686376865263522,1.610080576553852,0.12999306848913877,-0.4545042726906662,0.0,0.0,1.0,0.0,0.0
-0.8300979410970113,-0.09582659576267816,-1.8652337755497168,-0.9245347831413334,-0.9720971351758327,-0.8904752785619348,-0.563313175553508,-1.1915090995073558,-0.8703068711432663,-0.38280640159721047,1.1042231397657012,-0.009451287147449236,1.40368931392048,-1.4284363299974001,0.3713648250879954,0.6292139600501433,-0.17653953039685363,0.7626617166303205,0.9058147947242947,1.5395084845430351,0.0,1.0,0.0,0.0,0.0
-0.8300979410970113,-0.09582659576267816,-1.6980897556219077,3.819344034280505,-0.9720971351758327,0.7211277154242802,1.437294481083475,-1.1915090995073558,-1.526325056101709,0.8617784018206572,0.6896207377832941,-1.3772820130794987,0.06863560903202695,-1.4284363299974001,-0.17218831475558977,0.6292139600501433,-2.7257262047301962,2.8812088664391498,-0.6260624991158221,-0.4545042726906662,0.0,1.0,0.0,0.0,0.0
0.6617062493271514,-0.09582659576267816,0.10775328044917978,-0.2091498710249827,2.171067274292291,1.2656481854512982,0.5199756719071166,-0.5422446597447547,-1.1675538015841642,-1.212529603875789,0.6896207377832941,1.272890018413847,-1.266418095856426,-0.11579656523537611,0.3890806311273421,0.30705270270889934,0.18762999450790946,0.15736253097065425,1.0392363654781114,-0.4545042726906662,0.0,0.0,0.0,0.0,1.0
2.153510439751314,-0.09582659576267816,-0.18357224340742556,-0.6468231062054711,-0.16610293665428114,-0.8029018281580401,0.3504777677541363,-0.6209949250551222,-0.7686349097083683,1.5532144037194726,1.1042231397657012,-0.35140896863046156,2.738743018808933,0.1467313877170287,1.4481667798492213,2.3205605610916695,-0.17653953039685363,-1.3558854331785088,1.5926888071235727,-1.4515106513075169,0.0,1.0,0.0,0.0,0.0
-0.8300979410970113,-0.09582659576267816,-1.7933905822738636,-0.9245347831413334,-0.9720971351758327,-0.8904752785619348,1.7990796954359833,0.9084060034327873,-0.7466791705280748,-0.5556654020719143,-0.9687888701463342,-1.0353243315964862,0.06863560903202695,-1.4284363299974001,-1.5922924127469347,0.6292139600501433,-2.7257262047301962,0.7626617166303205,-1.298111892542454,0.5425021059261845,0.0,0.0,1.0,0.0,0.0
0.6617062493271514,-0.09582659576267816,-1.2874785931082473,2.1761711043844265,1.0179923416065424,0.8337222886425084,1.809681990214464,0.9084060034327873,-1.9963708920472911,-0.590237202166855,-0.13958406618152008,-0.1804301278889554,0.06863560903202695,-0.9033804240925906,-0.6319547267013345,1.756778360744494,-1.4511328675635249,-1.3558854331785088,0.2782392582156017,-0.4545042726906662,0.0,0.0,1.0,0.0,0.0
0.6617062493271514,-0.09582659576267816,0.3918816217417461,-0.4895822131757242,-0.8541098772489145,-0.7778807053437079,0.9547751339041843,0.3378918289805533,-0.37743671732454387,-1.3162450041606113,0.6896207377832941,0.07603813322330386,0.06863560903202695,0.2779953641932311,-1.1443088001441413,-0.03405921682888675,1.4729342000541326,-1.4805058537554991,-0.48275784904690794,0.5425021059261845,0.0,0.0,0.0,1.0,0.0
1.1419599302953858,-0.09582659576267816,0.8782174129302631,0.030551686983018054,-0.5013225204695442,0.008815436708962534,0.4121419935664112,0.463727920778138,0.5676734092364017,1.0000656022004204,-1.3833912721287414,0.7599534961893285,0.06863560903202695,1.4593711524790527,-0.8713328648182816,-0.23814327125320392,-1.1569959436019859,0.7626617166303205,1.3752610621914272,-0.4545042726906662,0.0,0.0,0.0,1.0,0.0
-0.8300979410970113,-0.09582659576267816,-0.6006467686873634,-0.9245347831413334,-0.718676021706718,0.36571791250195174,0.8134262576530091,0.06510166265634933,-0.6173574540375543,0.2394860001117234,0.275018335800887,1.7003371202676125,0.06863560903202695,-1.034644400568793,-1.235645264849565,-0.3372698119735866,0.18762999450790946,0.15736253097065425,1.5531564898631827,-0.4545042726906662,0.0,0.0,0.0,1.0,0.0
0.6617062493271514,-0.09582659576267816,0.9835232603784283,-0.5754852714054021,-0.6283594527886261,-0.5618170943107286,-0.4155019495637271,-0.24966352547884904,1.5464168329592476,0.27405780020666415,-0.13958406618152008,0.07603813322330386,1.40368931392048,0.540523317145636,-0.9734959290293496,-0.20162296677727368,-1.652384447116158,1.8776865323191776,0.31283003581844304,1.5395084845430351,1.0,0.0,0.0,0.0,0.0
-2.321902131521174,-0.09582659576267816,1.251429358639908,0.5364704773304593,-0.6980198372736612,0.4851786614767692,-0.8339163021714249,1.3911067712999385,1.8666328443887603,-1.4545322045403744,-1.7979936741111484,-0.8643454908549801,-1.266418095856426,0.540523317145636,1.6571776196952002,-1.6259148413385582,-0.0423718106950989,0.09364682721700525,-0.8731394819932603,-0.4545042726906662,0.0,0.0,0.0,1.0,0.0
0.042551568719807045,-0.09582659576267816,-0.1490790217293383,-0.5732590723945269,-0.9720971351758327,0.16356293488290158,-0.9906170756156045,-0.4382590515720541,0.5251130532869096,-1.6965348052049596,-0.5541864681639271,-0.8643454908549801,0.06863560903202695,-0.37832451818778096,0.2140771957927171,-0.12249564041275783,-0.17653953039685363,0.7626617166303205,-0.7496009905545412,0.5425021059261845,0.0,0.0,0.0,1.0,0.0
-0.8300979410970113,-0.09582659576267816,0.9562681425769307,1.5642156284028825,0.18328860716000409,0.5477559323510456,-0.43014002916395194,0.9084060034327873,1.0942251145888493,0.5852040010611311,-1.3833912721287414,-2.061197376045523,-1.266418095856426,0.1467313877170287,0.39683031380471395,-1.062132640991383,0.46075713818648206,-0.2966118582740942,-1.4710657805566607,-0.4545042726906662,0.0,0.0,1.0,0.0,0.0
-0.8300979410970113,-0.09582659576267816,-0.1900356061737033,-0.09519297027694815,-0.8333213553637774,-0.10958326990666545,-0.002873740803581391,-0.2945829510424179,-0.02918491586481016,1.2766400029599465,0.275018335800887,1.9568053813798718,-1.266418095856426,-0.6408524711401857,0.4308695898708726,-0.7238633207830776,1.3529724742031521,-0.0847571432932111,0.4116608289694183,1.5395084845430351,0.0,1.0,0.0,0.0,0.0
0.6617062493271514,-0.09582659576267816,0.7116756272358781,-0.06861095555109505,-0.9720971351758327,-0.7264612380706229,-0.157297404518865,-0.0377474680331959,0.9245627432527784,1.069209202390302,-0.9687888701463342,0.07603813322330386,0.06863560903202695,1.0655792230504455,-0.8527140831808516,-0.4493259014835841,-0.5090421400925079,0.9468832079180446,-1.1350410838433447,0.5425021059261845,0.0,1.0,0.0,0.0,0.0
-0.8300979410970113,-0.09582659576267816,1.1941979698130099,-0.9245347831413334,-0.09622602989891468,-0.5459814620493432,-0.8828324022857196,1.8053321518977248,0.8234698342797783,0.2394860001117234,-1.3833912721287414,-1.890218535304017,-1.266418095856426,1.196843199526648,0.5494652155899364,-1.2500600411071086,-1.0262684218413018,0.05647933336071082,-0.4333424524714203,1.5395084845430351,0.0,0.0,0.0,1.0,0.0
1.1419599302953858,-0.09582659576267816,-0.2691329068693934,-0.8190604443320905,-0.06109133528648098,-0.5941209521409289,0.5412393159428307,-0.4382590515720541,-0.3760373405416241,-1.0742424034960258,1.1042231397657012,-0.1804301278889554,1.40368931392048,-0.37832451818778096,-0.18411141588764238,1.3809235605130437,-0.17653953039685363,-0.6497030499088993,1.4740918553424025,-0.4545042726906662,0.0,1.0,0.0,0.0,0.0
0.042551568719807045,-0.09582659576267816,-1.196426251642179,-0.10479462862104687,-0.07048917291639947,-0.11862400335871308,2.5065663925440473,0.25914156367018515,-1.7502735957407036,0.06662699963701955,1.1042231397657012,-1.2917925927087455,0.06863560903202695,-1.1659083770449954,0.7479199364349558,1.3809235605130437,-1.0262684218413018,-0.6497030499088993,1.548214950205634,-0.4545042726906662,0.0,0.0,0.0,1.0,0.0
-0.8300979410970113,-0.09582659576267816,-1.5639570057902163,-0.9245347831413334,2.8093304771731478,2.826297226378915,0.6624764330085433,-1.1915090995073558,-1.3595579470751273,0.758063001535835,0.6896207377832941,-1.5482608538210048,0.06863560903202695,-1.2971723535211979,-0.213256774210438,0.17818819977240308,-0.686376865263522,1.610080576553852,0.9799378895875261,-0.4545042726906662,0.0,0.0,1.0,0.0,0.0
1.1419599302953858,-0.09582659576267816,-0.7167171095799293,-0.12152871475061468,-0.08871474970161101,5.007845197137219,2.1949778257763404,0.3805703682880689,-1.790324724355305,0.758063001535835,0.6896207377832941,-0.9498349112257332,0.06863560903202695,-0.5095884946639834,-1.2579357115931504,1.6542725061359163,-0.8717722597604928,-1.1632902377413428,1.2023071741772204,-1.4515106513075169,0.0,0.0,0.0,1.0,0.0
1.1419599302953858,-0.09582659576267816,-0.9896897064853645,-0.6195532157251614,-0.9720971351758327,1.2910726921963707,-0.05623028146030543,-0.2945829510424179,-0.9757909279523252,1.069209202390302,0.275018335800887,1.101911177672341,1.40368931392048,-0.6408524711401857,1.1561196707371717,1.9822912408833644,-0.686376865263522,-0.9321760032167431,0.5401408600656862,-1.4515106513075169,1.0,0.0,0.0,0.0,0.0
-0.8300979410970113,-0.09582659576267816,0.9015375052029766,0.9674912053782563,0.8310795587413088,-0.15719053127107488,-0.9674199554870848,0.3174117299554589,1.1416591620926484,-1.627391205015078,-0.13958406618152008,0.3325063943355631,-1.266418095856426,1.0655792230504455,-1.0429186330050244,-1.233718528053567,1.2643051116176445,-0.15844573980830085,1.4147933794518173,-0.4545042726906662,0.0,0.0,0.0,1.0,0.0
1.5343557591439694,-0.09582659576267816,-0.3586242869522113,-0.33020205033078764,-0.7063509232851897,-0.0030360704611630076,0.014003710882295862,-0.49410848426511644,-0.44605443405943945,1.172924602675124,-0.13958406618152008,-0.4368983890012147,1.40368931392048,-0.2470605417115785,1.0228282692588098,1.8435140838748285,-1.1569959436019859,-0.21512927558913952,-0.17638239027888458,-0.4545042726906662,0.0,0.0,1.0,0.0,0.0
-0.8300979410970113,-0.09582659576267816,0.1464952795019455,1.0387360028440846,0.5588986457501701,0.15919652166524464,1.8395785058365033,-0.37267967964723286,-1.0186408101327664,-0.6939526024516773,0.6896207377832941,0.7599534961893285,-1.266418095856426,-0.5095884946639834,-0.26593934610587094,-0.8058680044699397,1.9091586576940625,-0.39290945599267774,0.5994393359562713,-0.4545042726906662,0.0,0.0,0.0,1.0,0.0
2.6337641207195492,-0.09582659576267816,0.32509111331008583,-0.9245347831413334,-0.9720971351758327,-0.8904752785619348,-1.0876988441089155,-0.083099853583399,0.1883940466933081,-1.3162450041606113,0.6896207377832941,1.187400598043094,2.738743018808933,1.196843199526648,-1.5462321532875436,1.756778360744494,-0.17653953039685363,-1.3558854331785088,-0.5124070869922005,1.5395084845430351,0.0,0.0,1.0,0.0,0.0
-0.8300979410970113,-0.09582659576267816,-1.2874785931082473,-0.9245347831413334,0.05689592264043741,-0.008320450027811375,-0.6669335201421854,-1.1915090995073558,-0.17423755757022233,0.20491420001678262,0.275018335800887,0.3325063943355631,1.40368931392048,-1.2971723535211979,0.16136770959720595,0.17818819977240308,-0.686376865263522,1.610080576553852,-1.6489612082284162,-0.4545042726906662,0.0,1.0,0.0,0.0,0.0
0.6617062493271514,-0.09582659576267816,-0.929484772973113,-0.09906050321708681,0.973635087443457,1.3497787643408112,-0.7285145914356584,-1.1915090995073558,-1.177590710923727,-1.039670603401085,1.1042231397657012,-0.2659195482597085,0.06863560903202695,-0.7721164476163882,1.000022856541376,1.3809235605130437,-0.4597824942116696,0.29187346111724705,1.5531564898631827,1.5395084845430351,0.0,0.0,1.0,0.0,0.0
0.6617062493271514,-0.09582659576267816,-0.011134749024994981,-0.4247023765491365,-0.29180300918610624,-0.41984287353860017,-0.7922195763076151,-0.5422446597447547,0.6847867696552425,-1.661963005110019,0.275018335800887,-0.1804301278889554,1.40368931392048,-0.11579656523537611,0.3713648250879954,0.30705270270889934,0.9159690443174356,-0.447936654689011,-1.5995458116529286,1.5395084845430351,1.0,0.0,0.0,0.0,0.0
-0.8300979410970113,-0.09582659576267816,-1.2107821432840513,-0.9245347831413334,-0.05149545299033177,0.2797085586867955,-0.7220408476101203,-1.1915090995073558,-1.0261684921374385,-1.039670603401085,1.5188255417481082,-0.4368983890012147,0.06863560903202695,-1.1659083770449954,2.2222814299814555,-0.12249564041275783,2.372647143936489,-0.6497030499088993,0.16952538574952888,1.5395084845430351,0.0,0.0,0.0,1.0,0.0
0.6617062493271514,-0.09582659576267816,0.38910974936185966,-0.5665102316179391,-0.794756040640454,-0.5533663726195277,-1.0963807077552754,-0.7088083316402043,-0.05693117966408228,-0.7285244025466181,0.6896207377832941,0.5034852350770693,1.40368931392048,0.540523317145636,-0.4935280566941399,-0.20162296677727368,1.03096994691894,0.09364682721700525,1.3159625863008422,-0.4545042726906662,0.0,1.0,0.0,0.0,0.0
0.042551568719807045,-0.09582659576267816,-0.8481046456843575,3.9080718214268146,-0.42900271809850765,0.6820110160794265,2.512820434956218,-1.1915090995073558,-1.3511616863776084,0.9309220020105388,1.1042231397657012,-1.1208137519672394,0.06863560903202695,-0.9033804240925906,-0.8880271586711159,0.6292139600501433,1.0980538067698178,-0.2966118582740942,1.1627748569168304,-1.4515106513075169,0.0,0.0,1.0,0.0,0.0
1.1419599302953858,-0.09582659576267816,0.8143109782652047,0.18309564739754317,-0.07654191812125263,1.9212377790574546,-0.880135086413988,0.3378918289805533,0.10814702634863063,0.032055199542078784,-0.5541864681639271,-0.6078772297427208,0.06863560903202695,0.2779953641932311,-0.05625407347485294,0.49655932467433705,-0.32649168771057996,-0.4835424891395794,1.2023071741772204,-0.4545042726906662,0.0,1.0,0.0,0.0,0.0
0.6617062493271514,-0.09582659576267816,1.1442226766027395,-0.9245347831413334,-0.6039185215253409,-0.532257539225071,-1.0827537864986072,0.9620278111212873,0.7164898919441499,-1.661963005110019,0.275018335800887,1.187400598043094,0.06863560903202695,2.640746940764874,-0.9032068930518958,-0.852727823719575,0.47896561443172014,-0.5689964918209441,0.5055500824628448,1.5395084845430351,0.0,1.0,0.0,0.0,0.0
0.6617062493271514,-0.09582659576267816,0.19617795135534197,1.2914126896911045,2.5842068783125014,2.6612916784531597,-1.0094075792059742,-0.6209949250551222,-0.22649704225650355,1.4149272033397096,0.6896207377832941,-1.5482608538210048,0.06863560903202695,0.1467313877170287,-0.8302853357759691,0.06543175970296788,0.46075713818648206,0.2330249291781131,1.5926888071235727,-0.4545042726906662,0.0,0.0,1.0,0.0,0.0
0.042551568719807045,-0.09582659576267816,0.9228177466108449,-0.3108967864785994,-0.9720971351758327,-0.5145596945920683,0.013335583940230576,0.6064356531459979,1.131815270240385,1.172924602675124,-0.9687888701463342,0.5889746554478223,0.06863560903202695,0.540523317145636,0.3214369616555783,-0.6763869249643686,-0.0423718106950989,0.09364682721700525,0.8316916998610632,-0.4545042726906662,0.0,0.0,0.0,1.0,0.0
-0.8300979410970113,-0.09582659576267816,1.022466152144885,-0.9245347831413334,0.7519796612302019,-0.8904752785619348,-1.080231202470871,1.0069472366848569,1.170080987097468,0.8272066017257165,-1.7979936741111484,2.213273642492131,-1.266418095856426,0.540523317145636,1.8490941245004398,-1.1511508831514636,-1.1157135683091384,0.9856666797680916,-1.3030534322000027,1.5395084845430351,0.0,1.0,0.0,0.0,0.0
0.6617062493271514,-0.09582659576267816,-0.8566818615001682,0.29765432974226774,3.4973759471182193,0.48213407360840843,2.1501948457026914,-0.20000324249116966,-1.5358311673511986,-0.8668116029263813,-0.13958406618152008,-0.5223878093719677,0.06863560903202695,-0.7721164476163882,-1.0820126472937752,1.3809235605130437,-0.4597824942116696,-0.6497030499088993,-0.6557117370611146,-1.4515106513075169,0.0,0.0,0.0,1.0,0.0
-0.8300979410970113,-0.09582659576267816,1.0932662540645632,-0.5568433850035649,-0.4323559218275148,-0.5442642591688757,-0.9815436774141804,1.5157523258338912,1.3760789004176293,-1.3162450041606113,-0.13958406618152008,-2.1466867964162764,-1.266418095856426,0.8030512700980408,-0.35619170276301715,-1.1963664982169009,-1.754607471650828,0.9644281118502092,-1.0806841476103084,-0.4545042726906662,0.0,0.0,0.0,1.0,0.0
-0.8300979410970113,-0.09582659576267816,1.1391563403400529,0.5408613770573273,0.697954422728648,0.7556510250568911,-0.37481231267938286,1.6058066186750264,1.9035474388347484,-0.5556654020719143,-0.9687888701463342,-1.0353243315964862,-1.266418095856426,1.4593711524790527,-1.4244698470877653,-1.2789719488172202,0.019551752244172604,-0.5410596063289597,0.6834455101346003,-0.4545042726906662,0.0,0.0,1.0,0.0,0.0
2.6337641207195492,-0.09582659576267816,0.6797897298949617,-0.9245347831413334,-0.6080340319310483,-0.8904752785619348,-0.7867790155786126,-0.5639031314173393,-0.10190425420481553,-1.5582476048251965,1.1042231397657012,-0.1804301278889554,1.40368931392048,1.85316308190766,-0.9375053454754388,1.173555394868106,0.7903933460744145,-1.1367253831982855,0.6290885739015639,0.5425021059261845,0.0,1.0,0.0,0.0,0.0
0.042551568719807045,-0.09582659576267816,-1.1823663789615313,0.268007124342744,-0.08871474970161101,-0.5085699905471172,-0.525626300961989,-1.1915090995073558,-0.6859751707724498,-1.212529603875789,0.6896207377832941,-0.35140896863046156,0.06863560903202695,-1.034644400568793,1.1984715195499842,0.9513752173913862,0.18762999450790946,0.15736253097065425,-1.4809488598717582,1.5395084845430351,0.0,1.0,0.0,0.0,0.0
-0.8300979410970113,-0.09582659576267816,-1.2254467873271546,0.3449971132660755,2.472405715464735,1.06098587923955,0.7975421753044954,-1.1915090995073558,-1.0384733569527678,-0.6593808023567366,0.275018335800887,-1.2063031723379924,0.06863560903202695,-1.1659083770449954,-0.032555552609104164,-0.12249564041275783,0.6731893610475937,0.7626617166303205,-1.5600134943925383,-0.4545042726906662,0.0,1.0,0.0,0.0,0.0
-0.8300979410970113,-0.09582659576267816,-2.201043476952459,2.6618974386195418,1.6845734870622675,0.8748360685774301,-0.14850228448805688,-1.1915090995073558,-1.5984170876079915,0.896350201915598,1.1042231397657012,-1.1208137519672394,0.06863560903202695,-1.4284363299974001,-0.3939579958117719,0.6292139600501433,-0.17653953039685363,0.7626617166303205,-1.629195049598221,0.5425021059261845,0.0,0.0,0.0,1.0,0.0
-0.8300979410970113,-0.09582659576267816,1.1208843387887573,-0.01380552003357426,-0.6805599487919255,0.24833608525247483,-0.681391836679398,0.9084060034327873,1.494302111388441,-0.7976680027364996,-1.7979936741111484,-0.4368983890012147,-1.266418095856426,0.1467313877170287,-1.4366103406612816,-1.062132640991383,-0.8138361989801893,0.7626617166303205,0.1794084650646264,0.5425021059261845,0.0,1.0,0.0,0.0,0.0
-2.321902131521174,-0.09582659576267816,1.386513711821872,-0.5384576628564473,-0.5987135234763608,-0.8904752785619348,-1.0775555400372054,2.334581745694014,1.9982225163550473,0.9654938021054795,-1.3833912721287414,2.384252483233637,-1.266418095856426,0.9343152465742431,0.7273446765978275,-1.6259148413385582,0.5186931989667852,-1.5484806286156756,0.43636852725716213,1.5395084845430351,0.0,1.0,0.0,0.0,0.0
-0.8300979410970113,-0.09582659576267816,-1.7601215614030006,-0.9245347831413334,0.41670054261350437,-0.8904752785619348,-0.6542982457001006,-1.1915090995073558,-0.141424584729344,-1.4199604044454335,1.1042231397657012,1.3583794387846002,2.738743018808933,-1.4284363299974001,0.8257752499972326,0.6292139600501433,-0.17653953039685363,0.7626617166303205,-0.7248932922667973,-0.4545042726906662,0.0,1.0,0.0,0.0,0.0
-0.8300979410970113,-0.09582659576267816,1.273421160609204,0.5222752086336027,0.41301019265327116,0.14295833927254192,-0.986704728951683,0.9778572543621675,1.9925767548515434,-0.24451920121744736,-1.7979936741111484,-1.4627714334502517,-1.266418095856426,1.5906351289552552,1.567581448701873,-1.2918216855772695,-0.4597824942116696,0.605732298125962,-1.421650383981173,-0.4545042726906662,0.0,1.0,0.0,0.0,0.0
0.042551568719807045,-0.09582659576267816,0.9921803339148765,-0.9245347831413334,-0.9720971351758327,-0.3678352012218308,-0.6752373998537037,1.0069472366848569,1.1492350984691453,-0.7285244025466181,0.275018335800887,-1.719239694562511,0.06863560903202695,0.540523317145636,0.012619752791229637,-0.6763869249643686,-1.652384447116158,0.9856666797680916,-1.3277611304877466,-0.4545042726906662,0.0,1.0,0.0,0.0,0.0
0.042551568719807045,-0.09582659576267816,-1.255757540362953,-0.03024819337239978,2.0746519519304742,1.5288391184904766,1.4913425746538844,-1.1915090995073558,-1.9886984469271445,0.10119879973196033,-0.13958406618152008,-1.719239694562511,0.06863560903202695,-1.034644400568793,0.05989623518692758,0.9513752173913862,-1.269048105111144,1.3679609022899857,-1.4710657805566607,-1.4515106513075169,0.0,0.0,0.0,1.0,0.0
0.042551568719807045,-0.09582659576267816,0.8802478253480134,-0.9245347831413334,0.36667689820650573,2.027557366358299,0.528169080308253,0.5893720006234231,0.46793162267449656,-1.661963005110019,-0.9687888701463342,0.07603813322330386,0.06863560903202695,1.196843199526648,-0.4956024329625223,-0.8742052408756581,-0.6014039761190779,0.7626617166303205,0.37707005136657695,-0.4545042726906662,0.0,1.0,0.0,0.0,0.0
-0.8300979410970113,-0.09582659576267816,1.2315364756751852,-0.7389587175470449,-0.6055566561945279,-0.715740489633642,-1.0822037893788834,0.9084060034327873,1.6043703335208577,-1.661963005110019,-0.5541864681639271,0.6744640758185755,-1.266418095856426,0.1467313877170287,-0.33904109611895006,-1.062132640991383,-1.4511328675635249,1.2922985040825277,0.30788849616089425,1.5395084845430351,0.0,0.0,1.0,0.0,0.0
1.5343557591439694,-0.09582659576267816,0.6161584338784833,-0.9245347831413334,-0.572857181957986,-0.782476428805894,1.4927875414224114,-0.7537277572037735,-0.44537887285389194,-0.24451920121744736,1.1042231397657012,-1.719239694562511,0.06863560903202695,0.8030512700980408,0.7734670016389519,0.5218268742697281,1.1587487275872774,-0.6497030499088993,1.256664110410257,-0.4545042726906662,0.0,1.0,0.0,0.0,0.0
3.6453146301754766,-0.09582659576267816,0.9285080132886604,-0.0881056584802827,0.9078348803509695,0.6682716570746157,-0.2697598881421601,0.1551559554974849,0.757216581764299,0.9309220020105388,0.6896207377832941,0.16152755359405693,1.40368931392048,3.165802846669684,-0.6599996279845313,1.8435140838748285,-0.3726308130378807,-1.5188505985484193,0.8316916998610632,-1.4515106513075169,0.0,0.0,0.0,1.0,0.0
-0.8300979410970113,-0.09582659576267816,0.9196358478530552,0.25500155887130094,-0.809287097929273,-0.24291483519493987,-0.08207039288732718,-0.1250179709448964,1.1397289872196557,-0.7630962026415589,-0.5541864681639271,0.4179958147063162,0.06863560903202695,1.3281071760028504,1.0252572165402782,-1.265094233116366,0.5372327384164823,0.9321454886150269,-0.6804194353488585,-0.4545042726906662,0.0,1.0,0.0,0.0,0.0
0.042551568719807045,-0.09582659576267816,-1.0673859800465666,-0.9245347831413334,-0.4695871059029594,0.05956630986442581,-0.27057023392251944,-1.1915090995073558,-1.0423819610705782,-0.7285244025466181,-0.13958406618152008,-0.09494070751820233,0.06863560903202695,-1.034644400568793,1.1182259112730755,0.9513752173913862,-1.269048105111144,1.3679609022899857,-1.0213856717197232,-0.4545042726906662,0.0,0.0,1.0,0.0,0.0
-0.8300979410970113,-0.09582659576267816,-1.2107821432840513,-0.9245347831413334,-0.3519462363549358,-0.8904752785619348,0.14823569278262477,-1.1915090995073558,-0.03251446752072282,-0.0025166005528619827,-0.13958406618152008,1.101911177672341,0.06863560903202695,-1.2971723535211979,-0.7828584509972524,0.17818819977240308,-0.686376865263522,1.610080576553852,0.09540229088629743,0.5425021059261845,0.0,0.0,0.0,1.0,0.0
0.6617062493271514,-0.09582659576267816,0.663269629832243,-0.0070039129085888935,-0.4258515014903244,-0.1961382769294826,-0.9790717773390156,-0.4068379813534157,0.7554311700067805,-1.2816732040656704,-0.13958406618152008,0.24701697396481,0.06863560903202695,1.0655792230504455,0.9860767088598074,-0.4493259014835841,-0.06570532716496924,0.9468832079180446,-0.8088994664451263,-0.4545042726906662,1.0,0.0,0.0,0.0,0.0
0.042551568719807045,-0.09582659576267816,0.35639600512304226,-0.7567647507395112,-0.7860774164240037,-0.8904752785619348,-0.6842734130714025,-0.6536140280356327,-0.0042374056313776625,-1.212529603875789,1.1042231397657012,1.7003371202676125,0.06863560903202695,0.2779953641932311,-1.4108376754012923,-0.5646777583321106,2.672551458563941,-0.9820241714475394,-0.29003780240250615,0.5425021059261845,0.0,0.0,0.0,0.0,1.0
0.6617062493271514,-0.09582659576267816,-0.554788842564996,-0.9245347831413334,-0.7351594473786182,-0.7392764776455989,-0.748065331581103,-0.2945829510424179,-0.9460662349082355,1.3803554032447687,0.6896207377832941,-0.1804301278889554,0.06863560903202695,-0.6408524711401857,-1.0204876412000041,1.0802397203278835,-0.686376865263522,-0.0847571432932111,-0.21097316788172593,1.5395084845430351,0.0,1.0,0.0,0.0,0.0
0.042551568719807045,-0.09582659576267816,-1.3739080038739553,4.320295537278013,0.5631474711892528,1.9646651149090057,1.2413855333767627,-1.1915090995073558,-2.128829142706425,1.6223580039093541,1.1042231397657012,-1.4627714334502517,0.06863560903202695,-1.034644400568793,-0.8908863552154405,0.9513752173913862,0.18762999450790946,0.15736253097065425,0.7575686049978317,-1.4515106513075169,0.0,1.0,0.0,0.0,0.0
-0.8300979410970113,-0.09582659576267816,-1.4117999554451786,1.2633754599460219,2.10696093798363,-0.8904752785619348,0.02454092937829412,-1.1915090995073558,-1.1062707493666415,0.2394860001117234,1.1042231397657012,-1.719239694562511,0.06863560903202695,-1.2971723535211979,1.0888549696815273,0.17818819977240308,-0.686376865263522,1.610080576553852,0.031162275338163493,-0.4545042726906662,0.0,1.0,0.0,0.0,0.0
0.042551568719807045,-0.09582659576267816,-0.3883683024572805,2.322735294299113,0.4506268600119114,-0.8904752785619348,-0.9095050163029582,-0.2945829510424179,0.22226861571433248,0.7926348016307757,-0.5541864681639271,1.7858265406383655,0.06863560903202695,-0.6408524711401857,-0.4043830662887721,0.17818819977240308,-0.686376865263522,0.7626617166303205,-0.8039579267875776,1.5395084845430351,0.0,1.0,0.0,0.0,0.0
-0.8300979410970113,-0.09582659576267816,-1.9895551378866478,0.43261826954044463,2.689892540093248,2.705633931510333,-0.43464123081539663,-1.1915090995073558,-1.6173328013633215,-1.212529603875789,-0.13958406618152008,1.9568053813798718,-1.266418095856426,-1.4284363299974001,-0.8586182799294886,0.6292139600501433,-2.7257262047301962,2.8812088664391498,-0.1319085333609457,-0.4545042726906662,0.0,1.0,0.0,0.0,0.0
-0.8300979410970113,-0.09582659576267816,-1.3557234684482347,1.094766567135944,0.5237121379444708,1.0108593256251683,-0.8948221613588189,-1.1915090995073558,-1.0296428069088255,-1.2471014039707298,1.1042231397657012,-1.719239694562511,0.06863560903202695,-1.2971723535211979,1.0565355937989367,0.17818819977240308,-0.686376865263522,1.610080576553852,0.9502886516422335,-0.4545042726906662,0.0,0.0,1.0,0.0,0.0
-0.8300979410970113,-0.09582659576267816,-1.4117999554451786,2.2723615995261834,1.755827158337886,2.119659745381709,2.101818114352131,-1.1915090995073558,-1.5193764265589347,1.7260734041941765,1.1042231397657012,-0.4368983890012147,-1.266418095856426,-1.2971723535211979,-1.3027788456302467,0.17818819977240308,-0.686376865263522,1.610080576553852,-1.23387187699432,-1.4515106513075169,0.0,1.0,0.0,0.0,0.0
-0.8300979410970113,-0.09582659576267816,-1.7601215614030006,-0.9245347831413334,0.41670054261350437,7.81481456149071,1.2413855333767627,-1.1915090995073558,-1.366651339733376,0.7926348016307757,1.1042231397657012,0.8454429165600816,-1.266418095856426,-1.4284363299974001,-1.6136912416207767,0.6292139600501433,-0.17653953039685363,0.7626617166303205,-0.013311581579775378,-0.4545042726906662,1.0,0.0,0.0,0.0,0.0
0.042551568719807045,-0.09582659576267816,-0.24759807505314116,0.4599200325060648,-0.017461078425991698,-0.4143115160970221,-0.6327468958613884,-1.1915090995073558,-0.4342321129623583,1.484070803529591,1.1042231397657012,-0.2659195482597085,0.06863560903202695,-0.5095884946639834,1.1137678219243592,0.014178832398679007,1.9091586576940625,-0.39290945599267774,-0.4481670714440666,0.5425021059261845,1.0,0.0,0.0,0.0,0.0
-0.8300979410970113,-0.09582659576267816,1.0937605488788646,1.614584730783661,-0.34138346188725155,1.0945337062983032,-0.8968972138363995,1.2348179774454915,1.4297377618868303,1.3112118030548872,-1.7979936741111484,0.4179958147063162,-1.266418095856426,0.2779953641932311,1.1462611185479665,-1.0952962998353346,-0.32649168771057996,0.014939193168380513,-0.8484317837055164,-0.4545042726906662,0.0,0.0,1.0,0.0,0.0
0.042551568719807045,-0.09582659576267816,-1.1823663789615313,1.753309927058237,2.034502575149298,-0.8904752785619348,-0.10739579910131833,-1.1915090995073558,-1.331329139557607,-1.4545322045403744,1.1042231397657012,-0.6078772297427208,0.06863560903202695,-1.034644400568793,-0.15678764246002155,0.9513752173913862,0.18762999450790946,0.15736253097065425,0.15470076677688258,-0.4545042726906662,0.0,1.0,0.0,0.0,0.0
0.042551568719807045,-0.09582659576267816,0.2970647164022683,-0.6054167314236228,0.015053153979895196,1.765771925783447,-0.3301443094287339,-0.083099853583399,0.1973693598527248,1.4494990034346502,-0.9687888701463342,1.3583794387846002,0.06863560903202695,0.1467313877170287,-0.4623542525861092,-0.4983504406442075,-0.8138361989801893,1.2922985040825277,-0.8138410061026751,1.5395084845430351,0.0,1.0,0.0,0.0,0.0
1.5343557591439694,-0.09582659576267816,0.7783941673452865,-0.5652386380263008,-0.26755528822343716,-0.3853053214907726,-0.779079559354969,0.9778572543621675,0.30603820520222186,0.758063001535835,-0.9687888701463342,1.187400598043094,0.06863560903202695,1.5906351289552552,0.9962755961855884,0.04455093746788647,-1.215097064384512,-0.02198537589146839,0.3424792737637356,-0.4545042726906662,0.0,0.0,1.0,0.0,0.0
0.6617062493271514,-0.09582659576267816,0.8755007572792074,-0.19161191845457765,-0.09642332420385027,-0.04062170501232086,-0.7901398578671333,1.5157523258338912,0.24991837076995496,-0.8668116029263813,0.6896207377832941,-0.009451287147449236,0.06863560903202695,1.5906351289552552,-0.7123965122001371,-0.623635374054691,0.29553207596117265,-1.2774207239263307,0.7130947480798929,-0.4545042726906662,0.0,1.0,0.0,0.0,0.0
-0.8300979410970113,-0.09582659576267816,-1.0442692012971415,-0.26877682501370953,0.8807250166169486,-0.27302642795431037,-0.645526440114367,-1.1915090995073558,-0.7424810401793154,-1.1088142035909665,-0.13958406618152008,-0.1804301278889554,0.06863560903202695,-1.034644400568793,2.1144199786203055,-0.3372698119735866,0.18762999450790946,1.3679609022899857,-0.48769938870445667,0.5425021059261845,0.0,0.0,1.0,0.0,0.0
0.042551568719807045,-0.09582659576267816,0.30181651031126516,2.035899108412058,1.2789148175763971,-0.09145636935442181,-0.6195172419536125,-0.083099853583399,0.9270719705876691,1.3112118030548872,-0.9687888701463342,-0.9498349112257332,1.40368931392048,0.1467313877170287,-0.020397001735696328,-0.4983504406442075,-0.17653953039685363,0.7626617166303205,-0.710068673294151,-1.4515106513075169,0.0,1.0,0.0,0.0,0.0
0.6617062493271514,-0.09582659576267816,0.8547733356752028,-0.5433424118867576,-0.6016819999767279,-0.014975688480368341,-1.0844645276053309,0.40734307990993374,0.6936173196991847,-0.9705270032112036,0.6896207377832941,-0.6078772297427208,0.06863560903202695,1.5906351289552552,1.0280173226802911,-0.623635374054691,0.6731893610475937,-0.3358442129001843,1.5136241726027926,-0.4545042726906662,0.0,1.0,0.0,0.0,0.0
2.153510439751314,-0.09582659576267816,0.15633498367063575,0.3873457131724757,-0.47810587068233157,-0.7314893216530413,0.054099585826909914,-0.7088083316402043,-0.6093954826864588,1.4149272033397096,1.1042231397657012,-0.2659195482597085,2.738743018808933,0.540523317145636,0.3864843492077828,1.697432865971107,-0.0423718106950989,-0.7983730253340803,1.6025718864386704,-0.4545042726906662,0.0,1.0,0.0,0.0,0.0
-0.8300979410970113,-0.09582659576267816,1.366936874398445,-0.6965737532216555,0.359329154828085,0.7772644809998526,-0.8519675192317188,1.21697796871344,1.8315036617002907,-0.17537560102756583,-0.5541864681639271,0.24701697396481,-1.266418095856426,1.196843199526648,1.8263237940338566,-1.2500600411071086,0.24832491532537035,-0.2966118582740942,1.4740918553424025,-1.4515106513075169,0.0,0.0,1.0,0.0,0.0
1.1419599302953858,-0.09582659576267816,-0.028846905030043248,-0.12449813389113072,-0.8080652332905881,0.2611561240099967,0.55553356075301,-0.5422446597447547,-0.45406465978235977,0.758063001535835,0.275018335800887,-1.2917925927087455,0.06863560903202695,-0.11579656523537611,0.18905915312838079,0.9513752173913862,0.18762999450790946,-0.447936654689011,0.4956670031477473,0.5425021059261845,0.0,1.0,0.0,0.0,0.0
0.042551568719807045,-0.09582659576267816,-0.016148592691826395,0.13901704207663407,0.26876681777708067,0.6236898443063802,-0.9852729357027644,-0.49410848426511644,-0.06354202860408277,0.10119879973196033,-1.3833912721287414,1.4438688591553532,0.06863560903202695,-0.2470605417115785,-0.213256774210438,-0.23814327125320392,-1.1569959436019859,1.7404527088497803,-1.5748381133651848,-0.4545042726906662,0.0,1.0,0.0,0.0,0.0
-0.8300979410970113,-0.09582659576267816,1.0477737108237057,0.4884943788086029,1.3240623261653544,0.44000530670187654,-0.9181542809115282,1.7601972846201586,0.7260925119372893,1.0000656022004204,-0.9687888701463342,-1.1208137519672394,-1.266418095856426,0.540523317145636,0.7995953018715156,-1.1511508831514636,-0.0423718106950989,-0.7983730253340803,1.424676458766915,-1.4515106513075169,0.0,0.0,0.0,1.0,0.0
1.1419599302953858,-0.09582659576267816,0.7977340816048384,-0.9245347831413334,-0.45908144810102003,-0.5615565302927975,-0.4095077625974797,-0.083099853583399,0.43333323807609986,-1.627391205015078,0.6896207377832941,0.4179958147063162,0.06863560903202695,0.1467313877170287,0.3199433589581121,0.6292139600501433,-1.4511328675635249,0.7626617166303205,-0.8632564026781627,-0.4545042726906662,0.0,1.0,0.0,0.0,0.0
-0.8300979410970113,-0.09582659576267816,0.8224507128278382,-0.9245347831413334,1.8644206722335863,2.582863435697273,0.16087306523671185,1.4082014204835467,0.895031067695988,0.3777732004914865,-1.7979936741111484,1.7003371202676125,-1.266418095856426,0.9343152465742431,0.2014193552742649,-1.2158914229042492,-1.335260746002919,0.7626617166303205,-0.3641608972657376,-0.4545042726906662,0.0,0.0,0.0,0.0,1.0
0.042551568719807045,-0.09582659576267816,-0.4862800308305885,-0.9245347831413334,-0.7578087623496805,-0.7537827743368198,-0.11195551920747383,-0.20000324249116966,-0.05292606680262213,-0.8322398028314404,0.275018335800887,0.9309323369308347,0.06863560903202695,-0.7721164476163882,-1.6588665470211106,0.37864409322917636,0.6731893610475937,-0.6497030499088993,-0.9966779734319794,1.5395084845430351,0.0,0.0,0.0,0.0,1.0
-0.8300979410970113,-0.09582659576267816,1.1487959980148656,0.15078629260819684,0.900350707957444,0.12202598661749949,0.4402217231087882,1.7601972846201586,1.375596356699381,-0.07166020074274353,-1.7979936741111484,0.5034852350770693,-1.266418095856426,0.540523317145636,0.1445195575219693,-1.1511508831514636,-1.1157135683091384,0.09364682721700525,-1.732967382406745,-0.4545042726906662,0.0,1.0,0.0,0.0,0.0
0.042551568719807045,-0.09582659576267816,-0.5659674481070045,-0.12152871475061468,0.9584486903001087,1.2910726921963707,1.7372927695471836,-1.1915090995073558,-0.8895121111295452,-0.10623200083768429,0.6896207377832941,-0.5223878093719677,0.06863560903202695,-0.7721164476163882,0.6224863756957321,0.37864409322917636,1.806161216306857,-0.6497030499088993,-1.130099544185796,-0.4545042726906662,0.0,1.0,0.0,0.0,0.0
-0.8300979410970113,-0.09582659576267816,1.0472449169496123,-0.5463817101796354,-0.7922016806128596,-0.35193197688222005,-1.184776742901236,1.9748971319952469,0.7221356534476541,1.172924602675124,-1.7979936741111484,-0.009451287147449236,-1.266418095856426,0.6717872936218383,0.6313250224044925,-1.1748890810608181,-1.7060515349968592,0.33895228666855465,-1.1646903217886373,1.5395084845430351,0.0,0.0,1.0,0.0,0.0
-0.8300979410970113,-0.09582659576267816,1.2533870966096847,-0.7336080259132216,-0.7810764599765465,-0.532657611363657,-1.0792463161588803,1.6531358137667562,1.140935346515276,-1.1088142035909665,-1.3833912721287414,1.187400598043094,-1.266418095856426,0.2779953641932311,-0.09351500086015652,-1.0952962998353346,0.273316941544324,-0.9820241714475394,0.3869531306816745,1.5395084845430351,0.0,0.0,0.0,1.0,0.0
-0.8300979410970113,-0.09582659576267816,-1.9455476326189014,0.3449971132660755,0.8516984198866988,-0.8904752785619348,0.7975421753044954,-1.1915090995073558,-0.952387557617287,-1.2471014039707298,1.1042231397657012,-0.09494070751820233,0.06863560903202695,-1.4284363299974001,0.6902493337962321,0.6292139600501433,-0.17653953039685363,0.7626617166303205,1.2467810310951595,-0.4545042726906662,0.0,0.0,0.0,0.0,1.0
0.6617062493271514,-0.09582659576267816,0.4577512970030102,0.5436037454531348,-0.23813316309639698,-0.7203937321214685,-1.0849353394517651,-0.2945829510424179,0.10486572906454279,1.2766400029599465,0.275018335800887,1.5293582795261063,1.40368931392048,0.6717872936218383,-0.11490463330196304,-0.2728375605053374,0.8431351393364832,-0.0847571432932111,-1.1795149407612837,-0.4545042726906662,0.0,1.0,0.0,0.0,0.0
0.6617062493271514,-0.09582659576267816,0.7954420469544288,-0.7485075050618935,-0.7931057006638227,-0.7247314409483224,-0.49835314701631916,-0.1250179709448964,-0.1132922859554733,1.484070803529591,0.6896207377832941,-0.1804301278889554,0.06863560903202695,1.3281071760028504,-0.5035969392552787,-0.5434530166719816,0.12936287052314777,0.5931779446456139,1.627279584726414,1.5395084845430351,0.0,0.0,0.0,1.0,0.0
1.1419599302953858,-0.09582659576267816,1.0981931517022883,0.12409335039731928,-0.11591163791283457,1.5092209276132433,-0.5090507286987003,1.2994071245272005,0.4747837434736212,-0.07166020074274353,-0.5541864681639271,-0.5223878093719677,0.06863560903202695,2.3782189878124695,0.2293831057928301,-0.5325190588470667,-0.8717722597604928,-0.13611586207645576,0.5203747014354911,-0.4545042726906662,0.0,1.0,0.0,0.0,0.0
-0.8300979410970113,-0.09582659576267816,-1.8652337755497168,-0.9245347831413334,0.6486101604022039,1.1696181569553485,0.5822350914375154,-1.1915090995073558,-0.6857338989133257,-1.0742424034960258,1.1042231397657012,-0.9498349112257332,0.06863560903202695,-1.4284363299974001,1.8063451142750597,0.6292139600501433,-0.17653953039685363,0.7626617166303205,-0.4531086111016154,-0.4545042726906662,0.0,1.0,0.0,0.0,0.0
2.153510439751314,-0.09582659576267816,0.807578156698966,-0.7516025303945781,-0.7962477007620726,-0.7276456561867072,-1.0891923696324959,0.5242464688177053,0.25672223719725473,1.1037810024852426,0.275018335800887,-1.0353243315964862,0.06863560903202695,1.9844270583838624,-0.8983657104141715,0.47887203995756294,-0.0065937521079647175,-0.9321760032167431,1.6816365209594506,1.5395084845430351,0.0,0.0,0.0,1.0,0.0
0.042551568719807045,-0.09582659576267816,-1.2404337569099257,-0.4824730995967208,0.29577580927292996,-0.8904752785619348,-0.23873228310868386,-1.1915090995073558,-0.6370452377420813,1.4494990034346502,0.6896207377832941,-0.778856070484227,1.40368931392048,-1.1659083770449954,0.3822358878848671,1.3809235605130437,-1.0262684218413018,0.7626617166303205,0.9354640326695872,-0.4545042726906662,0.0,1.0,0.0,0.0,0.0
-0.8300979410970113,-0.09582659576267816,-1.6144897251251553,-0.1530273877084712,1.1905822225687657,-0.16403902469554688,2.158397526162498,0.5242464688177053,-1.500653730290904,0.30862960030160497,-0.13958406618152008,-1.6337502741917578,0.06863560903202695,-1.2971723535211979,-0.06869579692937075,0.17818819977240308,-0.686376865263522,-0.0847571432932111,-1.5402473357623434,-0.4545042726906662,0.0,0.0,1.0,0.0,0.0
1.1419599302953858,-0.09582659576267816,0.8561749387719195,-0.9245347831413334,0.5885839303447695,0.48485326178850496,0.049800905332145706,-0.16387804731187924,0.5253060707742089,-0.3136628014073289,-0.13958406618152008,1.101911177672341,0.06863560903202695,1.4593711524790527,-0.4073295147791888,-0.23814327125320392,0.41173431752622563,0.1108010551506806,0.7032116687647954,-0.4545042726906662,0.0,1.0,0.0,0.0,0.0
0.042551568719807045,-0.09582659576267816,-1.4729046643241483,0.892533135619933,-0.06109133528648098,-0.8904752785619348,-0.5050146314075532,-1.1915090995073558,-0.48123187111973403,0.6197758011560719,-0.9687888701463342,-0.2659195482597085,1.40368931392048,-1.1659083770449954,-0.9710360906031293,1.3809235605130437,-1.0262684218413018,0.7626617166303205,-1.4957734788444046,1.5395084845430351,0.0,0.0,1.0,0.0,0.0
-0.8300979410970113,-0.09582659576267816,0.42692662885698923,-0.9245347831413334,-0.9720971351758327,-0.747999574051111,-0.6923460598734449,-0.6536140280356327,0.20388370004907563,-1.039670603401085,-0.13958406618152008,-0.6933666501134739,0.06863560903202695,0.2779953641932311,-1.408047669933545,-1.0952962998353346,1.4729342000541326,0.51342087547634,-1.5649550340500873,0.5425021059261845,0.0,1.0,0.0,0.0,0.0
1.1419599302953858,-0.09582659576267816,0.44251312842440893,-0.12449813389113072,-0.8080652332905881,-0.8904752785619348,0.55553356075301,-0.24966352547884904,0.5015166654645721,1.518642603624532,-0.13958406618152008,-0.2659195482597085,0.06863560903202695,0.540523317145636,-1.421909284732569,0.2731409914098211,0.4942990681119206,-0.35236309905853724,1.2863133483555496,1.5395084845430351,0.0,1.0,0.0,0.0,0.0
2.153510439751314,-0.09582659576267816,0.41097549993481935,-0.6542725938819064,-0.5464189555277265,-0.8904752785619348,1.1116903283269663,0.06510166265634933,-0.5063241444686409,-0.2790910013123881,1.1042231397657012,-0.6933666501134739,0.06863560903202695,0.8030512700980408,-0.6703665837948404,1.3809235605130437,0.6731893610475937,-1.8603014212282307,1.2467810310951595,-0.4545042726906662,0.0,1.0,0.0,0.0,0.0
-0.8300979410970113,-0.09582659576267816,-0.929484772973113,0.9503038586675181,-0.9720971351758327,-0.6277510117759604,2.0204761955549837,0.25914156367018515,-0.610698350725729,0.3777732004914865,0.6896207377832941,-0.35140896863046156,0.06863560903202695,-1.1659083770449954,0.18686735933537302,-0.12249564041275783,0.6731893610475937,-0.6497030499088993,-0.8533733233630653,0.5425021059261845,0.0,1.0,0.0,0.0,0.0
-0.8300979410970113,-0.09582659576267816,-1.103600490017915,0.13901704207663407,-0.44217158184172806,2.2563522496068233,-1.184776742901236,-1.1915090995073558,-0.6686518512873391,0.17034239992184186,0.275018335800887,-0.2659195482597085,0.06863560903202695,-1.1659083770449954,-0.06267242287599321,-0.12249564041275783,0.6731893610475937,0.7626617166303205,-0.1566162316486895,0.5425021059261845,1.0,0.0,0.0,0.0,0.0
0.042551568719807045,-0.09582659576267816,0.04632066597770708,0.04786666626715293,0.20937197526104998,-0.2146482234938753,1.182455023615018,0.25914156367018515,-0.9353537643631252,-0.7976680027364996,1.5188255417481082,-0.4368983890012147,0.06863560903202695,-0.37832451818778096,-1.0587675577166802,-0.12249564041275783,2.372647143936489,-2.062067816448119,1.6075134260962192,-0.4545042726906662,0.0,0.0,1.0,0.0,0.0
1.1419599302953858,-0.09582659576267816,-0.02628825412366763,-0.7771864008409096,-0.9720971351758327,-0.7517349275487901,-0.9823006414158619,-0.013648602654018271,-0.4130484437312618,-0.6593808023567366,-0.13958406618152008,-0.5223878093719677,0.06863560903202695,0.015467411240826293,-0.675199746725127,0.7795558801427229,-0.0065937521079647175,-0.6497030499088993,-0.5519394042525906,-0.4545042726906662,0.0,1.0,0.0,0.0,0.0
-0.8300979410970113,-0.09582659576267816,0.676153029720113,-0.2006874415294467,1.1986516381093917,0.8590508053357051,-0.925891835431678,2.457597899862398,1.5216623402131144,1.518642603624532,-0.9687888701463342,0.7599534961893285,-1.266418095856426,0.540523317145636,-0.9317074143121279,-1.1511508831514636,-0.0423718106950989,-1.690392877885167,1.3505533639036833,0.5425021059261845,0.0,0.0,0.0,1.0,0.0
-0.8300979410970113,-0.09582659576267816,0.7992578356835494,0.6381404462697572,1.548264291554043,-0.1401759117676498,-0.9682787227897036,1.5965305195623711,1.3129139276989386,-0.48652180188203276,-0.9687888701463342,0.4179958147063162,-1.266418095856426,1.85316308190766,-0.9845178541178082,-1.3148625928711517,-0.9676664293278909,0.32434161666987305,1.4790333949999512,1.5395084845430351,1.0,0.0,0.0,0.0,0.0
0.042551568719807045,-0.09582659576267816,0.910000082236072,-0.9245347831413334,-0.7933053614874721,-0.5419842783025857,-0.6803888827639802,1.2348179774454915,0.6508156918905684,-1.5582476048251965,0.6896207377832941,-0.6078772297427208,0.06863560903202695,0.2779953641932311,-0.22870132306525323,-0.5646777583321106,-0.926300316965484,0.014939193168380513,-0.6260624991158221,0.5425021059261845,0.0,0.0,0.0,1.0,0.0
0.042551568719807045,-0.09582659576267816,0.6651250858518584,-0.6059704596129072,-0.6583009602500919,-0.7398911137025166,0.07115473039664724,-0.33540992088250887,0.40901303467639005,1.484070803529591,0.275018335800887,-0.4368983890012147,0.06863560903202695,0.8030512700980408,-0.8143649195373251,-0.7668181550952438,0.6731893610475937,0.5608953214104312,0.07069459259855361,-0.4545042726906662,0.0,1.0,0.0,0.0,0.0
-0.8300979410970113,-0.09582659576267816,-1.7601215614030006,-0.9245347831413334,0.41670054261350437,0.013203957107521893,-0.6542982457001006,-1.1915090995073558,-1.813004279112971,-0.8668116029263813,0.6896207377832941,-0.009451287147449236,0.06863560903202695,-1.2971723535211979,0.012619752791229637,0.17818819977240308,-0.686376865263522,1.610080576553852,-0.9867948941168818,-0.4545042726906662,0.0,1.0,0.0,0.0,0.0
-0.8300979410970113,-0.09582659576267816,-0.2031490808308526,-0.8288123701197676,0.9558543082510418,1.5601585425088957,-0.46651028861152893,-0.2945829510424179,-1.1175622723736496,1.6223580039093541,1.1042231397657012,1.4438688591553532,-1.266418095856426,-0.6408524711401857,2.263672165788336,-0.7238633207830776,1.3529724742031521,-0.0847571432932111,1.2616056500678057,-1.4515106513075169,0.0,0.0,0.0,0.0,1.0
0.042551568719807045,-0.09582659576267816,1.377773620174289,-0.7466856420155735,-0.2983542802982049,-0.22953518932543016,-0.5097404333830166,0.8183517105916509,1.3190422329206908,-1.3162450041606113,0.275018335800887,0.9309323369308347,0.06863560903202695,0.8030512700980408,0.28859508884106755,-0.7668181550952438,-1.754607471650828,1.3679609022899857,1.4296179984244637,1.5395084845430351,0.0,0.0,0.0,1.0,0.0
0.042551568719807045,-0.09582659576267816,0.07553249908755043,-0.797625200624279,-0.281382675986173,-0.5931695330958787,-0.7029981372335042,-0.5422446597447547,-0.2560769721851189,1.7260734041941765,1.1042231397657012,-0.6078772297427208,0.06863560903202695,-0.11579656523537611,0.295513655540891,-0.3372698119735866,1.6443080941269617,-0.447936654689011,1.0837102223960502,-0.4545042726906662,1.0,0.0,0.0,0.0,0.0
-0.8300979410970113,-0.09582659576267816,1.2451265554385855,-0.6973854108326042,0.9291423910727823,-0.3603374787645085,-0.9351067039452939,0.7357295662767236,1.176836599152943,0.7926348016307757,0.275018335800887,1.187400598043094,-1.266418095856426,0.9343152465742431,-0.1833497776039453,-1.2158914229042492,-1.335260746002919,1.5330424983789859,0.6834455101346003,-0.4545042726906662,0.0,0.0,0.0,1.0,0.0
1.1419599302953858,-0.09582659576267816,0.8030523900861339,-0.9245347831413334,-0.8110861406798866,-0.8904752785619348,0.2821541072208367,1.9748971319952469,0.3228789809690844,0.9654938021054795,1.1042231397657012,0.4179958147063162,0.06863560903202695,0.015467411240826293,-1.3968497756991765,0.7795558801427229,-1.3661599784190805,-1.7795948631402745,0.8860486360940997,0.5425021059261845,0.0,0.0,1.0,0.0,0.0
-0.8300979410970113,-0.09582659576267816,0.6141646322636023,-0.5531048345826616,-0.8021669674479521,-0.8904752785619348,-0.7779825858955531,0.5242464688177053,0.19288170327301643,1.2420682028650056,0.6896207377832941,2.127784222121378,-1.266418095856426,0.6717872936218383,-0.45834274192485774,-1.1748890810608181,1.8628098090698206,-0.9321760032167431,-0.690302514663956,1.5395084845430351,1.0,0.0,0.0,0.0,0.0
0.6617062493271514,-0.09582659576267816,0.594926958914251,-0.19643845406633315,-0.4327555254623096,-0.36714938065665303,-0.9897463578739863,0.011479854967848986,0.3771168949001833,1.345783603149828,-0.13958406618152008,0.5889746554478223,0.06863560903202695,0.9343152465742431,1.2299000408409404,-0.3958445860356308,-0.4082837735180672,0.7626617166303205,0.43636852725716213,0.5425021059261845,1.0,0.0,0.0,0.0,0.0
-0.8300979410970113,-0.09582659576267816,-1.255757540362953,-0.4723098769170135,-0.3096491188756297,-0.8904752785619348,-0.6904801507503182,-1.1915090995073558,0.19042073030995058,-0.9359552031162628,-0.9687888701463342,-0.778856070484227,0.06863560903202695,-1.1659083770449954,-0.31831562397865576,-0.12249564041275783,0.6731893610475937,0.7626617166303205,-1.3277611304877466,-0.4545042726906662,1.0,0.0,0.0,0.0,0.0
-0.8300979410970113,-0.09582659576267816,1.281347888675838,-0.9245347831413334,-0.6075963729028637,-0.5368996334216265,-1.0834687524141353,2.624161571757848,1.3040833776549963,1.172924602675124,0.275018335800887,-0.1804301278889554,0.06863560903202695,0.40925934066943354,-0.57844041037613,-1.1247751076966253,-0.4597824942116696,-1.5912795609350454,0.396836209996772,1.5395084845430351,0.0,0.0,0.0,1.0,0.0
0.6617062493271514,-0.09582659576267816,0.8582719563133588,-0.9245347831413334,-0.06063892841434258,-0.3665928727963664,-1.184776742901236,0.9778572543621675,0.7862657136028413,0.4814886007763088,-0.9687888701463342,1.7003371202676125,0.06863560903202695,1.5906351289552552,0.9457490118800854,-0.623635374054691,-0.4597824942116696,-0.02198537589146839,-1.5600134943925383,1.5395084845430351,0.0,0.0,0.0,1.0,0.0
-0.8300979410970113,-0.09582659576267816,0.675240815983436,-0.5587967057994696,0.7050425846114944,-0.5461034677752692,-0.882938851506397,0.06510166265634933,0.6590671894726129,-1.3853886043504928,-1.3833912721287414,2.127784222121378,-1.266418095856426,0.8030512700980408,0.3559762965176244,-1.1963664982169009,-0.7834887385714597,1.771493692729763,0.48578392383264973,-0.4545042726906662,0.0,1.0,0.0,0.0,0.0
0.042551568719807045,-0.09582659576267816,-0.9896897064853645,-0.31922803773989217,-0.08871474970161101,-0.8904752785619348,2.277659991789941,0.25914156367018515,-1.1780732546419752,1.484070803529591,1.1042231397657012,1.6148476998968595,1.40368931392048,-1.1659083770449954,0.6478974849834196,1.3809235605130437,-1.0262684218413018,-0.6497030499088993,1.6717534416443531,-0.4545042726906662,0.0,0.0,0.0,1.0,0.0
-0.8300979410970113,-0.09582659576267816,-1.4519220959757373,-0.9245347831413334,-0.9720971351758327,-0.8904752785619348,-1.184776742901236,-1.1915090995073558,-0.1586031410989803,-1.627391205015078,-0.13958406618152008,0.6744640758185755,0.06863560903202695,-1.2971723535211979,-1.0038246187162743,0.17818819977240308,-0.686376865263522,1.610080576553852,-0.6310040387733709,0.5425021059261845,0.0,0.0,0.0,1.0,0.0
-0.8300979410970113,-0.09582659576267816,-0.0339931910914779,1.5990381415946766,0.0958786210964934,3.030044900840374,2.555937912485971,-0.20000324249116966,-1.319169037857752,-1.489104004635315,1.1042231397657012,-1.804729114933264,-1.266418095856426,-0.7721164476163882,-1.3709813308577685,-0.623635374054691,1.806161216306857,-0.6497030499088993,0.9552301912997823,-2.4485170299243677,0.0,1.0,0.0,0.0,0.0
0.042551568719807045,-0.09582659576267816,1.1256163471371894,-0.9245347831413334,-0.3116660538556773,-0.40969247161008365,-0.09051466738885908,0.06510166265634933,0.6146731673937775,0.5852040010611311,1.1042231397657012,-1.3772820130794987,0.06863560903202695,0.8030512700980408,-1.2324366745916646,-0.7668181550952438,-0.7834887385714597,1.3679609022899857,1.5828057278084753,1.5395084845430351,0.0,1.0,0.0,0.0,0.0
-0.8300979410970113,-0.09582659576267816,-1.2107821432840513,-0.9245347831413334,-0.3519462363549358,-0.8904752785619348,0.14823569278262477,-1.1915090995073558,-0.03251446752072282,-0.0025166005528619827,-0.13958406618152008,1.101911177672341,0.06863560903202695,-1.2971723535211979,-0.7828584509972524,0.17818819977240308,-0.686376865263522,1.610080576553852,0.09540229088629743,0.5425021059261845,0.0,0.0,0.0,1.0,0.0
0.042551568719807045,-0.09582659576267816,1.0046818112984583,-0.7626333172728021,-0.6387511365471562,-0.7380320290775589,-0.25521849162566235,0.06510166265634933,0.09825488012454231,-0.6939526024516773,0.275018335800887,1.3583794387846002,-1.266418095856426,1.7218991054314576,-0.4141188759077885,-0.9815923266560724,0.9159690443174356,0.15736253097065425,1.2121902534923181,-0.4545042726906662,0.0,0.0,0.0,0.0,1.0
-0.8300979410970113,-0.09582659576267816,0.8362853717578939,2.1878765001829685,0.5770183401473011,-0.19799274686311824,-0.8561358607028224,2.0862665002861247,0.6778863944842931,0.9654938021054795,-0.9687888701463342,-0.6078772297427208,0.06863560903202695,1.196843199526648,1.3097963792865204,-1.2500600411071086,-0.6014039761190779,-0.6497030499088993,-0.7150102129516999,-0.4545042726906662,0.0,1.0,0.0,0.0,0.0
-0.8300979410970113,-0.09582659576267816,0.9741662742183338,0.23096867004315383,0.7595449533649884,-0.26095843161021753,-0.4227445210424492,1.4082014204835467,1.4283383851039104,0.9654938021054795,-1.7979936741111484,-1.719239694562511,-1.266418095856426,0.9343152465742431,0.2568475274490392,-1.2158914229042492,-1.335260746002919,0.7626617166303205,-0.04296081952506796,-0.4545042726906662,0.0,0.0,1.0,0.0,0.0
-0.8300979410970113,-0.09582659576267816,-0.4763254063504322,-0.35842615843364994,-0.6564599546678799,0.4144127906481298,0.2967839310521596,-0.083099853583399,-0.8049704516924586,0.758063001535835,0.6896207377832941,-1.9757079556747703,-1.266418095856426,-0.9033804240925906,1.8971224561701054,-0.4983504406442075,-0.17653953039685363,0.7626617166303205,0.09540229088629743,-0.4545042726906662,0.0,1.0,0.0,0.0,0.0
1.8661217052122583,-0.09582659576267816,0.6604769447007517,2.4814290438255133,0.17887039459694232,-0.24227251062080984,-0.3397347695426411,-0.46725938819848106,0.464843342877708,-0.0025166005528619827,-0.13958406618152008,0.8454429165600816,0.06863560903202695,1.3281071760028504,-1.2962264242184336,0.5390088079945952,-0.686376865263522,0.5931779446456139,1.0194702068479162,-0.4545042726906662,1.0,0.0,0.0,0.0,0.0
0.6617062493271514,-0.09582659576267816,-0.16767689272355557,-0.8336758823021716,-0.9720971351758327,-0.8049243169681232,0.2733539024233118,0.25914156367018515,-0.576727272961055,1.656929804004295,0.6896207377832941,-1.0353243315964862,0.06863560903202695,-0.37832451818778096,0.08791192845845158,0.6292139600501433,0.6731893610475937,-1.3558854331785088,0.22882386164011403,1.5395084845430351,0.0,0.0,0.0,1.0,0.0
-0.8300979410970113,-0.09582659576267816,0.8348422396499772,0.734839713691833,0.29963832665541235,0.2150601501019544,-0.18314698432805396,0.3174117299554589,0.4118600426140545,-1.489104004635315,-0.9687888701463342,-0.8643454908549801,0.06863560903202695,1.0655792230504455,0.5666519977062424,-1.233718528053567,-0.06570532716496924,0.9468832079180446,0.5154331617779423,-0.4545042726906662,0.0,0.0,1.0,0.0,0.0
0.6617062493271514,-0.09582659576267816,0.15437836922490897,0.016307233813760535,-0.6399722900850132,-0.36425379810757047,-0.9983838506517393,-0.083099853583399,-0.13013306172233585,1.518642603624532,0.6896207377832941,0.4179958147063162,1.40368931392048,0.1467313877170287,-0.42676542221201463,0.06543175970296788,1.0980538067698178,-0.8262486457263015,-0.502524007677103,-0.4545042726906662,0.0,1.0,0.0,0.0,0.0
-0.8300979410970113,-0.09582659576267816,1.3207190603348202,-0.005725958251065975,-0.43676296786771407,0.31150825853351605,-0.8783276159443246,1.3911067712999385,1.8096926856354714,1.0000656022004204,-1.7979936741111484,0.8454429165600816,-1.266418095856426,0.540523317145636,-0.29590598159566406,-1.1511508831514636,-0.0423718106950989,-0.35236309905853724,-1.23387187699432,0.5425021059261845,0.0,0.0,0.0,1.0,0.0
1.1419599302953858,-0.09582659576267816,0.24592039090338227,-0.9245347831413334,-0.9720971351758327,-0.6126438153118521,0.1535011548613095,-0.1448089388865984,-0.36156102899417775,0.446916800681368,1.1042231397657012,1.9568053813798718,0.06863560903202695,0.2779953641932311,-0.8937311477469476,0.49655932467433705,0.8731255707992283,-0.9820241714475394,0.29800541684579673,1.5395084845430351,0.0,0.0,0.0,1.0,0.0
-0.8300979410970113,-0.09582659576267816,1.3767955473317643,-0.7371020448191982,-0.42449500680570584,-0.3573756029333087,-1.0451497987102785,1.4082014204835467,1.4260221752563191,-0.07166020074274353,-1.3833912721287414,-0.5223878093719677,-1.266418095856426,0.9343152465742431,0.365869448202645,-1.2158914229042492,-0.4082837735180672,-0.0077190651183445536,0.43142698759961334,0.5425021059261845,0.0,0.0,1.0,0.0,0.0
1.1419599302953858,-0.09582659576267816,-0.47140206607044144,-0.9245347831413334,-0.5557446177597006,-0.49214271651642566,0.2867426924055394,-0.37267967964723286,-0.7322028589806284,-1.3853886043504928,1.1042231397657012,0.6744640758185755,1.40368931392048,-0.5095884946639834,0.6902493337962321,1.6542725061359163,0.05520471272435914,-1.1632902377413428,0.7773347636280268,-0.4545042726906662,0.0,1.0,0.0,0.0,0.0
-0.8300979410970113,-0.09582659576267816,-1.271433625382314,2.1077504543284817,0.03322191785514721,-0.45464928214340516,1.3444446219032784,-1.1915090995073558,-1.231539098623877,0.9654938021054795,0.6896207377832941,-1.804729114933264,0.06863560903202695,-1.2971723535211979,-0.2777929247823437,0.17818819977240308,-0.686376865263522,1.610080576553852,0.05092843396835855,-0.4545042726906662,0.0,0.0,1.0,0.0,0.0
-0.8300979410970113,-0.09582659576267816,0.7029669562900506,-0.3507070397708555,-0.20500704086675464,-0.39653266635505513,-0.1829033931320696,1.2348179774454915,0.9530328226294229,-0.8668116029263813,-1.3833912721287414,0.8454429165600816,-1.266418095856426,0.2779953641932311,2.0507411566634186,-1.0952962998353346,-0.32649168771057996,0.014939193168380513,-0.2159147075392747,-0.4545042726906662,0.0,0.0,0.0,1.0,0.0
-0.8300979410970113,-0.09582659576267816,1.3128812767257216,0.4146835681706432,-0.7818182921183515,-0.5240778492008712,-1.184776742901236,0.12373488527884689,1.3784916190088703,-1.039670603401085,-0.9687888701463342,2.127784222121378,-1.266418095856426,0.6717872936218383,0.8441588916270213,-1.1748890810608181,0.3332978044698148,0.7626617166303205,-1.1548072424735398,0.5425021059261845,0.0,1.0,0.0,0.0,0.0
0.042551568719807045,-0.09582659576267816,-1.1288581799969317,-0.5498393197492218,-0.42216973005297037,-0.8904752785619348,0.7276213399035124,-1.1915090995073558,-1.0127055223983135,0.6197758011560719,0.6896207377832941,0.3325063943355631,1.40368931392048,-1.034644400568793,-0.14375630436377154,0.9513752173913862,0.18762999450790946,0.15736253097065425,-0.9917364337744305,-0.4545042726906662,1.0,0.0,0.0,0.0,0.0
-0.8300979410970113,-0.09582659576267816,1.2164328664786623,-0.07345274200007453,-0.48605122973901715,-0.7340783881608292,-0.08939378982868215,1.3330164523508232,1.0537396966278245,1.5877862038144135,-0.13958406618152008,-1.5482608538210048,-1.266418095856426,-0.2470605417115785,-0.29151320876219666,-0.9320290562958812,-1.1569959436019859,0.43673138589050026,-1.1548072424735398,0.5425021059261845,0.0,0.0,1.0,0.0,0.0
-0.8300979410970113,-0.09582659576267816,0.17559840219925082,-0.8149472180415684,0.4978781717337914,-0.031194986059757224,0.4477767429259059,-0.49410848426511644,-0.43070954381914633,-0.03708840064780275,-0.13958406618152008,-1.890218535304017,-1.266418095856426,-0.2470605417115785,-0.566583185162767,-0.9320290562958812,1.1960994480903304,0.43673138589050026,-0.18132392993643334,-0.4545042726906662,0.0,1.0,0.0,0.0,0.0
-0.8300979410970113,-0.09582659576267816,1.247102446900771,-0.5522034705914406,-0.9720971351758327,-0.5398954066293441,-0.777004486342553,0.9084060034327873,0.9113410453727775,0.8272066017257165,0.275018335800887,1.3583794387846002,-1.266418095856426,0.1467313877170287,-1.0032360579916029,-1.062132640991383,-1.4511328675635249,1.2922985040825277,1.399968760479171,-0.4545042726906662,0.0,1.0,0.0,0.0,0.0
0.6617062493271514,-0.09582659576267816,-0.1867962667491395,-0.8310860702967203,0.09783996938361506,0.13877562626094692,2.5104879985139843,0.5242464688177053,-1.2580790031275286,-0.48652180188203276,0.275018335800887,-1.5482608538210048,0.06863560903202695,-0.6408524711401857,0.45791919173737444,1.0802397203278835,-0.686376865263522,-0.9321760032167431,1.5086826329452439,-0.4545042726906662,0.0,1.0,0.0,0.0,0.0
-0.8300979410970113,-0.09582659576267816,-1.271433625382314,0.8649635206528781,1.2740858708080613,1.5827598268941878,-0.6789807816891923,-1.1915090995073558,-0.9041331857924659,0.9309220020105388,1.1042231397657012,-1.4627714334502517,0.06863560903202695,-1.2971723535211979,0.8838577855119469,0.17818819977240308,-0.686376865263522,1.610080576553852,1.0787686827385015,-0.4545042726906662,0.0,1.0,0.0,0.0,0.0
-0.8300979410970113,-0.09582659576267816,1.0488300699295843,-0.35388801262837494,-0.7926171540740892,-0.535233275515088,-1.0841809372457822,0.9084060034327873,1.2664932220034606,-1.0050988033061443,-1.3833912721287414,0.9309323369308347,-1.266418095856426,0.6717872936218383,-0.011000178382454151,-1.1748890810608181,-0.686376865263522,0.7626617166303205,-0.690302514663956,1.5395084845430351,0.0,0.0,0.0,1.0,0.0
-0.8300979410970113,-0.09582659576267816,0.3189618166114061,-0.2680472592441676,1.0844755604774348,0.3650309421828824,-0.35620877214633573,1.033051557966739,-0.06098454689736725,0.7926348016307757,-0.9687888701463342,-0.6933666501134739,-1.266418095856426,0.015467411240826293,0.7945000385662322,-1.0245471609682386,-0.0065937521079647175,-0.0847571432932111,-1.6440196685708675,0.5425021059261845,0.0,1.0,0.0,0.0,0.0
-0.8300979410970113,-0.09582659576267816,1.3103684243608131,0.6220114942076425,0.6558930017078527,-0.7250579697961356,-0.5171920034063235,2.4378069319206963,0.49326516788252767,-1.0050988033061443,1.1042231397657012,0.4179958147063162,-1.266418095856426,0.2779953641932311,-0.3939579958117719,-1.0952962998353346,-0.32649168771057996,-1.4805058537554991,1.6421042036990605,-0.4545042726906662,0.0,0.0,1.0,0.0,0.0
1.8661217052122583,-0.09582659576267816,0.2694938874639006,-0.45165342800079533,0.0544784449509294,0.28798397036164186,0.5477902029630302,-0.7088083316402043,-0.11884153871532772,0.6889194013459534,0.275018335800887,0.7599534961893285,1.40368931392048,0.540523317145636,-0.6946870361409995,1.222668907784012,-0.5790426895021192,0.09364682721700525,-0.5717055628827857,1.5395084845430351,0.0,1.0,0.0,0.0,0.0
1.1419599302953858,-0.09582659576267816,0.43085678190687804,1.2534371395916422,1.5157915219058489,1.032523714198816,0.01904774862497061,0.18811781682473352,-0.18987197404146436,1.069209202390302,-0.13958406618152008,-0.5223878093719677,0.06863560903202695,0.540523317145636,-0.724838927496365,0.2731409914098211,-0.5790426895021192,0.09364682721700525,0.7180362877374417,-1.4515106513075169,0.0,0.0,0.0,0.0,1.0
-0.8300979410970113,-0.09582659576267816,0.9806129714259234,-0.035488481090600855,0.5319253749495481,-0.053366692178071724,-0.6933766007146035,2.053647397305614,1.0163425584635881,0.5506322009661904,-1.7979936741111484,-0.009451287147449236,0.06863560903202695,0.2779953641932311,-0.21016257521041506,-1.0952962998353346,-0.32649168771057996,-0.9820241714475394,-0.34439473863554254,-0.4545042726906662,0.0,0.0,1.0,0.0,0.0
2.153510439751314,-0.09582659576267816,0.3932633439297711,-0.7655770126222926,-0.9720971351758327,-0.8904752785619348,-0.9880801786608916,-0.4068379813534157,0.30579693334309777,0.10119879973196033,0.6896207377832941,-0.6933666501134739,1.40368931392048,1.0655792230504455,-1.6244123587238986,1.1194593516563824,0.8209682986901059,-1.2637746875346467,-1.693435065146355,0.5425021059261845,0.0,0.0,0.0,1.0,0.0
0.042551568719807045,-0.09582659576267816,-0.041786186387875165,-0.4757491490752627,-0.8049287998994453,-0.2601847739899427,0.2983819496867551,0.25914156367018515,0.6610456187174305,0.5506322009661904,-0.5541864681639271,0.5889746554478223,1.40368931392048,-0.37832451818778096,0.8570504614282326,-0.12249564041275783,-0.17653953039685363,0.05647933336071082,0.38201159102412574,-0.4545042726906662,0.0,1.0,0.0,0.0,0.0
0.042551568719807045,-0.09582659576267816,-1.2107821432840513,0.31825215053426975,-0.3519462363549358,-0.10219672932802217,0.14823569278262477,-1.1915090995073558,-1.1122542914729192,0.27405780020666415,0.275018335800887,-1.1208137519672394,0.06863560903202695,-1.034644400568793,1.8687355616310195,0.9513752173913862,0.18762999450790946,0.15736253097065425,0.11516844951649248,-0.4545042726906662,0.0,0.0,1.0,0.0,0.0
1.1419599302953858,-0.09582659576267816,0.09718129090514896,-0.1981414667648789,-0.6111784552809665,-0.8904752785619348,-0.6851795574749865,-0.6209949250551222,-0.2057959167436553,0.7234912014408942,0.6896207377832941,1.5293582795261063,0.06863560903202695,0.1467313877170287,0.8346970187753551,0.6292139600501433,1.0980538067698178,-0.8262486457263015,0.44625160657225965,0.5425021059261845,0.0,0.0,0.0,1.0,0.0
-0.8300979410970113,-0.09582659576267816,-0.7167171095799293,-0.9245347831413334,-0.9720971351758327,-0.8904752785619348,-0.41955080169791986,0.06510166265634933,-0.32261975093154716,-1.6965348052049596,-0.13958406618152008,0.16152755359405693,0.06863560903202695,-1.034644400568793,-1.0885283163418997,-0.3372698119735866,0.18762999450790946,0.15736253097065425,-0.9472625768564917,-0.4545042726906662,0.0,0.0,0.0,1.0,0.0
-0.8300979410970113,-0.09582659576267816,0.9157978658643899,1.6905701826505828,-0.10648173235407264,0.12745945040536882,-0.8818977587269567,0.42570523556563544,1.2239811204257933,-1.039670603401085,-0.5541864681639271,0.16152755359405693,-1.266418095856426,0.1467313877170287,0.21552578552154103,-1.062132640991383,2.372647143936489,-1.3558854331785088,-1.0856256872678571,-0.4545042726906662,1.0,0.0,0.0,0.0,0.0
0.042551568719807045,-0.09582659576267816,-0.11916722316604426,-0.5882716023600103,1.1840834429738956,2.9852831832878075,-0.9071620247124288,-0.4382590515720541,0.27168109246294925,0.032055199542078784,-1.3833912721287414,1.4438688591553532,0.06863560903202695,-0.37832451818778096,-0.898675200974119,-0.12249564041275783,-1.0262684218413018,1.4688440998999304,-0.14179161267604323,-1.4515106513075169,0.0,0.0,0.0,1.0,0.0
0.6617062493271514,-0.09582659576267816,-0.8741669135342678,-0.16298482505548972,-0.22468475721321624,0.28965312282124633,2.0143867793029626,-1.1915090995073558,-1.3835886242438882,0.6197758011560719,0.6896207377832941,-1.0353243315964862,0.06863560903202695,-0.7721164476163882,0.012619752791229637,1.3809235605130437,0.6731893610475937,-0.6497030499088993,-0.8187825457602239,0.5425021059261845,0.0,0.0,1.0,0.0,0.0
0.6617062493271514,-0.09582659576267816,-1.103600490017915,2.1077504543284817,1.7294775187161793,0.11094429081318824,2.5309445472273207,-1.1915090995073558,-1.2691775086472374,-0.10623200083768429,1.1042231397657012,-0.6933666501134739,0.06863560903202695,-0.7721164476163882,-0.8155941795482183,1.3809235605130437,0.6731893610475937,-0.6497030499088993,-0.5914717215129808,-1.4515106513075169,0.0,0.0,0.0,1.0,0.0
0.042551568719807045,-0.09582659576267816,-0.21651969876114271,0.030551686983018054,-0.4732737211636356,0.7824580703211894,-0.20273008983661783,-0.37267967964723286,-0.38501265370104076,-0.41737820169215123,0.6896207377832941,-0.009451287147449236,0.06863560903202695,-0.5095884946639834,1.3375372917711603,0.014178832398679007,0.9821816852092108,-0.39290945599267774,1.6717534416443531,-0.4545042726906662,0.0,0.0,0.0,0.0,1.0
0.042551568719807045,-0.09582659576267816,0.2611680249714992,-0.7797175617604418,-0.8292396503280753,-0.7541182190988165,1.2520922328473518,1.6823159977293412,-0.4297927107544747,-0.38280640159721047,0.275018335800887,-1.2917925927087455,0.06863560903202695,-0.11579656523537611,-1.1790736482865343,-0.3372698119735866,0.18762999450790946,-1.6585350260083425,1.108417920683794,1.5395084845430351,0.0,0.0,1.0,0.0,0.0
-0.8300979410970113,-0.09582659576267816,1.3189456401766244,-0.7307310769702122,-0.9720971351758327,-0.7079935044016469,-1.184776742901236,1.2774965167530068,1.5707852907307822,-1.3853886043504928,-0.9687888701463342,-1.1208137519672394,-1.266418095856426,0.6717872936218383,-0.31260007217260977,-1.1748890810608181,0.8431351393364832,-0.9321760032167431,-0.13685007301849447,1.5395084845430351,0.0,1.0,0.0,0.0,0.0
0.042551568719807045,-0.09582659576267816,0.5938992576398794,-0.39681832625156666,-0.28423624583626506,1.9086234677501657,-0.33220193151143906,1.2774965167530068,0.11779790071359485,0.2394860001117234,-0.9687888701463342,-0.6078772297427208,0.06863560903202695,0.6717872936218383,1.07512655805285,-0.7238633207830776,-0.686376865263522,-0.0847571432932111,0.1794084650646264,-0.4545042726906662,0.0,0.0,0.0,1.0,0.0
0.042551568719807045,-0.09582659576267816,-1.2874785931082473,0.906639207977018,1.0179923416065424,2.0290886590097816,0.3001615801733826,-1.1915090995073558,-1.2996742716405243,1.6915016040992357,-0.13958406618152008,-1.804729114933264,0.06863560903202695,-0.9033804240925906,-0.03696289947742936,0.6292139600501433,-0.17653953039685363,0.7626617166303205,-1.1893980200763812,-1.4515106513075169,0.0,1.0,0.0,0.0,0.0
-0.8300979410970113,-0.09582659576267816,1.19505031950708,-0.36697300549754575,-0.43566796792430373,0.30850826792375324,-0.8765971394542671,2.165016765596492,1.6408023842485977,0.6543476012510127,-1.7979936741111484,0.4179958147063162,-1.266418095856426,-0.11579656523537611,2.6807862279984276,-0.9815923266560724,-0.5407090553016178,-1.0532358403486761,-0.8929056406234553,-0.4545042726906662,0.0,0.0,0.0,0.0,1.0
-0.8300979410970113,-0.09582659576267816,-0.4913123759332034,0.07711009228980265,1.05496374549436,0.6980763742342493,-0.4022338970350903,-1.1915090995073558,-0.1817652395748944,0.7926348016307757,0.275018335800887,-0.9498349112257332,0.06863560903202695,-0.9033804240925906,0.5891105903626497,-0.4983504406442075,1.0980538067698178,0.7626617166303205,-0.7199517526092486,-0.4545042726906662,0.0,1.0,0.0,0.0,0.0
1.1419599302953858,-0.09582659576267816,-0.9391569871504251,-0.08734813784635694,-0.5557446177597006,-0.6239706769826606,2.518497319269379,-0.2945829510424179,-1.5491011196030244,-0.07166020074274353,1.1042231397657012,0.07603813322330386,1.40368931392048,-0.6408524711401857,0.45455208822927456,1.9822912408833644,0.3332978044698148,-1.7795948631402745,-0.9867948941168818,-0.4545042726906662,0.0,1.0,0.0,0.0,0.0
0.042551568719807045,-0.09582659576267816,-1.7284005086577061,-0.9245347831413334,-0.9720971351758327,-0.8904752785619348,-0.6789807816891923,-1.1915090995073558,-1.1801964470022672,-0.5556654020719143,0.275018335800887,-0.35140896863046156,1.40368931392048,-1.1659083770449954,-0.8586182799294886,1.3809235605130437,-1.0262684218413018,0.7626617166303205,-1.2931703528849052,0.5425021059261845,0.0,1.0,0.0,0.0,0.0
0.042551568719807045,-0.09582659576267816,-1.103600490017915,0.48112857047320745,-0.18426490677336463,0.4330698058297684,1.9430904422955184,0.06510166265634933,-0.582373034464559,1.3112118030548872,-0.9687888701463342,0.5034852350770693,1.40368931392048,-1.034644400568793,-0.5144254768793287,0.9513752173913862,-1.269048105111144,0.15736253097065425,-1.3030534322000027,-1.4515106513075169,0.0,0.0,1.0,0.0,0.0
0.042551568719807045,-0.09582659576267816,-0.7528038190324013,2.261550432967157,0.6906874253907519,-0.8904752785619348,2.26679277206088,-0.083099853583399,-1.454522550826375,-1.6965348052049596,0.6896207377832941,-1.719239694562511,0.06863560903202695,-0.9033804240925906,0.12431693647337254,0.6292139600501433,1.0980538067698178,-1.3558854331785088,-1.3425857494603928,-0.4545042726906662,0.0,0.0,1.0,0.0,0.0
0.042551568719807045,-0.09582659576267816,0.4373571139413188,-0.9245347831413334,-0.8068248899578702,-0.75015831765477,-0.5037619495196791,-0.20000324249116966,0.4288455814963915,0.8272066017257165,0.275018335800887,-0.1804301278889554,0.06863560903202695,0.40925934066943354,-1.6492474705860583,-0.623635374054691,0.6731893610475937,0.29187346111724705,-1.046093370007467,1.5395084845430351,0.0,0.0,1.0,0.0,0.0
-0.8300979410970113,-0.09582659576267816,-0.36279481779091494,-0.563590398295227,0.6438753604449973,1.3671374818770758,1.3216268749477902,0.9084060034327873,-1.4089221694519192,0.8617784018206572,1.1042231397657012,0.5034852350770693,-1.266418095856426,-0.9033804240925906,0.3388858473491935,-0.4983504406442075,1.0980538067698178,-1.3558854331785088,0.4116608289694183,-0.4545042726906662,0.0,1.0,0.0,0.0,0.0
-0.8300979410970113,-0.09582659576267816,0.8802478253480134,-0.38557183438536874,0.5501315286175931,1.242008424417731,-0.6892817321837944,1.421172617282643,1.4515487379516494,-1.5582476048251965,-1.7979936741111484,1.7003371202676125,-1.266418095856426,1.3281071760028504,2.174580796950048,-1.265094233116366,-1.5021166010501918,0.9321454886150269,-0.5865301818554319,0.5425021059261845,0.0,1.0,0.0,0.0,0.0
1.8661217052122583,-0.09582659576267816,-0.09614800213428606,0.4216869455253205,-0.08871474970161101,-0.4331248750080724,-0.525626300961989,-0.6209949250551222,-0.3935054231422093,0.032055199542078784,1.1042231397657012,1.4438688591553532,1.40368931392048,0.1467313877170287,1.2662344776504846,1.756778360744494,-0.17653953039685363,-0.8262486457263015,1.4889164743150487,-0.4545042726906662,0.0,0.0,0.0,1.0,0.0
0.042551568719807045,-0.09582659576267816,0.7185633591981355,1.073632896249954,0.7868647345505028,0.12932816354376095,0.3199305731727365,-0.33540992088250887,0.15746299435359776,0.27405780020666415,-0.13958406618152008,-0.778856070484227,0.06863560903202695,0.8030512700980408,-0.6189821585606033,-0.7668181550952438,0.18762999450790946,0.9644281118502092,0.648854732531759,1.5395084845430351,0.0,0.0,1.0,0.0,0.0
-0.8300979410970113,-0.09582659576267816,1.2646324525998156,0.45776438643649114,-0.7355573451164545,0.9488055755193734,-0.5241826771885376,1.3911067712999385,1.3651734123852197,-0.6593808023567366,-1.3833912721287414,-1.1208137519672394,-1.266418095856426,0.540523317145636,1.4718942906665622,-1.1511508831514636,-0.0423718106950989,-0.35236309905853724,0.4759008445175522,-0.4545042726906662,0.0,1.0,0.0,0.0,0.0
0.042551568719807045,-0.09582659576267816,-0.9896897064853645,0.268007124342744,2.0961151267347833,1.2910726921963707,1.3764512756727134,-1.1915090995073558,-1.751721226895448,-0.7630962026415589,-0.13958406618152008,-0.09494070751820233,-1.266418095856426,-0.9033804240925906,-0.36854688652408435,0.6292139600501433,-0.17653953039685363,0.7626617166303205,-0.11708391438829942,-1.4515106513075169,0.0,1.0,0.0,0.0,0.0
-0.8300979410970113,-0.09582659576267816,1.332309362039818,-0.5462362577263276,-0.6044856421013278,-0.35871386759952545,-1.0029647890302305,2.624161571757848,1.744597538043788,0.41234500058642726,0.275018335800887,0.8454429165600816,0.06863560903202695,0.6717872936218383,-0.8277517306523793,-1.1748890810608181,-0.17653953039685363,-1.7795948631402745,0.24364848061276034,-0.4545042726906662,0.0,0.0,0.0,1.0,0.0
-0.8300979410970113,-0.09582659576267816,-0.8566818615001682,0.9961034534177433,0.4506268600119114,0.9179600700269374,0.3711089929840167,-1.1915090995073558,-0.8964607406723194,-1.5582476048251965,-0.13958406618152008,-0.778856070484227,0.06863560903202695,-1.034644400568793,-0.7692605329837738,-0.3372698119735866,0.18762999450790946,1.3679609022899857,-0.29992088171760367,-0.4545042726906662,0.0,1.0,0.0,0.0,0.0
-2.321902131521174,-0.09582659576267816,1.1830193642710007,0.9024676636799717,-0.4441579967776778,0.6246549209143252,-0.9250781663997716,1.3911067712999385,1.4536236759401167,0.896350201915598,-1.3833912721287414,-0.9498349112257332,-1.266418095856426,0.540523317145636,2.842111209354103,-1.6259148413385582,0.4942990681119206,-0.35236309905853724,0.12010998917404124,-0.4545042726906662,0.0,0.0,1.0,0.0,0.0
0.042551568719807045,-0.09582659576267816,0.7185633591981355,-0.3154794113237851,1.3289685976115468,-0.8904752785619348,-0.6901762373896528,-0.16387804731187924,0.9594023997102993,-1.2816732040656704,-0.5541864681639271,-0.1804301278889554,0.06863560903202695,1.4593711524790527,-0.670124013730792,-0.9320290562958812,0.41173431752622563,0.7626617166303205,0.07563613225610237,0.5425021059261845,0.0,0.0,0.0,1.0,0.0
1.5343557591439694,-0.09582659576267816,0.7946763201289075,1.740834381087665,1.5500973484624896,1.4730551611252019,-0.21429934600928038,-0.16387804731187924,0.5235206590166904,-1.2471014039707298,-0.5541864681639271,-0.09494070751820233,0.06863560903202695,1.4593711524790527,0.34876671029764766,0.10879962126813507,-0.3726308130378807,0.43673138589050026,-0.9324379578838454,-1.4515106513075169,0.0,1.0,0.0,0.0,0.0
0.6617062493271514,-0.09582659576267816,0.1222839906194978,0.11711004444005625,0.2111546965546763,-0.5577402778588428,-0.4236974428418431,-0.013648602654018271,-0.1359718407131392,-1.3853886043504928,-0.9687888701463342,0.5034852350770693,0.06863560903202695,0.015467411240826293,-0.03037185204594653,0.17818819977240308,-0.686376865263522,0.48018876332247656,-0.5815886421978832,1.5395084845430351,1.0,0.0,0.0,0.0,0.0
0.042551568719807045,-0.09582659576267816,-0.028846905030043248,-0.7766324543445139,-0.8080652332905881,-0.7512133423766112,0.34372194466530237,0.25914156367018515,0.026066339874609972,-0.03708840064780275,-0.5541864681639271,1.6148476998968595,0.06863560903202695,-0.37832451818778096,-1.130400710262492,-0.12249564041275783,-0.17653953039685363,0.05647933336071082,-1.6390781289133187,1.5395084845430351,0.0,0.0,0.0,1.0,0.0
1.1419599302953858,-0.09582659576267816,0.9177195571310407,-0.740693098667395,-0.10884926546582589,-0.20756842253483557,-0.7642350006781866,-0.24966352547884904,0.7213153291266321,1.069209202390302,1.1042231397657012,0.5889746554478223,0.06863560903202695,0.540523317145636,-0.7909916658090692,0.2731409914098211,-0.5790426895021192,0.5396567534925483,1.0738271430809527,-0.4545042726906662,0.0,0.0,1.0,0.0,0.0
-0.8300979410970113,-0.09582659576267816,-2.1417121882316854,-0.9245347831413334,1.4621058567998562,-0.8904752785619348,-0.23873228310868386,-1.1915090995073558,-1.076980345668975,0.3777732004914865,-0.13958406618152008,1.5293582795261063,1.40368931392048,-1.4284363299974001,-0.5418044498492273,0.6292139600501433,-0.17653953039685363,0.7626617166303205,-0.29003780240250615,0.5425021059261845,0.0,0.0,0.0,1.0,0.0
-0.8300979410970113,-0.09582659576267816,-1.7284005086577061,-0.9245347831413334,-0.9720971351758327,-0.8904752785619348,0.7109070361756267,-1.1915090995073558,-0.18943768469504096,-0.2099474011225066,0.275018335800887,-0.8643454908549801,0.06863560903202695,-1.4284363299974001,-0.8586182799294886,0.6292139600501433,-0.17653953039685363,0.7626617166303205,0.02622073568061473,-0.4545042726906662,0.0,0.0,1.0,0.0,0.0
-0.8300979410970113,-0.09582659576267816,-1.8652337755497168,-0.9245347831413334,-0.9720971351758327,-0.8904752785619348,-0.563313175553508,-1.1915090995073558,-0.6474199276844178,-1.039670603401085,0.6896207377832941,-0.09494070751820233,1.40368931392048,-1.4284363299974001,-0.10696193797435932,0.6292139600501433,-0.17653953039685363,0.7626617166303205,1.063944063765855,-0.4545042726906662,0.0,0.0,0.0,1.0,0.0
1.5343557591439694,-0.09582659576267816,0.19617795135534197,-0.9245347831413334,0.8447281510429069,-0.3952118070030625,1.560765443931559,-0.6209949250551222,-0.3198209973657075,-0.7976680027364996,0.275018335800887,-0.4368983890012147,0.06863560903202695,0.1467313877170287,0.3156248499885886,1.1929961603973187,0.46075713818648206,-0.8262486457263015,1.4889164743150487,-0.4545042726906662,0.0,1.0,0.0,0.0,0.0
0.042551568719807045,-0.09582659576267816,-1.3380113124431865,-0.9245347831413334,-0.9720971351758327,-0.8904752785619348,-0.9023543074402927,-1.1915090995073558,-0.6356941153309863,0.30862960030160497,0.6896207377832941,0.07603813322330386,1.40368931392048,-1.1659083770449954,-0.9503275465316694,1.3809235605130437,-1.0262684218413018,0.7626617166303205,-0.9917364337744305,1.5395084845430351,0.0,1.0,0.0,0.0,0.0
0.6617062493271514,-0.09582659576267816,-0.30276666680563674,0.3658239199326163,0.3642181461909006,1.4646611254658892,0.19773728530572215,-0.37267967964723286,-0.6284559595572631,-0.24451920121744736,1.1042231397657012,-0.778856070484227,0.06863560903202695,-0.5095884946639834,0.23083944836911185,0.8342256692672978,0.9821816852092108,-1.1632902377413428,-0.3196870403477987,-1.4515106513075169,0.0,0.0,1.0,0.0,0.0
-0.8300979410970113,-0.09582659576267816,0.006128949439080812,-0.5751309777162988,-0.9720971351758327,-0.23823357896912542,-0.4320435358003459,-0.4382590515720541,0.6174719209596171,-0.7630962026415589,-0.13958406618152008,-0.09494070751820233,0.06863560903202695,-0.37832451818778096,-0.737873224020763,-0.8742052408756581,1.5229182524920417,0.05647933336071082,-0.10720083507320188,1.5395084845430351,0.0,0.0,0.0,1.0,0.0
0.042551568719807045,-0.09582659576267816,-1.0110001804262785,0.892533135619933,0.37390654198671486,-0.8904752785619348,-1.184776742901236,-1.1915090995073558,-0.7073036031190207,0.2394860001117234,1.1042231397657012,-1.0353243315964862,0.06863560903202695,-1.034644400568793,1.2585838210907505,0.9513752173913862,0.18762999450790946,0.15736253097065425,-0.41357629384122524,0.5425021059261845,0.0,1.0,0.0,0.0,0.0
0.6617062493271514,-0.09582659576267816,1.0158512611437804,-0.7335535057086792,-0.9720971351758327,-0.8904752785619348,-0.9746706409242842,0.44926119727143127,0.5008411042590245,-0.7630962026415589,-0.13958406618152008,-0.6933666501134739,0.06863560903202695,0.8030512700980408,-1.0682820666655308,-0.3372698119735866,0.18762999450790946,-0.24617025946912274,0.7921593826006731,1.5395084845430351,0.0,1.0,0.0,0.0,0.0
0.6617062493271514,-0.09582659576267816,-0.28387682541894765,-0.9245347831413334,0.03322191785514721,-0.8904752785619348,0.47416808151053225,-0.37267967964723286,-0.015914963612984362,-1.350816804255552,0.6896207377832941,0.07603813322330386,1.40368931392048,-0.5095884946639834,-1.037333773820918,0.8342256692672978,0.9821816852092108,-1.1632902377413428,-1.3079949718575514,-0.4545042726906662,0.0,1.0,0.0,0.0,0.0
1.1419599302953858,-0.09582659576267816,-1.1685905636340725,0.6190738556937321,1.7340517917846947,-0.14950646196060804,0.26706367810335946,-1.1915090995073558,-1.8508839609954555,-0.03708840064780275,1.1042231397657012,-0.09494070751820233,1.40368931392048,-0.6408524711401857,0.8008827347766408,1.9822912408833644,0.3332978044698148,-0.9321760032167431,-0.2159147075392747,-0.4545042726906662,0.0,1.0,0.0,0.0,0.0
0.042551568719807045,-0.09582659576267816,-0.8830805001534815,-0.9245347831413334,-0.9720971351758327,-0.8904752785619348,-0.08280629951279189,-1.1915090995073558,-0.20000539212467677,-0.34823460150226965,-0.13958406618152008,0.24701697396481,1.40368931392048,-0.9033804240925906,-0.8276409276549741,0.6292139600501433,-0.17653953039685363,0.7626617166303205,-0.334511659320445,1.5395084845430351,0.0,0.0,0.0,1.0,0.0
1.8661217052122583,-0.09582659576267816,-0.1339591191767592,0.17091706514852992,0.08021941179791703,-0.7280027432764143,-0.9948565876531679,-0.083099853583399,0.14409653335812234,1.2420682028650056,0.6896207377832941,1.101911177672341,1.40368931392048,0.1467313877170287,-0.3724648989693226,1.756778360744494,-0.17653953039685363,-1.3558854331785088,0.006454577050419677,0.5425021059261845,0.0,0.0,0.0,1.0,0.0
1.5343557591439694,-0.09582659576267816,-0.17082645798348806,-0.9245347831413334,-0.9720971351758327,-0.8904752785619348,-1.084103315916662,-0.5841627771062523,-0.3093015443078965,0.5160604008712496,0.275018335800887,-0.4368983890012147,1.40368931392048,0.015467411240826293,-1.6420571310581957,1.3809235605130437,-0.686376865263522,-0.0847571432932111,1.1973656345196717,1.5395084845430351,0.0,1.0,0.0,0.0,0.0
2.153510439751314,-0.09582659576267816,0.3220333518341544,-0.7920701946295066,0.25469501876931694,-0.6418574482959687,1.0037224656318724,-0.7323642933460006,-0.5273147962124382,0.6889194013459534,1.1042231397657012,1.5293582795261063,0.06863560903202695,0.6717872936218383,-1.5257825392201279,1.5312654806056238,0.8431351393364832,-1.3558854331785088,0.56484855835343,-0.4545042726906662,0.0,0.0,0.0,1.0,0.0
-0.8300979410970113,-0.09582659576267816,-1.196426251642179,-0.9245347831413334,0.7785672915246192,1.3348076599917134,0.912597772071648,-1.1915090995073558,-0.18316461635781423,0.17034239992184186,1.1042231397657012,0.16152755359405693,1.40368931392048,-1.2971723535211979,0.7479199364349558,0.17818819977240308,-0.686376865263522,1.610080576553852,-0.502524007677103,-1.4515106513075169,0.0,0.0,0.0,1.0,0.0
-0.8300979410970113,-0.09582659576267816,-0.44730487066545715,0.6605572865080485,-0.17890286559414784,0.48213407360840843,2.187429993169314,0.06510166265634933,-1.1661544248012443,0.27405780020666415,0.6896207377832941,1.5293582795261063,-1.266418095856426,-1.034644400568793,-0.7123965122001371,-0.3372698119735866,0.18762999450790946,0.15736253097065425,0.4264854479420646,0.5425021059261845,0.0,1.0,0.0,0.0,0.0
0.042551568719807045,-0.09582659576267816,-1.0913140374954629,-0.9245347831413334,-0.9720971351758327,-0.8904752785619348,-0.7964264451679058,-1.1915090995073558,-0.5869571997879169,0.5160604008712496,0.275018335800887,-1.2063031723379924,0.06863560903202695,-1.034644400568793,-0.985343811961593,0.9513752173913862,0.18762999450790946,0.15736253097065425,-1.3178780511726491,-0.4545042726906662,0.0,0.0,0.0,1.0,0.0
1.1419599302953858,-0.09582659576267816,-1.0002616960293953,-0.6147501594056106,0.5631474711892528,-0.3116234729307942,0.26706367810335946,-0.37267967964723286,-1.195107047896137,-1.350816804255552,-0.5541864681639271,-0.1804301278889554,1.40368931392048,-0.5095884946639834,-0.3423290753542483,1.6542725061359163,-0.8717722597604928,-0.39290945599267774,-1.3920011460358805,-1.4515106513075169,0.0,0.0,0.0,1.0,0.0
-0.8300979410970113,-0.09582659576267816,1.300223375024925,-0.7045115794197145,-0.7244634027786366,-0.8904752785619348,0.047198675682732796,2.624161571757848,1.359961940228139,0.5506322009661904,-0.9687888701463342,1.187400598043094,-1.266418095856426,0.9343152465742431,0.2880995878114739,-1.2158914229042492,-0.4082837735180672,-1.5484806286156756,1.4345595380820124,-0.4545042726906662,0.0,0.0,0.0,0.0,1.0
0.042551568719807045,-0.09582659576267816,0.5393197628281023,0.5332369905049001,0.26195140757795277,0.48213407360840843,-0.9907745532914419,0.5242464688177053,0.4910937211504107,0.8617784018206572,-1.3833912721287414,0.6744640758185755,0.06863560903202695,0.6717872936218383,0.4817479242562316,-0.7238633207830776,-0.686376865263522,0.7626617166303205,-0.3246285800053475,0.5425021059261845,0.0,1.0,0.0,0.0,0.0
0.6617062493271514,-0.09582659576267816,0.3650824877713073,-0.7588839763562762,-0.7884222652860422,-0.7345017230999463,-0.5161653559885611,-0.6827040103583218,0.10838829820775474,-1.5582476048251965,0.6896207377832941,1.187400598043094,0.06863560903202695,0.40925934066943354,-1.5045255459070748,-0.12249564041275783,1.2396752886772258,-0.17891479439582586,-1.5353057961047947,-0.4545042726906662,0.0,0.0,0.0,1.0,0.0
-0.8300979410970113,-0.09582659576267816,-1.0913140374954629,2.0565906932180993,-0.45163656868968755,0.7211277154242802,2.473568939496654,0.25914156367018515,-1.3219677914235917,1.5532144037194726,-0.5541864681639271,0.8454429165600816,-1.266418095856426,-1.1659083770449954,-0.6896509038866824,-0.12249564041275783,-1.0262684218413018,0.7626617166303205,-0.2010900885666284,-0.4545042726906662,0.0,0.0,0.0,1.0,0.0
0.042551568719807045,10.435516278555651,-0.8312672552469645,-0.9245347831413334,0.06915620669575011,0.0023120130973899693,0.8866627761961068,0.06510166265634933,-0.5758104398963834,-0.2790910013123881,0.6896207377832941,-1.2917925927087455,0.06863560903202695,-1.034644400568793,1.4933658742466052,0.9513752173913862,0.18762999450790946,-1.0532358403486761,1.3406702845885858,1.5395084845430351,0.0,0.0,1.0,0.0,0.0
-2.321902131521174,-0.09582659576267816,1.3758160695481159,0.7296093372685752,-0.249853580409851,0.5030515056644508,-1.081029272188681,2.7723630879975967,1.956530739098402,-0.8322398028314404,-1.3833912721287414,-0.5223878093719677,-1.266418095856426,0.8030512700980408,1.0865619363015546,-1.6259148413385582,-0.29792937203177566,-1.456768630788454,1.0392363654781114,0.5425021059261845,0.0,1.0,0.0,0.0,0.0
-0.8300979410970113,-0.09582659576267816,1.1410030027184683,0.6970162965203649,0.2743993446118432,0.6363454605983655,-0.034080265509534975,1.6326557147416623,0.8813750804695636,1.5532144037194726,-1.7979936741111484,0.3325063943355631,-1.266418095856426,0.6717872936218383,1.4733287142810387,-1.1748890810608181,-1.1962142001301908,0.33895228666855465,-0.606296340485627,0.5425021059261845,0.0,0.0,1.0,0.0,0.0
-0.8300979410970113,-0.09582659576267816,-1.1685905636340725,1.3477096386776104,1.9789541404744375,-0.14950646196060804,1.8874757305819443,-1.1915090995073558,-0.8897533829886692,-1.3853886043504928,-0.5541864681639271,-0.6933666501134739,0.06863560903202695,-1.2971723535211979,-1.6883687872825528,0.17818819977240308,-0.686376865263522,1.610080576553852,-1.006561052747077,-0.4545042726906662,0.0,0.0,0.0,1.0,0.0
-0.8300979410970113,-0.09582659576267816,0.21972460877576058,0.5626404594460216,-0.22849974525440747,0.688775305005593,-1.184776742901236,1.033051557966739,0.4032225100574115,-0.07166020074274353,-1.7979936741111484,-0.2659195482597085,-1.266418095856426,0.015467411240826293,1.5559122540329897,-1.0245471609682386,-0.686376865263522,0.48018876332247656,-0.3098039610327012,1.5395084845430351,0.0,1.0,0.0,0.0,0.0
0.6617062493271514,-0.09582659576267816,-0.9391569871504251,0.18397915778683188,-0.3519462363549358,1.6162833659200864,2.7403958870810565,-0.20000324249116966,-1.6482638537030319,-1.2816732040656704,0.6896207377832941,-0.5223878093719677,0.06863560903202695,-0.7721164476163882,-0.13469102568811875,1.3809235605130437,0.6731893610475937,-1.5912795609350454,-0.34933627829309133,0.5425021059261845,0.0,0.0,0.0,1.0,0.0
-0.8300979410970113,-0.09582659576267816,-0.9589229991253417,2.3163517417332753,0.4758936371770765,-0.6160739596362408,0.7433143699559339,-1.1915090995073558,-1.336974901061111,1.069209202390302,0.6896207377832941,-0.009451287147449236,0.06863560903202695,-1.1659083770449954,0.1643278679416029,-0.12249564041275783,0.6731893610475937,0.7626617166303205,1.2714887293829031,-0.4545042726906662,1.0,0.0,0.0,0.0,0.0
0.042551568719807045,-0.09582659576267816,-1.494553456141747,-0.9245347831413334,-0.9720971351758327,-0.8904752785619348,-0.4830718339824802,-1.1915090995073558,-0.45589832591170293,-1.0050988033061443,1.1042231397657012,-0.009451287147449236,1.40368931392048,-1.1659083770449954,0.4191975013942311,1.3809235605130437,-1.0262684218413018,0.7626617166303205,-0.49758246801955425,0.5425021059261845,0.0,1.0,0.0,0.0,0.0
0.6617062493271514,-0.09582659576267816,-1.0002616960293953,1.1480031816567966,1.7614673158459262,1.5827598268941878,1.1373402184961046,-0.20000324249116966,-1.225314284658475,-0.34823460150226965,0.275018335800887,-0.778856070484227,0.06863560903202695,-0.7721164476163882,-0.08418447306662867,1.3809235605130437,-0.4597824942116696,-0.6497030499088993,0.1794084650646264,-1.4515106513075169,0.0,1.0,0.0,0.0,0.0
0.6617062493271514,-0.09582659576267816,-0.8481046456843575,-0.1913722674119024,-0.6077944917868698,0.8961376813399652,-0.6477464814561847,-1.1915090995073558,-0.9905567657307205,0.27405780020666415,1.1042231397657012,-1.0353243315964862,0.06863560903202695,-0.6408524711401857,1.1705943532428162,1.0802397203278835,0.3332978044698148,-0.0847571432932111,1.6173965054113166,-0.4545042726906662,0.0,0.0,0.0,1.0,0.0
-0.8300979410970113,-0.09582659576267816,-1.271433625382314,-0.9245347831413334,-0.9720971351758327,-0.8904752785619348,-0.19567221718775596,-1.1915090995073558,-1.03919717253014,-0.7630962026415589,0.6896207377832941,0.6744640758185755,0.06863560903202695,-1.2971723535211979,-1.6330520867923481,0.17818819977240308,-0.686376865263522,1.610080576553852,0.688387049792149,-0.4545042726906662,0.0,0.0,1.0,0.0,0.0
0.6617062493271514,-0.09582659576267816,0.7388186999823324,-0.2632652203099591,-0.7952582324600508,-0.4215451620610487,0.05593757964986059,-0.0377474680331959,0.5399753998089545,1.172924602675124,-0.13958406618152008,0.7599534961893285,0.06863560903202695,1.0655792230504455,-0.679902786038059,-0.4493259014835841,-0.5090421400925079,0.9468832079180446,1.548214950205634,-0.4545042726906662,0.0,0.0,0.0,1.0,0.0
-0.8300979410970113,-0.09582659576267816,0.9706240342188025,-0.38510994023661843,-0.09988938155894579,0.27872331553276347,-0.6862826205625677,0.7970366351419088,1.0272963008678224,1.034637402295361,-1.7979936741111484,1.187400598043094,-1.266418095856426,0.2779953641932311,1.646348759992691,-1.0952962998353346,-0.926300316965484,1.0119025577843004,-0.3394531989779938,-0.4545042726906662,0.0,0.0,1.0,0.0,0.0
0.6617062493271514,-0.09582659576267816,0.5201106146378877,-0.4016889324266949,-0.9720971351758327,-0.7352208049307837,-0.3229515456730575,-0.2945829510424179,0.4753145415636942,0.6889194013459534,-0.13958406618152008,1.7858265406383655,1.40368931392048,0.6717872936218383,-0.4596675309395299,-0.2728375605053374,-0.17653953039685363,0.7626617166303205,1.0540609844507576,1.5395084845430351,0.0,1.0,0.0,0.0,0.0
1.1419599302953858,-0.09582659576267816,-0.5170467381906113,-0.4723098769170135,-0.5271359435041421,-0.6055196541164677,-0.06454316123136827,-0.37267967964723286,-0.09645151018861074,0.9654938021054795,0.6896207377832941,0.24701697396481,1.40368931392048,-0.5095884946639834,-0.3813509338395861,1.6542725061359163,0.05520471272435914,-1.1632902377413428,0.816867080888417,0.5425021059261845,0.0,0.0,0.0,1.0,0.0
1.1419599302953858,-0.09582659576267816,-0.17716957038943867,-0.02204086372001244,-0.8359153332944969,-0.6314255976932726,1.6717445696607376,-0.4382590515720541,-1.4345452408908992,-1.177957803780848,1.9334279437305153,-1.4627714334502517,0.06863560903202695,-0.37832451818778096,-0.26415852677419394,1.3809235605130437,1.5229182524920417,-2.062067816448119,0.9552301912997823,0.5425021059261845,0.0,0.0,1.0,0.0,0.0
0.042551568719807045,-0.09582659576267816,-0.9589229991253417,-0.9245347831413334,-0.5434972148616688,-0.8904752785619348,-0.5543014448811339,0.06510166265634933,-0.44335218923724945,1.7260734041941765,-0.13958406618152008,-0.35140896863046156,0.06863560903202695,-1.034644400568793,-1.292070037501985,0.9513752173913862,-1.269048105111144,0.15736253097065425,-1.065859528637662,-0.4545042726906662,0.0,0.0,0.0,0.0,1.0
-0.8300979410970113,-0.09582659576267816,-1.5400289483413194,-0.2342563416431433,0.5110137957551313,2.1527048036662775,-0.8032410191507969,-1.1915090995073558,-1.2288851081735117,0.41234500058642726,0.6896207377832941,1.101911177672341,2.738743018808933,-1.2971723535211979,1.7550958182326653,0.17818819977240308,-0.686376865263522,1.610080576553852,0.5994393359562713,-0.4545042726906662,1.0,0.0,0.0,0.0,0.0
0.042551568719807045,-0.09582659576267816,-1.2254467873271546,0.7505974016467024,3.219818093427352,-0.08505489538306457,1.192954930209679,-1.1915090995073558,-1.004454024816269,-0.901383403021322,0.6896207377832941,-0.5223878093719677,0.06863560903202695,-1.1659083770449954,-1.116762882217108,1.3809235605130437,-1.0262684218413018,0.7626617166303205,1.2714887293829031,-2.4485170299243677,0.0,1.0,0.0,0.0,0.0
-0.8300979410970113,-0.09582659576267816,0.9950417718801046,-0.9245347831413334,0.7210710742048791,-0.5520285645667796,-0.9861014860886703,0.6969229059737683,1.4259739208844942,1.207496402770065,-0.9687888701463342,0.3325063943355631,-1.266418095856426,0.40925934066943354,2.014836243187402,-1.1247751076966253,0.6731893610475937,-0.17891479439582586,-1.485890399529307,-0.4545042726906662,0.0,1.0,0.0,0.0,0.0
0.042551568719807045,-0.09582659576267816,-0.021199576279770135,0.007231094970039288,0.07665368395922717,0.3135279538203025,0.32774840736451677,-0.4382590515720541,-1.1938041798568668,0.8617784018206572,0.275018335800887,-0.009451287147449236,-1.266418095856426,-0.37832451818778096,0.28569436006190224,-0.12249564041275783,-0.17653953039685363,0.7626617166303205,-0.19614854890907962,0.5425021059261845,0.0,0.0,1.0,0.0,0.0
-0.8300979410970113,-0.09582659576267816,-0.02628825412366763,0.8424438650061604,-0.12097366644166985,-0.8904752785619348,-0.7835263221195582,-0.4382590515720541,-0.31900067304468555,1.4149272033397096,-0.9687888701463342,2.127784222121378,-1.266418095856426,-0.37832451818778096,-0.40007194691858455,-0.8742052408756581,-0.17653953039685363,1.4688440998999304,-0.0380192798675192,0.5425021059261845,0.0,0.0,0.0,0.0,1.0
-0.8300979410970113,-0.09582659576267816,-1.3557234684482347,2.9259405582542946,0.5237121379444708,2.318820269210671,2.5154674592988786,-1.1915090995073558,-1.5749654629011285,-0.2790910013123881,1.1042231397657012,-0.35140896863046156,0.06863560903202695,-1.2971723535211979,-1.8004972342221561,0.17818819977240308,-0.686376865263522,1.610080576553852,1.0441779051356601,-2.4485170299243677,0.0,1.0,0.0,0.0,0.0
0.042551568719807045,-0.09582659576267816,-1.3557234684482347,-0.9245347831413334,-0.20500704086675464,-0.8904752785619348,-0.6123997258978758,-1.1915090995073558,-1.401442741819072,-0.7285244025466181,0.6896207377832941,0.16152755359405693,2.738743018808933,-1.034644400568793,-0.2620949422107986,0.9513752173913862,0.18762999450790946,0.15736253097065425,-0.5420563249374931,-0.4545042726906662,0.0,1.0,0.0,0.0,0.0
0.6617062493271514,-0.09582659576267816,0.7892920195466455,1.0069924196847242,0.04863317972547032,0.11094429081318824,-0.690754093542098,-0.1250179709448964,-0.1629460345632142,0.8272066017257165,-0.13958406618152008,-0.009451287147449236,-1.266418095856426,1.3281071760028504,0.26615463003799944,-0.5434530166719816,-0.2785069973701874,0.9321454886150269,1.2023071741772204,1.5395084845430351,0.0,0.0,1.0,0.0,0.0
1.5343557591439694,-0.09582659576267816,0.20351006142535985,-0.2506298226838433,-0.32267669841135205,-0.06499199584979386,-0.5067813932628824,-0.20000324249116966,-0.27890129005825925,1.345783603149828,0.6896207377832941,-0.4368983890012147,1.40368931392048,0.40925934066943354,-0.12363284392559427,0.8797838268711102,0.6731893610475937,-1.120491305421972,-0.07755159712790931,-0.4545042726906662,0.0,1.0,0.0,0.0,0.0
0.042551568719807045,-0.09582659576267816,-1.3925908072549635,-0.9245347831413334,-0.9720971351758327,-0.8904752785619348,-0.29063048395586155,-1.1915090995073558,-0.7636647094104118,1.5532144037194726,1.1042231397657012,0.3325063943355631,2.738743018808933,-1.1659083770449954,-0.8586182799294886,1.3809235605130437,-1.0262684218413018,0.7626617166303205,0.32271311513354056,0.5425021059261845,0.0,0.0,1.0,0.0,0.0
-0.8300979410970113,-0.09582659576267816,-1.271433625382314,1.7021501659478544,0.973635087443457,1.1928138397057844,1.1373402184961046,-1.1915090995073558,0.12281635538337624,-0.6248090022617958,-0.5541864681639271,-0.778856070484227,1.40368931392048,-1.2971723535211979,-0.08418447306662867,0.17818819977240308,-0.686376865263522,1.610080576553852,0.56484855835343,-0.4545042726906662,0.0,0.0,0.0,0.0,1.0
1.5343557591439694,-0.09582659576267816,0.11193660440739422,-0.44764070995065963,-0.14667353670782624,-0.2758208281590829,-0.35047686829840663,-0.1448089388865984,-1.017916994555394,-1.489104004635315,-1.3833912721287414,0.7599534961893285,0.06863560903202695,0.2779953641932311,0.050034883030769445,1.0271778661775608,-2.125917575475292,1.0119025577843004,1.6173965054113166,0.5425021059261845,0.0,1.0,0.0,0.0,0.0
0.6617062493271514,-0.09582659576267816,0.2578090050435183,-0.9245347831413334,-0.6158117391638643,-0.8904752785619348,-0.7884028695482415,-0.6536140280356327,0.13700314069987363,-0.901383403021322,0.275018335800887,0.6744640758185755,0.06863560903202695,0.2779953641932311,-1.4768234846653112,-0.03405921682888675,0.8731255707992283,0.014939193168380513,-0.003428502264677851,1.5395084845430351,0.0,1.0,0.0,0.0,0.0
-0.8300979410970113,-0.09582659576267816,-0.7237832833474263,0.6659001036955062,0.6243717072278019,1.8248776570037903,1.9716651037723076,0.25914156367018515,-0.9643546418298427,1.484070803529591,0.6896207377832941,-0.1804301278889554,-1.266418095856426,-1.1659083770449954,-0.9931252042793535,-0.12249564041275783,0.6731893610475937,-0.6497030499088993,-0.018253121237324144,-0.4545042726906662,0.0,0.0,1.0,0.0,0.0
-0.8300979410970113,-0.09582659576267816,0.8319467802399995,-0.20466135598919463,-0.09875923163725173,-0.5581499999440866,-0.7868830632998858,0.6356158371085828,0.9979576427983313,0.10119879973196033,-1.7979936741111484,1.7003371202676125,-1.266418095856426,-0.11579656523537611,-0.5567622913120155,-0.9815923266560724,0.18762999450790946,0.15736253097065425,-1.1992810993914786,-0.4545042726906662,0.0,0.0,0.0,0.0,1.0
-0.8300979410970113,-0.09582659576267816,-1.431565967420095,2.3615722606342713,-0.9720971351758327,1.2286046725925244,-0.5450244371222559,-1.1915090995073558,-0.7065315331698236,0.032055199542078784,0.6896207377832941,-0.778856070484227,0.06863560903202695,-1.2971723535211979,0.6902493337962321,0.17818819977240308,-0.686376865263522,1.610080576553852,-0.8434902440479677,-1.4515106513075169,0.0,0.0,1.0,0.0,0.0
-0.8300979410970113,-0.09582659576267816,0.8617527176566129,-0.488266724745186,0.4961526555173446,-0.2411736793380894,-0.0591966218970152,1.8459827627871286,1.014219366103296,0.17034239992184186,-0.9687888701463342,1.187400598043094,-1.266418095856426,0.8030512700980408,0.657093146346446,-1.1963664982169009,0.18762999450790946,-1.0532358403486761,0.18435000472217516,-1.4515106513075169,0.0,1.0,0.0,0.0,0.0
0.042551568719807045,-0.09582659576267816,-1.3739080038739553,0.13901704207663407,-0.18426490677336463,-0.3829983213936922,0.4912500212909224,-1.1915090995073558,-1.8333193696512207,1.518642603624532,0.275018335800887,-0.6078772297427208,0.06863560903202695,-1.034644400568793,1.3678789148012351,0.9513752173913862,0.18762999450790946,0.15736253097065425,0.8465163188337095,-0.4545042726906662,0.0,1.0,0.0,0.0,0.0
-0.8300979410970113,-0.09582659576267816,1.0197177418682883,0.05262138661509896,1.5226899045823425,-0.4320293132153819,0.3687648648158725,0.5242464688177053,1.5720881587700524,0.2394860001117234,-0.9687888701463342,-0.5223878093719677,0.06863560903202695,0.6717872936218383,1.3125510347030085,-1.1748890810608181,1.3529724742031521,-0.5084665732549773,0.18435000472217516,-0.4545042726906662,0.0,0.0,1.0,0.0,0.0
2.153510439751314,-0.09582659576267816,1.2847170511701993,-0.7421470080057988,-0.2478576422189228,0.3365792950103329,-1.0839660444843262,1.4463010749045107,0.9339240913867938,-0.7285244025466181,0.6896207377832941,0.7599534961893285,0.06863560903202695,2.509482964288672,0.5283608421150372,0.23125005392272477,0.5732212561717768,-2.228228377217439,1.4444426173971099,-0.4545042726906662,0.0,0.0,0.0,1.0,0.0
0.6617062493271514,-0.09582659576267816,-0.6692037885356491,2.2436937532196897,2.0799894416385394,-0.7115197776641732,-0.37148915142819333,-1.1915090995073558,-0.8265884102699784,1.5532144037194726,1.5188255417481082,-0.6933666501134739,1.40368931392048,-0.7721164476163882,0.5849864862614743,1.3809235605130437,0.6731893610475937,-0.6497030499088993,1.5185657122603413,1.5395084845430351,1.0,0.0,0.0,0.0,0.0
0.6617062493271514,-0.09582659576267816,-0.25114031505267304,-0.41621406782075093,-0.22849974525440747,-0.6018187828720187,-1.0153293792827778,-0.4382590515720541,-1.1025069083643053,0.9309220020105388,1.5188255417481082,-0.6933666501134739,0.06863560903202695,-0.37832451818778096,3.4717236348848295,0.6292139600501433,0.6731893610475937,-0.6497030499088993,1.0095871275328188,-0.4545042726906662,0.0,0.0,1.0,0.0,0.0
0.042551568719807045,-0.09582659576267816,1.1890613755308208,0.3597199842581154,-0.618119888501827,-0.5433992216769267,-0.9810358824238352,-0.1250179709448964,0.8428680917533563,-0.2099474011225066,1.1042231397657012,-0.09494070751820233,0.06863560903202695,1.3281071760028504,-0.9999793058354141,-0.9042736248941738,0.12936287052314777,0.9321454886150269,-0.6507701974035659,1.5395084845430351,0.0,1.0,0.0,0.0,0.0
-0.8300979410970113,-0.09582659576267816,0.8491379344552203,-0.02616327651440207,-0.43730879296292735,-0.547470100848097,-0.5915758700063715,1.173510908580307,0.6693453706712997,-0.10623200083768429,-1.7979936741111484,0.9309323369308347,-1.266418095856426,-0.11579656523537611,-0.27236465043517405,-0.9815923266560724,-0.5407090553016178,0.15736253097065425,-1.6687273668586113,1.5395084845430351,0.0,0.0,0.0,1.0,0.0
1.5343557591439694,-0.09582659576267816,0.7946763201289075,1.740834381087665,1.5500973484624896,1.4730551611252019,-0.21429934600928038,-0.16387804731187924,0.5235206590166904,-1.2471014039707298,-0.5541864681639271,-0.09494070751820233,0.06863560903202695,1.4593711524790527,0.34876671029764766,0.10879962126813507,-0.3726308130378807,0.43673138589050026,-0.9324379578838454,-1.4515106513075169,0.0,1.0,0.0,0.0,0.0
-0.8300979410970113,-0.09582659576267816,-0.738139174989298,3.591405017312901,0.9344120577302861,-0.6923798046315144,1.855052289753029,0.06510166265634933,-0.9360775799404975,-0.7630962026415589,0.6896207377832941,0.7599534961893285,-1.266418095856426,-1.034644400568793,-0.7087278656979672,-0.3372698119735866,0.18762999450790946,0.15736253097065425,-1.0856256872678571,-1.4515106513075169,0.0,0.0,1.0,0.0,0.0
-0.8300979410970113,-0.09582659576267816,1.1894909060435874,-0.653716879013334,-0.5914806178666041,1.287181976867397,-0.6565821764791699,1.5157523258338912,1.5586251890309275,-1.2816732040656704,-0.9687888701463342,-0.35140896863046156,-1.266418095856426,0.8030512700980408,1.7303915261895446,-1.1963664982169009,0.18762999450790946,-0.6497030499088993,0.4116608289694183,-0.4545042726906662,0.0,0.0,1.0,0.0,0.0
-0.8300979410970113,-0.09582659576267816,-1.9042089357148482,-0.9245347831413334,-0.9720971351758327,-0.8904752785619348,-0.525626300961989,-1.1915090995073558,-0.26611388152468163,-1.5928194049201374,0.6896207377832941,0.5889746554478223,2.738743018808933,-1.4284363299974001,-1.5120468044700264,0.6292139600501433,-0.17653953039685363,0.7626617166303205,-1.1992810993914786,-0.4545042726906662,1.0,0.0,0.0,0.0,0.0
-0.8300979410970113,-0.09582659576267816,1.091781216091452,-0.6404732828572199,-0.5748622226456314,-0.17699582848064055,0.033277158392225635,1.5889869505910348,1.5903283113198348,0.7926348016307757,-0.13958406618152008,1.4438688591553532,-1.266418095856426,2.246955011336267,2.196311878924442,-1.3440237411649707,0.1421088038948142,-0.5614302520001979,0.1794084650646264,-0.4545042726906662,0.0,0.0,1.0,0.0,0.0
-0.8300979410970113,-0.09582659576267816,0.23903265894112485,3.6541920905125798,-0.6784580449964788,1.0751192261714015,0.06813622609247927,0.06510166265634933,0.22024193209769,-1.489104004635315,-0.5541864681639271,0.5889746554478223,0.06863560903202695,-0.11579656523537611,-0.5925913997094221,-0.9815923266560724,0.18762999450790946,0.7626617166303205,0.9058147947242947,-0.4545042726906662,0.0,1.0,0.0,0.0,0.0
1.5343557591439694,-0.09582659576267816,1.14054180576719,-0.02640110217418681,-0.44886756803000755,-0.38333724652898377,-0.6883537585056777,0.1551559554974849,0.5550790181901234,0.1357705998269011,0.6896207377832941,1.6148476998968595,0.06863560903202695,1.4593711524790527,-0.4842474349057358,0.10879962126813507,0.41173431752622563,-0.5410596063289597,1.4098518397942685,0.5425021059261845,1.0,0.0,0.0,0.0,0.0
0.042551568719807045,-0.09582659576267816,0.9869992899950151,-0.5772460163785171,0.04228242034548822,-0.22698471061592007,-0.5315950685115922,-0.20000324249116966,1.0651759827503071,0.30862960030160497,-1.3833912721287414,-0.1804301278889554,0.06863560903202695,0.40925934066943354,-0.2960206925011259,-0.623635374054691,0.6731893610475937,0.29187346111724705,-0.5865301818554319,-0.4545042726906662,0.0,1.0,0.0,0.0,0.0
1.1419599302953858,-0.09582659576267816,0.8782174129302631,0.030551686983018054,-0.5013225204695442,0.008815436708962534,0.4121419935664112,0.463727920778138,0.5676734092364017,1.0000656022004204,-1.3833912721287414,0.7599534961893285,0.06863560903202695,1.4593711524790527,-0.8713328648182816,-0.23814327125320392,-1.1569959436019859,0.7626617166303205,1.3752610621914272,-0.4545042726906662,0.0,0.0,0.0,1.0,0.0
-0.8300979410970113,-0.09582659576267816,1.078268296081813,0.01574596932812585,-0.7894829540095696,-0.8904752785619348,-0.9770636194852956,2.165016765596492,1.1833509393492938,0.27405780020666415,-1.3833912721287414,1.7858265406383655,-1.266418095856426,0.8030512700980408,1.918829968793433,-1.1963664982169009,-0.29792937203177566,-1.0532358403486761,-1.5155396374745995,1.5395084845430351,0.0,0.0,0.0,1.0,0.0
1.1419599302953858,-0.09582659576267816,1.0572225409969007,0.3713177555210657,-0.7948009951324485,-0.721196870204622,-0.9787711025084818,0.3174117299554589,0.5424846271438452,-0.41737820169215123,0.275018335800887,0.8454429165600816,0.06863560903202695,1.0655792230504455,-1.3856717391525293,-0.057129588198592526,1.2643051116176445,-1.2637746875346467,0.9502886516422335,1.5395084845430351,1.0,0.0,0.0,0.0,0.0
0.042551568719807045,-0.09582659576267816,0.3835319704771663,-0.8034826038355299,-0.8526591980959327,-0.776494917287585,1.6367982882819465,1.033051557966739,-0.27557173840234656,-1.0050988033061443,-0.13958406618152008,0.4179958147063162,0.06863560903202695,0.015467411240826293,-1.5685159362204437,-0.4231794805979177,0.6731893610475937,-1.2146489565245873,0.3177715754759918,-0.4545042726906662,0.0,0.0,1.0,0.0,0.0
-0.8300979410970113,-0.09582659576267816,1.4280037525655143,-0.028113119907260037,-0.9720971351758327,-0.5482246646828918,-0.49726333701475184,0.1551559554974849,1.255346462111927,0.8272066017257165,-1.3833912721287414,1.8713159610091186,-1.266418095856426,-0.2470605417115785,0.7167286424678304,-0.9320290562958812,0.41173431752622563,0.43673138589050026,0.60438087561382,0.5425021059261845,0.0,0.0,0.0,1.0,0.0
2.153510439751314,-0.09582659576267816,-0.11044369693952864,-0.7578310984959924,-0.48430776340847087,-0.04317888781967014,-0.6873961477701244,-0.6536140280356327,-0.24869405329592123,0.2394860001117234,0.275018335800887,-0.1804301278889554,1.40368931392048,0.2779953641932311,-0.6361745268944112,2.088414949184009,-0.926300316965484,-0.4835424891395794,-0.19120700925153086,1.5395084845430351,0.0,1.0,0.0,0.0,0.0
-2.321902131521174,-0.09582659576267816,1.2459175992239027,1.0393080020454184,0.6423809974516382,-0.6662253467412185,0.048082353966411605,1.033051557966739,2.598699919343121,-0.451950001787092,-0.9687888701463342,-0.09494070751820233,-1.266418095856426,1.9844270583838624,-1.529734351538023,-1.6259148413385582,0.3332978044698148,0.19771581001463226,0.8415747791761607,-0.4545042726906662,0.0,0.0,0.0,1.0,0.0
-0.8300979410970113,-0.09582659576267816,-0.11044369693952864,-0.42860304423684814,-0.48430776340847087,-0.5778644778622721,-0.3394415757385382,-0.37267967964723286,0.17686125182717585,-1.3853886043504928,-0.5541864681639271,-0.09494070751820233,0.06863560903202695,-0.5095884946639834,0.5057034053523163,-0.8058680044699397,0.05520471272435914,1.1478521075046526,-0.7693671491847363,0.5425021059261845,1.0,0.0,0.0,0.0,0.0
0.6617062493271514,-0.09582659576267816,0.9347753337558876,-0.9245347831413334,0.5350986718833437,-0.061252187181604224,-0.698005550206911,0.6356158371085828,1.3073646749390841,-0.24451920121744736,-0.5541864681639271,-0.6933666501134739,0.06863560903202695,1.7218991054314576,-0.8884041955780596,-0.6594310693148295,-0.17653953039685363,0.15736253097065425,-1.5649550340500873,0.5425021059261845,0.0,1.0,0.0,0.0,0.0
0.042551568719807045,-0.09582659576267816,0.5258167539321559,-0.7936130548719055,-0.0073781271909937746,0.04409929413848954,1.1867946951750723,-0.6536140280356327,0.7368049824823997,-0.7285244025466181,-0.13958406618152008,0.9309323369308347,0.06863560903202695,0.2779953641932311,-1.178605537356129,-0.5646777583321106,1.4729342000541326,0.014939193168380513,-0.334511659320445,-0.4545042726906662,0.0,0.0,0.0,1.0,0.0
-2.321902131521174,-0.09582659576267816,1.3498429032946653,-0.7392806634400596,-0.09213004251933112,0.1410191609949393,-0.9809420643315097,1.3911067712999385,2.2756851543477685,-0.901383403021322,-1.7979936741111484,0.7599534961893285,-1.266418095856426,0.540523317145636,0.8589817991859239,-1.6259148413385582,-0.5790426895021192,0.5396567534925483,-1.0955087665829546,0.5425021059261845,0.0,0.0,1.0,0.0,0.0
0.042551568719807045,-0.09582659576267816,-1.1823663789615313,-0.9245347831413334,0.7441603174739571,0.23239882605421075,0.09583726638573888,-1.1915090995073558,-1.0863899481748152,-0.38280640159721047,1.5188255417481082,-1.3772820130794987,0.06863560903202695,-1.1659083770449954,0.8596567290474831,1.3809235605130437,-1.0262684218413018,0.7626617166303205,1.567981108835829,-0.4545042726906662,0.0,0.0,0.0,1.0,0.0
1.5343557591439694,-0.09582659576267816,0.9841038305850374,0.3722059191966416,-0.6165312763098352,0.3305103705956456,-1.0833778080832432,0.42570523556563544,0.7637791763324746,0.4814886007763088,0.275018335800887,-0.4368983890012147,0.06863560903202695,2.246955011336267,-0.5172473301411319,-0.21645934047061982,0.1421088038948142,-0.2966118582740942,1.6421042036990605,-0.4545042726906662,0.0,1.0,0.0,0.0,0.0
-0.8300979410970113,-0.09582659576267816,-0.9589229991253417,-0.34593668686551404,-0.9720971351758327,-0.6160739596362408,0.18562020789671274,0.06510166265634933,-0.04829364710743931,0.758063001535835,-1.3833912721287414,1.6148476998968595,0.06863560903202695,-1.034644400568793,1.0138933127836964,-0.3372698119735866,-1.269048105111144,1.3679609022899857,-1.3672934477481367,1.5395084845430351,0.0,0.0,0.0,1.0,0.0
0.042551568719807045,-0.09582659576267816,0.18876614287580498,-0.7635168276620906,0.030560241577750023,-0.8904752785619348,-0.6898182133701994,-0.5841627771062523,-0.10547507771985229,-1.3853886043504928,1.1042231397657012,1.187400598043094,0.06863560903202695,0.015467411240826293,0.20755428979266863,-0.4231794805979177,2.03275558735871,-0.6497030499088993,1.6865780606169993,-0.4545042726906662,1.0,0.0,0.0,0.0,0.0
0.042551568719807045,-0.09582659576267816,-0.3503589776752548,-0.5700942558710903,-0.7965366170146482,-0.22891387300208155,-0.23873228310868386,-0.2945829510424179,0.46619446528880304,1.3112118030548872,0.275018335800887,1.3583794387846002,0.06863560903202695,-0.6408524711401857,-0.6403687525408638,0.17818819977240308,0.3332978044698148,-0.0847571432932111,-0.878081021650809,-0.4545042726906662,0.0,0.0,0.0,1.0,0.0
0.042551568719807045,-0.09582659576267816,-0.1867962667491395,3.04837189461451,0.41670054261350437,0.7944812776602752,0.03815727734925293,-0.37267967964723286,-1.2124786217530725,1.484070803529591,0.275018335800887,0.9309323369308347,-1.266418095856426,-0.5095884946639834,-0.006741092380342024,0.014178832398679007,0.05520471272435914,0.37747132575598724,1.4395010777395612,-1.4515106513075169,0.0,0.0,0.0,1.0,0.0
-0.8300979410970113,-0.09582659576267816,0.9366443518281987,0.9910895192648101,-0.9720971351758327,0.4470630071794388,-0.5017053474271195,-0.16387804731187924,1.03467921975702,-0.451950001787092,-0.5541864681639271,1.8713159610091186,0.06863560903202695,1.4593711524790527,1.0986836017992474,-1.2789719488172202,0.8039168828082776,0.7626617166303205,-0.2554470247996648,1.5395084845430351,0.0,0.0,0.0,1.0,0.0
1.1419599302953858,-0.09582659576267816,-0.14602810090595705,-0.8365215845941502,-0.5852244973024776,-0.8076037745142742,2.0038656281172016,0.25914156367018515,-0.23561711853139472,1.2766400029599465,0.275018335800887,0.24701697396481,2.738743018808933,-0.37832451818778096,-0.5981584794150734,1.3809235605130437,-0.17653953039685363,-1.3558854331785088,-0.5074655473346518,1.5395084845430351,0.0,0.0,1.0,0.0,0.0
1.1419599302953858,-0.09582659576267816,0.5235400250508507,-0.9245347831413334,-0.8022377143326819,-0.5523094488202506,-1.0940952127938532,-0.37267967964723286,0.2237162468690771,1.172924602675124,0.275018335800887,0.5034852350770693,0.06863560903202695,0.9343152465742431,-1.1349238090112126,0.014178832398679007,0.5186931989667852,-0.0077190651183445536,1.063944063765855,-0.4545042726906662,0.0,0.0,0.0,1.0,0.0
-0.8300979410970113,-0.09582659576267816,-1.6980897556219077,3.819344034280505,-0.9720971351758327,0.7211277154242802,1.437294481083475,-1.1915090995073558,-1.526325056101709,0.8617784018206572,0.6896207377832941,-1.3772820130794987,0.06863560903202695,-1.4284363299974001,-0.17218831475558977,0.6292139600501433,-2.7257262047301962,2.8812088664391498,-0.6260624991158221,-0.4545042726906662,0.0,1.0,0.0,0.0,0.0
-0.8300979410970113,-0.09582659576267816,0.917079594938153,0.03169070685887339,0.3867901385290397,0.7414255259548537,0.2581186735397759,0.25914156367018515,0.32394057714923047,1.3112118030548872,-0.5541864681639271,-0.5223878093719677,0.06863560903202695,1.196843199526648,-0.3924295080350692,-1.2500600411071086,-0.17653953039685363,1.115752908265125,-0.8286656250753214,-0.4545042726906662,0.0,0.0,0.0,0.0,1.0
-0.8300979410970113,-0.09582659576267816,-0.8921121509521037,-0.39994590667933155,5.451929300403483,0.7835957350281266,0.3220224426396491,-1.1915090995073558,-1.2378121669611037,-0.6939526024516773,1.1042231397657012,-0.9498349112257332,-1.266418095856426,-1.1659083770449954,-0.8115243322148551,-0.12249564041275783,0.6731893610475937,0.7626617166303205,1.5136241726027926,-2.4485170299243677,0.0,1.0,0.0,0.0,0.0
-0.8300979410970113,-0.09582659576267816,-1.5887553628677478,-0.1821479216114521,2.053488045900425,0.48213407360840843,-0.37902651910182267,-1.1915090995073558,-1.783279586068881,1.345783603149828,0.275018335800887,1.101911177672341,-1.266418095856426,-1.2971723535211979,1.4200042671862352,0.17818819977240308,-0.686376865263522,1.610080576553852,0.9404055723271361,0.5425021059261845,0.0,0.0,0.0,1.0,0.0
-0.8300979410970113,-0.09582659576267816,-1.03299820639567,-0.5993882554159742,3.7562472606788817,0.3048910918053388,1.8063257153201546,0.5242464688177053,-1.588862721986677,0.9654938021054795,1.1042231397657012,0.8454429165600816,-1.266418095856426,-1.2971723535211979,-1.0715875768167753,0.17818819977240308,-0.686376865263522,-0.0847571432932111,0.9601717309573311,-0.4545042726906662,0.0,1.0,0.0,0.0,0.0
-0.8300979410970113,-0.09582659576267816,-1.7601215614030006,-0.9245347831413334,-0.9720971351758327,-0.8904752785619348,0.3348062800133797,-1.1915090995073558,-0.31600890199154663,-0.8322398028314404,0.6896207377832941,-0.4368983890012147,0.06863560903202695,-1.4284363299974001,-0.8005357444147736,0.6292139600501433,-0.17653953039685363,0.7626617166303205,0.2732977185580529,1.5395084845430351,0.0,0.0,0.0,1.0,0.0
0.042551568719807045,-0.09582659576267816,-1.0442692012971415,2.155322223726829,3.0958058832789366,0.028146878656614152,1.2781796545612538,-1.1915090995073558,-1.4743550976463766,-0.5210936019769735,0.275018335800887,-1.5482608538210048,0.06863560903202695,-1.034644400568793,-0.5042163683142808,0.9513752173913862,0.18762999450790946,0.15736253097065425,-0.3789855162383839,-2.4485170299243677,0.0,0.0,1.0,0.0,0.0
-0.8300979410970113,-0.09582659576267816,-1.4117999554451786,-0.9245347831413334,-0.9720971351758327,-0.8904752785619348,-0.563313175553508,-1.1915090995073558,-1.0823365809415302,-0.2099474011225066,1.1042231397657012,0.07603813322330386,0.06863560903202695,-1.2971723535211979,-0.585288701036714,0.17818819977240308,-0.686376865263522,1.610080576553852,0.30788849616089425,1.5395084845430351,0.0,1.0,0.0,0.0,0.0
0.6617062493271514,-0.09582659576267816,-0.22672257739137094,0.6040722023001093,-0.4658455866270191,-0.06715083380963333,-0.23873228310868386,-0.4382590515720541,0.14829466370688177,0.9309220020105388,-0.9687888701463342,-0.1804301278889554,1.40368931392048,-0.37832451818778096,-0.500735990394379,0.6292139600501433,-0.17653953039685363,0.05647933336071082,-0.5914717215129808,-1.4515106513075169,0.0,1.0,0.0,0.0,0.0
0.6617062493271514,-0.09582659576267816,0.9067576621157153,0.1883497585563618,0.09980853825179287,-0.01037561355704099,-1.0815219076773144,1.173510908580307,0.3709403353066062,1.1037810024852426,-0.13958406618152008,0.4179958147063162,0.06863560903202695,1.7218991054314576,1.3006332311900515,-0.6594310693148295,-0.17653953039685363,-0.447936654689011,-0.0923762161005556,1.5395084845430351,0.0,1.0,0.0,0.0,0.0
1.5343557591439694,-0.09582659576267816,0.49679621824718084,-0.6184987858217171,-0.49758118956035163,-0.4441464464463408,0.2836252234743113,-0.33540992088250887,0.36818983611259143,1.3112118030548872,0.275018335800887,0.5889746554478223,1.40368931392048,0.8030512700980408,-0.291959396859103,0.5218268742697281,-0.29792937203177566,0.15736253097065425,-0.5964132611705295,0.5425021059261845,0.0,0.0,1.0,0.0,0.0
1.1419599302953858,-0.09582659576267816,0.8942939061036917,1.901856622968668,-0.17308970357196168,0.9254933199635421,0.2114489663897853,0.3378918289805533,0.7293255548495523,-0.5556654020719143,-0.9687888701463342,-0.09494070751820233,0.06863560903202695,0.2779953641932311,-0.48720614806668816,0.49655932467433705,-0.32649168771057996,-0.4835424891395794,1.4889164743150487,-0.4545042726906662,0.0,0.0,0.0,0.0,1.0
0.042551568719807045,-0.09582659576267816,0.6020778224497848,0.7356123189847974,0.45618931133454904,1.7101759209878693,-0.26716815473913835,0.5242464688177053,1.241883492372802,-0.38280640159721047,-0.5541864681639271,-0.9498349112257332,0.06863560903202695,0.6717872936218383,-0.7216475245365795,-0.7238633207830776,0.3332978044698148,-0.0847571432932111,-0.7841917681573826,-0.4545042726906662,0.0,1.0,0.0,0.0,0.0
0.042551568719807045,-0.09582659576267816,0.8679736599419315,-0.9245347831413334,-0.7965366170146482,-0.7228564852089621,-0.7752528212731865,0.9084060034327873,0.04811858779855321,0.4814886007763088,1.1042231397657012,-0.5223878093719677,0.06863560903202695,0.1467313877170287,-0.8539247417060771,-0.4983504406442075,-1.4511328675635249,0.7626617166303205,1.0935933017111477,1.5395084845430351,0.0,0.0,1.0,0.0,0.0
-0.8300979410970113,-0.09582659576267816,-2.1417121882316854,0.7870587968106897,-0.9720971351758327,3.5762681088952215,-0.23873228310868386,-1.1915090995073558,-1.1998842307067943,-0.7976680027364996,1.1042231397657012,-0.4368983890012147,1.40368931392048,-1.4284363299974001,1.6758923607125993,0.6292139600501433,-0.17653953039685363,0.7626617166303205,-1.5600134943925383,-0.4545042726906662,0.0,1.0,0.0,0.0,0.0
0.6617062493271514,-0.09582659576267816,1.021917355603012,-0.73523821029596,-0.6011279382209083,-0.7122373328707124,-0.8738616038174719,0.06510166265634933,1.4323434979653706,-1.1088142035909665,-0.13958406618152008,0.5034852350770693,0.06863560903202695,0.8030512700980408,-1.0701678855108818,-0.3372698119735866,2.129867460666646,-1.456768630788454,1.2517225707527082,1.5395084845430351,0.0,1.0,0.0,0.0,0.0
-0.8300979410970113,-0.09582659576267816,0.4991638583567346,1.66369283784532,-0.353000336021913,0.44304650968287623,0.41004984975024633,-0.1448089388865984,0.9033308196498572,0.896350201915598,-1.7979936741111484,-0.8643454908549801,-1.266418095856426,0.2779953641932311,0.08320616747925094,-1.0952962998353346,-1.5261089462203883,2.50734760470818,-0.8681979423357115,-0.4545042726906662,0.0,0.0,1.0,0.0,0.0
1.1419599302953858,-0.09582659576267816,-0.3221947521197325,-0.4723098769170135,0.40128928074317904,-0.7831025126113005,-0.10262604581851614,-0.4382590515720541,-0.7465826617844251,-1.2471014039707298,1.5188255417481082,-1.3772820130794987,0.06863560903202695,-0.37832451818778096,1.5727436718492591,1.3809235605130437,0.6731893610475937,-1.3558854331785088,0.12010998917404124,-1.4515106513075169,0.0,1.0,0.0,0.0,0.0
-0.8300979410970113,-0.09582659576267816,0.5959531136097478,0.0013263191194888301,-0.2444484737026421,1.9487187081939277,-1.0869711139500964,0.12373488527884689,0.6600322769091093,-1.039670603401085,-1.3833912721287414,-0.9498349112257332,-1.266418095856426,0.6717872936218383,-0.5874498159300682,-1.1748890810608181,-1.1962142001301908,2.033790006515618,-0.8187825457602239,1.5395084845430351,0.0,0.0,1.0,0.0,0.0
0.042551568719807045,-0.09582659576267816,0.8239202816433578,-0.44294490503732914,-0.815918290198583,-0.43701968109023526,0.4845529761553927,1.9162639093727498,0.7962543685705792,0.06662699963701955,0.275018335800887,0.5034852350770693,0.06863560903202695,1.0655792230504455,-0.9424874583666841,-0.8415222147685755,0.8209682986901059,-2.000660652685544,-0.49264092836200546,-0.4545042726906662,1.0,0.0,0.0,0.0,0.0
-0.8300979410970113,-0.09582659576267816,1.37188402789908,0.3070223581151255,0.20827758499512036,0.26913480607605955,-0.5980263485006603,0.25914156367018515,0.8264133509610924,1.1037810024852426,0.6896207377832941,0.16152755359405693,-1.266418095856426,1.9844270583838624,-0.5147158999291537,-1.3252310011533985,1.0130809176253721,0.19771581001463226,1.5531564898631827,-0.4545042726906662,1.0,0.0,0.0,0.0,0.0
-0.8300979410970113,-0.09582659576267816,0.35639600512304226,-0.4665668228956832,3.755871327789963,1.3833849173085446,-0.18454308796299485,-0.5841627771062523,-0.5104257660737508,-0.590237202166855,1.1042231397657012,-1.1208137519672394,-1.266418095856426,0.015467411240826293,0.36521929922423907,-1.0245471609682386,2.712538700514268,-0.6497030499088993,-0.07261005747036055,-1.4515106513075169,0.0,0.0,0.0,1.0,0.0
0.042551568719807045,-0.09582659576267816,-0.04966927611083863,-0.47057039625451835,-0.6358203632723082,-0.46303130258580666,0.42456501895702714,-0.4382590515720541,-0.6114221663031013,1.207496402770065,-0.13958406618152008,1.187400598043094,0.06863560903202695,-0.37832451818778096,0.5742349308226126,-0.12249564041275783,-0.17653953039685363,0.7626617166303205,-0.5222901663072981,-0.4545042726906662,0.0,0.0,0.0,1.0,0.0
-0.8300979410970113,-0.09582659576267816,0.967658045782212,-0.38278854226059833,-0.6203578937162739,-0.38037762803870545,-0.684157002893255,2.4378069319206963,0.683290884128673,1.3112118030548872,-1.7979936741111484,0.16152755359405693,-1.266418095856426,0.2779953641932311,1.0663160122597415,-1.0952962998353346,-1.5261089462203883,-0.4835424891395794,-0.7990163871300288,-0.4545042726906662,0.0,0.0,0.0,1.0,0.0
0.042551568719807045,-0.09582659576267816,0.6211175805841115,-0.4172337353978389,-0.010550754138265301,0.35690201940352206,-0.018733366290529824,-0.2945829510424179,0.717020690034223,1.7260734041941765,-0.5541864681639271,-0.6078772297427208,0.06863560903202695,0.6717872936218383,-0.533221201429056,-0.7238633207830776,-0.17653953039685363,1.1863711465920865,0.6192054945864663,1.5395084845430351,1.0,0.0,0.0,0.0,0.0
-0.8300979410970113,-0.09582659576267816,1.384903605603937,0.0023958382695590374,-0.0830394441809508,-0.017695559018250574,-0.9809722295684763,1.0779709835303086,1.7004930421959015,1.6223580039093541,-1.3833912721287414,-0.2659195482597085,-1.266418095856426,0.9343152465742431,1.2031194045663378,-1.2158914229042492,-0.4082837735180672,0.37747132575598724,1.4889164743150487,1.5395084845430351,0.0,0.0,1.0,0.0,0.0
-0.8300979410970113,-0.09582659576267816,1.0772566049964192,-0.34847847741808863,-0.9720971351758327,-0.3480719429323149,-0.9767579156054005,0.8183517105916509,1.2656246433106138,-0.3136628014073289,-1.7979936741111484,-1.719239694562511,-1.266418095856426,0.8030512700980408,0.8795425897084763,-1.1963664982169009,-1.269048105111144,1.3679609022899857,-1.530364256447246,1.5395084845430351,0.0,0.0,0.0,1.0,0.0
-0.8300979410970113,-0.09582659576267816,0.9041525790370111,0.6325784875450264,-0.11830125070926482,-0.7314893216530413,-0.5084866583997844,1.9748971319952469,0.8617838055086862,-1.5928194049201374,-1.3833912721287414,-0.009451287147449236,-1.266418095856426,0.015467411240826293,2.33369578887733,-1.0245471609682386,-0.0065937521079647175,-1.2146489565245873,-0.4036932145261277,1.5395084845430351,0.0,0.0,0.0,1.0,0.0
1.8661217052122583,-0.09582659576267816,0.3932633439297711,-0.9245347831413334,-0.7958286944687452,-0.8904752785619348,-1.0969164471499924,0.7357295662767236,-0.04853491896656341,1.6915016040992357,0.275018335800887,0.7599534961893285,0.06863560903202695,0.9343152465742431,-1.6244123587238986,0.8342256692672978,-0.8717722597604928,-0.77809984686701,1.380202601848976,1.5395084845430351,1.0,0.0,0.0,0.0,0.0
-0.8300979410970113,-0.09582659576267816,0.8448806074113526,-0.9245347831413334,0.7356989347728692,0.034389043131801564,-0.11447204564707993,0.7625022778985887,0.46286491363289034,0.8272066017257165,-1.3833912721287414,-0.09494070751820233,-1.266418095856426,-0.2470605417115785,-0.11695831755768951,-0.9320290562958812,1.1960994480903304,-0.8669899370687788,-0.2257977868543722,-0.4545042726906662,0.0,0.0,1.0,0.0,0.0
0.6617062493271514,-0.09582659576267816,-0.016148592691826395,0.13901704207663407,-0.08236696186866244,-0.15085159070628562,1.6367982882819465,1.5157523258338912,-0.4488531876252791,1.4149272033397096,-0.9687888701463342,0.9309323369308347,0.06863560903202695,-0.37832451818778096,0.3890806311273421,0.6292139600501433,-1.8759973132857488,-0.6497030499088993,-0.008370041922226614,0.5425021059261845,0.0,0.0,0.0,1.0,0.0
-0.8300979410970113,-0.09582659576267816,-1.5169121695918946,-0.9245347831413334,0.4623072989059783,3.1143551359734256,2.0364185040326412,-1.1915090995073558,-1.859376730436624,-0.6939526024516773,0.275018335800887,1.4438688591553532,-1.266418095856426,-1.2971723535211979,-0.057479859036874,0.17818819977240308,-0.686376865263522,1.610080576553852,-0.5667640232252369,-2.4485170299243677,0.0,0.0,0.0,1.0,0.0
0.6617062493271514,-0.09582659576267816,-0.5603552381009167,-0.7626333172728021,-0.9720971351758327,-0.5868332281612221,1.2951662816156706,0.6969229059737683,-0.1952764636858443,-1.5928194049201374,0.6896207377832941,1.7003371202676125,1.40368931392048,-0.7721164476163882,-0.6762103171560044,1.3809235605130437,-0.4597824942116696,-1.5912795609350454,0.209057703009919,0.5425021059261845,0.0,0.0,0.0,0.0,1.0
-0.8300979410970113,-0.09582659576267816,-0.5329668309658304,-0.30976859198943796,-0.6292260984450561,-0.45464928214340516,-0.6789807816891923,-0.083099853583399,0.49731853511581264,1.5532144037194726,-0.9687888701463342,0.6744640758185755,1.40368931392048,-0.9033804240925906,-0.8586182799294886,-0.4983504406442075,-0.17653953039685363,0.7626617166303205,-0.07755159712790931,0.5425021059261845,0.0,1.0,0.0,0.0,0.0
-0.8300979410970113,-0.09582659576267816,-1.6690692199369324,0.7156579305443627,0.2428852004218393,-0.8904752785619348,0.558573161676854,-1.1915090995073558,-0.8103266869650138,0.5506322009661904,0.275018335800887,-2.2321762167870296,-1.266418095856426,-1.4284363299974001,1.8687355616310195,0.6292139600501433,-0.17653953039685363,0.7626617166303205,-1.2783457339122588,-0.4545042726906662,0.0,0.0,1.0,0.0,0.0
0.6617062493271514,-0.09582659576267816,-1.0673859800465666,-0.5824232547447601,-0.22468475721321624,0.05956630986442581,-0.8098205367093885,-1.1915090995073558,-1.2111274993419776,-0.5556654020719143,1.1042231397657012,1.7003371202676125,1.40368931392048,-0.9033804240925906,1.9741790662267629,1.756778360744494,-0.17653953039685363,-0.2966118582740942,0.46107622554490596,1.5395084845430351,0.0,0.0,1.0,0.0,0.0
0.042551568719807045,-0.09582659576267816,0.5666204334164742,-0.5872231857277038,0.38333739869617867,1.3814543645992559,-0.6999817264959498,0.5242464688177053,-0.2740275985039523,-0.10623200083768429,0.275018335800887,0.6744640758185755,-1.266418095856426,0.6717872936218383,0.25554356484962676,-0.7238633207830776,1.3529724742031521,-0.9321760032167431,-0.5717055628827857,-0.4545042726906662,0.0,0.0,1.0,0.0,0.0
-0.8300979410970113,-0.09582659576267816,0.8775392630320301,-0.49815338504956996,0.46412134767770785,-0.4890029046330867,-0.8226764979099959,0.9084060034327873,1.2956871169574773,-0.6939526024516773,-0.5541864681639271,0.7599534961893285,-1.266418095856426,1.7218991054314576,1.122204445193843,-1.3037535839973153,0.9159690443174356,-0.447936654689011,-1.3475272891179415,-0.4545042726906662,0.0,0.0,0.0,1.0,0.0
0.6617062493271514,-0.09582659576267816,0.664197988949735,-0.6319261590363321,-0.3312817595386778,-0.24574417879936578,-0.6924553805556922,0.12373488527884689,1.3165812599576248,1.7260734041941765,-0.5541864681639271,-0.35140896863046156,0.06863560903202695,0.6717872936218383,1.4029605552347364,-0.2728375605053374,1.8628098090698206,-1.3558854331785088,-0.3394531989779938,-0.4545042726906662,1.0,0.0,0.0,0.0,0.0
0.042551568719807045,-0.09582659576267816,0.5426541443695482,2.667236268088872,-0.6203983227929435,0.9459999667689117,-0.7849379132621117,-0.2945829510424179,0.9559280849389121,-0.7976680027364996,-0.5541864681639271,-0.778856070484227,1.40368931392048,0.6717872936218383,0.32384376230818496,-0.7238633207830776,1.3529724742031521,-0.0847571432932111,-1.209164178706576,-0.4545042726906662,0.0,1.0,0.0,0.0,0.0
0.6617062493271514,-0.09582659576267816,1.1293784513919563,-0.7627442859444221,-0.9720971351758327,-0.7381365150054779,0.49018098314702246,-0.33540992088250887,0.9363850643498596,-0.6593808023567366,1.1042231397657012,-0.778856070484227,0.06863560903202695,0.8030512700980408,-0.46447251243115006,-0.3372698119735866,-0.29792937203177566,0.9644281118502092,-1.065859528637662,-0.4545042726906662,1.0,0.0,0.0,0.0,0.0
-0.8300979410970113,-0.09582659576267816,1.2039362491629089,-0.5399963643449837,-0.7845381364579581,-0.7085536170866646,-1.077984945791676,1.033051557966739,1.8640753626820448,-0.7630962026415589,-1.7979936741111484,-1.6337502741917578,-1.266418095856426,0.015467411240826293,-0.25450258049821983,-1.0245471609682386,-0.686376865263522,0.48018876332247656,-1.4463580822689168,0.5425021059261845,0.0,0.0,1.0,0.0,0.0
0.6617062493271514,-0.09582659576267816,-0.26549620669454477,0.9789717049740115,0.22417199570079113,0.4467263964985853,-0.8978827250479304,-0.4382590515720541,-0.49614247201360373,-0.8668116029263813,0.6896207377832941,0.07603813322330386,0.06863560903202695,-0.37832451818778096,-1.1070997152865554,0.6292139600501433,0.6731893610475937,-0.6497030499088993,-0.8336071647328701,0.5425021059261845,1.0,0.0,0.0,0.0,0.0
0.042551568719807045,-0.09582659576267816,1.1246725689014445,0.13686450970495131,-0.4562433808494925,0.4343975774533681,-0.5056996307735868,0.3805703682880689,0.9812616301469432,1.518642603624532,-0.5541864681639271,-1.4627714334502517,0.06863560903202695,0.9343152465742431,0.5437348297951506,-0.8058680044699397,0.9821816852092108,-0.39290945599267774,0.8959317154091971,-0.4545042726906662,0.0,1.0,0.0,0.0,0.0
-0.8300979410970113,-0.09582659576267816,-1.0673859800465666,-0.9245347831413334,0.4862536424055929,-0.2517309381056732,1.7990796954359833,0.25914156367018515,-0.7689244359393173,-0.5210936019769735,-1.3833912721287414,-0.09494070751820233,0.06863560903202695,-1.1659083770449954,-0.8789981169521954,-0.12249564041275783,-1.0262684218413018,0.7626617166303205,-1.7379089220642938,1.5395084845430351,1.0,0.0,0.0,0.0,0.0
0.042551568719807045,-0.09582659576267816,0.5676900487988882,-0.7401185850007578,-0.6106188340852332,-0.7168325981125037,-0.6844130338300626,0.12373488527884689,-0.4068718841376847,1.345783603149828,1.1042231397657012,1.5293582795261063,0.06863560903202695,0.6717872936218383,-1.484122508549491,-0.7238633207830776,1.8628098090698206,-0.9321760032167431,0.45119314622980844,-0.4545042726906662,1.0,0.0,0.0,0.0,0.0
0.6617062493271514,-0.09582659576267816,0.8384443593129042,-0.9245347831413334,-0.9720971351758327,-0.8904752785619348,0.8109144983529588,1.173510908580307,0.712146998479916,1.6223580039093541,0.6896207377832941,1.7858265406383655,0.06863560903202695,-0.11579656523537611,-1.6342774567399165,0.30705270270889934,-1.269048105111144,-0.447936654689011,-0.6606532767186635,1.5395084845430351,0.0,0.0,0.0,1.0,0.0
-0.8300979410970113,-0.09582659576267816,-1.0442692012971415,-0.5939233527390705,-0.486340596383321,-0.27302642795431037,1.710262435571476,0.5242464688177053,-0.7932446393390271,-1.350816804255552,0.6896207377832941,-0.1804301278889554,0.06863560903202695,-1.2971723535211979,-0.22857043705800908,0.17818819977240308,-0.686376865263522,-0.0847571432932111,0.8959317154091971,0.5425021059261845,0.0,1.0,0.0,0.0,0.0
-0.8300979410970113,-0.09582659576267816,-1.828366436742988,2.1077504543284817,0.5631474711892528,1.06098587923955,1.9430904422955184,-1.1915090995073558,-1.272217534072201,-0.7976680027364996,1.1042231397657012,-1.4627714334502517,0.06863560903202695,-1.4284363299974001,-0.213256774210438,0.6292139600501433,-0.17653953039685363,0.7626617166303205,-0.008370041922226614,-0.4545042726906662,0.0,1.0,0.0,0.0,0.0
1.1419599302953858,-0.09582659576267816,0.8053190281836893,0.3000163042163566,-0.46466490788067083,-0.8904752785619348,-0.41779745915267147,0.463727920778138,0.17531711192878158,-0.0025166005528619827,-0.13958406618152008,0.3325063943355631,0.06863560903202695,1.4593711524790527,-1.27285031615846,-0.23814327125320392,0.019551752244172604,-0.21512927558913952,1.296196427670647,0.5425021059261845,0.0,0.0,1.0,0.0,0.0
0.042551568719807045,-0.09582659576267816,-0.6126098767005698,0.7577647972658044,1.3112103411829628,1.2910726921963707,2.277659991789941,-0.083099853583399,-0.886327322589107,-1.3162450041606113,0.275018335800887,-0.5223878093719677,0.06863560903202695,-0.9033804240925906,-0.4956024329625223,0.6292139600501433,-0.17653953039685363,-0.2966118582740942,0.6933285894496979,-0.4545042726906662,0.0,0.0,1.0,0.0,0.0
0.6617062493271514,-0.09582659576267816,0.5223988035853514,-0.7601986806530944,-0.4675153406200004,-0.24909750141355655,-0.32573228246791813,0.5242464688177053,0.3272218744333183,-0.17537560102756583,-0.5541864681639271,1.3583794387846002,-1.266418095856426,0.6717872936218383,0.7220842805548564,-0.2728375605053374,-0.17653953039685363,-0.0847571432932111,0.2831807978731504,-0.4545042726906662,0.0,0.0,0.0,1.0,0.0
0.6617062493271514,-0.09582659576267816,-0.11624696317171096,0.143459936970507,1.4957412970213166,-0.2652091443877317,-0.9997058501224813,-0.49410848426511644,-0.06489315101517776,0.896350201915598,0.6896207377832941,-1.1208137519672394,0.06863560903202695,-0.2470605417115785,0.2830899289005226,0.4557425137894733,0.41173431752622563,-0.21512927558913952,-0.13685007301849447,-0.4545042726906662,0.0,0.0,0.0,1.0,0.0
-0.8300979410970113,-0.09582659576267816,1.1560501054347028,-0.4105691102619201,0.15040034264406613,0.9737493739375881,-0.17535563085635433,0.3805703682880689,1.2064165290815583,0.5160604008712496,-1.7979936741111484,-0.5223878093719677,-1.266418095856426,-0.5095884946639834,-0.4380868844754997,-0.8058680044699397,0.05520471272435914,0.37747132575598724,1.063944063765855,1.5395084845430351,0.0,1.0,0.0,0.0,0.0
-0.8300979410970113,-0.09582659576267816,0.9712156868949413,-0.5022146322504744,-0.19625285211435306,1.2051247409602603,-0.4547944385016295,0.3378918289805533,1.7221110007734213,-1.039670603401085,-1.3833912721287414,0.7599534961893285,-1.266418095856426,0.2779953641932311,1.5161103856460791,-1.0952962998353346,0.273316941544324,0.51342087547634,1.4345595380820124,-1.4515106513075169,1.0,0.0,0.0,0.0,0.0
0.042551568719807045,-0.09582659576267816,-1.1823663789615313,0.6499786806822482,1.011531979390279,0.9448616728033088,-0.10739579910131833,-1.1915090995073558,-1.2433131653491334,-0.14080380093262507,0.6896207377832941,-0.778856070484227,0.06863560903202695,-1.034644400568793,1.0290641242987335,0.9513752173913862,0.18762999450790946,0.15736253097065425,0.7378024463676367,-0.4545042726906662,0.0,0.0,0.0,1.0,0.0
1.8661217052122583,-0.09582659576267816,0.990457689630754,0.3760973838692838,-0.9720971351758327,0.924501776095224,0.304845796922567,0.21567450353705195,0.3422772384426625,0.9654938021054795,0.275018335800887,-0.09494070751820233,0.06863560903202695,2.1156910348600646,0.5049733977239786,0.11999132747850094,0.8924742362590644,-1.014184279983536,0.5006085428052961,-0.4545042726906662,1.0,0.0,0.0,0.0,0.0
-0.8300979410970113,-0.09582659576267816,-1.7284005086577061,0.8649635206528781,0.973635087443457,-0.8904752785619348,0.26706367810335946,-1.1915090995073558,-0.3115694997836631,-1.3853886043504928,0.6896207377832941,0.9309323369308347,1.40368931392048,-1.4284363299974001,-0.08418447306662867,0.6292139600501433,-0.17653953039685363,0.7626617166303205,-1.2931703528849052,-0.4545042726906662,0.0,0.0,1.0,0.0,0.0
0.042551568719807045,-0.09582659576267816,0.8505511570677587,-0.7419256805863393,-0.9720971351758327,-0.36070575545161077,-1.0838437107823116,0.9084060034327873,1.1189796073349825,-1.661963005110019,-0.5541864681639271,0.3325063943355631,0.06863560903202695,0.1467313877170287,0.07792498702279926,-0.4983504406442075,0.46075713818648206,-0.8262486457263015,1.00464558787527,0.5425021059261845,0.0,1.0,0.0,0.0,0.0
-0.8300979410970113,-0.09582659576267816,0.7791783878647001,-0.9245347831413334,-0.5099998512818678,-0.30309988775714464,0.5997373527854356,-0.7537277572037735,0.3616272415444157,1.4149272033397096,0.6896207377832941,1.272890018413847,-1.266418095856426,0.8030512700980408,-0.7663813420580201,-1.1963664982169009,2.6154268272063312,-0.24617025946912274,0.3424792737637356,-0.4545042726906662,0.0,1.0,0.0,0.0,0.0
0.042551568719807045,-0.09582659576267816,-1.9042089357148482,-0.9245347831413334,0.7441603174739571,0.23239882605421075,-0.525626300961989,-1.1915090995073558,-1.5744829191828804,-0.2099474011225066,0.6896207377832941,-1.2917925927087455,0.06863560903202695,-1.1659083770449954,1.0290641242987335,1.3809235605130437,-1.0262684218413018,0.7626617166303205,-1.5649550340500873,1.5395084845430351,0.0,1.0,0.0,0.0,0.0
-0.8300979410970113,-0.09582659576267816,1.3288179070666728,0.68492022055654,0.26143370820069495,0.6249560323677856,0.12372302784714789,1.8053321518977248,0.9927461706412506,1.034637402295361,-0.9687888701463342,0.3325063943355631,-1.266418095856426,0.1467313877170287,0.4730737515943208,-1.062132640991383,0.46075713818648206,-1.3558854331785088,0.7279193670525392,-0.4545042726906662,0.0,1.0,0.0,0.0,0.0
1.5343557591439694,-0.09582659576267816,-0.9199478389602104,-0.9245347831413334,1.4778842522128262,0.8511054436073249,2.8603839313448796,-0.4382590515720541,-2.128829142706425,-1.039670603401085,1.5188255417481082,-0.6078772297427208,0.06863560903202695,-0.37832451818778096,-0.645921671002365,2.1326331609759444,0.6731893610475937,-2.062067816448119,1.6964611399320968,-0.4545042726906662,0.0,1.0,0.0,0.0,0.0
-0.8300979410970113,-0.09582659576267816,-0.9792791276809844,-0.9245347831413334,-0.9720971351758327,-0.8904752785619348,-0.5354702603793663,-1.1915090995073558,-0.3292305998715476,1.7260734041941765,0.275018335800887,0.24701697396481,0.06863560903202695,-1.1659083770449954,-1.1445630701557747,-0.12249564041275783,0.6731893610475937,0.7626617166303205,-1.6440196685708675,-0.4545042726906662,0.0,1.0,0.0,0.0,0.0
-0.8300979410970113,-0.09582659576267816,1.0942544856382177,-0.5713670013057793,-0.15095895686688487,0.10246557688372658,-0.8130259177567137,0.5893720006234231,1.3886732914639075,0.446916800681368,-1.3833912721287414,1.187400598043094,-1.266418095856426,1.196843199526648,2.1397873940330205,-1.2500600411071086,-0.17653953039685363,0.7626617166303205,-0.6705363560337609,-0.4545042726906662,0.0,1.0,0.0,0.0,0.0
-0.8300979410970113,-0.09582659576267816,0.8929685807759317,1.6229817850510326,1.1866676930472289,0.12707367504295994,0.3066919048196543,1.6174895522522978,1.1289200079308956,-0.2790910013123881,-1.7979936741111484,-0.6078772297427208,-1.266418095856426,1.0655792230504455,-0.29419403023440477,-1.233718528053567,-1.3957157659475834,0.5784402253425962,-0.9818533544593331,0.5425021059261845,1.0,0.0,0.0,0.0,0.0
2.153510439751314,-0.09582659576267816,0.2694938874639006,-0.7814729375889672,-0.621807508514718,-0.755771046600601,-0.5178484535498429,0.06510166265634933,0.25792859649287525,0.3777732004914865,0.6896207377832941,0.3325063943355631,2.738743018808933,0.8030512700980408,-0.4968389832928235,1.3809235605130437,0.18762999450790946,-1.456768630788454,-0.4580501507591641,0.5425021059261845,0.0,1.0,0.0,0.0,0.0
-0.8300979410970113,-0.09582659576267816,0.7528106867884192,-0.41357314453571997,0.021597388526948685,-0.28029185395084477,0.9674476290746762,0.7625022778985887,1.8468968063124085,-1.1088142035909665,-0.5541864681639271,-1.890218535304017,-1.266418095856426,1.4593711524790527,-0.7363392577932475,-1.2789719488172202,1.5882820133723836,-0.8669899370687788,0.4264854479420646,-0.4545042726906662,0.0,0.0,0.0,1.0,0.0
-0.8300979410970113,-0.09582659576267816,-2.1417121882316854,-0.9245347831413334,-0.9720971351758327,-0.8904752785619348,-1.184776742901236,-1.1915090995073558,-0.7561852817775645,-0.8668116029263813,-0.13958406618152008,1.7003371202676125,1.40368931392048,-1.4284363299974001,0.19742782033804837,0.6292139600501433,-2.7257262047301962,2.8812088664391498,-0.3888685955534814,1.5395084845430351,1.0,0.0,0.0,0.0,0.0
2.407005268960788,-0.09582659576267816,0.3750788085040503,-0.7612897212845059,-0.7910842888911285,-0.8904752785619348,-0.2519536114184025,-0.4068379813534157,0.09535961781505305,0.3777732004914865,1.1042231397657012,1.3583794387846002,1.40368931392048,1.0655792230504455,-0.698891307264023,1.5116556649413737,0.37763148576256833,-1.2637746875346467,1.6668119019868042,1.5395084845430351,0.0,0.0,0.0,1.0,0.0
2.153510439751314,-0.09582659576267816,0.5337259688123597,-0.6345405818284573,-0.686375299532627,-0.1710935859141258,0.6135877669371074,-0.4068379813534157,0.7120504897362664,0.27405780020666415,-0.9687888701463342,-0.778856070484227,1.40368931392048,1.0655792230504455,-0.3563864546867423,1.1194593516563824,-0.9523789530200455,0.20999724276714699,0.1398761478042363,-0.4545042726906662,0.0,1.0,0.0,0.0,0.0
1.5343557591439694,-0.09582659576267816,0.018197931168278638,-0.7864926934176216,-0.6172989906823888,-0.7604975503788904,-0.0929586008125023,-0.6209949250551222,-0.31581588450424736,0.8617784018206572,1.1042231397657012,1.7858265406383655,2.738743018808933,0.1467313877170287,0.8143223556703876,1.1929961603973187,1.0980538067698178,-1.3558854331785088,-0.48275784904690794,1.5395084845430351,1.0,0.0,0.0,0.0,0.0
0.6617062493271514,-0.09582659576267816,1.138231130338582,-0.5538739658630486,-0.6103611285288434,-0.541468312261088,-0.8788949473423102,0.6356158371085828,1.8373906950629189,-0.9359552031162628,-0.13958406618152008,-0.35140896863046156,1.40368931392048,-0.11579656523537611,-0.8546724555059342,0.30705270270889934,0.18762999450790946,-1.0532358403486761,-0.4481670714440666,-0.4545042726906662,1.0,0.0,0.0,0.0,0.0
-0.8300979410970113,-0.09582659576267816,1.2270810536276524,-0.9245347831413334,-0.6031825763376744,-0.3463189189422626,-1.184776742901236,1.3330164523508232,0.9847841992901551,-0.10623200083768429,-1.3833912721287414,1.7003371202676125,-1.266418095856426,1.4593711524790527,0.9714837931757678,-1.2789719488172202,-1.1569959436019859,0.7626617166303205,-1.4463580822689168,-0.4545042726906662,0.0,1.0,0.0,0.0,0.0
0.042551568719807045,-0.09582659576267816,1.0716653128919915,0.20637133123820367,0.8420644712778468,0.9063410094197717,0.11843684308152815,1.0069472366848569,0.7631518694987519,0.6889194013459534,-0.5541864681639271,-0.35140896863046156,0.06863560903202695,0.540523317145636,0.05677988278930866,-0.6763869249643686,1.5676408257259589,-1.690392877885167,0.5104916221203936,-0.4545042726906662,0.0,1.0,0.0,0.0,0.0
-0.8300979410970113,-0.09582659576267816,0.12841788205530782,1.2478706770364187,1.2491349285127809,0.08173477481543011,-0.5217972280455779,-0.49410848426511644,0.91336772898942,-0.6939526024516773,-1.3833912721287414,1.4438688591553532,0.06863560903202695,-0.2470605417115785,-0.486472693098683,-0.9320290562958812,0.41173431752622563,1.08859204737014,-1.6193119702831236,0.5425021059261845,0.0,0.0,0.0,1.0,0.0
-0.8300979410970113,-0.09582659576267816,-1.828366436742988,-0.9245347831413334,3.814649530204129,2.826297226378915,1.9430904422955184,-1.1915090995073558,-1.6469127312919367,-0.41737820169215123,0.6896207377832941,-1.719239694562511,0.06863560903202695,-1.4284363299974001,-1.5685159362204437,0.6292139600501433,-0.17653953039685363,0.7626617166303205,0.56484855835343,-2.4485170299243677,0.0,1.0,0.0,0.0,0.0
0.042551568719807045,-0.09582659576267816,1.0731947632523995,0.9396087832054687,-0.14648413978780478,-0.5611910457754633,-0.4238118948267253,0.9084060034327873,0.543594477695816,-0.7976680027364996,-0.5541864681639271,-0.009451287147449236,0.06863560903202695,0.6717872936218383,1.0001964964083854,-0.7238633207830776,0.8431351393364832,-0.9321760032167431,1.6569288226717067,-0.4545042726906662,0.0,0.0,0.0,1.0,0.0
1.1419599302953858,-0.09582659576267816,0.9391284335061352,-0.7463549683282492,-0.8007450858296133,-0.5398954066293441,-0.9789790701529022,1.2774965167530068,0.6027543375530466,-1.4199604044454335,-0.13958406618152008,1.3583794387846002,0.06863560903202695,1.9844270583838624,-1.3839507667504733,-0.4231794805979177,-0.686376865263522,-0.3672300966010559,0.5401408600656862,1.5395084845430351,0.0,0.0,1.0,0.0,0.0
0.042551568719807045,-0.09582659576267816,-0.7097234106667778,-0.5230735620161665,-0.3832757404475899,-0.3263174445507119,1.2189445503146445,-1.1915090995073558,-0.8046809254615097,-0.7976680027364996,1.1042231397657012,1.101911177672341,1.40368931392048,-0.9033804240925906,0.07549260051334261,0.6292139600501433,1.0980538067698178,-0.2966118582740942,0.6241470342440152,0.5425021059261845,0.0,0.0,0.0,1.0,0.0
0.6617062493271514,-0.09582659576267816,-1.0002616960293953,-0.6147501594056106,-0.29423785700530536,-0.8904752785619348,0.41703367555536575,-0.20000324249116966,-0.13751598061153347,1.034637402295361,-0.13958406618152008,1.6148476998968595,2.738743018808933,-0.7721164476163882,0.6902493337962321,1.3809235605130437,-0.4597824942116696,-0.6497030499088993,-0.8632564026781627,1.5395084845430351,0.0,0.0,1.0,0.0,0.0
0.042551568719807045,-0.09582659576267816,-0.6309575217231618,0.9667031235264654,0.6697025839743341,0.42134717869448457,2.213997269512693,-1.1915090995073558,-0.6231962330283576,0.758063001535835,0.275018335800887,-0.778856070484227,0.06863560903202695,-0.7721164476163882,-0.22983486793533106,0.37864409322917636,0.6731893610475937,0.29187346111724705,-0.10720083507320188,-1.4515106513075169,0.0,0.0,0.0,1.0,0.0
-0.8300979410970113,-0.09582659576267816,0.8045643190125996,-0.36554214860801315,1.1023012368267902,-0.2646127281051384,-0.7130041502340246,2.165016765596492,1.4769305375315054,1.172924602675124,-0.9687888701463342,0.4179958147063162,-1.266418095856426,0.8030512700980408,1.2251409764520658,-1.1963664982169009,0.18762999450790946,-1.456768630788454,-0.9818533544593331,-0.4545042726906662,0.0,1.0,0.0,0.0,0.0
-0.8300979410970113,-0.09582659576267816,1.1838857934428102,-0.540880955621743,-0.2938170664212171,-0.5292343482809423,0.0604740158123756,0.5242464688177053,1.5551026198877154,0.27405780020666415,-1.7979936741111484,1.4438688591553532,-1.266418095856426,0.6717872936218383,-0.23793959672904494,-1.1748890810608181,-0.686376865263522,1.1863711465920865,0.29306387718824795,-0.4545042726906662,0.0,0.0,0.0,1.0,0.0
0.6617062493271514,-0.09582659576267816,-1.3380113124431865,1.5070650920233573,0.4862536424055929,2.6482021017560924,0.6535314284449597,-1.1915090995073558,-1.6702678472551502,-0.41737820169215123,-0.13958406618152008,-0.5223878093719677,0.06863560903202695,-0.7721164476163882,0.5475904746372842,1.3809235605130437,-0.4597824942116696,0.29187346111724705,-0.7496009905545412,-1.4515106513075169,0.0,1.0,0.0,0.0,0.0
-0.8300979410970113,-0.09582659576267816,0.8470125935144199,-0.5792439453513681,0.9850145075767262,1.0494061662925243,-0.6975295250570444,1.5157523258338912,0.9431889307771594,-0.6593808023567366,-1.7979936741111484,-2.2321762167870296,-1.266418095856426,1.196843199526648,1.130708561449484,-1.2500600411071086,-1.4511328675635249,0.7626617166303205,-1.19433955973393,-0.4545042726906662,0.0,0.0,1.0,0.0,0.0
-0.8300979410970113,-0.09582659576267816,-1.5400289483413194,1.0776241546706657,-0.9720971351758327,0.9947183657753638,2.4179542277830794,-1.1915090995073558,-0.8647093640115872,-0.5210936019769735,0.6896207377832941,-0.09494070751820233,0.06863560903202695,-1.4284363299974001,0.012619752791229637,0.6292139600501433,-0.17653953039685363,0.7626617166303205,-0.32957011966289623,-0.4545042726906662,0.0,0.0,1.0,0.0,0.0
-0.8300979410970113,-0.09582659576267816,1.0074913730255313,0.3298130777309834,-0.7933053614874721,-0.37929063441194394,-0.6181375762784314,1.6823159977293412,0.576503959280344,-1.6965348052049596,0.275018335800887,1.272890018413847,-1.266418095856426,1.7218991054314576,-0.333724255277994,-1.3037535839973153,0.9159690443174356,-1.3558854331785088,-1.0016195130895282,-1.4515106513075169,0.0,1.0,0.0,0.0,0.0
-0.8300979410970113,-0.09582659576267816,1.149706993028753,-0.3802454372720541,-0.446343764186651,-0.21025587439985235,-0.591190232905041,2.334581745694014,1.5357526167859623,1.3803554032447687,-1.3833912721287414,-0.2659195482597085,-1.266418095856426,0.9343152465742431,2.0102011428881412,-1.2158914229042492,0.05520471272435914,-1.5484806286156756,-0.858314863020614,1.5395084845430351,0.0,0.0,0.0,1.0,0.0
0.042551568719807045,-0.09582659576267816,0.3296521983193718,-0.5771364904191849,-0.4305858718093318,-0.7262014721708516,-1.0883446035932047,-0.1448089388865984,-0.004768203721450695,1.484070803529591,-0.9687888701463342,0.9309323369308347,0.06863560903202695,0.2779953641932311,-0.8249847404332176,-0.5646777583321106,-0.926300316965484,1.5103842400922602,-0.41851783349877403,1.5395084845430351,0.0,0.0,0.0,1.0,0.0
-0.8300979410970113,-0.09582659576267816,0.917079594938153,0.03169070685887339,0.3867901385290397,0.7414255259548537,0.2581186735397759,0.25914156367018515,0.32394057714923047,1.3112118030548872,-0.5541864681639271,-0.5223878093719677,0.06863560903202695,1.196843199526648,-0.3924295080350692,-1.2500600411071086,-0.17653953039685363,1.115752908265125,-0.8286656250753214,-0.4545042726906662,0.0,0.0,0.0,0.0,1.0
-0.8300979410970113,-0.09582659576267816,1.2588390476014668,0.9736992174434365,-0.6359780316273989,-0.6080144206454166,-0.9158497634536639,0.5242464688177053,1.415550976570333,-1.0050988033061443,1.1042231397657012,-0.009451287147449236,-1.266418095856426,1.3281071760028504,1.1684853499864445,-1.265094233116366,0.5372327384164823,0.25421040067620143,0.6537962721893077,-0.4545042726906662,0.0,1.0,0.0,0.0,0.0
-0.8300979410970113,-0.09582659576267816,1.1232544477667932,0.30653978516354113,0.04401151238004174,0.11094429081318824,-0.5969226379694341,1.173510908580307,1.1528059219841822,0.2394860001117234,-0.9687888701463342,-0.8643454908549801,-1.266418095856426,0.8030512700980408,0.091676537241813,-1.1963664982169009,1.1587487275872774,-1.0532358403486761,-1.4611827012415632,-0.4545042726906662,0.0,0.0,0.0,1.0,0.0
-0.8300979410970113,-0.09582659576267816,0.8788948890579947,-0.25179496780188615,0.3162809982518722,1.1308169481375274,-0.26307708041843586,-0.083099853583399,0.5905459814813669,-0.7285244025466181,-0.5541864681639271,-0.778856070484227,-1.266418095856426,1.196843199526648,0.5178107923078816,-1.2500600411071086,0.24832491532537035,1.115752908265125,0.7476855256827343,-1.4515106513075169,0.0,0.0,0.0,1.0,0.0
1.5343557591439694,-0.09582659576267816,1.0136319600261356,-0.7329334268371692,-0.7831629259669933,-0.7100671939042054,-1.0788734468481074,0.9898835841622818,0.5116500835477845,0.20491420001678262,0.275018335800887,-0.2659195482597085,0.06863560903202695,1.0655792230504455,0.46695214723340883,0.3350667250863988,0.37763148576256833,-1.6322176701100959,1.6470457433566092,1.5395084845430351,0.0,0.0,0.0,1.0,0.0
1.5343557591439694,-0.09582659576267816,0.9823606349194977,-0.7572640723386151,-0.8112228831570737,-0.8904752785619348,0.142163081819862,0.5242464688177053,0.33272287282134794,-0.8322398028314404,1.1042231397657012,0.4179958147063162,0.06863560903202695,0.6717872936218383,-1.3189136937437929,0.6292139600501433,-1.1962142001301908,-0.0847571432932111,-0.34933627829309133,-0.4545042726906662,0.0,1.0,0.0,0.0,0.0
0.042551568719807045,-0.09582659576267816,-0.7454320751650247,-0.5014880039860162,-0.9720971351758327,-0.10219672932802217,1.2413855333767627,-0.083099853583399,-0.5286176642517083,-1.6965348052049596,-0.5541864681639271,-0.8643454908549801,0.06863560903202695,-0.9033804240925906,0.012619752791229637,0.6292139600501433,-0.17653953039685363,-0.2966118582740942,0.5796731773260763,0.5425021059261845,0.0,1.0,0.0,0.0,0.0
-0.8300979410970113,-0.09582659576267816,-0.695947595339319,-0.9245347831413334,-0.9720971351758327,-0.8904752785619348,0.44408008859122433,0.9084060034327873,-0.6170679278066054,1.2766400029599465,-0.13958406618152008,0.8454429165600816,0.06863560903202695,-0.9033804240925906,-1.4453105578558971,-0.4983504406442075,1.0980538067698178,-1.3558854331785088,-1.3327026701452953,1.5395084845430351,0.0,1.0,0.0,0.0,0.0
0.042551568719807045,-0.09582659576267816,-0.9690251048792364,0.5119365909585349,1.4621058567998562,0.462078034555617,0.4912500212909224,-1.1915090995073558,-0.7765968810594638,-1.4199604044454335,0.6896207377832941,-1.0353243315964862,0.06863560903202695,-0.9033804240925906,0.6902493337962321,0.6292139600501433,1.0980538067698178,-0.2966118582740942,-0.41851783349877403,-1.4515106513075169,0.0,1.0,0.0,0.0,0.0
0.042551568719807045,-0.09582659576267816,0.48483311023397446,-0.37426345979454284,-0.43940373175455905,0.4704017933304778,-0.8806267724102625,-0.7088083316402043,1.3284035810547061,-0.5556654020719143,0.275018335800887,0.16152755359405693,1.40368931392048,0.540523317145636,1.194867106885064,-0.6763869249643686,1.5676408257259589,0.09364682721700525,-1.421650383981173,-0.4545042726906662,0.0,0.0,1.0,0.0,0.0
-0.8300979410970113,-0.09582659576267816,1.1170749452695714,0.49775837296520176,0.7134945466184675,-0.04064647507207389,-0.8842005195023261,0.44926119727143127,1.286856566913535,-1.2471014039707298,-0.9687888701463342,-1.6337502741917578,-1.266418095856426,0.8030512700980408,0.20778846883401614,-1.1963664982169009,0.18762999450790946,0.5608953214104312,-0.5420563249374931,0.5425021059261845,0.0,1.0,0.0,0.0,0.0
-0.8300979410970113,-0.09582659576267816,-0.7909075673645974,-0.6971228045559886,-0.6371088937360829,-0.676348613301398,2.437387034446437,0.25914156367018515,-0.9646441680607916,-1.2816732040656704,0.6896207377832941,-0.778856070484227,0.06863560903202695,-1.1659083770449954,-1.1692923071012176,-0.12249564041275783,0.6731893610475937,-0.6497030499088993,0.3029469565033455,1.5395084845430351,0.0,0.0,1.0,0.0,0.0
-0.8300979410970113,-0.09582659576267816,0.750362283201034,-0.11491775281341242,-0.188868953302897,-0.5162857791425433,1.4354296920498713,3.106862339625,1.13446926069075,1.484070803529591,-1.7979936741111484,1.4438688591553532,-1.266418095856426,0.540523317145636,0.9570710655725113,-1.1511508831514636,-1.652384447116158,-1.2443829516096232,-1.5600134943925383,-0.4545042726906662,0.0,0.0,1.0,0.0,0.0
0.6617062493271514,-0.09582659576267816,-0.09051260091430367,-0.6821795566175349,-0.7332172485433411,-0.8904752785619348,1.1873374398063516,0.25914156367018515,-0.13949440985635114,1.4149272033397096,0.275018335800887,1.187400598043094,0.06863560903202695,-0.37832451818778096,-0.7434132508093936,0.6292139600501433,-0.17653953039685363,-0.6497030499088993,0.36718697205147943,-0.4545042726906662,0.0,1.0,0.0,0.0,0.0
-0.8300979410970113,-0.09582659576267816,1.300953048359904,-0.3949610900646611,0.8365564966365333,-0.8904752785619348,-0.6956523705939597,1.6531358137667562,1.1276171398916255,-1.4199604044454335,-1.3833912721287414,-0.6933666501134739,-1.266418095856426,0.2779953641932311,1.8867060578821113,-1.0952962998353346,-0.926300316965484,0.014939193168380513,1.4938580139725977,-0.4545042726906662,0.0,1.0,0.0,0.0,0.0
-0.8300979410970113,-0.09582659576267816,1.0863082379095492,0.42684882616164643,0.3251239495869893,0.8328170001330552,-0.26067508053375704,0.3053854001553459,0.7630553607551023,-1.489104004635315,0.275018335800887,-1.5482608538210048,-1.266418095856426,1.85316308190766,-0.2854577755100914,-1.3148625928711517,1.1420053011548752,0.032128216696240844,1.52350725191789,-0.4545042726906662,0.0,0.0,0.0,1.0,0.0
-0.8300979410970113,-0.09582659576267816,-0.28016085073764807,0.32483215295688683,1.171349745527501,0.568684465939902,1.9430904422955184,-0.083099853583399,-0.22804118215489783,1.4494990034346502,-0.5541864681639271,0.3325063943355631,0.06863560903202695,-0.9033804240925906,-0.9982702778883646,-0.4983504406442075,-0.17653953039685363,0.7626617166303205,-0.2603885644572136,-1.4515106513075169,0.0,1.0,0.0,0.0,0.0
1.1419599302953858,-0.09582659576267816,0.331165805303737,-0.6208982816806933,-0.6518348644084199,-0.8904752785619348,0.13335693242611182,-0.6827040103583218,0.5038328753121635,0.10119879973196033,0.275018335800887,1.101911177672341,0.06863560903202695,0.40925934066943354,-0.6830799503739068,0.37864409322917636,0.6731893610475937,-0.17891479439582586,0.22388232198256527,0.5425021059261845,0.0,1.0,0.0,0.0,0.0
0.042551568719807045,-0.09582659576267816,0.6861076542002693,-0.1111510215217887,0.42019528942006046,-0.12460905842656125,0.03510496200010885,-0.33540992088250887,0.9866178654194984,-1.5928194049201374,-1.3833912721287414,-0.8643454908549801,0.06863560903202695,0.8030512700980408,1.7129514982681617,-0.7668181550952438,-0.29792937203177566,1.3679609022899857,0.03610381499571226,-0.4545042726906662,0.0,1.0,0.0,0.0,0.0
-0.8300979410970113,-0.09582659576267816,1.1542438006261926,0.5220454955743487,0.4105461739709759,-0.8904752785619348,0.201936114382174,0.9084060034327873,1.318414926086968,0.27405780020666415,-0.9687888701463342,1.5293582795261063,-1.266418095856426,0.6717872936218383,-0.7090759854390486,-1.1748890810608181,1.3529724742031521,-0.9321760032167431,-0.7644256095271874,1.5395084845430351,0.0,1.0,0.0,0.0,0.0
2.407005268960788,-0.09582659576267816,0.5856214058558827,-0.7747174781509398,-0.3612326726772138,-0.1683965709467892,0.5339158148264879,-0.1250179709448964,-0.42931016703622654,-1.3853886043504928,1.1042231397657012,0.3325063943355631,1.40368931392048,1.3281071760028504,-0.8888140934998294,1.2606500244389798,0.12936287052314777,-1.101659775201449,0.38201159102412574,-0.4545042726906662,0.0,0.0,1.0,0.0,0.0
0.6617062493271514,-0.09582659576267816,-0.8312672552469645,-0.6831708094615561,-0.44217158184172806,0.0023120130973899693,0.31728387100928307,-1.1915090995073558,-0.8683284418984487,-0.9359552031162628,0.6896207377832941,-0.2659195482597085,1.40368931392048,-0.7721164476163882,0.18830149601474871,1.3809235605130437,-0.4597824942116696,0.29187346111724705,0.43636852725716213,-0.4545042726906662,0.0,1.0,0.0,0.0,0.0
-2.321902131521174,-0.09582659576267816,-0.4763254063504322,-0.6394440385571205,-0.760914500463445,-0.6220394168531315,-0.271850348415524,-1.1915090995073558,-2.160918299969931,0.9309220020105388,6.079451963554586,1.016421757301588,0.06863560903202695,-1.8222282594260075,-1.308015999970345,-1.6259148413385582,-2.7257262047301962,4.9997560162479795,1.0590025241083063,1.5395084845430351,0.0,0.0,0.0,1.0,0.0
-0.8300979410970113,-0.09582659576267816,-1.9042089357148482,-0.9245347831413334,-0.9720971351758327,-0.8904752785619348,-1.184776742901236,-1.1915090995073558,-0.4904967105100997,1.2766400029599465,0.6896207377832941,1.3583794387846002,1.40368931392048,-1.4284363299974001,-0.4956024329625223,0.6292139600501433,-0.17653953039685363,0.7626617166303205,0.6241470342440152,-0.4545042726906662,0.0,0.0,0.0,1.0,0.0
0.042551568719807045,-0.09582659576267816,-0.738139174989298,-0.9245347831413334,-0.9720971351758327,-0.8904752785619348,-0.5050146314075532,-0.083099853583399,-0.5238887358128759,0.5160604008712496,0.275018335800887,0.3325063943355631,0.06863560903202695,-0.9033804240925906,-0.5338557157611918,0.6292139600501433,-0.17653953039685363,-0.2966118582740942,-0.250505485142116,1.5395084845430351,0.0,0.0,1.0,0.0,0.0
-0.8300979410970113,-0.09582659576267816,0.9747548626592561,-0.7385599663067627,-0.05765995725576595,-0.8904752785619348,-1.184776742901236,3.296633425964671,1.092150176600382,1.4149272033397096,-1.7979936741111484,0.9309323369308347,-1.266418095856426,0.40925934066943354,0.7323817429778905,-1.1247751076966253,-1.5927543494709329,-1.5912795609350454,-0.9867948941168818,1.5395084845430351,0.0,0.0,0.0,1.0,0.0
0.042551568719807045,-0.09582659576267816,-1.255757540362953,-0.4723098769170135,-0.9720971351758327,-0.4646691635105577,-0.21768164258566874,-1.1915090995073558,-0.0237804262204302,1.034637402295361,-0.9687888701463342,1.187400598043094,1.40368931392048,-1.1659083770449954,0.05989623518692758,1.3809235605130437,-1.0262684218413018,0.7626617166303205,-0.79407484747248,0.5425021059261845,0.0,0.0,1.0,0.0,0.0
0.042551568719807045,-0.09582659576267816,1.1623347551436167,-0.9245347831413334,1.049875139670773,0.512472737648866,-0.2690754188451669,2.035807388573563,0.9960274679253385,-0.7285244025466181,-1.3833912721287414,-0.1804301278889554,0.06863560903202695,0.9343152465742431,0.7631222854584094,-0.8058680044699397,0.05520471272435914,-1.5484806286156756,-0.31474550069025,-0.4545042726906662,0.0,0.0,1.0,0.0,0.0
-0.8300979410970113,-0.09582659576267816,1.0158512611437804,-0.7335535057086792,-0.07617666195819807,1.6653960429858061,-1.184776742901236,0.6064356531459979,0.9578100054400801,1.2766400029599465,-1.7979936741111484,-0.4368983890012147,-1.266418095856426,0.540523317145636,1.5893480949345768,-1.1511508831514636,-0.5790426895021192,0.9856666797680916,-1.3277611304877466,1.5395084845430351,0.0,0.0,1.0,0.0,0.0
0.042551568719807045,-0.09582659576267816,-1.5169121695918946,2.204413631933743,2.5778047047736163,-0.8904752785619348,0.544678396292168,-1.1915090995073558,-0.7399235584725998,-0.24451920121744736,-0.5541864681639271,-0.6078772297427208,1.40368931392048,-1.1659083770449954,-0.6182767536617038,1.3809235605130437,-1.0262684218413018,0.7626617166303205,-1.3722349874056854,-0.4545042726906662,0.0,0.0,0.0,1.0,0.0
-0.8300979410970113,-0.09582659576267816,-1.6144897251251553,1.3047443859377625,1.1905822225687657,-0.16403902469554688,2.158397526162498,0.5242464688177053,-1.4973241786349913,-0.34823460150226965,0.6896207377832941,-0.09494070751820233,0.06863560903202695,-1.2971723535211979,-0.06869579692937075,0.17818819977240308,-0.686376865263522,-0.0847571432932111,-1.505656558159502,-0.4545042726906662,0.0,0.0,1.0,0.0,0.0
-0.8300979410970113,-0.09582659576267816,-1.6412335319288258,1.3923655422121313,0.19423291235109347,2.6146177765880743,0.8727857450413617,-1.1915090995073558,-1.0205709850057592,-1.4199604044454335,0.6896207377832941,-0.2659195482597085,0.06863560903202695,-1.4284363299974001,0.6902493337962321,0.6292139600501433,-0.17653953039685363,0.7626617166303205,-1.2437549563094175,-0.4545042726906662,0.0,1.0,0.0,0.0,0.0
-0.8300979410970113,-0.09582659576267816,-1.3380113124431865,0.08445135643882785,1.1641129205761205,1.8248776570037903,-0.3586083864650092,-1.1915090995073558,-0.9663813254464851,-0.3136628014073289,1.1042231397657012,-0.2659195482597085,0.06863560903202695,-1.2971723535211979,1.1895553408525497,0.17818819977240308,-0.686376865263522,1.610080576553852,0.11022690985894372,-0.4545042726906662,0.0,0.0,0.0,1.0,0.0
0.042551568719807045,-0.09582659576267816,-1.0673859800465666,2.833696932904725,-0.22468475721321624,3.691957118718336,1.6531358607531013,-1.1915090995073558,-1.5051413868706125,-1.5236758047302559,0.6896207377832941,-1.4627714334502517,0.06863560903202695,-1.034644400568793,-1.306974694429039,0.9513752173913862,0.18762999450790946,0.15736253097065425,1.256664110410257,-2.4485170299243677,0.0,1.0,0.0,0.0,0.0
1.5343557591439694,-0.09582659576267816,-1.196426251642179,-0.10479462862104687,-0.9720971351758327,-0.11862400335871308,0.12151060165278896,-1.1915090995073558,-1.6634639808278504,1.6223580039093541,0.6896207377832941,0.7599534961893285,1.40368931392048,-0.37832451818778096,1.266955360183468,2.1326331609759444,-0.17653953039685363,-0.6497030499088993,-1.0856256872678571,0.5425021059261845,0.0,0.0,0.0,1.0,0.0
1.8661217052122583,-0.09582659576267816,0.7338109932662524,0.20385579976400064,-0.28935060331532036,-0.4848732983708058,1.1850712624326407,1.5157523258338912,-0.4368378490408986,-0.7285244025466181,0.6896207377832941,0.07603813322330386,0.06863560903202695,1.196843199526648,-0.15991324015838373,0.6292139600501433,-0.17653953039685363,-2.062067816448119,0.9354640326695872,1.5395084845430351,1.0,0.0,0.0,0.0,0.0
1.8661217052122583,-0.09582659576267816,0.559085774803019,-0.6450695403653949,-0.40416294390042523,-0.7730628393849764,0.9860404769668865,-0.7731912631860917,-0.37801576978644175,-0.9359552031162628,0.6896207377832941,-0.778856070484227,0.06863560903202695,0.9343152465742431,-0.4043001960942012,0.8342256692672978,0.5186931989667852,-0.39290945599267774,-1.5946042719953797,0.5425021059261845,0.0,1.0,0.0,0.0,0.0
1.1419599302953858,-0.09582659576267816,0.21076416884519703,0.43609646193903856,-0.47810587068233157,-0.7436706770776285,-0.24594465646355693,-0.6536140280356327,-0.5229236483763794,-0.6593808023567366,1.5188255417481082,-0.6078772297427208,0.06863560903202695,0.2779953641932311,-0.4888620856713586,0.49655932467433705,1.4729342000541326,-0.9820241714475394,1.5086826329452439,-0.4545042726906662,1.0,0.0,0.0,0.0,0.0
-0.8300979410970113,-0.09582659576267816,1.2001421639503067,1.025595088715508,-0.2663249638473026,-0.03720135778236134,-0.7809362281494018,2.165016765596492,0.5419055746819473,-0.14080380093262507,-1.3833912721287414,2.0422948017506246,-1.266418095856426,-0.11579656523537611,1.5410696017578482,-0.9815923266560724,-0.5407090553016178,-1.0532358403486761,0.8712240171214534,0.5425021059261845,0.0,0.0,0.0,1.0,0.0
-0.8300979410970113,-0.09582659576267816,0.6595435021641958,-0.31350511342891757,-0.384463202492097,-0.3151417083398846,-0.8470439770325375,0.7970366351419088,1.4669418825637675,0.30862960030160497,-1.3833912721287414,1.016421757301588,-1.266418095856426,0.2779953641932311,2.95459180201048,-1.0952962998353346,0.273316941544324,0.014939193168380513,1.2121902534923181,1.5395084845430351,0.0,1.0,0.0,0.0,0.0
-0.8300979410970113,-0.09582659576267816,-1.155087554738126,1.9950228274359538,2.162365364962251,-0.16403902469554688,1.3280206725056305,-1.1915090995073558,-1.6794361779018663,-0.0025166005528619827,0.6896207377832941,1.6148476998968595,-1.266418095856426,-1.1659083770449954,-0.2313268963705713,-0.12249564041275783,0.6731893610475937,0.7626617166303205,-0.04296081952506796,-0.4545042726906662,0.0,0.0,1.0,0.0,0.0
1.1419599302953858,-0.09582659576267816,-0.016148592691826395,-0.7793613046033107,-0.5991355420830539,-0.7537827743368198,-0.7119782347365867,0.5242464688177053,-0.016880051049480784,-0.41737820169215123,-0.5541864681639271,-0.778856070484227,1.40368931392048,0.015467411240826293,-0.09278929314288226,0.7795558801427229,-0.686376865263522,-0.6497030499088993,-0.5469978645950418,-0.4545042726906662,0.0,1.0,0.0,0.0,0.0
0.042551568719807045,-0.09582659576267816,-0.30276666680563674,1.081208832048967,1.0249969550043028,0.5194687975085084,1.6157170360472928,-0.20000324249116966,-0.24575053661460716,0.7234912014408942,-0.9687888701463342,0.6744640758185755,0.06863560903202695,-0.7721164476163882,-0.4123343912288567,0.37864409322917636,-1.5927543494709329,1.2334499721433938,0.4759008445175522,-0.4545042726906662,0.0,0.0,1.0,0.0,0.0
-0.8300979410970113,-0.09582659576267816,0.08860407508933821,-0.7380791969880455,-0.42731044160394055,-0.36870133090729745,-0.778275101329832,-0.49410848426511644,-0.3104596492316922,-0.5556654020719143,0.6896207377832941,0.5889746554478223,-1.266418095856426,-0.2470605417115785,-0.4714013764980585,-0.9320290562958812,0.41173431752622563,1.08859204737014,0.8465163188337095,0.5425021059261845,0.0,0.0,1.0,0.0,0.0
0.6617062493271514,-0.09582659576267816,0.6941456215368335,-0.2192278893469585,0.38731061812404033,-0.5554474056217331,-0.699619349867567,-0.0377474680331959,0.9073841868831422,1.6915016040992357,0.275018335800887,1.272890018413847,0.06863560903202695,1.0655792230504455,-0.5784287344217387,-0.4493259014835841,1.7076419245451815,-0.8953317049591984,-1.7428504617218428,1.5395084845430351,0.0,1.0,0.0,0.0,0.0
0.6617062493271514,-0.09582659576267816,0.9215467682997764,-0.13255192437446492,-0.3593176737189233,-0.752638361456512,0.4781897765568582,0.1551559554974849,0.4122943319604779,-1.1088142035909665,1.1042231397657012,0.3325063943355631,0.06863560903202695,1.4593711524790527,-0.4106614700774418,-0.585086163774543,1.5882820133723836,-0.8669899370687788,1.2863133483555496,-1.4515106513075169,1.0,0.0,0.0,0.0,0.0
-0.8300979410970113,-0.09582659576267816,1.1864784949180411,0.17698547841851667,0.42508210553662945,0.146694626875601,-1.0820422547668505,0.5893720006234231,1.07651576012914,0.17034239992184186,-0.9687888701463342,-0.35140896863046156,-1.266418095856426,1.196843199526648,1.0522236163077654,-1.2500600411071086,-0.17653953039685363,0.7626617166303205,0.6439131928742102,-0.4545042726906662,0.0,0.0,0.0,1.0,0.0
0.6617062493271514,-0.09582659576267816,-1.03299820639567,-0.5993882554159742,1.6845734870622675,-0.28315036931348475,-0.31450020250849064,-1.1915090995073558,-1.5580281783906162,-0.34823460150226965,1.1042231397657012,0.07603813322330386,0.06863560903202695,-0.6408524711401857,0.1481456689922297,1.0802397203278835,1.3529724742031521,-0.9321760032167431,-0.774308688842285,-0.4545042726906662,0.0,1.0,0.0,0.0,0.0
1.1419599302953858,-0.09582659576267816,0.49560930817122695,-0.7536308665866881,-0.08422780686705278,-0.03766094886079473,-0.8853388180329813,0.44926119727143127,0.49485756215274673,1.1037810024852426,-0.5541864681639271,-0.09494070751820233,0.06863560903202695,0.8030512700980408,0.23613108055727774,0.09227853114807089,-0.7834887385714597,0.15736253097065425,-0.7693671491847363,0.5425021059261845,0.0,1.0,0.0,0.0,0.0
-0.8300979410970113,-0.09582659576267816,-1.2874785931082473,-0.45051384470476136,-0.2780923187993131,-0.4441464464463408,0.7532543241150527,-1.1915090995073558,-0.22355352557518945,0.758063001535835,-0.13958406618152008,1.101911177672341,1.40368931392048,-1.2971723535211979,-0.03696289947742936,0.17818819977240308,-0.686376865263522,1.610080576553852,0.5253162410930399,-0.4545042726906662,0.0,0.0,0.0,0.0,1.0
0.6617062493271514,-0.09582659576267816,-0.33012367478954335,1.5715423430616478,1.322983053404743,0.5752864087135854,1.469225935558146,-0.2945829510424179,-0.8096511257594663,0.446916800681368,0.275018335800887,1.5293582795261063,1.40368931392048,-0.6408524711401857,-0.6331213773429498,1.0802397203278835,-0.686376865263522,-0.0847571432932111,0.8514578584912583,-0.4545042726906662,0.0,1.0,0.0,0.0,0.0
-0.8300979410970113,-0.09582659576267816,0.9800294201139111,1.4241788574280134,-0.785998223246162,1.321027486752202,-0.9817162112727745,1.173510908580307,1.5006716884693172,-1.4199604044454335,-1.3833912721287414,2.127784222121378,-1.266418095856426,1.7218991054314576,-0.43158472833030176,-1.3037535839973153,-0.5407090553016178,0.4600121238004878,-0.5815886421978832,1.5395084845430351,0.0,0.0,1.0,0.0,0.0
0.6617062493271514,-0.09582659576267816,1.1627814499951434,-0.3779087001305746,0.42017239079292423,-0.1995517511362063,-0.9800923984117698,1.421172617282643,-0.1652622444108056,0.9309220020105388,1.1042231397657012,0.9309323369308347,-1.266418095856426,1.3281071760028504,-0.9332197016915073,-0.5434530166719816,-1.9099864689435264,0.5931779446456139,0.4709593048600035,-0.4545042726906662,0.0,1.0,0.0,0.0,0.0
1.8661217052122583,-0.09582659576267816,0.34315520721531817,-0.9245347831413334,-0.9720971351758327,-0.8904752785619348,-0.6973403680108973,-0.7537277572037735,-0.09341148476364701,0.5852040010611311,0.6896207377832941,-0.6078772297427208,1.40368931392048,0.8030512700980408,-1.5586523324212442,0.9513752173913862,0.6731893610475937,-0.6497030499088993,-0.5766471025403345,0.5425021059261845,0.0,1.0,0.0,0.0,0.0
-0.8300979410970113,-0.09582659576267816,-1.0002616960293953,-0.6147501594056106,-0.516705487267716,1.06098587923955,-1.184776742901236,0.25914156367018515,0.2525241068484953,1.172924602675124,-1.3833912721287414,-0.1804301278889554,0.06863560903202695,-1.1659083770449954,0.4321047315086116,-0.12249564041275783,-1.0262684218413018,0.7626617166303205,-1.2635211149396126,0.5425021059261845,0.0,1.0,0.0,0.0,0.0
1.1419599302953858,-0.09582659576267816,0.25949058337162495,0.3904790226819672,0.1359973639940486,-0.7537827743368198,-0.03922847591021224,0.7970366351419088,0.17613743624980352,-0.7285244025466181,-0.9687888701463342,1.016421757301588,0.06863560903202695,0.2779953641932311,0.7103272473074916,0.49655932467433705,-0.926300316965484,-0.4835424891395794,-0.5074655473346518,-0.4545042726906662,0.0,1.0,0.0,0.0,0.0
2.153510439751314,-0.09582659576267816,0.8929685807759317,0.06528825988286494,-0.649367549202916,-0.5863933599606336,0.13927393162397975,-0.2945829510424179,0.38840841790719144,1.3112118030548872,1.1042231397657012,-0.2659195482597085,1.40368931392048,0.6717872936218383,-0.6109050320673172,1.5312654806056238,-1.1962142001301908,-0.0847571432932111,0.5450823997232349,-0.4545042726906662,0.0,1.0,0.0,0.0,0.0
0.042551568719807045,-0.09582659576267816,1.1410030027184683,-0.581505404054768,0.19271609074559168,1.0246084500924624,-0.5143812638293703,2.035807388573563,1.0078980433942444,-0.2099474011225066,-1.3833912721287414,-0.2659195482597085,0.06863560903202695,0.9343152465742431,0.5655434839766373,-0.8058680044699397,-0.4082837735180672,-1.1632902377413428,0.4709593048600035,-0.4545042726906662,0.0,0.0,1.0,0.0,0.0
-0.8300979410970113,-0.09582659576267816,-0.9105424530651017,1.6337295158919103,-0.37726569839905816,2.826297226378915,2.813366982688264,0.5242464688177053,-1.194045451715991,-1.6965348052049596,0.275018335800887,-1.0353243315964862,-1.266418095856426,-1.2971723535211979,-1.116762882217108,0.17818819977240308,-0.686376865263522,-0.0847571432932111,-0.48275784904690794,-0.4545042726906662,0.0,1.0,0.0,0.0,0.0
0.042551568719807045,-0.09582659576267816,-1.1823663789615313,-0.12152871475061468,0.7441603174739571,-0.5085699905471172,0.8727857450413617,-1.1915090995073558,-1.4600718035862297,-1.661963005110019,1.1042231397657012,-0.2659195482597085,0.06863560903202695,-1.034644400568793,0.8596567290474831,0.9513752173913862,0.18762999450790946,0.15736253097065425,0.4017777496543208,-0.4545042726906662,0.0,0.0,1.0,0.0,0.0
-0.8300979410970113,-0.09582659576267816,0.656735483097203,3.301658445153434,-0.001608935839417653,-0.14050439604562887,-0.7158025937045339,0.9084060034327873,1.0400354550295752,-1.661963005110019,-1.3833912721287414,-0.5223878093719677,-1.266418095856426,0.1467313877170287,0.8470561789874727,-1.062132640991383,0.46075713818648206,-0.2966118582740942,-1.6044873513104774,-0.4545042726906662,0.0,0.0,1.0,0.0,0.0
1.8661217052122583,-0.09582659576267816,0.7720877208531954,-0.9245347831413334,0.4781831095268387,0.5389657937334196,-0.3456651179593726,0.9778572543621675,0.05468118236672887,0.7926348016307757,-0.5541864681639271,1.187400598043094,0.06863560903202695,1.5906351289552552,0.23954686829057958,0.37864409322917636,-0.8374397792980915,-0.6497030499088993,0.772393223970478,0.5425021059261845,0.0,1.0,0.0,0.0,0.0
-2.321902131521174,-0.09582659576267816,1.149706993028753,0.012047029202880255,-0.250501915996141,1.0015020858228207,-0.9690424344351419,0.7357295662767236,1.9399794895624884,0.7926348016307757,-1.7979936741111484,-1.4627714334502517,-1.266418095856426,0.9343152465742431,2.0373606451328303,-1.6259148413385582,-0.4082837735180672,1.1478521075046526,-0.6705363560337609,1.5395084845430351,0.0,0.0,0.0,1.0,0.0
0.042551568719807045,-0.09582659576267816,0.3960184170372658,-0.5700942558710903,-0.4232600324770712,-0.741406061376801,-1.0972700135331128,0.6969229059737683,0.6925074691472138,-1.2816732040656704,-0.9687888701463342,-0.09494070751820233,0.06863560903202695,0.40925934066943354,-0.656796136322804,-0.623635374054691,0.10670343341796235,-0.17891479439582586,-1.5105980978170508,1.5395084845430351,0.0,0.0,0.0,1.0,0.0
-0.8300979410970113,-0.09582659576267816,-1.7601215614030006,0.9503038586675181,0.41670054261350437,0.013203957107521893,0.7975421753044954,-1.1915090995073558,-1.0058534015991887,1.3803554032447687,0.275018335800887,-0.6078772297427208,1.40368931392048,-1.4284363299974001,-0.3939579958117719,0.6292139600501433,-0.17653953039685363,0.7626617166303205,-1.209164178706576,-0.4545042726906662,0.0,1.0,0.0,0.0,0.0
0.6617062493271514,-0.09582659576267816,0.4920361314368413,-0.9245347831413334,0.276590359838901,3.6156835026700924,0.04059208923576338,-0.24966352547884904,-1.404675784731335,0.6197758011560719,1.5188255417481082,1.272890018413847,-1.266418095856426,0.540523317145636,1.2038212267684445,-0.20162296677727368,2.6409825833399987,-1.690392877885167,1.128184079313989,-0.4545042726906662,0.0,0.0,1.0,0.0,0.0
-0.8300979410970113,-0.09582659576267816,0.6959190416950292,-0.5696374778506812,-0.9720971351758327,-0.7226394999846378,-0.40734073414962785,-0.33540992088250887,0.6788514819207895,0.17034239992184186,-0.13958406618152008,-0.2659195482597085,0.06863560903202695,0.8030512700980408,-1.502133497855844,-1.1963664982169009,1.6443080941269617,0.15736253097065425,-1.2931703528849052,-0.4545042726906662,0.0,1.0,0.0,0.0,0.0
0.042551568719807045,-0.09582659576267816,-1.0913140374954629,1.43206468194091,2.119571364335461,1.0272793180618054,0.9610437892309002,-1.1915090995073558,-1.2455811208249,-0.5210936019769735,1.1042231397657012,-0.778856070484227,0.06863560903202695,-1.034644400568793,-0.6896509038866824,0.9513752173913862,0.18762999450790946,0.15736253097065425,-0.2603885644572136,-1.4515106513075169,0.0,1.0,0.0,0.0,0.0
-0.8300979410970113,-0.09582659576267816,1.2783390380509299,-0.3561885691916601,-0.787900686794111,-0.1770460107153499,-1.0830225780519795,0.6969229059737683,1.196476128485645,-1.177957803780848,-0.9687888701463342,-0.9498349112257332,-1.266418095856426,0.40925934066943354,1.5957543491215016,-1.1247751076966253,0.10670343341796235,0.29187346111724705,0.3276546547910893,1.5395084845430351,0.0,0.0,1.0,0.0,0.0
0.042551568719807045,-0.09582659576267816,-1.0913140374954629,2.3615722606342713,-0.1982154552205723,2.4864390625636457,0.7975421753044954,-1.1915090995073558,-1.4261007258215554,-0.2099474011225066,0.6896207377832941,-0.2659195482597085,0.06863560903202695,-1.034644400568793,-0.0982650877368622,0.9513752173913862,0.18762999450790946,0.15736253097065425,-0.14179161267604323,-0.4545042726906662,0.0,1.0,0.0,0.0,0.0
-0.8300979410970113,-0.09582659576267816,0.500344602662971,-0.7548105459270624,-0.7963853984348481,-0.8904752785619348,-0.5090124550658026,0.25914156367018515,0.26415341045827717,-1.6965348052049596,-0.13958406618152008,0.6744640758185755,-1.266418095856426,0.40925934066943354,-1.1183287506885238,-1.1247751076966253,1.2396752886772258,-0.17891479439582586,-1.6786104461737088,-0.4545042726906662,0.0,0.0,1.0,0.0,0.0
-0.8300979410970113,-0.09582659576267816,-0.36279481779091494,-0.563590398295227,0.6438753604449973,1.3671374818770758,1.3216268749477902,0.9084060034327873,-1.4089221694519192,0.8617784018206572,1.1042231397657012,0.5034852350770693,-1.266418095856426,-0.9033804240925906,0.3388858473491935,-0.4983504406442075,1.0980538067698178,-1.3558854331785088,0.4116608289694183,-0.4545042726906662,0.0,1.0,0.0,0.0,0.0
-0.8300979410970113,-0.09582659576267816,1.332309362039818,-0.5462362577263276,-0.6044856421013278,-0.35871386759952545,-1.0029647890302305,2.624161571757848,1.744597538043788,0.41234500058642726,0.275018335800887,0.8454429165600816,0.06863560903202695,0.6717872936218383,-0.8277517306523793,-1.1748890810608181,-0.17653953039685363,-1.7795948631402745,0.24364848061276034,-0.4545042726906662,0.0,0.0,0.0,1.0,0.0
-0.8300979410970113,-0.09582659576267816,1.184751123084918,0.5421503610226246,-0.6159010706298503,0.8256244349510539,-0.9527088100725778,-0.4382590515720541,1.2901378641976229,0.06662699963701955,1.1042231397657012,0.8454429165600816,0.06863560903202695,1.196843199526648,0.43570827291110453,-1.2500600411071086,1.5229182524920417,0.4095705249955154,0.4215439082845158,-1.4515106513075169,1.0,0.0,0.0,0.0,0.0
0.6617062493271514,-0.09582659576267816,1.2018310308606455,-0.7427880292686126,-0.7928655182485329,-0.8904752785619348,-1.0843203544218003,0.7970366351419088,2.016414414533005,1.656929804004295,-0.13958406618152008,1.272890018413847,2.738743018808933,0.2779953641932311,-0.5761128782304435,-0.03405921682888675,-0.926300316965484,0.014939193168380513,0.3177715754759918,-0.4545042726906662,0.0,1.0,0.0,0.0,0.0
0.042551568719807045,-0.09582659576267816,-1.3739080038739553,-0.38557183438536874,-0.18426490677336463,-0.3829983213936922,-0.5969226379694341,-1.1915090995073558,-0.6638746684766818,0.896350201915598,1.1042231397657012,0.5889746554478223,2.738743018808933,-1.1659083770449954,-0.213256774210438,1.3809235605130437,-1.0262684218413018,0.7626617166303205,0.8860486360940997,-0.4545042726906662,1.0,0.0,0.0,0.0,0.0
-0.8300979410970113,-0.09582659576267816,1.1428446774814165,-0.5563517902801508,-0.2714627965528314,-0.20349718622321153,-0.7815063216615838,2.035807388573563,1.4176259145588002,1.172924602675124,-0.5541864681639271,0.9309323369308347,0.06863560903202695,0.9343152465742431,0.22386460193044094,-1.2158914229042492,0.9821816852092108,-1.933671019490008,0.29800541684579673,1.5395084845430351,0.0,0.0,0.0,0.0,1.0
-0.8300979410970113,-0.09582659576267816,-1.6980897556219077,-0.9245347831413334,5.793460874271701,-0.8904752785619348,-0.7014681783997999,-1.1915090995073558,-1.6931404195001154,-0.901383403021322,0.275018335800887,-1.2917925927087455,0.06863560903202695,-1.2971723535211979,-0.17218831475558977,0.17818819977240308,-0.686376865263522,1.610080576553852,-1.1548072424735398,-0.4545042726906662,0.0,0.0,0.0,1.0,0.0
-0.8300979410970113,-0.09582659576267816,-1.0002616960293953,0.5777917480784672,1.3728750406613055,-0.598788143864118,0.11499613025731499,-1.1915090995073558,0.1831343201644026,0.5506322009661904,-0.13958406618152008,-0.6078772297427208,1.40368931392048,-1.1659083770449954,1.5937554418029023,-0.12249564041275783,0.6731893610475937,0.7626617166303205,-0.6655948163762122,1.5395084845430351,1.0,0.0,0.0,0.0,0.0
-0.8300979410970113,-0.09582659576267816,0.6121649837147961,-0.467050976455536,-0.8228647742046807,-0.754784193615023,0.9168046409319377,0.6969229059737683,-0.1364543844313874,1.5532144037194726,0.275018335800887,-1.9757079556747703,-1.266418095856426,0.40925934066943354,-0.15479461428059507,-1.1247751076966253,0.6731893610475937,-0.17891479439582586,1.4987995536301464,-0.4545042726906662,0.0,0.0,1.0,0.0,0.0
0.6617062493271514,-0.09582659576267816,0.4577512970030102,-0.7439006666485567,-0.9720971351758327,-0.3516227218083635,-0.9860024236049321,0.12373488527884689,0.2392541545966695,-0.24451920121744736,-0.13958406618152008,0.16152755359405693,1.40368931392048,0.6717872936218383,-0.6700107845311536,-0.2728375605053374,0.8431351393364832,-0.5084665732549773,0.3276546547910893,1.5395084845430351,0.0,0.0,0.0,1.0,0.0
0.042551568719807045,-0.09582659576267816,-1.155087554738126,0.9503038586675181,-0.9720971351758327,4.804679537547065,2.158397526162498,-1.1915090995073558,-1.2781045674348293,-1.350816804255552,0.6896207377832941,-0.9498349112257332,0.06863560903202695,-1.034644400568793,-0.8818512941353738,0.9513752173913862,0.18762999450790946,0.15736253097065425,-0.41357629384122524,-1.4515106513075169,0.0,0.0,0.0,1.0,0.0
0.042551568719807045,-0.09582659576267816,-1.3207476139791103,-0.42651028216678627,-0.2433779563646091,-0.4215451620610487,-0.9095050163029582,-1.1915090995073558,-0.7805537395490991,1.5532144037194726,1.1042231397657012,0.16152755359405693,1.40368931392048,-1.1659083770449954,-0.14375630436377154,1.3809235605130437,-1.0262684218413018,0.7626617166303205,0.7229778273949904,-0.4545042726906662,0.0,1.0,0.0,0.0,0.0
1.5343557591439694,-0.09582659576267816,0.9034997502016306,1.2683379759437312,-0.34321721989542986,1.1742907648298402,0.19384688671773845,0.3546814887201828,0.9541909275532185,0.032055199542078784,-0.9687888701463342,1.101911177672341,0.06863560903202695,1.7218991054314576,0.11592090655901023,-0.015108554632343603,-0.5407090553016178,0.15736253097065425,0.5104916221203936,-0.4545042726906662,0.0,1.0,0.0,0.0,0.0
0.042551568719807045,-0.09582659576267816,0.22504489324161206,-0.4699875916821581,-0.9720971351758327,-0.6040507522971551,0.9145793918764266,-0.5422446597447547,-0.10243505229488856,-0.10623200083768429,0.6896207377832941,-0.2659195482597085,0.06863560903202695,-0.11579656523537611,0.028460444295242464,-0.3372698119735866,1.6443080941269617,-0.447936654689011,0.37707005136657695,0.5425021059261845,0.0,0.0,1.0,0.0,0.0
-0.8300979410970113,-0.09582659576267816,1.2089624119673656,-0.3312776044621494,-0.7243694267390852,-0.5421639779170674,-0.005988913384903223,0.9778572543621675,1.4517417554389487,1.6915016040992357,-0.9687888701463342,-0.9498349112257332,-1.266418095856426,1.5906351289552552,1.8338789267232298,-1.2918216855772695,-0.08212520912524905,0.29187346111724705,1.4345595380820124,-0.4545042726906662,1.0,0.0,0.0,0.0,0.0
-0.8300979410970113,-0.09582659576267816,-1.2107821432840513,-0.9245347831413334,-0.9720971351758327,-0.49214271651642566,0.558573161676854,-1.1915090995073558,-0.2763920627233685,-0.24451920121744736,0.275018335800887,-0.9498349112257332,0.06863560903202695,-1.2971723535211979,-0.9596313851724703,0.17818819977240308,-0.686376865263522,1.610080576553852,0.04104535465326102,-1.4515106513075169,0.0,0.0,1.0,0.0,0.0
0.042551568719807045,-0.09582659576267816,0.6887975183056452,-0.7957136478364188,-0.8386764160013171,-0.4812711696914151,1.0191039996603946,1.2774965167530068,0.241811636303385,-0.6593808023567366,-0.13958406618152008,-0.6933666501134739,0.06863560903202695,0.6717872936218383,-1.1440698999361012,-0.7238633207830776,0.8431351393364832,-1.3558854331785088,-1.2536380356245151,-0.4545042726906662,0.0,0.0,1.0,0.0,0.0
0.6617062493271514,-0.09582659576267816,-0.8741669135342678,0.5701776906739409,1.1641129205761205,0.9632455455338822,1.0100437753644558,-0.20000324249116966,-0.848833675681221,-1.3162450041606113,-0.13958406618152008,1.6148476998968595,1.40368931392048,-0.7721164476163882,-0.4153568246856148,1.3809235605130437,-0.4597824942116696,-0.6497030499088993,-0.12696699370339695,-0.4545042726906662,0.0,0.0,0.0,1.0,0.0
0.6617062493271514,-0.09582659576267816,0.03240427139679307,3.0536498439509745,-0.47810587068233157,1.7259084589771176,-0.18263936883818496,0.06510166265634933,-0.5581975941803237,0.41234500058642726,-0.13958406618152008,-0.4368983890012147,0.06863560903202695,-0.11579656523537611,-0.5621970641992209,0.30705270270889934,-0.5407090553016178,0.15736253097065425,1.1034763810262451,-0.4545042726906662,0.0,1.0,0.0,0.0,0.0
1.1419599302953858,-0.09582659576267816,-0.7677907886151725,0.564786182607026,1.847383524308827,1.8154157154159105,1.0192350768038507,-1.1915090995073558,-0.8415955199074978,-1.2816732040656704,0.275018335800887,-1.6337502741917578,0.06863560903202695,-0.5095884946639834,0.17250987864634257,1.6542725061359163,0.05520471272435914,-0.39290945599267774,-1.5105980978170508,-0.4545042726906662,0.0,0.0,1.0,0.0,0.0
1.1419599302953858,-0.09582659576267816,-0.929484772973113,2.6618974386195418,2.0274445237930427,-0.11322486317896698,-0.14850228448805688,-1.1915090995073558,-1.5536852849263825,0.9309220020105388,1.5188255417481082,-1.0353243315964862,0.06863560903202695,-0.5095884946639834,1.2323529986002346,1.6542725061359163,0.9821816852092108,-1.1632902377413428,1.1973656345196717,-0.4545042726906662,0.0,1.0,0.0,0.0,0.0
-0.8300979410970113,-0.09582659576267816,0.9183589192655255,-0.02286837071634367,0.7532702563390492,-0.2921202830455378,-0.6475007134788288,1.6531358137667562,1.4904417616424552,-1.627391205015078,-1.7979936741111484,0.7599534961893285,-1.266418095856426,0.2779953641932311,1.2674422602057465,-1.0952962998353346,-0.926300316965484,0.014939193168380513,-0.08249313678545807,-1.4515106513075169,0.0,1.0,0.0,0.0,0.0
-0.8300979410970113,-0.09582659576267816,1.3501822313267833,-0.21299686751967323,-0.2850096447018728,-0.3902257380426288,-0.5030468195504506,1.3911067712999385,1.4277593326420126,-0.2099474011225066,-1.3833912721287414,-0.09494070751820233,-1.266418095856426,0.540523317145636,1.7399174552932795,-1.1511508831514636,-0.0423718106950989,-0.35236309905853724,-0.9225548785687478,-0.4545042726906662,0.0,0.0,0.0,1.0,0.0
0.042551568719807045,-0.09582659576267816,1.0767501960117847,0.3632701448253289,-0.9720971351758327,-0.28092940279538964,0.3576277111157481,1.3911067712999385,0.48260095170924217,-0.7630962026415589,-0.9687888701463342,-1.890218535304017,-1.266418095856426,0.540523317145636,0.3919915553910563,-0.6763869249643686,-1.1157135683091384,0.09364682721700525,1.4049103001367198,-1.4515106513075169,0.0,0.0,1.0,0.0,0.0
0.6617062493271514,-0.09582659576267816,0.6914768131731401,-0.7451245239421336,-0.9720971351758327,-0.7215460921803301,-0.3232614055883395,0.6596531472090433,0.1769577605708255,0.3777732004914865,-0.13958406618152008,1.101911177672341,0.06863560903202695,1.0655792230504455,-0.5301934717834585,-0.4493259014835841,0.37763148576256833,-0.5268887223837501,0.9799378895875261,0.5425021059261845,0.0,0.0,1.0,0.0,0.0
0.042551568719807045,-0.09582659576267816,-0.2370804423720252,-0.8239160621768787,-0.031683965587523524,-0.054765844879113436,-0.4309247199490011,-0.37267967964723286,-0.07898342758802551,1.034637402295361,-0.13958406618152008,0.5034852350770693,0.06863560903202695,-0.5095884946639834,0.23154623280823017,0.014178832398679007,0.05520471272435914,0.37747132575598724,-0.5173486266497492,-0.4545042726906662,0.0,0.0,1.0,0.0,0.0
1.1419599302953858,-0.09582659576267816,-1.1161123945729945,-0.19589900015745776,-0.9720971351758327,2.3108761343020663,1.9942559599365306,-0.37267967964723286,-1.7634470392488797,1.6223580039093541,-0.13958406618152008,-0.9498349112257332,1.40368931392048,-0.5095884946639834,0.2811144924347212,1.6542725061359163,0.05520471272435914,-1.1632902377413428,0.3029469565033455,-0.4545042726906662,0.0,1.0,0.0,0.0,0.0
0.042551568719807045,-0.09582659576267816,0.19433253841172624,-0.8179170854978017,-0.6975279691664715,-0.8904752785619348,1.6587240665397938,0.7625022778985887,-0.11826248625342987,-1.1088142035909665,0.275018335800887,-0.4368983890012147,0.06863560903202695,-0.2470605417115785,-1.4678535709262222,-0.23814327125320392,1.1960994480903304,-1.5188505985484193,0.13493460814668753,-0.4545042726906662,0.0,0.0,1.0,0.0,0.0
0.6617062493271514,-0.09582659576267816,0.4602582103652162,-0.9245347831413334,-0.42018574928333324,0.16819858758022485,-1.0853007293838066,-0.2945829510424179,0.661431653692029,-1.6965348052049596,-0.5541864681639271,1.272890018413847,0.06863560903202695,0.6717872936218383,-0.4956024329625223,-0.2728375605053374,0.3332978044698148,0.33895228666855465,-0.9126717992536504,1.5395084845430351,0.0,1.0,0.0,0.0,0.0
-0.8300979410970113,-0.09582659576267816,1.2950936811225915,-0.35948022914660965,0.5355986642849758,0.39338981451015614,-0.8212633926325512,1.1315927912188095,1.4828658252659583,-0.38280640159721047,-0.9687888701463342,1.016421757301588,-1.266418095856426,1.3281071760028504,1.687860503241266,-1.265094233116366,0.12936287052314777,-0.0847571432932111,1.2171317931498669,-1.4515106513075169,0.0,1.0,0.0,0.0,0.0
0.042551568719807045,-0.09582659576267816,-1.3925908072549635,-0.9245347831413334,-0.9720971351758327,-0.8904752785619348,1.3033381365165386,0.25914156367018515,-1.0024273411996265,-0.2099474011225066,-0.13958406618152008,0.24701697396481,1.40368931392048,-1.1659083770449954,-1.5556087061060624,1.3809235605130437,-1.0262684218413018,-0.6497030499088993,-1.5797796530227335,1.5395084845430351,0.0,0.0,0.0,1.0,0.0
0.6617062493271514,-0.09582659576267816,0.32509111331008583,-0.9245347831413334,-0.9720971351758327,-0.8904752785619348,-0.778051450928529,-0.6827040103583218,-0.2529886923883303,-1.661963005110019,1.1042231397657012,-0.4368983890012147,0.06863560903202695,0.40925934066943354,-1.6373930834675892,-0.12249564041275783,1.2396752886772258,-0.17891479439582586,-1.23387187699432,1.5395084845430351,0.0,1.0,0.0,0.0,0.0
2.153510439751314,-0.09582659576267816,0.9875769093997123,2.141062768909585,1.6639779405379533,-0.7497437004477556,0.27857522225311276,-0.6031549163230716,0.42739795034164685,-0.8322398028314404,0.6896207377832941,-0.8643454908549801,0.06863560903202695,2.1156910348600646,0.06774893904248368,0.41097568894801056,0.5635469234418586,-0.19410151231560258,0.4956670031477473,-0.4545042726906662,0.0,0.0,1.0,0.0,0.0
-0.8300979410970113,-0.09582659576267816,-1.2874785931082473,-0.9245347831413334,-0.9720971351758327,-0.8904752785619348,-1.184776742901236,-1.1915090995073558,-0.629276283878285,-1.627391205015078,0.6896207377832941,-0.35140896863046156,0.06863560903202695,-1.2971723535211979,-0.6319547267013345,0.17818819977240308,-0.686376865263522,1.610080576553852,-1.169631861446186,0.5425021059261845,0.0,1.0,0.0,0.0,0.0
0.6617062493271514,-0.09582659576267816,0.6576727748825424,0.7351298033982001,0.6211568903072682,-0.26425774706314953,-0.26743485426571445,-0.37267967964723286,0.18048032971403744,0.5852040010611311,-0.13958406618152008,-1.3772820130794987,1.40368931392048,0.9343152465742431,-0.7227994210917795,-0.3958445860356308,0.05520471272435914,0.7626617166303205,0.6982701291072466,-0.4545042726906662,0.0,1.0,0.0,0.0,0.0
0.042551568719807045,-0.09582659576267816,-1.3039102235417177,0.035212489530352456,-0.9720971351758327,-0.8904752785619348,-0.9163025485242302,-1.1915090995073558,-0.6687483600309887,-0.0025166005528619827,1.1042231397657012,0.24701697396481,1.40368931392048,-1.1659083770449954,0.012619752791229637,1.3809235605130437,-1.0262684218413018,0.7626617166303205,1.380202601848976,-0.4545042726906662,0.0,0.0,0.0,1.0,0.0
-0.8300979410970113,-0.09582659576267816,0.9157978658643899,-0.5575294162540564,-0.5795336296074778,-0.3745157243800875,-0.8520687895818565,1.6058066186750264,1.6451452777128315,-1.5236758047302559,-1.3833912721287414,-1.719239694562511,-1.266418095856426,1.4593711524790527,0.659622008101091,-1.2789719488172202,-0.3726308130378807,-0.21512927558913952,0.3276546547910893,-1.4515106513075169,0.0,1.0,0.0,0.0,0.0
0.042551568719807045,-0.09582659576267816,-1.3039102235417177,0.035212489530352456,1.0644225882413703,-0.4331248750080724,-1.184776742901236,-1.1915090995073558,-1.369884382645639,0.758063001535835,1.1042231397657012,-0.009451287147449236,0.06863560903202695,-1.034644400568793,1.6389307472032362,0.9513752173913862,0.18762999450790946,0.15736253097065425,-0.9867948941168818,-0.4545042726906662,0.0,0.0,0.0,1.0,0.0
1.8661217052122583,-0.09582659576267816,0.037074698329991836,-0.7902617903938962,-0.9720971351758327,-0.8904752785619348,0.01277611044813035,-0.6536140280356327,-0.3384954392619133,-0.48652180188203276,1.1042231397657012,-0.009451287147449236,1.40368931392048,0.2779953641932311,0.45818440879451905,1.5577964076807849,0.8731255707992283,-1.4805058537554991,-1.0856256872678571,0.5425021059261845,0.0,0.0,0.0,1.0,0.0
-0.8300979410970113,-0.09582659576267816,-1.9455476326189014,1.5375390207501538,2.472405715464735,0.3048910918053388,1.9430904422955184,-1.1915090995073558,-2.128829142706425,1.5532144037194726,0.275018335800887,-1.5482608538210048,-1.266418095856426,-1.4284363299974001,-0.3939579958117719,0.6292139600501433,-2.7257262047301962,2.8812088664391498,0.9008732550667459,-0.4545042726906662,0.0,1.0,0.0,0.0,0.0
1.8661217052122583,-0.09582659576267816,0.14251929350520928,0.9974449419482179,2.236610923212252,1.212449634276173,0.7389293517743846,-0.6536140280356327,-0.6241130660930292,1.069209202390302,0.6896207377832941,-1.719239694562511,0.06863560903202695,0.2779953641932311,-0.374881034000488,1.5577964076807849,-0.32649168771057996,-0.4835424891395794,1.380202601848976,-1.4515106513075169,0.0,0.0,0.0,1.0,0.0
0.042551568719807045,-0.09582659576267816,0.19617795135534197,1.0518126865150406,1.155135440937765,-0.24917885401545375,1.2590502853270955,-0.49410848426511644,-0.10146996485839213,0.41234500058642726,0.6896207377832941,-0.5223878093719677,0.06863560903202695,-0.2470605417115785,-0.30140371157694246,-0.23814327125320392,1.980464578654436,-0.8669899370687788,-0.7891333078149313,-1.4515106513075169,0.0,0.0,1.0,0.0,0.0
0.6617062493271514,-0.09582659576267816,0.25273924439223905,-0.3922019591773127,-0.6131788232070605,-0.7524243269963408,-0.7854912711487763,-0.1448089388865984,0.30348072349550637,-0.6939526024516773,-0.5541864681639271,-0.35140896863046156,0.06863560903202695,0.2779953641932311,0.39283585185887454,-0.03405921682888675,-0.32649168771057996,0.51342087547634,0.14481768746178506,1.5395084845430351,0.0,0.0,0.0,1.0,0.0
0.6617062493271514,-0.09582659576267816,0.23903265894112485,-0.38151388345628,-0.07345565231184326,-0.5634749772939062,-0.9928207683097914,-0.6536140280356327,-0.39379494937315823,-1.6965348052049596,-0.13958406618152008,0.24701697396481,0.06863560903202695,0.2779953641932311,-0.613282379282094,-0.03405921682888675,0.273316941544324,0.51342087547634,0.5253162410930399,0.5425021059261845,0.0,0.0,1.0,0.0,0.0
-0.8300979410970113,-0.09582659576267816,-2.201043476952459,-0.9245347831413334,-0.9720971351758327,-0.8904752785619348,-1.184776742901236,-1.1915090995073558,-1.5505004963859443,1.069209202390302,0.6896207377832941,-1.4627714334502517,1.40368931392048,-1.4284363299974001,1.2323529986002346,0.6292139600501433,-0.17653953039685363,0.7626617166303205,-0.37404397658083516,0.5425021059261845,0.0,0.0,1.0,0.0,0.0
0.6617062493271514,-0.09582659576267816,0.3835319704771663,1.4372865872168628,0.9361090642820317,-0.14352929361330335,1.303846572647183,0.42570523556563544,0.07504452727680337,0.17034239992184186,-0.9687888701463342,-0.778856070484227,0.06863560903202695,0.1467313877170287,-0.5144254768793287,0.06543175970296788,-1.4511328675635249,0.7626617166303205,0.32271311513354056,-0.4545042726906662,0.0,0.0,0.0,1.0,0.0
0.042551568719807045,-0.09582659576267816,-0.9391569871504251,2.229552187507107,2.5720960477994868,0.8992228400471012,0.558573161676854,-1.1915090995073558,-1.0168071440034232,0.758063001535835,0.6896207377832941,-0.8643454908549801,0.06863560903202695,-1.034644400568793,-0.2525396484715982,0.9513752173913862,0.18762999450790946,0.15736253097065425,1.3159625863008422,-0.4545042726906662,0.0,0.0,0.0,1.0,0.0
-0.8300979410970113,-0.09582659576267816,1.247102446900771,-0.9245347831413334,-0.7793183814277995,-0.8904752785619348,-1.184776742901236,2.053647397305614,0.8930043840793455,-0.7630962026415589,-0.9687888701463342,-1.2063031723379924,-1.266418095856426,0.2779953641932311,-0.15570861446479053,-1.0952962998353346,0.273316941544324,-1.4805058537554991,-0.3938101352110302,1.5395084845430351,0.0,0.0,0.0,1.0,0.0
0.042551568719807045,-0.09582659576267816,0.8714053715962201,-0.016633733762193955,-0.09129931471387286,0.29907304550165853,-0.777272643977677,1.3675508095941424,0.5227485890674933,0.41234500058642726,-0.9687888701463342,0.8454429165600816,0.06863560903202695,0.1467313877170287,0.16176636408780753,-0.4983504406442075,0.46075713818648206,-1.3558854331785088,-0.8879641009659066,-0.4545042726906662,0.0,0.0,1.0,0.0,0.0
0.6617062493271514,-0.09582659576267816,-1.2254467873271546,-0.9245347831413334,3.6976099713273354,0.6867963798201565,-0.2588854907949174,-1.1915090995073558,-1.4448234220895861,0.20491420001678262,0.6896207377832941,-0.6078772297427208,0.06863560903202695,-0.6408524711401857,0.8709505553975659,1.0802397203278835,1.3529724742031521,-0.9321760032167431,-1.6588442875435137,-0.4545042726906662,0.0,0.0,0.0,1.0,0.0
1.1419599302953858,-0.09582659576267816,-0.28387682541894765,0.43261826954044463,0.8328480333766594,0.5763925480585044,0.2146652517064728,-0.4382590515720541,-0.4449928378792934,-0.48652180188203276,0.6896207377832941,-1.0353243315964862,1.40368931392048,-0.37832451818778096,0.5264267977290887,1.3809235605130437,-0.17653953039685363,-0.6497030499088993,-1.3228195908301978,-1.4515106513075169,0.0,0.0,1.0,0.0,0.0
-0.8300979410970113,-0.09582659576267816,0.8672852402302823,0.19650840474481224,-0.3519462363549358,-0.5932291757255591,0.2739324965981434,1.308917586971645,0.46947576257289086,-0.5210936019769735,-0.9687888701463342,-0.778856070484227,0.06863560903202695,1.0655792230504455,-0.6389735045755626,-1.233718528053567,-0.5090421400925079,0.20999724276714699,-0.4333424524714203,0.5425021059261845,0.0,0.0,0.0,1.0,0.0
-0.8300979410970113,-0.09582659576267816,1.2270810536276524,-0.6681566425570553,0.747056341877824,0.625159882821019,-0.9729025862112615,2.2690023737691933,1.4087953645148579,1.5877862038144135,-1.3833912721287414,1.3583794387846002,-1.266418095856426,0.40925934066943354,0.40416600442739387,-1.1247751076966253,-0.4597824942116696,-1.120491305421972,-0.3394531989779938,-0.4545042726906662,0.0,0.0,0.0,1.0,0.0
2.153510439751314,-0.09582659576267816,0.5212556689228699,-0.7927358508211133,-0.6811454373601643,-0.6124120872922714,0.47296128285967015,0.9898835841622818,-0.42376091427637214,0.5160604008712496,0.275018335800887,-0.1804301278889554,1.40368931392048,1.0655792230504455,-0.7492864483723788,1.1194593516563824,-0.06570532716496924,-2.000660652685544,0.05092843396835855,0.5425021059261845,1.0,0.0,0.0,0.0,0.0
0.042551568719807045,-0.09582659576267816,-0.3883683024572805,0.5332369905049001,0.7025872600579098,-0.7721250339936401,1.0728139019027727,-1.1915090995073558,-0.5643258994020759,-0.6593808023567366,1.1042231397657012,-1.2063031723379924,0.06863560903202695,-0.7721164476163882,1.0551268004912335,0.37864409322917636,0.6731893610475937,0.29187346111724705,0.7229778273949904,-0.4545042726906662,0.0,1.0,0.0,0.0,0.0
-0.8300979410970113,-0.09582659576267816,1.0136319600261356,0.13732804391657932,0.049060339784203606,-0.2228188819124943,-0.5978561933243007,1.4313517440596726,1.6795988991957538,-1.2816732040656704,-1.7979936741111484,1.101911177672341,-1.266418095856426,1.7218991054314576,1.753674549011261,-1.3037535839973153,-0.5407090553016178,0.15736253097065425,-1.3277611304877466,0.5425021059261845,0.0,0.0,1.0,0.0,0.0
1.1419599302953858,-0.09582659576267816,-0.5223122444055919,2.3260758593167354,2.0961151267347833,1.5465491599247008,-0.6058676425330175,-0.37267967964723286,-1.6647668488671206,1.6223580039093541,1.5188255417481082,-0.778856070484227,0.06863560903202695,-0.5095884946639834,0.39378639210654365,1.6542725061359163,0.05520471272435914,-1.1632902377413428,0.8613409378063558,-1.4515106513075169,0.0,0.0,0.0,1.0,0.0
0.6617062493271514,-0.09582659576267816,-0.7909075673645974,1.2392837030350101,-0.4724591561221906,2.0873261609315166,2.967865531647572,-0.20000324249116966,-1.2958621762663634,-1.1433860036859074,1.1042231397657012,-0.2659195482597085,0.06863560903202695,-0.7721164476163882,-0.8856334127270299,1.3809235605130437,0.6731893610475937,-1.5912795609350454,-1.0609179889801132,-0.4545042726906662,0.0,0.0,1.0,0.0,0.0
0.042551568719807045,-0.09582659576267816,-0.9489683746451855,-0.6373630105669245,-0.13922206800026485,-0.6200799616536892,1.7413656867829663,-1.1915090995073558,-0.7633751831794628,-1.1433860036859074,1.1042231397657012,-0.5223878093719677,0.06863560903202695,-1.034644400568793,-0.346125319505537,0.9513752173913862,0.18762999450790946,0.15736253097065425,1.320904125958391,-0.4545042726906662,0.0,1.0,0.0,0.0,0.0
-0.8300979410970113,-0.09582659576267816,-1.9042089357148482,0.268007124342744,-0.9720971351758327,-0.8904752785619348,-0.525626300961989,-1.1915090995073558,-0.7233240545648614,1.0000656022004204,-0.13958406618152008,-0.5223878093719677,1.40368931392048,-1.4284363299974001,0.5208419385449816,0.6292139600501433,-2.7257262047301962,2.8812088664391498,-0.06272697815526301,-0.4545042726906662,1.0,0.0,0.0,0.0,0.0
0.042551568719807045,-0.09582659576267816,-1.0913140374954629,-0.9245347831413334,0.5366299993756983,0.7211277154242802,-0.6073320714440844,-1.1915090995073558,-0.024407733054152874,1.172924602675124,0.275018335800887,-1.0353243315964862,1.40368931392048,-1.034644400568793,0.7888136364878686,0.9513752173913862,0.18762999450790946,0.15736253097065425,-1.6983766048039037,-1.4515106513075169,0.0,1.0,0.0,0.0,0.0
-0.8300979410970113,-0.09582659576267816,1.384903605603937,0.0023958382695590374,-0.0830394441809508,-0.017695559018250574,-0.9809722295684763,1.0779709835303086,1.7004930421959015,1.6223580039093541,-1.3833912721287414,-0.2659195482597085,-1.266418095856426,0.9343152465742431,1.2031194045663378,-1.2158914229042492,-0.4082837735180672,0.37747132575598724,1.4889164743150487,1.5395084845430351,0.0,0.0,1.0,0.0,0.0
-0.8300979410970113,-0.09582659576267816,1.3532286086937537,-0.39558556386390414,0.1931219950524886,-0.06475665707077623,-0.5110572168992764,-0.24966352547884904,1.4695958730141325,0.6197758011560719,-1.7979936741111484,-0.09494070751820233,-1.266418095856426,0.540523317145636,0.7399466469720201,-1.1511508831514636,-1.1157135683091384,2.323696458594721,0.04104535465326102,1.5395084845430351,0.0,0.0,0.0,1.0,0.0
1.1419599302953858,-0.09582659576267816,-0.0339931910914779,-0.7755119714791107,-0.9720971351758327,-0.541656112962289,-0.699670897226391,-0.5841627771062523,-0.2598890675592797,1.3112118030548872,1.5188255417481082,1.3583794387846002,2.738743018808933,0.015467411240826293,-0.3197536918842281,0.7795558801427229,1.3529724742031521,-1.2146489565245873,1.1183009999988915,1.5395084845430351,0.0,0.0,1.0,0.0,0.0
0.042551568719807045,-0.09582659576267816,-1.0913140374954629,-0.9245347831413334,-0.9720971351758327,-0.8904752785619348,-0.23873228310868386,-1.1915090995073558,-0.4523275023966662,-0.5210936019769735,0.6896207377832941,0.8454429165600816,1.40368931392048,-1.034644400568793,-1.7245760821488687,0.9513752173913862,0.18762999450790946,0.15736253097065425,-0.7594840698696387,-0.4545042726906662,0.0,1.0,0.0,0.0,0.0
2.407005268960788,-0.09582659576267816,0.48483311023397446,-0.44221142738698543,1.0058940041835163,-0.11862400335871308,-0.12049801289869595,-0.4382590515720541,-0.020354365820867904,-0.10623200083768429,1.1042231397657012,0.5889746554478223,1.40368931392048,1.196843199526648,0.22888451268644333,1.3809235605130437,1.0980538067698178,-1.708976624813314,0.4956670031477473,-0.4545042726906662,0.0,0.0,0.0,1.0,0.0
0.042551568719807045,-0.09582659576267816,1.0435318329669148,-0.024106789307841124,-0.11081233636454874,-0.3771375643737854,-0.7848179945218827,1.2774965167530068,0.7949997549031338,-1.4545322045403744,-0.13958406618152008,-0.778856070484227,-1.266418095856426,0.6717872936218383,-0.7062706457925323,-0.7238633207830776,-1.7060515349968592,0.7626617166303205,-0.7841917681573826,0.5425021059261845,0.0,0.0,1.0,0.0,0.0
0.042551568719807045,-0.09582659576267816,-0.8148356248134944,-0.22608565946585704,-0.28626011427107445,-0.6686552589829068,1.1625025820381234,-1.1915090995073558,-0.9555723461577252,0.8272066017257165,1.5188255417481082,-0.35140896863046156,0.06863560903202695,-1.034644400568793,-0.06085815358280726,0.9513752173913862,0.18762999450790946,0.15736253097065425,0.7476855256827343,-0.4545042726906662,0.0,1.0,0.0,0.0,0.0
1.8661217052122583,-0.09582659576267816,0.16603471574243983,0.15953659082845487,-0.05233789780541948,-0.7858323434066211,0.4161897875982682,-0.20000324249116966,-0.010944763315027792,0.17034239992184186,-0.13958406618152008,0.3325063943355631,1.40368931392048,0.40925934066943354,-0.9375973650486473,1.3809235605130437,0.10670343341796235,-1.120491305421972,1.5086826329452439,0.5425021059261845,0.0,0.0,0.0,0.0,1.0
-0.8300979410970113,-0.09582659576267816,0.8768604380217908,-0.32576648455395607,-0.40227490125035115,0.1158032195263473,0.5637912321651636,1.9748971319952469,1.206995581543456,1.518642603624532,-1.7979936741111484,-1.2063031723379924,-1.266418095856426,1.3281071760028504,1.595557049196734,-1.265094233116366,-1.5021166010501918,0.25421040067620143,-0.9274964182262967,-0.4545042726906662,0.0,1.0,0.0,0.0,0.0
-0.8300979410970113,-0.09582659576267816,-1.9895551378866478,-0.9245347831413334,5.61393482424767,2.705633931510333,0.26706367810335946,-1.1915090995073558,-1.1942384692032904,0.10119879973196033,0.6896207377832941,-1.890218535304017,0.06863560903202695,-1.4284363299974001,-1.4394436350766335,0.6292139600501433,-0.17653953039685363,0.7626617166303205,-1.4512996219264656,-2.4485170299243677,0.0,0.0,1.0,0.0,0.0
0.042551568719807045,-0.09582659576267816,0.8045643190125996,-0.7508390226900306,1.40732629325991,0.0893168359323375,-0.6899444333530634,2.0862665002861247,-0.12878193931124085,0.1357705998269011,0.275018335800887,2.213273642492131,-1.266418095856426,1.196843199526648,-0.16317328707037895,-0.8742052408756581,0.24832491532537035,-1.708976624813314,0.7872178429431244,1.5395084845430351,1.0,0.0,0.0,0.0,0.0
0.042551568719807045,-0.09582659576267816,0.963483867757785,-0.7868550115758377,-0.8320481635591161,-0.8904752785619348,0.9099179224248615,1.9748971319952469,0.1757996556470298,1.1037810024852426,0.275018335800887,-0.2659195482597085,0.06863560903202695,1.3281071760028504,-1.6418911030251992,-0.9042736248941738,0.5372327384164823,-1.7795948631402745,1.0392363654781114,1.5395084845430351,0.0,0.0,1.0,0.0,0.0
-0.8300979410970113,-0.09582659576267816,0.720274475946679,0.45728399949204046,0.3550739057024797,0.2583540063796679,0.5165556421744524,2.305127568948485,0.6018857588601999,-1.4199604044454335,-0.13958406618152008,1.101911177672341,0.06863560903202695,0.6717872936218383,-0.37763366964452505,-1.1748890810608181,0.3332978044698148,-1.7795948631402745,-0.13685007301849447,-0.4545042726906662,0.0,0.0,0.0,1.0,0.0
0.042551568719807045,-0.09582659576267816,1.2110457611788183,0.6665996508802384,0.385937090099788,0.9282129074077442,-0.7872306312868086,0.832818434098358,1.2890762680174768,1.656929804004295,-0.5541864681639271,0.9309323369308347,0.06863560903202695,1.3281071760028504,-0.2628999669580573,-0.9042736248941738,1.3529724742031521,-1.101659775201449,-0.9719702751442355,-0.4545042726906662,1.0,0.0,0.0,0.0,0.0
0.6617062493271514,-0.09582659576267816,0.25273924439223905,1.603795375746722,-0.43698143156776686,-0.8904752785619348,-1.1037379645016736,-0.1448089388865984,-0.7011270435254436,0.032055199542078784,0.275018335800887,-0.4368983890012147,0.06863560903202695,0.2779953641932311,0.6970087311129904,-0.03405921682888675,-0.32649168771057996,0.51342087547634,-0.1566162316486895,1.5395084845430351,0.0,1.0,0.0,0.0,0.0
1.1419599302953858,-0.09582659576267816,-0.8067659487803038,2.7008883672608106,0.03322191785514721,1.1928138397057844,1.7471814945888053,-1.1915090995073558,-1.4365719245075417,-0.38280640159721047,1.1042231397657012,-1.4627714334502517,0.06863560903202695,-0.5095884946639834,-0.2777929247823437,1.6542725061359163,0.9821816852092108,-1.1632902377413428,-0.5124070869922005,-0.4545042726906662,1.0,0.0,0.0,0.0,0.0
-0.8300979410970113,-0.09582659576267816,0.8239202816433578,-0.23718029810471344,-0.07394399654618052,1.0589898934349922,-0.5366589274122072,0.25914156367018515,1.433308585401867,0.41234500058642726,-1.3833912721287414,0.9309323369308347,-1.266418095856426,0.40925934066943354,2.2996195886831137,-1.1247751076966253,-0.4597824942116696,1.2334499721433938,0.7625101446553805,-0.4545042726906662,0.0,1.0,0.0,0.0,0.0
0.042551568719807045,-0.09582659576267816,-0.20980161814862,-0.9245347831413334,-0.9720971351758327,-0.7994591236396761,-0.16311934127231725,-0.37267967964723286,0.1216099960877557,-0.10623200083768429,0.275018335800887,-0.09494070751820233,0.06863560903202695,-0.5095884946639834,-1.5796428587328406,0.014178832398679007,0.9821816852092108,-0.39290945599267774,-0.18132392993643334,-0.4545042726906662,1.0,0.0,0.0,0.0,0.0
-0.8300979410970113,-0.09582659576267816,0.7705019534722901,1.2645820796095806,-0.48773270563527865,-0.04651378403623108,-0.6893538011757294,1.3675508095941424,0.7338614658010856,0.8272066017257165,-1.3833912721287414,0.16152755359405693,-1.266418095856426,0.1467313877170287,1.8180524126716908,-1.062132640991383,-0.17653953039685363,-0.2966118582740942,-0.018253121237324144,-0.4545042726906662,0.0,0.0,0.0,1.0,0.0
-0.8300979410970113,-0.09582659576267816,0.26617573168757974,0.06038906957420577,0.3550330960638368,-0.7551147473161063,1.1076488849561625,0.7625022778985887,0.26458769980470054,-1.039670603401085,-0.9687888701463342,-0.35140896863046156,-1.266418095856426,-0.2470605417115785,-0.6484418677980027,-0.9320290562958812,-0.3726308130378807,0.43673138589050026,-0.7248932922667973,-0.4545042726906662,0.0,0.0,0.0,1.0,0.0
1.5343557591439694,-0.09582659576267816,0.013395941840475347,-0.44221142738698543,-0.9720971351758327,-0.436329052899547,-0.15551463715536698,-0.6209949250551222,0.35226589341040043,-1.350816804255552,-0.13958406618152008,-0.009451287147449236,2.738743018808933,0.1467313877170287,0.5460728271994228,1.1929961603973187,-0.17653953039685363,-0.2966118582740942,0.5351993204081374,-0.4545042726906662,0.0,0.0,0.0,1.0,0.0
-0.8300979410970113,-0.09582659576267816,1.115162238078623,0.30781118640119803,0.8901976451630853,-0.7478499656032684,0.5163260921683769,0.6969229059737683,1.6143589884885958,1.5532144037194726,-2.2125960760935555,-0.6933666501134739,-1.266418095856426,0.40925934066943354,0.21405145536685602,-1.1247751076966253,-1.0262684218413018,1.2334499721433938,-1.3475272891179415,-0.4545042726906662,0.0,0.0,1.0,0.0,0.0
-2.321902131521174,-0.09582659576267816,1.127499993822522,-0.548046409292802,-0.6833490085984246,-0.6618087907663077,-0.910630607942638,0.6969229059737683,1.679840171054878,-1.350816804255552,-1.3833912721287414,0.6744640758185755,-1.266418095856426,0.40925934066943354,2.878866614060837,-1.6259148413385582,1.2396752886772258,-0.17891479439582586,-0.6606532767186635,-0.4545042726906662,0.0,0.0,1.0,0.0,0.0
-0.8300979410970113,-0.09582659576267816,-1.5400289483413194,-0.2342563416431433,3.477724768495716,-0.8904752785619348,1.2413855333767627,-1.1915090995073558,-0.2862842089474569,-0.41737820169215123,0.6896207377832941,-0.1804301278889554,0.06863560903202695,-1.4284363299974001,-0.5682056023559161,0.6292139600501433,-0.17653953039685363,0.7626617166303205,-0.7150102129516999,-0.4545042726906662,0.0,0.0,0.0,0.0,1.0
-0.8300979410970113,-0.09582659576267816,-0.9589229991253417,-0.9245347831413334,-0.9720971351758327,0.44259990650591824,-0.5543014448811339,-1.1915090995073558,-0.17988331907372637,1.5532144037194726,-0.13958406618152008,-0.4368983890012147,0.06863560903202695,-1.1659083770449954,1.4993592812648915,-0.12249564041275783,0.6731893610475937,0.7626617166303205,-0.878081021650809,-0.4545042726906662,0.0,0.0,0.0,1.0,0.0
-0.8300979410970113,-0.09582659576267816,-0.2233046270445664,-0.0544260932427847,0.6870976279445715,-0.6133366877395167,-0.548146967997761,-0.2945829510424179,-0.2748479228249743,-0.901383403021322,-0.5541864681639271,-1.4627714334502517,-1.266418095856426,-0.6408524711401857,-0.01802681117382132,-0.7238633207830776,-0.686376865263522,1.610080576553852,-1.1992810993914786,1.5395084845430351,0.0,1.0,0.0,0.0,0.0
-0.8300979410970113,-0.09582659576267816,1.1293784513919563,-0.5490730248779453,-0.08694512961158045,-0.5369478402540824,-0.9772487874160293,2.334581745694014,1.293370907109886,0.896350201915598,-1.7979936741111484,0.24701697396481,-1.266418095856426,0.9343152465742431,1.7516980098921622,-1.2158914229042492,-1.335260746002919,-0.39290945599267774,0.055869973625907315,1.5395084845430351,0.0,0.0,1.0,0.0,0.0
-0.8300979410970113,-0.09582659576267816,1.0284739413739423,-0.7370424941993795,-0.25728286194989414,-0.024140424841177295,-0.9784909831839824,2.787828336815636,1.1338419538570275,-0.3136628014073289,-1.3833912721287414,-1.9757079556747703,-1.266418095856426,0.540523317145636,1.3738277778427788,-1.1511508831514636,-1.1157135683091384,-1.2443829516096232,-0.5914717215129808,-0.4545042726906662,0.0,0.0,0.0,1.0,0.0
1.8661217052122583,-0.09582659576267816,0.9978912522761267,-0.9245347831413334,-0.9720971351758327,-0.8904752785619348,0.2897292115017901,0.21567450353705195,0.03190511886541333,-0.8668116029263813,1.1042231397657012,0.5034852350770693,0.06863560903202695,2.1156910348600646,-1.5383487873721409,0.11999132747850094,0.5635469234418586,-0.7408233574275584,0.8218086205459657,1.5395084845430351,0.0,0.0,0.0,0.0,1.0
0.042551568719807045,-0.09582659576267816,-0.29894660266063067,-0.5957652851397789,-0.3314952200292878,0.023111285643004867,0.40363752116236046,-0.2945829510424179,-0.770902865184135,-1.3162450041606113,0.6896207377832941,-0.2659195482597085,0.06863560903202695,-0.6408524711401857,1.0404848475740982,0.17818819977240308,0.3332978044698148,-0.0847571432932111,-0.018253121237324144,0.5425021059261845,0.0,1.0,0.0,0.0,0.0
-0.8300979410970113,-0.09582659576267816,1.3437059448717428,-0.6399418447164861,0.7522939189913626,-0.6408646842690149,-1.0544336941756416,0.25914156367018515,2.1189549546607496,-0.6939526024516773,-0.9687888701463342,-2.1466867964162764,-1.266418095856426,0.40925934066943354,1.6164566002955323,-1.1247751076966253,1.2396752886772258,-0.17891479439582586,1.0837102223960502,-0.4545042726906662,0.0,0.0,1.0,0.0,0.0
-0.8300979410970113,-0.09582659576267816,0.8582719563133588,0.268007124342744,0.9549610534380568,0.23239882605421075,-0.6098292576009966,1.173510908580307,0.5406027066426772,0.06662699963701955,-1.7979936741111484,1.272890018413847,-1.266418095856426,-0.11579656523537611,0.18758148887038978,-0.9815923266560724,-0.5407090553016178,0.15736253097065425,0.29800541684579673,-0.4545042726906662,0.0,1.0,0.0,0.0,0.0
-0.8300979410970113,-0.09582659576267816,0.8755007572792074,-0.5546600322005024,-0.26185193251917244,-0.724690231089918,-0.884822480313867,1.033051557966739,1.0372849558355606,1.2766400029599465,-1.3833912721287414,0.7599534961893285,-1.266418095856426,0.015467411240826293,-0.7692605329837738,-1.0245471609682386,-0.686376865263522,0.48018876332247656,-0.8336071647328701,0.5425021059261845,0.0,0.0,0.0,1.0,0.0
-0.8300979410970113,-0.09582659576267816,1.3189456401766244,-0.7307310769702122,-0.9720971351758327,-0.7079935044016469,-1.184776742901236,1.2774965167530068,1.5707852907307822,-1.3853886043504928,-0.9687888701463342,-1.1208137519672394,-1.266418095856426,0.6717872936218383,-0.31260007217260977,-1.1748890810608181,0.8431351393364832,-0.9321760032167431,-0.13685007301849447,1.5395084845430351,0.0,1.0,0.0,0.0,0.0
0.042551568719807045,-0.09582659576267816,0.16023144951025753,0.6413302228339914,0.2262227094808408,0.7299454971930472,0.18521145388122123,0.06510166265634933,-0.4347629110524313,-0.6593808023567366,-0.9687888701463342,1.272890018413847,0.06863560903202695,-0.11579656523537611,-0.7192201946941732,-0.3372698119735866,-0.5407090553016178,0.7626617166303205,-0.6408871180884683,-1.4515106513075169,0.0,0.0,1.0,0.0,0.0
-0.8300979410970113,-0.09582659576267816,1.2160199814121755,-0.1759672352750387,0.2633590067147907,-0.8904752785619348,-1.079852865341117,1.7021069656710426,1.1108246184965878,0.8272066017257165,-0.9687888701463342,1.272890018413847,-1.266418095856426,1.3281071760028504,0.2664228322221941,-1.265094233116366,-0.2785069973701874,-0.4237246872626241,0.2634146392429554,1.5395084845430351,0.0,0.0,1.0,0.0,0.0
-0.8300979410970113,-0.09582659576267816,-1.2107821432840513,-0.9245347831413334,-0.9720971351758327,-0.8904752785619348,0.14823569278262477,-1.1915090995073558,-0.27031201187344106,-0.8322398028314404,0.6896207377832941,1.187400598043094,1.40368931392048,-1.2971723535211979,-1.6667231218733423,0.17818819977240308,-0.686376865263522,1.610080576553852,-1.3672934477481367,1.5395084845430351,0.0,0.0,0.0,1.0,0.0
-0.8300979410970113,-0.09582659576267816,1.0147425134743382,-0.5123973516813705,1.4292092867856083,-0.7103595941155791,0.317855078681472,2.787828336815636,1.0006598876205213,0.6197758011560719,-1.7979936741111484,-2.061197376045523,-1.266418095856426,0.540523317145636,1.1118364672553702,-1.1511508831514636,-1.652384447116158,-0.7983730253340803,0.4166023686269671,-0.4545042726906662,0.0,0.0,1.0,0.0,0.0
-0.8300979410970113,-0.09582659576267816,-0.7237832833474263,2.833696932904725,-0.6685164309013125,0.42634562704636003,1.4454663359843436,-1.1915090995073558,-0.5674141791988645,0.6197758011560719,0.275018335800887,-0.009451287147449236,0.06863560903202695,-1.034644400568793,0.11961389716044046,-0.3372698119735866,0.18762999450790946,1.3679609022899857,0.8267501602035144,0.5425021059261845,0.0,0.0,1.0,0.0,0.0
0.6617062493271514,-0.09582659576267816,-1.0110001804262785,0.892533135619933,-0.9720971351758327,0.5460389682473386,0.7389293517743846,-0.20000324249116966,-0.8274569889628253,0.30862960030160497,-0.5541864681639271,1.7858265406383655,1.40368931392048,-0.7721164476163882,0.6028132588278448,1.3809235605130437,-1.5927543494709329,0.29187346111724705,-1.4710657805566607,1.5395084845430351,0.0,1.0,0.0,0.0,0.0
-0.8300979410970113,-0.09582659576267816,1.2603887747832367,0.15135930209817333,0.8677517856389424,0.6138874399829857,-0.9829157940785167,0.1551559554974849,1.5159683243377855,1.1383528025801835,-0.13958406618152008,-1.4627714334502517,0.06863560903202695,1.4593711524790527,-0.030092844307893222,-1.2789719488172202,1.5882820133723836,-0.21512927558913952,-1.5402473357623434,-0.4545042726906662,0.0,0.0,0.0,1.0,0.0
0.6617062493271514,-0.09582659576267816,0.35639600512304226,0.22087330721182402,-0.6633706134721198,0.03773982999002584,1.2087419030067243,-0.6209949250551222,-1.313282004495124,1.6915016040992357,1.1042231397657012,-0.8643454908549801,-1.266418095856426,0.1467313877170287,1.7582051616756365,0.06543175970296788,1.0980538067698178,-0.2966118582740942,1.548214950205634,0.5425021059261845,0.0,0.0,0.0,1.0,0.0
-0.8300979410970113,-0.09582659576267816,0.9694391865419341,-0.5346632600052891,1.8965011943705115,-0.6980397786399766,-0.20802189188416895,1.0069472366848569,1.2529819978925107,1.518642603624532,-1.3833912721287414,-0.778856070484227,-1.266418095856426,0.540523317145636,0.6973264051383211,-1.1511508831514636,-0.5790426895021192,0.5396567534925483,-1.0609179889801132,-0.4545042726906662,0.0,1.0,0.0,0.0,0.0
-0.8300979410970113,-0.09582659576267816,1.3646158618655806,0.11175311940444717,0.022803326352687205,-0.4005711407910758,-0.3389826547215022,0.6064356531459979,1.085684090775856,0.1357705998269011,-1.3833912721287414,-1.1208137519672394,-1.266418095856426,0.540523317145636,0.7695042555512027,-1.1511508831514636,-0.5790426895021192,0.9856666797680916,-0.8533733233630653,-1.4515106513075169,0.0,0.0,1.0,0.0,0.0
-0.8300979410970113,-0.09582659576267816,0.9562681425769307,1.5642156284028825,0.18328860716000409,0.5477559323510456,-0.43014002916395194,0.9084060034327873,1.0942251145888493,0.5852040010611311,-1.3833912721287414,-2.061197376045523,-1.266418095856426,0.1467313877170287,0.39683031380471395,-1.062132640991383,0.46075713818648206,-0.2966118582740942,-1.4710657805566607,-0.4545042726906662,0.0,0.0,1.0,0.0,0.0
-0.8300979410970113,-0.09582659576267816,1.1118020358086778,0.1565568712003948,-0.7982004453921857,-0.7212067870625467,-0.5872278959684113,2.165016765596492,0.8097173383097043,-1.489104004635315,-0.9687888701463342,-0.6078772297427208,0.06863560903202695,0.8030512700980408,0.6557935923891982,-1.1963664982169009,0.18762999450790946,-1.456768630788454,-0.6408871180884683,1.5395084845430351,0.0,1.0,0.0,0.0,0.0
-0.8300979410970113,-0.09582659576267816,0.9477521395325122,-0.9245347831413334,0.2695683440425876,-0.5442642591688757,-1.0681788165430477,0.5242464688177053,1.3518552057615691,-0.24451920121744736,-1.3833912721287414,-0.4368983890012147,-1.266418095856426,0.6717872936218383,1.705780457889983,-1.1748890810608181,0.3332978044698148,0.33895228666855465,-1.3425857494603928,1.5395084845430351,0.0,0.0,0.0,1.0,0.0
-0.8300979410970113,-0.09582659576267816,-0.5383572121315253,0.4431066286580248,0.7829655248028333,0.39726909006158023,1.3624823572478881,0.06510166265634933,-0.26587260966555754,1.0000656022004204,-0.9687888701463342,-1.719239694562511,0.06863560903202695,-1.034644400568793,-0.26385311625881147,-0.3372698119735866,-1.269048105111144,1.3679609022899857,-1.0609179889801132,-0.4545042726906662,0.0,0.0,1.0,0.0,0.0
0.042551568719807045,-0.09582659576267816,0.8512566715295288,-0.9245347831413334,-0.7922016806128596,-0.8904752785619348,-0.49785450442255763,-0.46725938819848106,0.643384518629546,-0.6939526024516773,0.6896207377832941,1.5293582795261063,0.06863560903202695,1.3281071760028504,-1.414190358765888,-0.9042736248941738,1.7608423420964867,-0.0847571432932111,1.6421042036990605,1.5395084845430351,0.0,0.0,1.0,0.0,0.0
-0.8300979410970113,-0.09582659576267816,-1.4519220959757373,1.3923655422121313,2.2794049238390426,3.699884253551718,0.9661138067784842,-1.1915090995073558,-1.2630009490536602,1.1383528025801835,1.1042231397657012,-1.719239694562511,0.06863560903202695,-1.2971723535211979,-1.2579357115931504,0.17818819977240308,-0.686376865263522,1.610080576553852,0.9898209689026236,-2.4485170299243677,0.0,1.0,0.0,0.0,0.0
-0.8300979410970113,-0.09582659576267816,0.750362283201034,-0.11491775281341242,-0.188868953302897,-0.5162857791425433,1.4354296920498713,3.106862339625,1.13446926069075,1.484070803529591,-1.7979936741111484,1.4438688591553532,-1.266418095856426,0.540523317145636,0.9570710655725113,-1.1511508831514636,-1.652384447116158,-1.2443829516096232,-1.5600134943925383,-0.4545042726906662,0.0,0.0,1.0,0.0,0.0
0.042551568719807045,-0.09582659576267816,-1.2107821432840513,-0.9245347831413334,-0.3519462363549358,-0.49214271651642566,-0.7220408476101203,-1.1915090995073558,-0.9035541333305681,1.0000656022004204,1.1042231397657012,-0.1804301278889554,0.06863560903202695,-0.9033804240925906,0.6313250224044925,0.6292139600501433,1.0980538067698178,-0.2966118582740942,-1.5748381133651848,1.5395084845430351,0.0,0.0,0.0,1.0,0.0
-0.8300979410970113,-0.09582659576267816,0.8470125935144199,-0.4988723644556685,1.3648733716059742,0.502794142962458,-0.8282643959817407,0.3378918289805533,0.9737339481422711,0.17034239992184186,-0.5541864681639271,-0.1804301278889554,-1.266418095856426,0.2779953641932311,0.6140160059331692,-1.0952962998353346,2.672551458563941,-1.4805058537554991,-0.5222901663072981,-0.4545042726906662,0.0,0.0,0.0,1.0,0.0
0.6617062493271514,-0.09582659576267816,1.2862091298103493,-0.9245347831413334,-0.7900024127806189,-0.1850833704651632,-0.9786818447887204,0.25914156367018515,0.7681703241685334,-0.14080380093262507,1.1042231397657012,-0.09494070751820233,0.06863560903202695,1.9844270583838624,-0.03295074390839626,-0.7238633207830776,1.0130809176253721,-0.3672300966010559,0.24364848061276034,1.5395084845430351,0.0,1.0,0.0,0.0,0.0
0.6617062493271514,-0.09582659576267816,0.7047176110808643,-0.49987627226197323,-0.5481064700441991,-0.32845743662322735,0.20231927820058074,0.463727920778138,0.17478631383870855,0.34320140039654573,-0.13958406618152008,-0.1804301278889554,0.06863560903202695,1.4593711524790527,0.4640828497637537,-0.585086163774543,0.019551752244172604,0.1108010551506806,-0.018253121237324144,-0.4545042726906662,0.0,0.0,1.0,0.0,0.0
0.042551568719807045,-0.09582659576267816,0.7321335516663782,-0.7554773651514051,0.8812613391441574,-0.5510323587300372,-0.9855166925531779,0.3174117299554589,0.43125830008763255,-1.4199604044454335,0.275018335800887,-0.5223878093719677,0.06863560903202695,1.0655792230504455,-1.2582490421638985,-0.8415222147685755,0.8209682986901059,-0.15844573980830085,-0.146733152333592,1.5395084845430351,1.0,0.0,0.0,0.0,0.0
2.407005268960788,-0.09582659576267816,0.952023435525891,0.5307277849323917,-0.02761886673563334,0.47977145478315275,0.13029895112799567,0.011479854967848986,0.6376422483823924,0.06662699963701955,0.275018335800887,1.4438688591553532,1.40368931392048,0.9343152465742431,-0.21245007232828966,1.6542725061359163,0.05520471272435914,-1.5484806286156756,0.14975922711933382,-1.4515106513075169,0.0,0.0,1.0,0.0,0.0
0.042551568719807045,-0.09582659576267816,0.6557969011644704,-0.6016123401104109,-0.6540196378947976,-0.7378226266405379,0.4805327681473876,0.5242464688177053,0.21474093370966038,0.06662699963701955,-0.13958406618152008,0.5889746554478223,0.06863560903202695,0.6717872936218383,-1.4146083440289627,-0.7238633207830776,0.8431351393364832,-0.5084665732549773,-0.047902359182616726,1.5395084845430351,0.0,0.0,0.0,1.0,0.0
-0.8300979410970113,-0.09582659576267816,0.9916066025672136,0.6359512522800312,-0.39446192852951145,0.1707990439208203,-0.3222535448208789,0.25914156367018515,1.467327917538366,0.9309220020105388,-1.7979936741111484,-1.2063031723379924,-1.266418095856426,-0.37832451818778096,2.131139866615631,-0.8742052408756581,-0.17653953039685363,0.7626617166303205,0.21399924266746775,-0.4545042726906662,1.0,0.0,0.0,0.0,0.0
-2.321902131521174,-0.09582659576267816,1.4429709835523319,-0.7205130711576847,0.007034963420545368,-0.5319014806431956,-0.4013155488250437,2.2690023737691933,2.0637036989213295,0.446916800681368,-1.3833912721287414,1.3583794387846002,-1.266418095856426,0.40925934066943354,0.7703167734284475,-1.6259148413385582,0.10670343341796235,-1.120491305421972,0.6340301135591127,-0.4545042726906662,0.0,0.0,0.0,1.0,0.0
0.6617062493271514,-0.09582659576267816,-0.9690251048792364,1.058386092443878,0.4967630887609805,3.1299392767796275,1.0418817261782904,-0.20000324249116966,-1.7714572649718,1.2766400029599465,0.6896207377832941,-1.4627714334502517,-1.266418095856426,-0.7721164476163882,-0.29539369312013536,1.3809235605130437,-0.4597824942116696,-0.6497030499088993,0.9898209689026236,-2.4485170299243677,0.0,0.0,1.0,0.0,0.0
-0.8300979410970113,-0.09582659576267816,1.0268406958830032,-0.9245347831413334,-0.9720971351758327,-0.8904752785619348,-0.8760687123231685,0.6064356531459979,-0.002596756989333746,0.3777732004914865,1.1042231397657012,-1.5482608538210048,-1.266418095856426,0.540523317145636,-1.7080172792966732,-1.1511508831514636,-0.5790426895021192,0.9856666797680916,1.3950272208216223,1.5395084845430351,0.0,1.0,0.0,0.0,0.0
0.6617062493271514,-0.09582659576267816,0.6151622617999625,0.24936250723463346,0.1564385889329336,0.3674960716542079,0.7496800917032176,0.5242464688177053,0.3049766090220758,0.2394860001117234,-0.9687888701463342,-1.1208137519672394,0.06863560903202695,0.6717872936218383,-0.3058562289109751,-0.2728375605053374,-0.686376865263522,0.33895228666855465,-1.0905672269254059,-1.4515106513075169,0.0,1.0,0.0,0.0,0.0
0.042551568719807045,-0.09582659576267816,0.0666767945333491,0.6251573309421556,0.08726646428277285,0.568684465939902,0.34255309361775854,0.1551559554974849,0.8037820505752513,1.172924602675124,-0.9687888701463342,-0.8643454908549801,1.40368931392048,-0.2470605417115785,-0.6605663555514456,-0.23814327125320392,0.41173431752622563,-0.21512927558913952,-0.4036932145261277,-0.4545042726906662,1.0,0.0,0.0,0.0,0.0
-0.8300979410970113,-0.09582659576267816,-1.155087554738126,-0.1530273877084712,-0.4005985244256816,1.8585229891538653,1.4992470842232515,-1.1915090995073558,-0.5716123095476239,1.484070803529591,-0.5541864681639271,-0.6933666501134739,0.06863560903202695,-1.1659083770449954,0.907090799717833,-0.12249564041275783,0.6731893610475937,0.7626617166303205,-0.7347763715818949,-0.4545042726906662,0.0,0.0,0.0,1.0,0.0
0.042551568719807045,-0.09582659576267816,0.8714053715962201,-0.3786269265347046,-0.2716228988362446,-0.5584031321308403,-0.6829550675540691,-0.083099853583399,0.7853971349099944,-0.6248090022617958,1.1042231397657012,-0.5223878093719677,0.06863560903202695,0.1467313877170287,-0.8597857680805383,-0.4983504406442075,-0.8138361989801893,1.2922985040825277,1.3950272208216223,-1.4515106513075169,1.0,0.0,0.0,0.0,0.0
-0.8300979410970113,-0.09582659576267816,-1.2874785931082473,-0.9245347831413334,-0.2780923187993131,0.8337222886425084,1.3993445213202353,-1.1915090995073558,-1.1433783612999289,1.069209202390302,-0.5541864681639271,-0.8643454908549801,0.06863560903202695,-1.1659083770449954,0.5580289277464757,-0.12249564041275783,0.6731893610475937,0.7626617166303205,-1.5007150185019533,1.5395084845430351,0.0,0.0,0.0,1.0,0.0
0.6617062493271514,-0.09582659576267816,-0.8653683441484332,-0.9245347831413334,-0.9720971351758327,-0.8904752785619348,1.0992573339089573,-0.20000324249116966,0.02765873414482907,-0.34823460150226965,-0.13958406618152008,-0.6078772297427208,1.40368931392048,-0.7721164476163882,-0.22499061976896687,1.3809235605130437,-0.4597824942116696,-0.6497030499088993,-1.4908319391868556,1.5395084845430351,0.0,0.0,0.0,1.0,0.0
1.1419599302953858,-0.09582659576267816,-0.32614768879280776,-0.13533771290212296,-0.4695871059029594,-0.5683497635453545,-0.09660408364087965,-0.4382590515720541,-0.36508359813738966,-1.0050988033061443,0.275018335800887,-0.35140896863046156,1.40368931392048,-0.37832451818778096,0.7378022868492148,1.3809235605130437,-0.17653953039685363,-0.6497030499088993,0.8020424619157707,0.5425021059261845,1.0,0.0,0.0,0.0,0.0
-0.8300979410970113,-0.09582659576267816,-0.5066361593862311,-0.043600250263114565,1.001416500511227,-0.19669566011196918,1.5845029636904078,0.06510166265634933,-0.42704221156045996,0.1357705998269011,1.1042231397657012,-0.1804301278889554,1.40368931392048,-1.034644400568793,0.6488673746508885,-0.3372698119735866,1.6443080941269617,-1.0532358403486761,0.29800541684579673,1.5395084845430351,0.0,0.0,1.0,0.0,0.0
-0.8300979410970113,-0.09582659576267816,-1.103600490017915,-0.9245347831413334,-0.44217158184172806,-0.8904752785619348,1.3216268749477902,0.5242464688177053,-0.26592086403738235,1.207496402770065,0.275018335800887,-0.6078772297427208,1.40368931392048,-1.2971723535211979,-0.8155941795482183,0.17818819977240308,-0.686376865263522,-0.0847571432932111,-1.505656558159502,0.5425021059261845,0.0,0.0,0.0,1.0,0.0
1.5343557591439694,-0.09582659576267816,-1.1161123945729945,-0.19589900015745776,-0.16980203040973216,-0.5442642591688757,-0.3936895724823775,-1.1915090995073558,-1.6739351795138366,0.032055199542078784,1.1042231397657012,-0.6078772297427208,1.40368931392048,-0.37832451818778096,1.5085190165192546,2.1326331609759444,-0.17653953039685363,-0.6497030499088993,0.7427439860251854,1.5395084845430351,0.0,1.0,0.0,0.0,0.0
0.6617062493271514,-0.09582659576267816,0.3679535642928498,0.16297807572964473,-0.8499048321993773,4.073655285080188,1.6060170332326327,-0.083099853583399,0.3926548026277757,1.6223580039093541,-0.13958406618152008,0.3325063943355631,0.06863560903202695,0.1467313877170287,-1.2670302138645335,0.06543175970296788,0.46075713818648206,-0.2966118582740942,1.0935933017111477,-0.4545042726906662,0.0,1.0,0.0,0.0,0.0
1.1419599302953858,-0.09582659576267816,0.6260409208641028,-0.7833215632047695,0.40906356825624934,0.1726461203799506,0.043489296059082826,0.7357295662767236,0.10052283560030889,1.5532144037194726,-0.13958406618152008,1.4438688591553532,0.06863560903202695,0.9343152465742431,0.7097775637963765,0.014178832398679007,-0.4082837735180672,-0.39290945599267774,1.6173965054113166,-0.4545042726906662,0.0,0.0,1.0,0.0,0.0
0.042551568719807045,-0.09582659576267816,-0.7167171095799293,-0.5189344947607067,-0.6716463518112287,-0.5085699905471172,-0.525626300961989,-1.1915090995073558,0.35824943551667826,-0.8322398028314404,-0.13958406618152008,-0.35140896863046156,1.40368931392048,-0.9033804240925906,-0.7497135258393983,0.6292139600501433,-0.17653953039685363,0.7626617166303205,-1.485890399529307,-0.4545042726906662,0.0,1.0,0.0,0.0,0.0
1.1419599302953858,-0.09582659576267816,0.18127288432104172,-0.7617400576373373,-0.8115297061276336,-0.8904752785619348,0.4091918775711641,-0.083099853583399,0.12643543327023782,-0.03708840064780275,0.275018335800887,1.016421757301588,0.06863560903202695,0.1467313877170287,-1.3445164994708674,0.6292139600501433,0.46075713818648206,-0.8262486457263015,0.36718697205147943,1.5395084845430351,1.0,0.0,0.0,0.0,0.0
0.042551568719807045,-0.09582659576267816,0.9266165289510563,0.5670648871631784,-0.6383366265370869,1.1089874802600748,-0.09276605600228659,1.0520821039624233,0.9182896749155517,0.5506322009661904,-1.3833912721287414,0.16152755359405693,0.06863560903202695,1.4593711524790527,-0.7315795553560629,-0.9320290562958812,-1.1569959436019859,0.7626617166303205,1.4444426173971099,-0.4545042726906662,1.0,0.0,0.0,0.0,0.0
0.6617062493271514,-0.09582659576267816,0.5015233059235812,-0.9245347831413334,-0.7966875755358701,-0.8904752785619348,-0.4221079125009919,0.12373488527884689,0.04729826347753125,0.6889194013459534,-0.13958406618152008,0.5889746554478223,0.06863560903202695,0.6717872936218383,-1.4997369245382748,-0.2728375605053374,0.3332978044698148,-0.0847571432932111,-1.485890399529307,1.5395084845430351,0.0,0.0,1.0,0.0,0.0
0.042551568719807045,-0.09582659576267816,-0.9896897064853645,1.117243336359977,0.3336727012197522,3.2425338499978555,0.6836913713175412,-1.1915090995073558,-0.5112943447665975,-1.2816732040656704,0.275018335800887,-0.009451287147449236,0.06863560903202695,-1.034644400568793,-0.8767690722778363,0.9513752173913862,0.18762999450790946,0.15736253097065425,0.9502886516422335,0.5425021059261845,0.0,0.0,0.0,1.0,0.0
1.5343557591439694,-0.09582659576267816,-0.4194691826573505,-0.40342041292505043,-0.9720971351758327,1.110642075886601,-1.0398058960425098,-0.49410848426511644,-0.5493187897645565,1.207496402770065,0.275018335800887,-0.5223878093719677,0.06863560903202695,-0.2470605417115785,0.4901439541705939,1.8435140838748285,-1.1569959436019859,-0.21512927558913952,-0.4728747697318104,1.5395084845430351,0.0,1.0,0.0,0.0,0.0
2.153510439751314,-0.09582659576267816,-0.12210004345706013,0.07167388469433757,-0.17430840024311092,-0.10553789471193148,-0.5007365859328136,-0.6536140280356327,-0.06918779010758683,-0.07166020074274353,-0.13958406618152008,-0.9498349112257332,1.40368931392048,0.2779953641932311,0.9366600905253237,2.088414949184009,-0.926300316965484,-0.4835424891395794,-1.7280258427491964,-0.4545042726906662,0.0,1.0,0.0,0.0,0.0
0.6617062493271514,-0.09582659576267816,0.6586087800624186,1.7729513835668063,-0.8326573463071747,0.5528728620339667,0.6142979377470207,-0.33540992088250887,0.1513346891318455,1.3112118030548872,-0.5541864681639271,0.8454429165600816,0.06863560903202695,0.8030512700980408,0.5152570793608745,-0.3372698119735866,-0.29792937203177566,0.9644281118502092,-0.31474550069025,-0.4545042726906662,0.0,0.0,0.0,1.0,0.0
-0.8300979410970113,-0.09582659576267816,1.2669361023127224,-0.6935624575672645,-0.7202303966665274,-0.6421352419090568,-0.6828729071768904,1.308917586971645,1.9947482015836604,-0.48652180188203276,-1.3833912721287414,-0.35140896863046156,-1.266418095856426,1.0655792230504455,2.210151903564483,-1.233718528053567,-0.06570532716496924,-0.15844573980830085,-0.19614854890907962,-0.4545042726906662,0.0,1.0,0.0,0.0,0.0
0.6617062493271514,-0.09582659576267816,-0.738139174989298,-0.5059888430535865,-0.9720971351758327,0.8204402871730347,0.13473767437142725,-1.1915090995073558,-0.8756148520439967,-0.07166020074274353,0.6896207377832941,-0.35140896863046156,0.06863560903202695,-0.6408524711401857,0.34050503392268267,1.0802397203278835,0.3332978044698148,-0.0847571432932111,1.3406702845885858,-0.4545042726906662,0.0,1.0,0.0,0.0,0.0
-0.8300979410970113,-0.09582659576267816,-1.6690692199369324,-0.9245347831413334,-0.9720971351758327,-0.8904752785619348,1.7041214286678774,-1.1915090995073558,-0.8213286837410729,-0.03708840064780275,1.1042231397657012,-0.4368983890012147,0.06863560903202695,-1.4284363299974001,-1.3131772535229063,0.6292139600501433,-0.17653953039685363,0.7626617166303205,0.43636852725716213,1.5395084845430351,0.0,1.0,0.0,0.0,0.0
1.8661217052122583,-0.09582659576267816,0.5938992576398794,0.11711004444005625,0.8076095912730895,1.0217745378779923,-0.4236974428418431,-0.4382590515720541,-0.36706202738220733,-0.10623200083768429,1.5188255417481082,-0.9498349112257332,0.06863560903202695,1.196843199526648,0.8540268760330905,0.6292139600501433,1.5229182524920417,-1.3558854331785088,1.335728744931037,-0.4545042726906662,0.0,0.0,0.0,1.0,0.0
-0.8300979410970113,-0.09582659576267816,0.9978912522761267,1.2053886857486609,-0.43478873704980975,1.1150189460196023,-0.7838551557084926,0.6969229059737683,1.5731980093220232,-0.7630962026415589,-1.7979936741111484,-1.6337502741917578,-1.266418095856426,0.40925934066943354,0.6947744061234777,-1.1247751076966253,-1.0262684218413018,1.2334499721433938,-1.0213856717197232,-0.4545042726906662,0.0,1.0,0.0,0.0,0.0
1.1419599302953858,-0.09582659576267816,-0.8312672552469645,-0.9245347831413334,-0.2697275959863154,-0.4387028754283282,-0.5335250680611314,-1.1915090995073558,-0.5264944718914162,-0.41737820169215123,0.6896207377832941,0.07603813322330386,2.738743018808933,-0.5095884946639834,-0.9159837471045152,1.6542725061359163,0.05520471272435914,-0.39290945599267774,0.8613409378063558,1.5395084845430351,0.0,0.0,0.0,1.0,0.0
0.6617062493271514,10.435516278555651,-0.7454320751650247,0.11649738642991668,0.2428852004218393,0.4677482474440675,1.5213834728005042,-1.1915090995073558,-1.732371223793695,-1.4199604044454335,1.1042231397657012,-1.6337502741917578,0.06863560903202695,-0.6408524711401857,0.6313250224044925,1.0802397203278835,0.3332978044698148,-0.0847571432932111,1.1874825552045742,-1.4515106513075169,0.0,1.0,0.0,0.0,0.0
0.6617062493271514,-0.09582659576267816,0.3904970940245104,0.4299472237003707,0.786963987982604,1.1437900215475527,-0.5191153405699332,-0.6827040103583218,0.3587802336067513,-0.6939526024516773,-0.13958406618152008,0.8454429165600816,0.06863560903202695,0.40925934066943354,-0.7781781085445477,-0.12249564041275783,1.2396752886772258,-0.17891479439582586,-0.6408871180884683,-1.4515106513075169,1.0,0.0,0.0,0.0,0.0
-0.8300979410970113,-0.09582659576267816,1.1795425961703097,0.7387865834840187,-0.4235500499270748,0.16819858758022485,-1.0809962626290712,0.9084060034327873,1.3972625696487257,1.2420682028650056,-1.3833912721287414,-0.1804301278889554,-1.266418095856426,1.196843199526648,0.21538870669809754,-1.2500600411071086,-1.0262684218413018,1.115752908265125,1.3307872052734884,0.5425021059261845,0.0,0.0,0.0,1.0,0.0
-0.8300979410970113,-0.09582659576267816,0.8224507128278382,-0.7553215499421698,1.215521096463248,-0.2033151152964214,-1.0912479731823514,1.5157523258338912,1.5488778059223136,-1.627391205015078,-2.2125960760935555,0.5889746554478223,-1.266418095856426,1.196843199526648,1.5537513916643775,-1.2500600411071086,-1.8759973132857488,1.115752908265125,-1.026327211377272,-0.4545042726906662,0.0,1.0,0.0,0.0,0.0
-0.8300979410970113,-0.09582659576267816,1.3157418143931965,-0.3660970545734749,0.2563060180951245,-0.7167421107617579,-1.0827917618029859,0.6064356531459979,1.4939160764138424,0.5852040010611311,-1.7979936741111484,0.8454429165600816,-1.266418095856426,0.540523317145636,-0.12574440249251506,-1.1511508831514636,-1.652384447116158,1.8776865323191776,1.6964611399320968,0.5425021059261845,0.0,0.0,0.0,1.0,0.0
2.153510439751314,-0.09582659576267816,0.2694938874639006,-0.7814729375889672,-0.621807508514718,-0.755771046600601,-0.5178484535498429,0.06510166265634933,0.25792859649287525,0.3777732004914865,0.6896207377832941,0.3325063943355631,2.738743018808933,0.8030512700980408,-0.4968389832928235,1.3809235605130437,0.18762999450790946,-1.456768630788454,-0.4580501507591641,0.5425021059261845,0.0,1.0,0.0,0.0,0.0
0.6617062493271514,-0.09582659576267816,-0.7309234498084437,0.8740598986457248,-0.6653206096931751,1.1592447317301346,1.826804281050365,-1.1915090995073558,-0.7678628397591712,0.17034239992184186,-0.5541864681639271,1.4438688591553532,1.40368931392048,-0.7721164476163882,-0.9821981427267531,1.3809235605130437,-0.4597824942116696,0.29187346111724705,-0.8731394819932603,-0.4545042726906662,0.0,1.0,0.0,0.0,0.0
1.5343557591439694,-0.09582659576267816,0.9303942652977635,-0.6187164699461165,-0.8251130239954605,-0.8904752785619348,0.6122562401026203,0.6356158371085828,0.07171497562089071,0.7234912014408942,0.6896207377832941,1.272890018413847,0.06863560903202695,1.7218991054314576,-1.0234977355841617,-0.015108554632343603,0.9159690443174356,-1.3558854331785088,-0.31474550069025,-0.4545042726906662,0.0,0.0,0.0,1.0,0.0
-0.8300979410970113,-0.09582659576267816,-1.6690692199369324,-0.08734813784635694,-0.9720971351758327,-0.8904752785619348,1.7041214286678774,0.9084060034327873,-0.23344567179927778,0.20491420001678262,-0.5541864681639271,0.7599534961893285,1.40368931392048,-1.4284363299974001,-0.9596313851724703,0.6292139600501433,-2.7257262047301962,0.7626617166303205,-0.008370041922226614,-1.4515106513075169,0.0,0.0,0.0,0.0,1.0
-2.321902131521174,-0.09582659576267816,-2.5092429423797227,2.1077504543284817,1.2740858708080613,-0.8904752785619348,0.4912500212909224,-1.1915090995073558,-2.2561724299521275,-1.0050988033061443,3.5918375516601433,0.3325063943355631,-1.266418095856426,-1.9534922359022098,-0.6650098282137735,-1.6259148413385582,-2.7257262047301962,-3.474432582987338,-1.7132012237765502,-0.4545042726906662,1.0,0.0,0.0,0.0,0.0
-0.8300979410970113,-0.09582659576267816,-1.103600490017915,0.13901704207663407,-0.9720971351758327,-0.8904752785619348,0.8310480644825332,-1.1915090995073558,-0.8760491413904201,1.0000656022004204,0.6896207377832941,-0.8643454908549801,0.06863560903202695,-1.1659083770449954,0.6902493337962321,-0.12249564041275783,0.6731893610475937,0.7626617166303205,-0.13685007301849447,0.5425021059261845,1.0,0.0,0.0,0.0,0.0
0.6617062493271514,-0.09582659576267816,0.9700318677321983,-0.20243114007056454,-0.44941380204056136,0.4602631997546186,-0.6858589425599037,0.578175566479549,0.5827287732457459,0.4814886007763088,0.275018335800887,-0.778856070484227,0.06863560903202695,1.85316308190766,0.36263016245816104,-0.6927580959363376,1.1420053011548752,-0.8445119832246534,-0.4728747697318104,-0.4545042726906662,1.0,0.0,0.0,0.0,0.0
-0.8300979410970113,-0.09582659576267816,1.1113206523319463,1.2823896574088776,0.8819545494038135,-0.34871415549342566,0.4593702228502484,2.486778083824983,1.4064309002954418,-1.1088142035909665,-0.9687888701463342,1.6148476998968595,-1.266418095856426,1.0655792230504455,-1.3996273386460518,-1.233718528053567,-0.5090421400925079,-1.2637746875346467,-0.17638239027888458,-0.4545042726906662,0.0,1.0,0.0,0.0,0.0
0.042551568719807045,-0.09582659576267816,0.25949058337162495,-0.7793613046033107,-0.8288886434930884,-0.573081338550131,-0.5842135162023286,-0.083099853583399,0.6627827761031241,-0.2099474011225066,-0.5541864681639271,-0.4368983890012147,0.06863560903202695,0.1467313877170287,-0.333724255277994,-0.4983504406442075,-0.17653953039685363,0.7626617166303205,-0.20603162822417717,1.5395084845430351,0.0,1.0,0.0,0.0,0.0
-0.8300979410970113,-0.09582659576267816,1.3150278042059982,0.011633323316000792,-0.6026098145310291,-0.3641178403954113,-0.9759521872247197,1.3911067712999385,1.474324801452965,-1.2471014039707298,-1.3833912721287414,-0.778856070484227,-1.266418095856426,0.540523317145636,0.7541766527589682,-1.1511508831514636,-0.0423718106950989,-0.35236309905853724,-0.6804194353488585,1.5395084845430351,0.0,1.0,0.0,0.0,0.0
-0.8300979410970113,-0.09582659576267816,1.4953833531666276,-0.7512216174261398,-0.45955670144519856,-0.2246009727018935,-0.4165788904191926,1.0520821039624233,1.1649660236840371,-0.10623200083768429,-0.13958406618152008,-0.009451287147449236,-1.266418095856426,1.4593711524790527,0.29555599779653646,-1.2789719488172202,0.8039168828082776,-0.5410596063289597,-0.5272317059648468,-0.4545042726906662,0.0,1.0,0.0,0.0,0.0
-0.8300979410970113,-0.09582659576267816,1.0613803567236466,-0.5393991044642649,0.897254252964982,-0.37652797385302844,-0.2277136326254545,1.5157523258338912,1.354605704955584,0.5506322009661904,-1.3833912721287414,-0.6078772297427208,-1.266418095856426,1.5906351289552552,1.9372938859119024,-1.2918216855772695,-1.215097064384512,0.605732298125962,0.29306387718824795,-1.4515106513075169,0.0,0.0,1.0,0.0,0.0
0.042551568719807045,-0.09582659576267816,-1.2254467873271546,-0.9245347831413334,-0.9720971351758327,-0.4833874574285732,-0.03922847591021224,-1.1915090995073558,-0.7854274311034061,-1.661963005110019,-0.13958406618152008,1.101911177672341,1.40368931392048,-1.034644400568793,0.1481456689922297,0.9513752173913862,0.18762999450790946,0.15736253097065425,-1.7477920013793915,1.5395084845430351,0.0,0.0,0.0,0.0,1.0
-0.8300979410970113,-0.09582659576267816,1.271139352568667,-0.7384941252081717,-0.6101074438786988,-0.18954120196032107,-0.8791598879428033,0.7970366351419088,1.6438424096735613,-1.489104004635315,-1.7979936741111484,1.272890018413847,-1.266418095856426,0.2779953641932311,-0.6066783830070819,-1.0952962998353346,-1.5261089462203883,1.5103842400922602,-1.2536380356245151,-0.4545042726906662,1.0,0.0,0.0,0.0,0.0
-0.8300979410970113,-0.09582659576267816,-1.7933905822738636,4.473889646590423,-0.9720971351758327,-0.8904752785619348,0.4091918775711641,-1.1915090995073558,-1.2899751429037352,-0.590237202166855,0.6896207377832941,-0.2659195482597085,0.06863560903202695,-1.4284363299974001,0.975567052114128,0.6292139600501433,-2.7257262047301962,2.8812088664391498,1.1034763810262451,-1.4515106513075169,0.0,1.0,0.0,0.0,0.0
1.5343557591439694,-0.09582659576267816,0.49560930817122695,-0.7536308665866881,-0.7951662064858621,-0.7295554978210199,-0.684157002893255,-0.7731912631860917,-0.46303997294177646,-0.5210936019769735,1.5188255417481082,-1.0353243315964862,0.06863560903202695,0.9343152465742431,-0.09026641395822163,0.424202250832988,1.9091586576940625,-1.1632902377413428,1.548214950205634,0.5425021059261845,0.0,0.0,0.0,1.0,0.0
1.1419599302953858,-0.09582659576267816,0.7270763245310113,0.5576577472838645,1.3179793911225692,-0.10219672932802217,-0.2781974895378532,-0.083099853583399,0.6192090783453107,0.7234912014408942,-0.5541864681639271,-1.719239694562511,0.06863560903202695,1.196843199526648,0.8283005776283068,-0.12249564041275783,-0.6014039761190779,0.7626617166303205,-1.1004503062405033,-0.4545042726906662,0.0,0.0,1.0,0.0,0.0
0.042551568719807045,-0.09582659576267816,-0.637184776569328,-0.9245347831413334,-0.9720971351758327,0.11094429081318824,0.6624764330085433,-0.083099853583399,0.625868181657136,-0.0025166005528619827,-0.9687888701463342,1.272890018413847,1.40368931392048,-0.9033804240925906,-0.8155941795482183,0.6292139600501433,-1.4511328675635249,0.7626617166303205,-1.7132012237765502,-0.4545042726906662,1.0,0.0,0.0,0.0,0.0
-0.8300979410970113,-0.09582659576267816,-1.6690692199369324,0.7156579305443627,0.2428852004218393,-0.8904752785619348,0.558573161676854,-1.1915090995073558,-0.8103266869650138,0.5506322009661904,0.275018335800887,-2.2321762167870296,-1.266418095856426,-1.4284363299974001,1.8687355616310195,0.6292139600501433,-0.17653953039685363,0.7626617166303205,-1.2783457339122588,-0.4545042726906662,0.0,0.0,1.0,0.0,0.0
-0.8300979410970113,-0.09582659576267816,1.1478837842781893,-0.9245347831413334,-0.07322216669959898,-0.18456756058192406,-1.184776742901236,0.3174117299554589,1.1494281159564446,-0.8322398028314404,0.275018335800887,-0.778856070484227,-1.266418095856426,1.0655792230504455,0.9480481295168229,-1.233718528053567,0.8209682986901059,0.20999724276714699,-0.6013548008280782,-0.4545042726906662,0.0,0.0,0.0,1.0,0.0
0.6617062493271514,-0.09582659576267816,-0.7677907886151725,1.1700929280084666,0.282125834747718,2.347177126378319,1.0192350768038507,-0.20000324249116966,-1.2317321161111763,1.207496402770065,-0.13958406618152008,1.016421757301588,1.40368931392048,-0.7721164476163882,-0.28431905236826616,1.3809235605130437,-0.4597824942116696,-0.6497030499088993,-1.1350410838433447,-0.4545042726906662,0.0,0.0,0.0,1.0,0.0
0.6617062493271514,-0.09582659576267816,0.8297670884538445,-0.40603040831375364,0.9229520911623189,-0.09642607158519116,-0.4656616582306911,1.421172617282643,0.05926534769008687,-1.4545322045403744,0.275018335800887,-0.35140896863046156,0.06863560903202695,1.3281071760028504,0.5164981591795645,-0.5434530166719816,0.5372327384164823,-1.440627319170862,-0.16649931096378706,-0.4545042726906662,0.0,1.0,0.0,0.0,0.0
1.1419599302953858,-0.09582659576267816,0.1464952795019455,-0.471006519814731,-0.6777164817636621,-0.7827903807218182,0.2947647183966188,-0.6209949250551222,-0.2668859514738788,-0.5210936019769735,-0.5541864681639271,1.101911177672341,0.06863560903202695,0.1467313877170287,-1.261639954929548,0.6292139600501433,-0.8138361989801893,0.7626617166303205,-0.5717055628827857,-0.4545042726906662,1.0,0.0,0.0,0.0,0.0
-0.8300979410970113,-0.09582659576267816,0.4399399945540986,-0.22911831965781526,-0.2980016040855346,-0.8904752785619348,-0.4291513784221768,0.5242464688177053,1.274455193354556,-0.38280640159721047,0.6896207377832941,1.101911177672341,0.06863560903202695,0.6717872936218383,2.415124630899875,-1.1748890810608181,0.3332978044698148,0.33895228666855465,1.4987995536301464,1.5395084845430351,0.0,0.0,0.0,0.0,1.0
-0.8300979410970113,-0.09582659576267816,1.3125228642778013,-0.7084252287922791,-0.18144119779696924,-0.6966299691148128,-1.07098551656104,0.9084060034327873,2.101583380803814,-1.661963005110019,-1.7979936741111484,-1.5482608538210048,-1.266418095856426,-0.37832451818778096,-0.09966500155731141,-0.8742052408756581,0.6731893610475937,-0.6497030499088993,-0.4481670714440666,1.5395084845430351,0.0,0.0,1.0,0.0,0.0
1.5343557591439694,-0.09582659576267816,0.6548570255277688,-0.4945522630459745,-0.41918838032592715,-0.7630023028925035,1.2533928812937312,0.7357295662767236,0.22776961410236207,-0.8322398028314404,1.1042231397657012,-1.0353243315964862,1.40368931392048,0.9343152465742431,-0.40294313942730864,0.424202250832988,0.9821816852092108,-1.933671019490008,0.5203747014354911,-1.4515106513075169,0.0,1.0,0.0,0.0,0.0
0.042551568719807045,-0.09582659576267816,-1.0557296335290351,2.77462506551207,-0.2372516805795626,2.8553054551047627,1.316111961091901,-1.1915090995073558,-1.4081983538745468,-0.8322398028314404,1.1042231397657012,-1.5482608538210048,0.06863560903202695,-1.034644400568793,-0.4780775300054965,0.9513752173913862,0.18762999450790946,0.15736253097065425,0.7279193670525392,-0.4545042726906662,0.0,0.0,0.0,1.0,0.0
1.5343557591439694,-0.09582659576267816,0.04861270062811672,-0.79251471001417,-0.9720971351758327,-0.7661677632673403,0.15668047179650027,-0.083099853583399,-0.7087029799019405,0.032055199542078784,1.1042231397657012,1.272890018413847,0.06863560903202695,0.1467313877170287,-1.171520828156907,1.1929961603973187,0.46075713818648206,-1.3558854331785088,0.26835617890050417,1.5395084845430351,0.0,1.0,0.0,0.0,0.0
1.8661217052122583,-0.09582659576267816,0.3863265631858074,0.736607584084505,0.9287771349097268,1.1216135937839586,-0.39017224271629175,1.8459827627871286,-0.7473064773617974,-0.10623200083768429,-0.5541864681639271,1.272890018413847,0.06863560903202695,0.8030512700980408,0.09593486520987692,0.9513752173913862,-1.269048105111144,-1.8603014212282307,0.7822763032855756,-0.4545042726906662,0.0,0.0,1.0,0.0,0.0
0.042551568719807045,-0.09582659576267816,0.7712952981417366,0.10161870332539921,-0.6367233726761713,-0.08872538517792394,-0.33301514278745536,0.6596531472090433,0.6732539747891103,1.6223580039093541,-0.9687888701463342,1.3583794387846002,0.06863560903202695,1.0655792230504455,0.7060265068114827,-0.8415222147685755,-0.06570532716496924,0.20999724276714699,1.2220733328074156,0.5425021059261845,0.0,1.0,0.0,0.0,0.0
-0.8300979410970113,-0.09582659576267816,1.1838857934428102,-0.540880955621743,-0.2938170664212171,-0.5292343482809423,0.0604740158123756,0.5242464688177053,1.5551026198877154,0.27405780020666415,-1.7979936741111484,1.4438688591553532,-1.266418095856426,0.6717872936218383,-0.23793959672904494,-1.1748890810608181,-0.686376865263522,1.1863711465920865,0.29306387718824795,-0.4545042726906662,0.0,0.0,0.0,1.0,0.0
1.1419599302953858,-0.09582659576267816,-0.9391569871504251,-0.08734813784635694,-0.5557446177597006,-0.6239706769826606,2.518497319269379,-0.2945829510424179,-1.5491011196030244,-0.07166020074274353,1.1042231397657012,0.07603813322330386,1.40368931392048,-0.6408524711401857,0.45455208822927456,1.9822912408833644,0.3332978044698148,-1.7795948631402745,-0.9867948941168818,-0.4545042726906662,0.0,1.0,0.0,0.0,0.0
-0.8300979410970113,-0.09582659576267816,-1.8652337755497168,-0.9245347831413334,-0.9720971351758327,-0.8904752785619348,1.1127135886386508,-1.1915090995073558,-0.7180643280359559,0.10119879973196033,0.275018335800887,0.5034852350770693,1.40368931392048,-1.4284363299974001,-0.585288701036714,0.6292139600501433,-0.17653953039685363,0.7626617166303205,0.3029469565033455,1.5395084845430351,0.0,0.0,1.0,0.0,0.0
-0.8300979410970113,-0.09582659576267816,1.4102199115605085,-0.9245347831413334,0.4925774628069467,0.5543531029358563,-0.4286961003836051,-0.33540992088250887,1.2522581823151384,-0.6593808023567366,-0.13958406618152008,-0.8643454908549801,0.06863560903202695,0.8030512700980408,-0.5525863243460333,-1.1963664982169009,2.129867460666646,-0.24617025946912274,1.5778641881509265,-0.4545042726906662,0.0,0.0,0.0,1.0,0.0
-0.8300979410970113,-0.09582659576267816,-0.5888899314664642,-0.7556846729322935,-0.7230082193720744,-0.7314893216530413,-1.184776742901236,-0.083099853583399,-0.11724914444510863,0.4814886007763088,-1.3833912721287414,-0.6078772297427208,0.06863560903202695,-0.9033804240925906,0.15281897644743692,-0.4983504406442075,-1.4511328675635249,1.821935291534735,-0.9126717992536504,1.5395084845430351,0.0,0.0,0.0,1.0,0.0
2.153510439751314,-0.09582659576267816,0.006128949439080812,0.4373180466644598,-0.9720971351758327,-0.11049686402012583,-0.18043373896272827,-0.6827040103583218,-1.0349990421813806,0.06662699963701955,1.5188255417481082,-0.778856070484227,0.06863560903202695,0.40925934066943354,-0.09667534091925502,1.8820632941549775,0.6731893610475937,-1.5912795609350454,0.6192054945864663,-0.4545042726906662,0.0,0.0,1.0,0.0,0.0
-0.8300979410970113,-0.09582659576267816,-0.6692037885356491,-0.9245347831413334,-0.01401101406985074,-0.8904752785619348,0.013423696882329993,-1.1915090995073558,-0.8475308076419508,-1.212529603875789,1.1042231397657012,0.07603813322330386,0.06863560903202695,-1.034644400568793,-0.36237914155134515,-0.3372698119735866,1.6443080941269617,0.15736253097065425,1.4987995536301464,0.5425021059261845,0.0,0.0,0.0,1.0,0.0
0.6617062493271514,-0.09582659576267816,-1.2404337569099257,-0.9245347831413334,-0.9720971351758327,-0.8904752785619348,-0.4676386838627913,-1.1915090995073558,-0.6476129451717171,-1.0050988033061443,-0.13958406618152008,-0.1804301278889554,1.40368931392048,-0.7721164476163882,0.012619752791229637,1.3809235605130437,-0.4597824942116696,0.29187346111724705,-1.3920011460358805,0.5425021059261845,0.0,1.0,0.0,0.0,0.0
-0.8300979410970113,-0.09582659576267816,0.2611680249714992,2.080044932763949,0.06668082288956059,0.9741042843425693,-0.8941174491419742,-0.013648602654018271,0.37615180746368687,0.2394860001117234,-0.9687888701463342,1.5293582795261063,-1.266418095856426,0.015467411240826293,1.2844269959582544,-1.0245471609682386,-0.0065937521079647175,1.0451346699381643,-1.3969426856934293,0.5425021059261845,0.0,1.0,0.0,0.0,0.0
-0.8300979410970113,-0.09582659576267816,1.0858085092932142,0.6555286954071544,0.37484980350635644,1.067779112492107,-0.594823629790213,1.2774965167530068,0.9316561359110271,-0.2790910013123881,-0.9687888701463342,0.3325063943355631,-1.266418095856426,0.6717872936218383,-0.5049241898545573,-1.1748890810608181,0.3332978044698148,-0.5084665732549773,-1.337644209802844,-1.4515106513075169,0.0,1.0,0.0,0.0,0.0
-0.8300979410970113,-0.09582659576267816,-0.10756048052344591,-0.5939233527390705,-0.07419422359706135,-0.42546967743868647,-0.6894564087003382,-0.37267967964723286,0.12296111849885069,0.7926348016307757,-1.3833912721287414,-0.009451287147449236,-1.266418095856426,-0.5095884946639834,0.49500013248970615,-0.8058680044699397,-0.8717722597604928,1.918232889253318,0.21399924266746775,-0.4545042726906662,0.0,0.0,0.0,1.0,0.0
-0.8300979410970113,-0.09582659576267816,-1.3207476139791103,0.5332369905049001,1.1130748763121154,1.3437661850783167,0.3711089929840167,-1.1915090995073558,-0.9321207214508621,-1.661963005110019,1.1042231397657012,-0.35140896863046156,0.06863560903202695,-1.2971723535211979,-0.7692605329837738,0.17818819977240308,-0.686376865263522,1.610080576553852,0.9305224930120385,-0.4545042726906662,0.0,1.0,0.0,0.0,0.0
-0.8300979410970113,-0.09582659576267816,-0.4763254063504322,4.335564432757838,0.5418598899887936,1.6333887885022045,0.1573890418012332,-0.083099853583399,-1.5169637079676936,-0.7630962026415589,0.6896207377832941,-0.6078772297427208,-1.266418095856426,-0.9033804240925906,-0.5957630097169115,-0.4983504406442075,-0.17653953039685363,0.7626617166303205,0.6933285894496979,-0.4545042726906662,0.0,0.0,1.0,0.0,0.0
0.6617062493271514,-0.09582659576267816,-0.8481046456843575,-0.43273624109168196,-0.25237817082004543,-0.6574942160085601,-1.048012015925873,-0.2945829510424179,-0.8037158380250132,0.9654938021054795,0.6896207377832941,-0.35140896863046156,0.06863560903202695,-0.6408524711401857,0.6559389752643332,1.0802397203278835,0.3332978044698148,-0.9321760032167431,-1.6983766048039037,-0.4545042726906662,0.0,1.0,0.0,0.0,0.0
-0.8300979410970113,-0.09582659576267816,-1.0002616960293953,-0.6147501594056106,-0.9720971351758327,-0.8904752785619348,-1.184776742901236,-1.1915090995073558,-1.1183825966946714,1.3112118030548872,1.1042231397657012,-0.4368983890012147,0.06863560903202695,-1.1659083770449954,1.0774662372276618,-0.12249564041275783,0.6731893610475937,0.7626617166303205,0.016337656365517202,1.5395084845430351,0.0,0.0,0.0,1.0,0.0
2.153510439751314,-0.09582659576267816,1.0608620141168013,-0.3928560103838025,-0.7957398025156199,-0.8904752785619348,-0.3259632003375817,-0.1250179709448964,0.6218630687956758,1.1037810024852426,0.6896207377832941,1.3583794387846002,2.738743018808933,1.3281071760028504,-0.9806181262161031,0.8998294162167877,1.7608423420964867,-2.1185624071096876,0.6340301135591127,1.5395084845430351,0.0,0.0,0.0,1.0,0.0
-0.8300979410970113,-0.09582659576267816,-0.9199478389602104,-0.9245347831413334,-0.9720971351758327,-0.8904752785619348,-0.16243265466244666,0.25914156367018515,-0.8711271954642883,0.06662699963701955,-0.13958406618152008,0.24701697396481,0.06863560903202695,-1.1659083770449954,-1.6766821604184252,-0.12249564041275783,-1.0262684218413018,0.7626617166303205,-1.7230843030916476,0.5425021059261845,0.0,0.0,0.0,1.0,0.0
0.042551568719807045,-0.09582659576267816,-1.0557296335290351,1.9129873082323323,2.7733961883325433,-0.8904752785619348,0.859849809626323,0.06510166265634933,-1.6537648520910613,1.034637402295361,1.1042231397657012,-0.778856070484227,0.06863560903202695,-1.034644400568793,0.2229185882755403,0.9513752173913862,0.18762999450790946,-1.0532358403486761,1.231956412122513,-0.4545042726906662,0.0,1.0,0.0,0.0,0.0
0.6617062493271514,-0.09582659576267816,0.6338450651809712,0.5072000349378186,1.2562833679948604,1.037224810867937,0.030245577939731354,0.44926119727143127,0.22694928978134013,-1.3162450041606113,-0.5541864681639271,0.16152755359405693,0.06863560903202695,0.8030512700980408,-0.027922187952659418,-0.3372698119735866,-0.29792937203177566,0.15736253097065425,0.46107622554490596,1.5395084845430351,0.0,1.0,0.0,0.0,0.0
-0.8300979410970113,-0.09582659576267816,-0.7309234498084437,0.6821469904824035,-0.9720971351758327,1.3348076599917134,1.4702919341308691,1.173510908580307,-1.1083939417269335,0.17034239992184186,0.6896207377832941,-0.778856070484227,0.06863560903202695,-1.034644400568793,0.48840222456069915,-0.3372698119735866,0.18762999450790946,-1.0532358403486761,-0.20603162822417717,-0.4545042726906662,0.0,0.0,1.0,0.0,0.0
0.042551568719807045,-0.09582659576267816,-0.8396339818910253,0.9503038586675181,2.1329579952632938,1.6981605133297328,1.8749231191044133,0.06510166265634933,-1.7650876878909236,1.518642603624532,1.5188255417481082,-1.5482608538210048,0.06863560903202695,-1.034644400568793,-0.9021801815655238,0.9513752173913862,0.18762999450790946,-1.0532358403486761,0.8020424619157707,-2.4485170299243677,0.0,0.0,1.0,0.0,0.0
-0.8300979410970113,-0.09582659576267816,-1.6980897556219077,-0.9245347831413334,-0.9720971351758327,-0.8904752785619348,-0.23873228310868386,-1.1915090995073558,-0.9382490266726145,-1.6965348052049596,-0.5541864681639271,0.9309323369308347,0.06863560903202695,-1.2971723535211979,-1.281036720036503,0.17818819977240308,-0.686376865263522,1.610080576553852,-0.10720083507320188,1.5395084845430351,1.0,0.0,0.0,0.0,0.0
1.5343557591439694,-0.09582659576267816,1.0052446505103323,0.3338265139803669,0.40466308076404034,-0.7229942748337252,-0.892459722474663,0.6701501943519029,0.8058087341918938,0.17034239992184186,0.275018335800887,0.4179958147063162,0.06863560903202695,2.246955011336267,-0.939195207811173,-0.21645934047061982,0.46075713818648206,-0.8262486457263015,1.2270148724649643,-1.4515106513075169,0.0,0.0,0.0,1.0,0.0
-0.8300979410970113,-0.09582659576267816,1.133119912995505,0.3525691607294328,0.08565479651594066,0.47760586043389236,-0.9783744305587958,1.7272354232929101,1.1060474356859304,-0.9705270032112036,-0.9687888701463342,-0.1804301278889554,-1.266418095856426,0.9343152465742431,2.0594228609192764,-1.2158914229042492,0.9821816852092108,-1.5484806286156756,0.055869973625907315,-0.4545042726906662,0.0,0.0,0.0,1.0,0.0
-0.8300979410970113,-0.09582659576267816,1.3361294261848242,0.7236526134664366,-0.07478420682405999,0.16140017560805195,-1.0803105049863704,1.2774965167530068,1.9341889649435098,0.30862960030160497,-0.9687888701463342,-0.1804301278889554,-1.266418095856426,0.6717872936218383,1.9504750789579752,-1.1748890810608181,1.3529724742031521,-1.3558854331785088,0.8613409378063558,-0.4545042726906662,0.0,0.0,1.0,0.0,0.0
-0.8300979410970113,-0.09582659576267816,0.9341511875645114,0.48423697511583375,0.37901233596683215,-0.06050890716014321,-0.7932798160410488,0.9084060034327873,0.824097141113501,-1.5928194049201374,-1.3833912721287414,-0.009451287147449236,-1.266418095856426,0.1467313877170287,0.6331073342981014,-1.062132640991383,-0.17653953039685363,0.2330249291781131,-1.7280258427491964,-0.4545042726906662,0.0,0.0,0.0,1.0,0.0
-0.8300979410970113,-0.09582659576267816,-1.0913140374954629,2.3615722606342713,-0.1982154552205723,1.6248069510937366,1.5915190872510023,-1.1915090995073558,-0.9921491600009396,1.7260734041941765,1.1042231397657012,-0.6933666501134739,0.06863560903202695,-1.2971723535211979,-0.0982650877368622,0.17818819977240308,-0.686376865263522,1.610080576553852,0.836633239518612,-1.4515106513075169,0.0,1.0,0.0,0.0,0.0
-0.8300979410970113,-0.09582659576267816,1.0873065977752598,-0.07894971013725281,0.1564385889329336,0.8304075418642225,-0.08789004864261013,1.3911067712999385,1.349973285260401,0.7234912014408942,-1.3833912721287414,-0.35140896863046156,-1.266418095856426,0.540523317145636,1.3609339556986948,-1.1511508831514636,-0.0423718106950989,-0.35236309905853724,-1.5105980978170508,-0.4545042726906662,0.0,1.0,0.0,0.0,0.0
0.042551568719807045,-0.09582659576267816,0.08427466583747274,1.0471910862637697,0.8215441782645256,0.5875032863103186,0.2453314053597033,-0.49410848426511644,-1.1361884598980305,0.5506322009661904,1.1042231397657012,-0.9498349112257332,-1.266418095856426,-0.2470605417115785,1.3570541611110587,-0.23814327125320392,1.1960994480903304,-0.21512927558913952,1.5580980295207314,-0.4545042726906662,0.0,0.0,1.0,0.0,0.0
1.1419599302953858,-0.09582659576267816,-1.0110001804262785,-0.609793395599869,-0.5094758434875074,-0.3024338174431113,1.1710121327846057,-1.1915090995073558,-0.6892082136847129,-0.17537560102756583,-0.5541864681639271,0.9309323369308347,1.40368931392048,-0.5095884946639834,0.0781968090175197,1.6542725061359163,0.05520471272435914,-0.39290945599267774,-1.1399826235008934,1.5395084845430351,0.0,0.0,0.0,1.0,0.0
0.6617062493271514,-0.09582659576267816,-0.7454320751650247,-0.9245347831413334,-0.9720971351758327,-0.8904752785619348,-0.2781974895378532,-1.1915090995073558,-0.2506242281689141,-1.489104004635315,0.6896207377832941,-0.2659195482597085,1.40368931392048,-0.7721164476163882,-0.6060855168220342,1.3809235605130437,-0.4597824942116696,0.29187346111724705,-0.34439473863554254,0.5425021059261845,0.0,0.0,1.0,0.0,0.0
-0.8300979410970113,-0.09582659576267816,-0.9105424530651017,-0.12152871475061468,-0.18426490677336463,0.11094429081318824,-0.17599320288557602,1.5157523258338912,-0.6992451230242757,-1.3853886043504928,0.275018335800887,-0.1804301278889554,0.06863560903202695,-1.1659083770449954,-1.0038246187162743,-0.12249564041275783,-1.0262684218413018,-0.6497030499088993,-1.298111892542454,1.5395084845430351,0.0,1.0,0.0,0.0,0.0
1.1419599302953858,-0.09582659576267816,0.5866616496372945,-0.9245347831413334,-0.6857273625531265,-0.16947780031984766,0.6863120243090842,0.06510166265634933,-0.18885863223314311,1.5877862038144135,-0.13958406618152008,1.3583794387846002,0.06863560903202695,0.8030512700980408,-0.3567142325809629,0.09227853114807089,0.18762999450790946,-0.24617025946912274,0.209057703009919,-0.4545042726906662,0.0,1.0,0.0,0.0,0.0
0.042551568719807045,-0.09582659576267816,0.6357822246272153,-0.2651126884549184,-0.8484357417201458,-0.2695763487312464,1.7483046444719161,1.115240742295033,0.46146553684997055,0.7234912014408942,-0.9687888701463342,0.8454429165600816,0.06863560903202695,0.40925934066943354,-1.6853043677951691,-0.623635374054691,0.10670343341796235,-0.6497030499088993,-1.4167088443236242,-0.4545042726906662,0.0,1.0,0.0,0.0,0.0
0.6617062493271514,10.435516278555651,-1.103600490017915,-0.563590398295227,-0.9720971351758327,-0.8904752785619348,-0.22196643177758701,-1.1915090995073558,-0.6089129389682106,1.484070803529591,1.1042231397657012,1.272890018413847,1.40368931392048,-0.9033804240925906,0.08791192845845158,1.756778360744494,-0.17653953039685363,-0.2966118582740942,1.231956412122513,-0.4545042726906662,0.0,1.0,0.0,0.0,0.0
3.6453146301754766,-0.09582659576267816,-0.29894660266063067,0.9703864709876525,-0.41004714471142445,0.3178933740209243,-1.0632933289597126,-0.6209949250551222,-2.1033508343829195,0.446916800681368,5.664849561572178,-1.890218535304017,-1.266418095856426,0.1467313877170287,0.9948019544726381,6.830818163869074,-2.7257262047301962,-3.474432582987338,1.4592672363697563,-0.4545042726906662,0.0,0.0,1.0,0.0,0.0
-0.8300979410970113,-0.09582659576267816,0.8969368538561567,-0.36139755525682526,-0.10947343164669793,-0.308037808365252,0.7394982729421026,1.6823159977293412,1.1805039314116295,1.2420682028650056,-1.3833912721287414,0.5889746554478223,-1.266418095856426,-0.11579656523537611,1.2465222134595835,-0.9815923266560724,0.18762999450790946,-1.0532358403486761,-1.5649550340500873,-0.4545042726906662,0.0,0.0,0.0,1.0,0.0
-0.8300979410970113,-0.09582659576267816,-1.3739080038739553,-0.9245347831413334,-0.9720971351758327,-0.8904752785619348,0.4912500212909224,0.5242464688177053,-0.8149591066601966,-1.627391205015078,0.275018335800887,-1.4627714334502517,0.06863560903202695,-1.2971723535211979,1.5937554418029023,0.17818819977240308,-0.686376865263522,-0.0847571432932111,-0.09731775575810436,-0.4545042726906662,0.0,0.0,0.0,1.0,0.0
0.6617062493271514,-0.09582659576267816,-0.554788842564996,-0.7639549766315809,-0.9720971351758327,-0.7392764776455989,-0.9206507399174269,-0.2945829510424179,-0.8902359267069174,-1.6965348052049596,0.6896207377832941,0.3325063943355631,0.06863560903202695,-0.6408524711401857,0.44585833736819813,1.0802397203278835,-0.686376865263522,-0.0847571432932111,1.335728744931037,0.5425021059261845,0.0,0.0,1.0,0.0,0.0
-0.8300979410970113,-0.09582659576267816,-0.554788842564996,0.7736177870229604,0.5033061273711871,-0.0012605108321874369,1.133911981849768,-1.1915090995073558,-0.870113853655967,1.4494990034346502,-0.5541864681639271,0.24701697396481,0.06863560903202695,-1.034644400568793,0.1792499776285251,-0.3372698119735866,0.18762999450790946,1.3679609022899857,-0.3789855162383839,0.5425021059261845,0.0,1.0,0.0,0.0,0.0
-0.8300979410970113,-0.09582659576267816,0.9538458321557769,0.6890149678085987,1.0593443825844102,-0.03634154793022787,-1.0883873488958422,0.9778572543621675,1.2266351108761584,-1.5928194049201374,-0.9687888701463342,0.7599534961893285,0.06863560903202695,1.5906351289552552,0.3909579071012358,-1.2918216855772695,-0.08212520912524905,0.29187346111724705,-0.46793323007426163,1.5395084845430351,0.0,1.0,0.0,0.0,0.0
1.8661217052122583,-0.09582659576267816,0.3987624033014669,-0.4552262317284715,0.2370202992599113,0.508734322694995,2.2875993401681813,-0.6827040103583218,-0.7923760606461803,0.6543476012510127,1.1042231397657012,-1.2917925927087455,0.06863560903202695,0.40925934066943354,0.2866711527550237,1.3809235605130437,0.6731893610475937,-1.120491305421972,1.1825410155470255,-0.4545042726906662,0.0,0.0,0.0,1.0,0.0
1.8661217052122583,-0.09582659576267816,0.6230911844697733,-0.5578977583889096,-0.6179511908185693,-0.7303438754683793,-0.7831842695993164,-0.46725938819848106,-0.3420180084051252,1.6915016040992357,-0.13958406618152008,0.24701697396481,0.06863560903202695,1.3281071760028504,-0.949398509098651,0.5390088079945952,-0.2785069973701874,0.25421040067620143,0.02622073568061473,-0.4545042726906662,0.0,1.0,0.0,0.0,0.0
-0.8300979410970113,-0.09582659576267816,1.0858085092932142,0.6555286954071544,0.37484980350635644,1.067779112492107,-0.594823629790213,1.2774965167530068,0.9316561359110271,-0.2790910013123881,-0.9687888701463342,0.3325063943355631,-1.266418095856426,0.6717872936218383,-0.5049241898545573,-1.1748890810608181,0.3332978044698148,-0.5084665732549773,-1.337644209802844,-1.4515106513075169,0.0,1.0,0.0,0.0,0.0
-0.8300979410970113,-0.09582659576267816,-2.0871326934199086,-0.9245347831413334,-0.9720971351758327,-0.8904752785619348,-0.31450020250849064,-1.1915090995073558,-1.1027481802234296,-1.1433860036859074,1.1042231397657012,0.24701697396481,1.40368931392048,-1.4284363299974001,0.012619752791229637,0.6292139600501433,-0.17653953039685363,0.7626617166303205,-1.629195049598221,1.5395084845430351,0.0,0.0,0.0,1.0,0.0
-0.8300979410970113,-0.09582659576267816,1.4826530870523125,-0.7479688586782082,-0.13093017297192378,-0.8904752785619348,-0.4192047097231082,1.421172617282643,0.8435436529589039,1.1383528025801835,-0.13958406618152008,1.7003371202676125,-1.266418095856426,1.3281071760028504,0.5791625172380354,-1.265094233116366,0.12936287052314777,-0.4237246872626241,0.7130947480798929,1.5395084845430351,0.0,1.0,0.0,0.0,0.0
0.042551568719807045,-0.09582659576267816,-1.0792450557662656,-0.2342563416431433,0.7441603174739571,0.6935450591644389,2.9617001487583643,1.173510908580307,-1.2381016931920525,-1.661963005110019,0.275018335800887,-0.09494070751820233,1.40368931392048,-1.034644400568793,-0.2777929247823437,0.9513752173913862,-1.269048105111144,-1.0532358403486761,0.7229778273949904,-1.4515106513075169,1.0,0.0,0.0,0.0,0.0
-0.8300979410970113,-0.09582659576267816,-1.3557234684482347,-0.9245347831413334,-0.20500704086675464,-0.8904752785619348,1.416284518152027,-1.1915090995073558,-1.1830434549399318,0.5160604008712496,0.6896207377832941,-1.2063031723379924,0.06863560903202695,-1.2971723535211979,0.8367638377973137,0.17818819977240308,-0.686376865263522,1.610080576553852,0.4759008445175522,0.5425021059261845,0.0,1.0,0.0,0.0,0.0
-0.8300979410970113,-0.09582659576267816,0.8526655143168003,-0.05012784848428792,-0.7184164887740101,-0.8904752785619348,-0.8965957921667718,0.8183517105916509,0.9158287019524858,0.6543476012510127,-1.3833912721287414,-1.3772820130794987,-1.266418095856426,0.8030512700980408,2.465526831139917,-1.1963664982169009,-1.269048105111144,1.3679609022899857,1.3752610621914272,-0.4545042726906662,0.0,0.0,1.0,0.0,0.0
1.1419599302953858,-0.09582659576267816,-0.016148592691826395,-0.563590398295227,-0.9720971351758327,-0.5506171147466654,-0.5969226379694341,-0.5841627771062523,-0.43717562964367235,1.6915016040992357,1.1042231397657012,-0.4368983890012147,0.06863560903202695,0.015467411240826293,-0.4240748660786609,0.7795558801427229,1.3529724742031521,-1.2146489565245873,1.5580980295207314,-0.4545042726906662,0.0,1.0,0.0,0.0,0.0
-0.8300979410970113,-0.09582659576267816,0.0036893058116969435,-0.9245347831413334,-0.9720971351758327,-0.8904752785619348,-0.2485142472716774,-0.4382590515720541,0.08180013933227832,-0.590237202166855,0.6896207377832941,1.5293582795261063,-1.266418095856426,-0.37832451818778096,-1.6692666173291013,-0.8742052408756581,1.5229182524920417,0.05647933336071082,-0.146733152333592,1.5395084845430351,0.0,1.0,0.0,0.0,0.0
-0.8300979410970113,-0.09582659576267816,1.0268406958830032,-0.48876880042146276,-0.626515402364298,-0.684184758182246,-0.7082775361189064,1.4082014204835467,0.9945798367705938,1.3112118030548872,-0.9687888701463342,1.4438688591553532,-1.266418095856426,0.9343152465742431,1.173805802801402,-1.2158914229042492,0.05520471272435914,-0.39290945599267774,1.1133594603413428,-0.4545042726906662,0.0,0.0,1.0,0.0,0.0
-0.8300979410970113,-0.09582659576267816,0.8312209902124877,-0.34593668686551404,1.6378953476039773,0.1462455800849134,-0.5762000473167292,2.4378069319206963,0.771499875824446,1.207496402770065,-1.7979936741111484,-1.5482608538210048,-1.266418095856426,0.2779953641932311,0.4243989224851014,-1.0952962998353346,-1.5261089462203883,-0.4835424891395794,0.5006085428052961,-0.4545042726906662,0.0,0.0,0.0,1.0,0.0
3.0261599495681324,-0.09582659576267816,0.986421180874783,-0.9245347831413334,-0.9720971351758327,-0.8904752785619348,-0.8754084387939298,0.06510166265634933,0.5418090659382977,-1.5928194049201374,1.1042231397657012,1.7003371202676125,1.40368931392048,1.7218991054314576,-1.709640829151876,1.917858989415115,-1.6332176300159071,-0.447936654689011,1.3950272208216223,0.5425021059261845,0.0,1.0,0.0,0.0,0.0
0.042551568719807045,-0.09582659576267816,0.9729875709577241,-0.6035766759702833,-0.8214875593099302,-0.8904752785619348,0.551597923308492,0.7625022778985887,0.655255094098452,-0.5210936019769735,-0.13958406618152008,0.9309323369308347,1.40368931392048,1.4593711524790527,-0.7459733625676177,-0.9320290562958812,0.019551752244172604,0.1108010551506806,-0.07261005747036055,-0.4545042726906662,0.0,0.0,0.0,1.0,0.0
0.042551568719807045,-0.09582659576267816,0.5845795727021474,1.4291492482386152,0.8109504118299757,0.7116706050551902,-0.6170969817010206,-0.2945829510424179,-0.4640533147500977,-0.901383403021322,-0.13958406618152008,-1.5482608538210048,-1.266418095856426,0.6717872936218383,1.3045781423030642,-0.7238633207830776,-0.17653953039685363,1.1863711465920865,0.8959317154091971,1.5395084845430351,0.0,0.0,1.0,0.0,0.0
0.042551568719807045,-0.09582659576267816,-1.1685905636340725,-0.9245347831413334,0.17133998267735515,-0.14950646196060804,2.5367822131038142,0.25914156367018515,-0.7603351577544991,-0.41737820169215123,-0.13958406618152008,-0.35140896863046156,1.40368931392048,-1.1659083770449954,-0.6926681784588757,1.3809235605130437,-1.0262684218413018,-0.6497030499088993,-1.5451888754198921,1.5395084845430351,1.0,0.0,0.0,0.0,0.0
-0.8300979410970113,-0.09582659576267816,0.41097549993481935,-0.19943343859280252,-0.6305655613076161,-0.8904752785619348,-0.9930893648199829,0.7970366351419088,0.671179036800643,-0.9359552031162628,-1.3833912721287414,0.4179958147063162,0.06863560903202695,0.2779953641932311,-0.9114205849428654,-1.0952962998353346,-0.32649168771057996,0.51342087547634,-1.3574103684330392,1.5395084845430351,0.0,1.0,0.0,0.0,0.0
0.6617062493271514,-0.09582659576267816,-1.3380113124431865,1.0441986291105134,0.1351198627598494,0.5169167134182878,2.2255128777564614,-0.083099853583399,-1.6771682224260995,-1.039670603401085,0.6896207377832941,0.6744640758185755,1.40368931392048,-0.9033804240925906,-1.1643158352700913,1.756778360744494,-1.4511328675635249,-0.2966118582740942,1.4889164743150487,-0.4545042726906662,0.0,1.0,0.0,0.0,0.0
-0.8300979410970113,-0.09582659576267816,1.2160199814121755,0.4230785423607493,0.16567363478346836,-0.40303266651141983,-0.2568684882042555,2.205843735436583,1.539854238391072,-1.4545322045403744,-1.7979936741111484,-1.9757079556747703,-1.266418095856426,1.0655792230504455,1.3210608710227074,-1.233718528053567,-0.9523789530200455,-0.5268887223837501,-1.4562411615840143,-0.4545042726906662,0.0,0.0,1.0,0.0,0.0
2.407005268960788,-0.09582659576267816,1.2850903770303157,-0.5722104322013527,-0.4701281279481003,0.25029020483742,-0.33191918648146873,1.0779709835303086,0.6060356348371345,0.10119879973196033,0.275018335800887,0.3325063943355631,0.06863560903202695,2.3782189878124695,-0.9114205849428654,0.5608767236444249,-0.25378761143725814,-1.4200838316575644,1.6865780606169993,-1.4515106513075169,1.0,0.0,0.0,0.0,0.0
-0.8300979410970113,-0.09582659576267816,-1.828366436742988,1.1480031816567966,-0.9720971351758327,2.826297226378915,-0.03922847591021224,-1.1915090995073558,-1.4144714222117736,1.4494990034346502,1.1042231397657012,1.101911177672341,-1.266418095856426,-1.4284363299974001,1.1420023877995675,0.6292139600501433,-0.17653953039685363,0.7626617166303205,1.6816365209594506,-0.4545042726906662,1.0,0.0,0.0,0.0,0.0
-0.8300979410970113,10.435516278555651,0.807578156698966,0.008312793362750358,-0.7962477007620726,-0.7276456561867072,-0.9826549119882673,1.21697796871344,0.7434158314224001,1.518642603624532,-1.3833912721287414,-0.778856070484227,-1.266418095856426,1.196843199526648,1.4082674328743807,-1.2500600411071086,-1.4511328675635249,1.115752908265125,-1.169631861446186,-0.4545042726906662,0.0,1.0,0.0,0.0,0.0
0.042551568719807045,-0.09582659576267816,-1.2107821432840513,-0.9245347831413334,-0.3519462363549358,-0.49214271651642566,-0.7220408476101203,-1.1915090995073558,-0.9035541333305681,1.0000656022004204,1.1042231397657012,-0.1804301278889554,0.06863560903202695,-0.9033804240925906,0.6313250224044925,0.6292139600501433,1.0980538067698178,-0.2966118582740942,-1.5748381133651848,1.5395084845430351,0.0,0.0,0.0,1.0,0.0
1.8661217052122583,-0.09582659576267816,1.14054180576719,0.5379928999739209,-0.1847841529824205,0.038863553684872855,0.1309511993920131,0.832818434098358,0.9214744634559899,-0.901383403021322,-0.9687888701463342,0.24701697396481,0.06863560903202695,1.3281071760028504,-0.4842474349057358,0.5390088079945952,-0.686376865263522,-0.7626922312320366,1.0837102223960502,-0.4545042726906662,0.0,0.0,0.0,1.0,0.0
0.6617062493271514,-0.09582659576267816,0.6932571788489702,-0.3925136127186921,-0.6150765829894916,-0.3895345639203125,-0.4176216827007428,-0.4068379813534157,0.4009063002098201,1.172924602675124,0.275018335800887,1.187400598043094,0.06863560903202695,1.0655792230504455,-0.1519221559123349,-0.4493259014835841,1.2643051116176445,-0.15844573980830085,1.0985348413686964,-0.4545042726906662,0.0,0.0,0.0,1.0,0.0
0.042551568719807045,-0.09582659576267816,-1.196426251642179,-0.9245347831413334,-0.36486982632856985,-0.8904752785619348,0.524247474338317,-1.1915090995073558,-0.5739767737670401,1.484070803529591,-0.13958406618152008,1.3583794387846002,0.06863560903202695,-1.034644400568793,-1.1552099506429243,0.9513752173913862,0.18762999450790946,0.15736253097065425,-1.130099544185796,-0.4545042726906662,0.0,1.0,0.0,0.0,0.0
-0.8300979410970113,-0.09582659576267816,0.35639600512304226,-0.5077624757720534,-0.8478205034666129,-0.4980506362670611,1.3939704447133652,-0.5422446597447547,-0.24160066063767255,-1.5582476048251965,0.275018335800887,0.9309323369308347,-1.266418095856426,-0.11579656523537611,-1.4978992918045049,-0.9815923266560724,1.6443080941269617,0.15736253097065425,-0.0380192798675192,-0.4545042726906662,0.0,0.0,0.0,1.0,0.0
-0.8300979410970113,-0.09582659576267816,1.3855481043914932,0.6642754449273958,-0.45127413794833143,0.2797085586867955,-0.5947593565389441,1.5157523258338912,1.7723920562148847,-0.590237202166855,-1.7979936741111484,0.6744640758185755,-1.266418095856426,0.8030512700980408,0.11253488949896165,-1.1963664982169009,-0.7834887385714597,0.15736253097065425,0.03610381499571226,-0.4545042726906662,0.0,0.0,0.0,1.0,0.0
-0.8300979410970113,-0.09582659576267816,1.0525144923752627,-0.26877682501370953,-0.33511696009717,-0.27302642795431037,-0.8223214319454045,1.1315927912188095,1.7156449149488953,-0.7630962026415589,-1.3833912721287414,-1.0353243315964862,-1.266418095856426,1.3281071760028504,-1.3499482028505712,-1.265094233116366,-0.2785069973701874,0.25421040067620143,0.3474208134212844,1.5395084845430351,0.0,1.0,0.0,0.0,0.0
0.042551568719807045,-0.09582659576267816,-1.6980897556219077,-0.05012784848428792,-0.9720971351758327,1.47722250285849,-0.23873228310868386,-1.1915090995073558,-1.1923565487021222,-1.350816804255552,0.6896207377832941,-0.6078772297427208,1.40368931392048,-1.1659083770449954,0.5670439554316863,1.3809235605130437,-1.0262684218413018,0.7626617166303205,-0.2010900885666284,-1.4515106513075169,0.0,0.0,0.0,1.0,0.0
0.042551568719807045,-0.09582659576267816,0.2442049694540815,-0.2411091259169425,-0.28922103934855625,-0.4285623056401395,-0.08876228565667849,-0.5841627771062523,-0.0773427789459816,-1.3853886043504928,-0.13958406618152008,0.07603813322330386,0.06863560903202695,0.015467411240826293,-0.43913330121210586,-0.4231794805979177,-0.0065937521079647175,1.0451346699381643,-0.9670287354866868,0.5425021059261845,0.0,0.0,1.0,0.0,0.0
-0.8300979410970113,-0.09582659576267816,-1.7601215614030006,0.9503038586675181,0.41670054261350437,-0.8904752785619348,0.3348062800133797,-1.1915090995073558,-0.5116321253693713,0.5506322009661904,0.6896207377832941,-0.778856070484227,0.06863560903202695,-1.4284363299974001,0.4191975013942311,0.6292139600501433,-0.17653953039685363,0.7626617166303205,0.39189467033922326,1.5395084845430351,0.0,1.0,0.0,0.0,0.0
-0.8300979410970113,-0.09582659576267816,0.8519614567772545,1.1581716580057377,-0.024151607322044813,0.7928156526361794,0.05703984674939432,0.7625022778985887,0.7082383943621056,0.6543476012510127,-1.3833912721287414,0.3325063943355631,-1.266418095856426,-0.2470605417115785,0.7883549608290146,-0.9320290562958812,0.41173431752622563,-0.21512927558913952,-1.23387187699432,-0.4545042726906662,0.0,0.0,1.0,0.0,0.0
1.8661217052122583,-0.09582659576267816,0.17369636563412255,-0.381104724780841,-0.13922206800026485,-0.22800369092098832,-0.7080909796241116,-0.24966352547884904,-0.7190776698442771,-1.1433860036859074,1.5188255417481082,-0.1804301278889554,0.06863560903202695,0.540523317145636,0.8269141232426187,1.222668907784012,1.03096994691894,-1.690392877885167,1.1627748569168304,-0.4545042726906662,0.0,1.0,0.0,0.0,0.0
-0.8300979410970113,-0.09582659576267816,1.1045453550492432,-0.3434949904081984,-0.3212100102628549,0.1755417864455762,-0.4424046388094842,1.8053321518977248,1.3433624363204006,-1.2816732040656704,-0.9687888701463342,1.101911177672341,-1.266418095856426,0.1467313877170287,1.160382062373578,-1.062132640991383,0.46075713818648206,-1.3558854331785088,1.5926888071235727,-0.4545042726906662,0.0,1.0,0.0,0.0,0.0
-0.8300979410970113,-0.09582659576267816,-1.9455476326189014,-0.9245347831413334,0.8516984198866988,-0.8904752785619348,-1.184776742901236,-1.1915090995073558,-0.5374482142956506,1.5877862038144135,-0.5541864681639271,-1.1208137519672394,0.06863560903202695,-1.4284363299974001,2.3165603282082388,0.6292139600501433,-2.7257262047301962,2.8812088664391498,-0.1862654695939821,-0.4545042726906662,0.0,0.0,0.0,1.0,0.0
-0.8300979410970113,-0.09582659576267816,1.376142718496384,-0.3944898231402125,-0.2967769721047549,-0.5562655889572699,-0.5130689748211456,1.9748971319952469,1.144988713748561,-1.1433860036859074,-0.9687888701463342,-0.09494070751820233,-1.266418095856426,0.6717872936218383,1.260406278810504,-1.1748890810608181,-0.17653953039685363,-0.9321760032167431,0.7822763032855756,0.5425021059261845,0.0,0.0,1.0,0.0,0.0
1.1419599302953858,-0.09582659576267816,0.8617527176566129,-0.764770111537446,-0.6634640324160135,-0.8904752785619348,0.285059032856083,0.7625022778985887,0.12624241578293854,-0.10623200083768429,1.1042231397657012,-0.6933666501134739,0.06863560903202695,1.4593711524790527,-0.7105995859572293,-0.23814327125320392,1.5882820133723836,-1.844780929288239,0.772393223970478,-0.4545042726906662,0.0,1.0,0.0,0.0,0.0
0.042551568719807045,-0.09582659576267816,-1.8652337755497168,0.1998236347280535,0.6486101604022039,0.16819858758022485,0.02454092937829412,-1.1915090995073558,-1.3247665449894312,-1.5928194049201374,-0.5541864681639271,-0.09494070751820233,1.40368931392048,-1.1659083770449954,1.3280183512127053,1.3809235605130437,-1.0262684218413018,0.7626617166303205,-0.4629916904167129,-0.4545042726906662,0.0,0.0,1.0,0.0,0.0
-2.321902131521174,-0.09582659576267816,0.4334643555108449,0.06563651324546117,1.7170418841283812,0.9294867641923689,0.38080620545539334,2.035807388573563,1.5848273129318053,1.069209202390302,-0.13958406618152008,0.9309323369308347,-1.266418095856426,0.9343152465742431,-0.4188346458218987,-1.6259148413385582,1.4456701714516373,-1.933671019490008,0.9255809533544898,1.5395084845430351,0.0,0.0,0.0,1.0,0.0
-0.8300979410970113,-0.09582659576267816,-1.6690692199369324,-0.9245347831413334,0.2428852004218393,-0.10219672932802217,0.14823569278262477,-1.1915090995073558,-0.3783535503892155,0.9654938021054795,0.275018335800887,-1.2063031723379924,0.06863560903202695,-1.4284363299974001,1.1616438249301473,0.6292139600501433,-0.17653953039685363,0.7626617166303205,-1.466124240899112,-0.4545042726906662,0.0,0.0,0.0,1.0,0.0
-0.8300979410970113,-0.09582659576267816,0.9944704440993237,1.1116642532521934,1.7008634236276035,-0.3998041933891664,-0.7994673212704502,2.053647397305614,0.9686672391006649,-1.6965348052049596,-1.3833912721287414,0.9309323369308347,-1.266418095856426,0.2779953641932311,0.7834802493036319,-1.0952962998353346,-0.32649168771057996,-0.9820241714475394,-1.23387187699432,1.5395084845430351,0.0,0.0,1.0,0.0,0.0
-0.8300979410970113,-0.09582659576267816,1.332657526288623,-0.7345727355257665,-0.7872260085674634,-0.012940794363481157,-0.9757865995915883,1.2774965167530068,1.6516113635373577,0.446916800681368,-1.3833912721287414,-0.35140896863046156,-1.266418095856426,0.6717872936218383,1.4807018174609032,-1.1748890810608181,0.3332978044698148,-0.5084665732549773,-1.5946042719953797,1.5395084845430351,0.0,1.0,0.0,0.0,0.0
0.042551568719807045,-0.09582659576267816,-0.49638213658448327,0.22445847459022703,0.973635087443457,0.19139427033066064,-0.2455468570915755,-0.20000324249116966,-0.5996480995778449,1.4494990034346502,-0.13958406618152008,-0.4368983890012147,0.06863560903202695,-0.7721164476163882,-0.9197577909976091,0.37864409322917636,-0.4597824942116696,0.29187346111724705,-1.4315334632962706,1.5395084845430351,0.0,0.0,1.0,0.0,0.0
-0.8300979410970113,-0.09582659576267816,0.7029669562900506,-0.3507070397708555,-0.20500704086675464,-0.39653266635505513,-0.1829033931320696,1.2348179774454915,0.9530328226294229,-0.8668116029263813,-1.3833912721287414,0.8454429165600816,-1.266418095856426,0.2779953641932311,2.0507411566634186,-1.0952962998353346,-0.32649168771057996,0.014939193168380513,-0.2159147075392747,-0.4545042726906662,0.0,0.0,0.0,1.0,0.0
0.6617062493271514,-0.09582659576267816,-0.9012650355792018,0.12482957874327015,-0.385252186261415,-0.14453217691514106,-0.7468926354214394,-1.1915090995073558,-0.6291797751346354,-1.627391205015078,1.1042231397657012,-0.2659195482597085,1.40368931392048,-0.7721164476163882,0.4303366177943133,1.3809235605130437,0.6731893610475937,-0.6497030499088993,0.09046075122874866,1.5395084845430351,0.0,0.0,1.0,0.0,0.0
0.6617062493271514,-0.09582659576267816,-0.5603552381009167,-0.9245347831413334,-0.7332172485433411,-0.7380320290775589,-0.8311633834495955,-0.2945829510424179,0.27115029437287624,-0.9359552031162628,-0.9687888701463342,0.3325063943355631,1.40368931392048,-0.6408524711401857,-1.41544258734328,1.0802397203278835,-0.686376865263522,-0.0847571432932111,-1.209164178706576,1.5395084845430351,0.0,1.0,0.0,0.0,0.0
-0.8300979410970113,-0.09582659576267816,0.29067703815424045,1.2682583983002493,0.8051283844118626,0.37574089228257135,-0.5135656758387028,-0.013648602654018271,0.49258960667698015,0.2394860001117234,-0.5541864681639271,-0.8643454908549801,0.06863560903202695,0.015467411240826293,-0.10244942134169531,-1.0245471609682386,-0.0065937521079647175,1.0451346699381643,-0.13685007301849447,-0.4545042726906662,0.0,0.0,1.0,0.0,0.0
-0.8300979410970113,-0.09582659576267816,0.7783941673452865,-0.7440663883473079,-0.6237615018161909,-0.5521690649973086,-0.779079559354969,0.7625022778985887,1.3601067033436134,0.17034239992184186,-1.7979936741111484,0.9309323369308347,0.06863560903202695,-0.2470605417115785,0.003251601901759595,-0.9320290562958812,0.41173431752622563,-0.21512927558913952,-1.6143704306255748,-0.4545042726906662,1.0,0.0,0.0,0.0,0.0
-0.8300979410970113,-0.09582659576267816,0.6843084983636916,1.0541084112138002,0.26522621595183943,0.04118243713385168,-0.6105560597354235,0.5242464688177053,1.4135242929536904,0.758063001535835,-1.7979936741111484,-1.4627714334502517,-1.266418095856426,0.015467411240826293,1.9487042699483799,-1.0245471609682386,-0.686376865263522,1.0451346699381643,1.2467810310951595,-1.4515106513075169,0.0,0.0,1.0,0.0,0.0
-0.8300979410970113,-0.09582659576267816,-2.0871326934199086,-0.9245347831413334,-0.9720971351758327,-0.8904752785619348,-0.31450020250849064,-1.1915090995073558,-1.1593988127457695,-0.38280640159721047,0.6896207377832941,-1.1208137519672394,0.06863560903202695,-1.4284363299974001,1.3678789148012351,0.6292139600501433,-0.17653953039685363,0.7626617166303205,0.3869531306816745,0.5425021059261845,0.0,0.0,0.0,1.0,0.0
0.042551568719807045,-0.09582659576267816,0.8304944268337082,-0.20315264016785914,-0.09694999251309994,-0.21123598072767272,-0.7860491549112975,1.421172617282643,0.24890502896163372,0.446916800681368,-0.13958406618152008,-0.8643454908549801,0.06863560903202695,1.3281071760028504,-0.6317430611633678,-0.9042736248941738,-0.686376865263522,-0.0847571432932111,0.9354640326695872,-0.4545042726906662,0.0,1.0,0.0,0.0,0.0
-2.321902131521174,-0.09582659576267816,1.298395768284981,0.7067818303445765,0.41527762901048926,0.6455404959930497,-1.028249584324896,2.053647397305614,1.554378804310343,1.0000656022004204,-1.7979936741111484,-0.5223878093719677,-1.266418095856426,0.2779953641932311,-0.14241257884579045,-1.6259148413385582,-0.32649168771057996,-0.4835424891395794,-0.4432255317865178,-0.4545042726906662,1.0,0.0,0.0,0.0,0.0
0.042551568719807045,-0.09582659576267816,0.19248211755710515,1.7757113897499435,1.9013250349533901,-0.44174336499561856,0.07277056064762519,-0.5422446597447547,0.12513256523096764,-1.0742424034960258,-0.13958406618152008,-0.8643454908549801,0.06863560903202695,-0.11579656523537611,0.39482499330358806,-0.3372698119735866,0.18762999450790946,0.7626617166303205,0.25353155992785786,-1.4515106513075169,0.0,1.0,0.0,0.0,0.0
1.8661217052122583,-0.09582659576267816,0.3204993136922732,-0.0984522403478228,-0.17215167916755875,-0.11265213477386042,0.06579852399063925,-0.2945829510424179,-0.6325575811623729,1.5877862038144135,1.1042231397657012,-1.4627714334502517,0.06863560903202695,0.6717872936218383,1.760995850056959,1.0802397203278835,0.8431351393364832,-1.3558854331785088,-0.11214237473075066,-0.4545042726906662,0.0,1.0,0.0,0.0,0.0
0.042551568719807045,-0.09582659576267816,-0.023739168289730037,-0.7777362133504563,-0.5949987251031208,-0.41114260618217185,-0.7850018405217817,-0.49410848426511644,0.07576834285417568,0.5852040010611311,-0.13958406618152008,-0.09494070751820233,0.06863560903202695,-0.2470605417115785,-1.1066111281945616,-0.23814327125320392,0.41173431752622563,0.43673138589050026,-0.5321732456223955,-0.4545042726906662,0.0,0.0,0.0,1.0,0.0
-0.8300979410970113,-0.09582659576267816,-1.0219104878469938,-0.9245347831413334,0.6108442297839294,0.8472122748582638,2.0318472815840667,-1.1915090995073558,-1.0419959260959797,-0.7285244025466181,1.1042231397657012,-0.2659195482597085,0.06863560903202695,-1.1659083770449954,0.11259788769360674,-0.12249564041275783,0.6731893610475937,0.7626617166303205,-1.2684626545971613,-0.4545042726906662,0.0,1.0,0.0,0.0,0.0
-0.8300979410970113,-0.09582659576267816,1.0655129734124658,-0.15188369649276515,-0.7860541313104129,0.3677833432546314,-1.184776742901236,0.8183517105916509,1.1787667740259358,1.0000656022004204,-1.3833912721287414,0.7599534961893285,-1.266418095856426,0.8030512700980408,0.43825103156307904,-1.1963664982169009,-0.7834887385714597,0.9644281118502092,-0.6310040387733709,1.5395084845430351,0.0,0.0,1.0,0.0,0.0
-0.8300979410970113,-0.09582659576267816,-1.0002616960293953,-0.9245347831413334,-0.9720971351758327,-0.8904752785619348,-0.844978699709626,-1.1915090995073558,-0.036037036663934756,-1.2471014039707298,-0.13958406618152008,1.4438688591553532,0.06863560903202695,-1.1659083770449954,-0.9876905810732988,-0.12249564041275783,0.6731893610475937,0.7626617166303205,-1.6983766048039037,1.5395084845430351,0.0,1.0,0.0,0.0,0.0
0.042551568719807045,-0.09582659576267816,-0.9896897064853645,0.268007124342744,2.0961151267347833,1.2910726921963707,1.3764512756727134,-1.1915090995073558,-1.751721226895448,-0.7630962026415589,-0.13958406618152008,-0.09494070751820233,-1.266418095856426,-0.9033804240925906,-0.36854688652408435,0.6292139600501433,-0.17653953039685363,0.7626617166303205,-0.11708391438829942,-1.4515106513075169,0.0,1.0,0.0,0.0,0.0
0.042551568719807045,-0.09582659576267816,0.48241509469846344,0.16479082571952983,-0.437542377386841,0.13521238072177974,-0.8795594396061287,-0.24966352547884904,0.6681390113756792,-1.1088142035909665,-0.13958406618152008,-0.4368983890012147,0.06863560903202695,0.540523317145636,-1.0074418584725293,-0.6763869249643686,0.4942990681119206,0.5396567534925483,-1.006561052747077,-1.4515106513075169,0.0,1.0,0.0,0.0,0.0
2.153510439751314,-0.09582659576267816,0.08209960923576544,-0.36513451612203235,-0.06675340908614488,0.3160186080640163,-0.9776723394940635,-0.7088083316402043,0.7172137075215222,0.758063001535835,-0.5541864681639271,0.3325063943355631,1.40368931392048,0.540523317145636,-0.5346964472512733,1.697432865971107,-0.5790426895021192,-0.35236309905853724,-1.6044873513104774,-0.4545042726906662,0.0,1.0,0.0,0.0,0.0
-0.8300979410970113,-0.09582659576267816,0.973577177277616,0.006019928556931225,0.07350210035440544,-0.3691463994576298,-1.0353221225229547,-0.083099853583399,1.2138959567144056,1.034637402295361,-1.7979936741111484,1.272890018413847,-1.266418095856426,0.1467313877170287,1.1380944894085352,-1.062132640991383,-1.4511328675635249,2.3515720789869423,0.668620891161954,-0.4545042726906662,1.0,0.0,0.0,0.0,0.0
-0.8300979410970113,-0.09582659576267816,0.9422208635977014,-0.1386413013531186,-0.5814210063244373,1.6162833659200864,-0.7503919782343458,-0.083099853583399,1.4515487379516494,-1.661963005110019,-0.13958406618152008,-1.2063031723379924,-1.266418095856426,0.1467313877170287,-1.1732320139675254,-1.062132640991383,2.372647143936489,-0.8262486457263015,0.648854732531759,-1.4515106513075169,0.0,0.0,1.0,0.0,0.0
-0.8300979410970113,-0.09582659576267816,-1.9042089357148482,-0.9245347831413334,-0.9720971351758327,-0.8904752785619348,-1.184776742901236,-1.1915090995073558,0.13748568441812184,1.0000656022004204,-0.13958406618152008,-0.35140896863046156,1.40368931392048,-1.4284363299974001,0.012619752791229637,0.6292139600501433,-0.17653953039685363,0.7626617166303205,-1.0559764493225645,1.5395084845430351,0.0,0.0,1.0,0.0,0.0
-2.321902131521174,-0.09582659576267816,1.3498429032946653,-0.7392806634400596,-0.09213004251933112,0.1410191609949393,-0.9809420643315097,1.3911067712999385,2.2756851543477685,-0.901383403021322,-1.7979936741111484,0.7599534961893285,-1.266418095856426,0.540523317145636,0.8589817991859239,-1.6259148413385582,-0.5790426895021192,0.5396567534925483,-1.0955087665829546,0.5425021059261845,0.0,0.0,1.0,0.0,0.0
0.6617062493271514,-0.09582659576267816,-1.2404337569099257,0.3729189306710289,-0.011000716209729521,-0.47423865494299466,-1.184776742901236,-1.1915090995073558,-1.7056865561745689,0.896350201915598,1.1042231397657012,-1.2917925927087455,0.06863560903202695,-0.7721164476163882,1.3062762256189622,1.3809235605130437,0.6731893610475937,-0.6497030499088993,-0.250505485142116,1.5395084845430351,0.0,0.0,1.0,0.0,0.0
0.6617062493271514,-0.09582659576267816,1.1838857934428102,-0.5776834304521116,-0.9720971351758327,-0.7264612380706229,-0.08214052161299062,0.6356158371085828,0.974843798694242,0.7234912014408942,0.275018335800887,-0.1804301278889554,0.06863560903202695,-0.11579656523537611,-1.2970048885157712,0.30705270270889934,-0.5407090553016178,-0.447936654689011,-0.24062240582701852,-0.4545042726906662,0.0,0.0,0.0,1.0,0.0
-0.8300979410970113,-0.09582659576267816,-1.0002616960293953,-0.30976859198943796,-0.29423785700530536,-0.8904752785619348,2.3246261660459573,0.5242464688177053,-0.8708859236051643,-1.350816804255552,1.1042231397657012,-1.2063031723379924,0.06863560903202695,-1.2971723535211979,0.3030324303648021,0.17818819977240308,-0.686376865263522,-0.0847571432932111,-0.48275784904690794,1.5395084845430351,0.0,1.0,0.0,0.0,0.0
-0.8300979410970113,-0.09582659576267816,0.2938783570225216,0.7985993762317602,1.0673966359586216,0.2885795537581738,2.151639428503432,2.0862665002861247,-0.7409369002809211,-0.8668116029263813,0.275018335800887,-1.2063031723379924,-1.266418095856426,-0.37832451818778096,-0.9895085008077179,-0.8742052408756581,-0.17653953039685363,-1.3558854331785088,-0.35427781795064006,0.5425021059261845,0.0,1.0,0.0,0.0,0.0
-0.8300979410970113,-0.09582659576267816,-0.7167171095799293,3.30029236181256,0.19423291235109347,0.23239882605421075,3.071636903736449,0.25914156367018515,-1.3985474795095827,-0.07166020074274353,1.1042231397657012,0.24701697396481,-1.266418095856426,-1.1659083770449954,-1.0885283163418997,-0.12249564041275783,0.6731893610475937,-0.6497030499088993,0.8662824774639045,-2.4485170299243677,0.0,0.0,0.0,1.0,0.0
1.5343557591439694,-0.09582659576267816,0.5655491375692968,-0.5866965219225937,-0.45364960271099986,-0.7452059044195066,-0.6992350659213834,-0.7909975159684977,-0.22157509633037178,1.6915016040992357,1.5188255417481082,-0.778856070484227,0.06863560903202695,1.0655792230504455,-1.2647386857331615,0.3350667250863988,2.15097873747272,-1.2637746875346467,-0.31474550069025,-1.4515106513075169,0.0,1.0,0.0,0.0,0.0
0.042551568719807045,-0.09582659576267816,0.6852086696712807,-0.2100779414674194,0.5612224633602956,-0.2177567088019979,-0.8872654106836363,0.7357295662767236,0.9143810707977412,-1.5582476048251965,-0.9687888701463342,0.07603813322330386,0.06863560903202695,0.9343152465742431,0.28922152363739273,-0.8058680044699397,0.05520471272435914,-0.0077190651183445536,-0.4333424524714203,-0.4545042726906662,0.0,0.0,1.0,0.0,0.0
0.042551568719807045,-0.09582659576267816,-0.5383572121315253,-0.9245347831413334,-0.7408010606929812,-0.7428908303266881,-0.6750278085739252,-0.20000324249116966,-0.9656575098691128,-1.177957803780848,0.6896207377832941,-0.8643454908549801,0.06863560903202695,-0.7721164476163882,0.7119334803883925,0.37864409322917636,-0.4597824942116696,0.29187346111724705,1.1380671586290865,1.5395084845430351,0.0,1.0,0.0,0.0,0.0
1.5343557591439694,-0.09582659576267816,0.12433475807948907,-0.9245347831413334,-0.6680639678374161,-0.17906507312797026,0.9761857412030245,-0.083099853583399,0.02013105214015698,0.6197758011560719,0.6896207377832941,-0.35140896863046156,1.40368931392048,0.1467313877170287,0.25754610737135053,1.1929961603973187,-0.17653953039685363,-0.8262486457263015,0.26835617890050417,0.5425021059261845,1.0,0.0,0.0,0.0,0.0
-0.8300979410970113,-0.09582659576267816,-0.4862800308305885,1.4085489384840453,3.0570080561807917,1.6683107884880002,-0.4830718339824802,-0.083099853583399,-0.14914528422131537,-0.590237202166855,-0.9687888701463342,-0.8643454908549801,0.06863560903202695,-0.9033804240925906,-0.6348929579468845,-0.4983504406442075,-0.17653953039685363,0.7626617166303205,-0.8237240854177726,-0.4545042726906662,0.0,0.0,1.0,0.0,0.0
0.042551568719807045,-0.09582659576267816,0.12022703682295928,-0.6287259447601075,0.13296577202636828,0.3574350994003046,-0.26897612022803197,-0.5422446597447547,-0.23561711853139472,-0.3136628014073289,0.6896207377832941,1.272890018413847,0.06863560903202695,-0.11579656523537611,1.3555583769647799,-0.3372698119735866,1.6443080941269617,-0.447936654689011,1.1578333172592816,-0.4545042726906662,0.0,1.0,0.0,0.0,0.0
2.153510439751314,-0.09582659576267816,0.22327607340027653,-0.7714529439642136,-0.8210973720871536,0.23239882605421075,-0.08178294288972202,-0.2945829510424179,-0.5821800169772597,0.17034239992184186,1.1042231397657012,0.5889746554478223,1.40368931392048,0.6717872936218383,1.0925918975179525,1.5312654806056238,0.3332978044698148,-1.3558854331785088,1.0095871275328188,-0.4545042726906662,1.0,0.0,0.0,0.0,0.0
1.1419599302953858,-0.09582659576267816,1.2451265554385855,-0.3948361481528957,-0.29423785700530536,-0.3917214177992026,-0.6009111385401249,0.25914156367018515,1.6764141106553156,1.0000656022004204,1.1042231397657012,0.24701697396481,1.40368931392048,0.40925934066943354,0.3124767450826417,0.37864409322917636,0.10670343341796235,-0.6497030499088993,1.6618703623292554,-0.4545042726906662,0.0,0.0,1.0,0.0,0.0
0.042551568719807045,-0.09582659576267816,-0.8566818615001682,-0.9245347831413334,-0.42216973005297037,-0.6545262246144241,0.8439075011486664,0.06510166265634933,-0.22611100728190497,1.5532144037194726,-0.9687888701463342,-0.6933666501134739,2.738743018808933,-1.034644400568793,-0.2480070091337718,0.9513752173913862,-1.269048105111144,0.15736253097065425,-1.421650383981173,-0.4545042726906662,0.0,0.0,0.0,1.0,0.0
-0.8300979410970113,-0.09582659576267816,-1.6412335319288258,1.3923655422121313,0.19423291235109347,1.2910726921963707,2.917412297568921,-1.1915090995073558,-1.6906311921652246,0.06662699963701955,-0.5541864681639271,-1.3772820130794987,-1.266418095856426,-1.4284363299974001,-0.6650098282137735,0.6292139600501433,-2.7257262047301962,2.8812088664391498,0.8860486360940997,-2.4485170299243677,0.0,0.0,1.0,0.0,0.0
-0.8300979410970113,-0.09582659576267816,0.9806129714259234,-0.4420948772922796,-0.9720971351758327,-0.3744285945691461,-0.1891984733622179,0.832818434098358,0.5974463566523164,-0.24451920121744736,-0.5541864681639271,1.4438688591553532,-1.266418095856426,1.3281071760028504,3.674604269318264,-1.265094233116366,0.12936287052314777,0.25421040067620143,-0.8039579267875776,-1.4515106513075169,1.0,0.0,0.0,0.0,0.0
1.1419599302953858,-0.09582659576267816,0.8448806074113526,-0.7607801054330022,-0.8055656455427839,-0.8904752785619348,-0.4172346906428769,-0.1448089388865984,0.7606908965356861,0.6197758011560719,0.6896207377832941,1.5293582795261063,0.06863560903202695,0.2779953641932311,-1.5699320899947484,0.49655932467433705,-1.5261089462203883,1.0119025577843004,0.8712240171214534,0.5425021059261845,0.0,1.0,0.0,0.0,0.0
-0.8300979410970113,-0.09582659576267816,-1.9455476326189014,0.3449971132660755,0.8516984198866988,-0.8904752785619348,1.385396280236297,-1.1915090995073558,-1.2395010699749724,1.3112118030548872,0.6896207377832941,0.16152755359405693,1.40368931392048,-1.4284363299974001,-0.9360616606157743,0.6292139600501433,-0.17653953039685363,0.7626617166303205,-0.4531086111016154,-0.4545042726906662,0.0,0.0,1.0,0.0,0.0
-0.8300979410970113,-0.09582659576267816,-1.0673859800465666,0.409597884164188,0.4862536424055929,0.05956630986442581,1.505206334815722,-1.1915090995073558,-0.4306130350754967,-0.6939526024516773,-0.13958406618152008,-0.778856070484227,0.06863560903202695,-1.2971723535211979,0.83290819295518,0.17818819977240308,-0.686376865263522,1.610080576553852,-1.6390781289133187,-0.4545042726906662,0.0,1.0,0.0,0.0,0.0
0.042551568719807045,-0.09582659576267816,1.3319610199293204,-0.5066240136911717,0.5743175343963439,-0.6085558288621753,-0.7276008847723381,1.21697796871344,1.6401268230430501,1.3803554032447687,-0.9687888701463342,-0.6078772297427208,0.06863560903202695,1.196843199526648,1.5715835127720634,-0.8742052408756581,-0.17653953039685363,-0.2966118582740942,1.1874825552045742,-0.4545042726906662,0.0,0.0,0.0,1.0,0.0
-0.8300979410970113,-0.09582659576267816,1.3515378573527472,0.3797788843792609,-0.9720971351758327,-0.7164748617467076,-0.9761438002563634,0.8183517105916509,1.0271515377523481,0.8617784018206572,-0.5541864681639271,-1.3772820130794987,-1.266418095856426,0.8030512700980408,1.0093714613634164,-1.1963664982169009,0.6731893610475937,-0.24617025946912274,-0.5469978645950418,-0.4545042726906662,0.0,0.0,1.0,0.0,0.0
0.042551568719807045,-0.09582659576267816,0.11193660440739422,-0.6251238724081638,-0.4885389941455576,-0.4414411590311088,-0.25820486527065445,-0.5422446597447547,-0.09399053722554487,1.656929804004295,0.275018335800887,-0.4368983890012147,0.06863560903202695,-0.11579656523537611,0.6486769668634099,-0.3372698119735866,0.9159690443174356,0.15736253097065425,-1.569896573707636,-1.4515106513075169,0.0,0.0,0.0,1.0,0.0
0.6617062493271514,-0.09582659576267816,-0.8653683441484332,0.07167388469433757,-0.5984523874501395,0.047535292711643536,-0.6341450380138683,-1.1915090995073558,-0.7160376444193134,0.4814886007763088,1.5188255417481082,0.07603813322330386,1.40368931392048,-0.7721164476163882,1.5702877506858455,1.3809235605130437,0.6731893610475937,-0.6497030499088993,1.6766949813019019,1.5395084845430351,0.0,1.0,0.0,0.0,0.0
-0.8300979410970113,-0.09582659576267816,1.0603432771830956,0.1823372637228387,0.2615175040956948,-0.8904752785619348,-1.085858828461644,1.2774965167530068,1.6444697165072841,1.345783603149828,-1.7979936741111484,0.5889746554478223,-1.266418095856426,0.6717872936218383,0.4260099236861321,-1.1748890810608181,-0.686376865263522,0.33895228666855465,0.33753773410618687,1.5395084845430351,1.0,0.0,0.0,0.0,0.0
0.042551568719807045,-0.09582659576267816,-1.494553456141747,1.5375390207501538,-0.031683965587523524,0.3048910918053388,0.17607860795676705,-1.1915090995073558,-1.9609521831278725,-0.5210936019769735,-0.13958406618152008,-1.719239694562511,-1.266418095856426,-0.9033804240925906,0.6902493337962321,0.6292139600501433,1.0980538067698178,-0.2966118582740942,-1.5600134943925383,0.5425021059261845,1.0,0.0,0.0,0.0,0.0
0.042551568719807045,-0.09582659576267816,0.08860407508933821,-0.6147501594056106,-0.8339790703536244,-0.7732486198021971,-0.5154791677627873,0.06510166265634933,-0.09355624787912148,1.1037810024852426,0.6896207377832941,0.6744640758185755,0.06863560903202695,-0.11579656523537611,-0.5746592174131067,-0.3372698119735866,1.6443080941269617,-1.0532358403486761,0.7822763032855756,-0.4545042726906662,0.0,1.0,0.0,0.0,0.0
1.1419599302953858,-0.09582659576267816,0.5918391966576557,0.45644736640842487,-0.1355428995070187,1.0272793180618054,-0.4214702389760579,-0.37267967964723286,0.2177327047627993,0.5506322009661904,-0.5541864681639271,1.3583794387846002,0.06863560903202695,0.9343152465742431,-0.3816374579753174,0.014178832398679007,0.05520471272435914,0.37747132575598724,0.10034383054384619,0.5425021059261845,0.0,0.0,0.0,1.0,0.0
-0.8300979410970113,-0.09582659576267816,-0.8921121509521037,-0.9245347831413334,0.3449203642561091,2.5281078096218756,-0.7526939618910145,-1.1915090995073558,-0.6978457462413559,0.06662699963701955,-0.13958406618152008,-1.719239694562511,0.06863560903202695,-1.034644400568793,0.8367638377973137,-0.3372698119735866,0.18762999450790946,1.3679609022899857,0.7921593826006731,-0.4545042726906662,0.0,1.0,0.0,0.0,0.0
0.042551568719807045,-0.09582659576267816,-1.2107821432840513,1.10519376963772,0.2428852004218393,2.079351241430283,2.7403958870810565,0.06510166265634933,-1.4637873902167409,0.9309220020105388,0.275018335800887,-0.778856070484227,0.06863560903202695,-1.034644400568793,-0.6060855168220342,0.9513752173913862,0.18762999450790946,-1.0532358403486761,-1.505656558159502,-1.4515106513075169,1.0,0.0,0.0,0.0,0.0
0.042551568719807045,-0.09582659576267816,-0.7909075673645974,-0.9245347831413334,-0.9720971351758327,-0.8904752785619348,0.8815012985611839,-1.1915090995073558,-0.8781240793788874,0.9309220020105388,0.6896207377832941,0.5889746554478223,0.06863560903202695,-0.9033804240925906,-0.8856334127270299,0.6292139600501433,-0.17653953039685363,0.7626617166303205,-0.1862654695939821,1.5395084845430351,0.0,0.0,1.0,0.0,0.0
-0.8300979410970113,-0.09582659576267816,0.9416034985338269,1.1711737476273651,-0.32609831967593506,-0.26311895220958725,0.06183106145087074,0.5242464688177053,0.563040989541219,1.207496402770065,-0.9687888701463342,2.0422948017506246,-1.266418095856426,1.3281071760028504,-0.18458704276870316,-1.265094233116366,-0.2785069973701874,0.9321454886150269,-0.5815886421978832,-0.4545042726906662,0.0,0.0,0.0,0.0,1.0
1.1419599302953858,-0.09582659576267816,-1.0219104878469938,-0.9245347831413334,-0.5020129256597933,-0.2929476455300051,-0.6627891890709381,-0.37267967964723286,-1.465090258256011,0.2394860001117234,-0.5541864681639271,-0.4368983890012147,0.06863560903202695,-0.5095884946639834,1.3123355065221365,1.6542725061359163,-0.8717722597604928,-0.39290945599267774,-0.962087195829138,0.5425021059261845,0.0,0.0,0.0,1.0,0.0
0.042551568719807045,-0.09582659576267816,-0.4378994847703485,0.00288558486950297,-0.7724865240945028,-0.38645097314298776,0.6718453714889769,-0.20000324249116966,-0.4562361065144767,-0.6248090022617958,0.275018335800887,-1.0353243315964862,0.06863560903202695,-0.7721164476163882,1.2884326880627173,0.37864409322917636,0.6731893610475937,-0.6497030499088993,-0.6507701974035659,-0.4545042726906662,0.0,0.0,0.0,1.0,0.0
3.198429346413715,-0.09582659576267816,0.6161584338784833,-0.9245347831413334,-0.802660961641988,-0.3829983213936922,-0.6876546173576552,-0.6031549163230716,0.13671361446892472,-1.6965348052049596,1.1042231397657012,1.101911177672341,1.40368931392048,2.1156910348600646,0.012619752791229637,1.8658974962955601,0.23461961062465345,-1.2875452025395149,1.4790333949999512,-0.4545042726906662,0.0,0.0,0.0,1.0,0.0
0.042551568719807045,-0.09582659576267816,0.2694938874639006,-0.7814729375889672,-0.9720971351758327,-0.8904752785619348,-0.6934198972691804,-0.6209949250551222,0.2956635152598853,1.4494990034346502,1.1042231397657012,1.272890018413847,0.06863560903202695,0.1467313877170287,-1.2486615841158921,-0.4983504406442075,3.0099438125198246,-1.3558854331785088,-0.6161794198007245,1.5395084845430351,0.0,1.0,0.0,0.0,0.0
-0.8300979410970113,-0.09582659576267816,-1.5639570057902163,-0.9245347831413334,-0.9720971351758327,-0.8904752785619348,1.9430904422955184,-1.1915090995073558,-1.208328745776138,-0.3136628014073289,1.5188255417481082,-1.4627714334502517,0.06863560903202695,-1.4284363299974001,0.3890806311273421,0.6292139600501433,-0.17653953039685363,0.7626617166303205,1.335728744931037,-0.4545042726906662,0.0,0.0,1.0,0.0,0.0
0.042551568719807045,-0.09582659576267816,0.9145137229868024,-0.19589900015745776,-0.2742565762052964,-0.5442642591688757,-0.8813341898563481,-0.20000324249116966,0.28451675536835164,0.34320140039654573,0.275018335800887,2.213273642492131,-1.266418095856426,1.5906351289552552,-0.6164250658020941,-0.9577285298159808,0.6731893610475937,0.605732298125962,0.021279196023065966,1.5395084845430351,0.0,0.0,0.0,0.0,1.0
0.6617062493271514,-0.09582659576267816,1.132186470458949,0.7048690000344958,-0.09047730600964043,0.47941355409183195,-0.9124862755576596,0.25914156367018515,0.7974124734943749,1.6223580039093541,0.275018335800887,0.4179958147063162,0.06863560903202695,1.196843199526648,-0.9278873764309297,-0.4983504406442075,1.5229182524920417,-1.002794241543704,1.5580980295207314,-0.4545042726906662,0.0,0.0,0.0,1.0,0.0
-0.8300979410970113,-0.09582659576267816,-1.828366436742988,1.1480031816567966,1.2740858708080613,-0.8904752785619348,1.480354547004403,-1.1915090995073558,-2.128829142706425,0.41234500058642726,1.1042231397657012,-0.8643454908549801,0.06863560903202695,-1.4284363299974001,-0.6650098282137735,0.6292139600501433,-0.17653953039685363,0.7626617166303205,1.5580980295207314,-0.4545042726906662,0.0,1.0,0.0,0.0,0.0
-0.8300979410970113,-0.09582659576267816,1.2876979506342832,-0.5524717609788447,-0.6653206096931751,0.4445645875922688,-0.5287670219218028,1.6058066186750264,1.5213728139821656,-1.212529603875789,-1.3833912721287414,-0.4368983890012147,-1.266418095856426,1.4593711524790527,1.2225933581536805,-1.2789719488172202,-0.7648133783199329,0.1108010551506806,1.4395010777395612,-0.4545042726906662,0.0,0.0,0.0,1.0,0.0
0.042551568719807045,-0.09582659576267816,-0.10468940400190342,-0.43273624109168196,-0.6077944917868698,0.09860057142564976,-0.6041686578536057,0.9084060034327873,0.12450525839724497,-1.1433860036859074,-1.7979936741111484,0.7599534961893285,0.06863560903202695,-0.37832451818778096,-0.7507857245435203,-0.12249564041275783,-1.8759973132857488,0.7626617166303205,-1.3178780511726491,0.5425021059261845,0.0,1.0,0.0,0.0,0.0
1.1419599302953858,-0.09582659576267816,-1.1823663789615313,-0.9245347831413334,-0.9720971351758327,-0.8904752785619348,-0.7409333848289691,-0.2945829510424179,-1.3764952315856394,1.6915016040992357,0.6896207377832941,0.5034852350770693,1.40368931392048,-0.6408524711401857,-0.15678764246002155,1.9822912408833644,-0.686376865263522,-0.9321760032167431,-1.589662732337831,1.5395084845430351,0.0,0.0,1.0,0.0,0.0
2.8388924536477904,-0.09582659576267816,0.4229736921839146,-0.5837404007534208,-0.4441927132327336,-0.3936935763070169,-0.7908720887591021,-0.49410848426511644,-0.2686713632313972,-1.3162450041606113,0.6896207377832941,-0.6078772297427208,1.40368931392048,1.4593711524790527,-0.25185315163984906,1.8435140838748285,-0.7648133783199329,-0.5410596063289597,-0.052843898840165486,-0.4545042726906662,0.0,1.0,0.0,0.0,0.0
-0.8300979410970113,-0.09582659576267816,0.8883095507761576,1.0028297031187732,2.072225887589866,1.9957679773908756,-1.0892623444517844,0.5242464688177053,0.24600976665214444,0.10119879973196033,-0.5541864681639271,-0.4368983890012147,-1.266418095856426,0.015467411240826293,-0.11493405069206565,-1.0245471609682386,2.03275558735871,-1.2146489565245873,1.0738271430809527,-0.4545042726906662,0.0,0.0,0.0,1.0,0.0
-0.8300979410970113,-0.09582659576267816,1.0892989429953617,0.19184516491314135,0.2807003191060297,-0.715550074757027,-1.0820920118879283,0.3805703682880689,1.3411427352164589,-1.039670603401085,-1.7979936741111484,0.6744640758185755,-1.266418095856426,-0.5095884946639834,0.846549295546291,-0.8058680044699397,0.05520471272435914,0.37747132575598724,-1.5946042719953797,-0.4545042726906662,0.0,1.0,0.0,0.0,0.0
0.042551568719807045,-0.09582659576267816,0.892304950877837,0.5524000870608617,0.8667281754637731,-0.5860994057810472,-0.11579676723675082,0.832818434098358,0.27443159165696407,0.41234500058642726,-0.13958406618152008,1.5293582795261063,0.06863560903202695,1.3281071760028504,0.58721793551477,-0.9042736248941738,0.12936287052314777,-0.0847571432932111,0.5994393359562713,-0.4545042726906662,0.0,1.0,0.0,0.0,0.0
-0.8300979410970113,-0.09582659576267816,0.057704564210253426,-0.6004596269507277,-0.6371088937360829,-0.4646691635105577,0.20366610819505676,-0.4382590515720541,-0.34944918166614763,0.8272066017257165,-0.13958406618152008,0.3325063943355631,0.06863560903202695,-0.37832451818778096,-1.2638452718926132,-0.8742052408756581,0.6731893610475937,0.7626617166303205,-1.2635211149396126,-0.4545042726906662,0.0,1.0,0.0,0.0,0.0
3.198429346413715,-0.09582659576267816,0.6161584338784833,-0.9245347831413334,-0.802660961641988,-0.3829983213936922,-0.6876546173576552,-0.6031549163230716,0.13671361446892472,-1.6965348052049596,1.1042231397657012,1.101911177672341,1.40368931392048,2.1156910348600646,0.012619752791229637,1.8658974962955601,0.23461961062465345,-1.2875452025395149,1.4790333949999512,-0.4545042726906662,0.0,0.0,0.0,1.0,0.0
-0.8300979410970113,-0.09582659576267816,0.4014953915952247,-0.7674807188446322,-0.9720971351758327,-0.8904752785619348,-0.9904242553551919,-0.6536140280356327,0.38493410313580434,0.8617784018206572,0.6896207377832941,0.3325063943355631,0.06863560903202695,0.2779953641932311,-1.5476936511661816,-1.0952962998353346,2.0727428293090364,0.014939193168380513,1.3011379673281958,-0.4545042726906662,0.0,1.0,0.0,0.0,0.0
-0.8300979410970113,-0.09582659576267816,0.8775392630320301,-0.06205736320234764,-0.48681644984384287,-0.41693374656219634,-0.6151768331219281,0.44926119727143127,1.4026670592931056,0.20491420001678262,-1.3833912721287414,-2.1466867964162764,-1.266418095856426,0.8030512700980408,2.871622646354169,-1.1963664982169009,0.18762999450790946,0.5608953214104312,1.5926888071235727,-0.4545042726906662,0.0,0.0,0.0,1.0,0.0
0.042551568719807045,-0.09582659576267816,-0.1614210720883794,-0.9245347831413334,-0.9720971351758327,-0.8904752785619348,-1.085482423260596,-0.4382590515720541,-0.5439625544920014,-0.03708840064780275,0.6896207377832941,-0.4368983890012147,0.06863560903202695,-0.37832451818778096,-1.7964647249377224,-0.12249564041275783,0.6731893610475937,0.05647933336071082,-0.46793323007426163,1.5395084845430351,0.0,1.0,0.0,0.0,0.0
1.1419599302953858,-0.09582659576267816,0.5337259688123597,0.17997680088218393,-0.8047459483727039,-0.024675825358738378,-0.9891881868915539,-0.37267967964723286,0.5352947257419468,0.1357705998269011,-0.5541864681639271,-0.2659195482597085,0.06863560903202695,0.9343152465742431,-0.9065411640175368,0.014178832398679007,-0.8717722597604928,1.1478521075046526,0.23870694095521158,-0.4545042726906662,0.0,1.0,0.0,0.0,0.0
-0.8300979410970113,-0.09582659576267816,-0.8830805001534815,2.219835755074928,0.8516984198866988,0.7622414953592017,-0.08280629951279189,0.25914156367018515,-0.12699652755372248,-1.2471014039707298,-0.9687888701463342,0.07603813322330386,0.06863560903202695,-1.1659083770449954,-0.06869579692937075,-0.12249564041275783,-1.0262684218413018,0.7626617166303205,0.02622073568061473,-1.4515106513075169,0.0,1.0,0.0,0.0,0.0
0.6617062493271514,-0.09582659576267816,-0.6498125386841919,0.6785079344995887,0.5906146739315054,0.29396702763997157,0.07301951943025088,-1.1915090995073558,-0.7862960097962529,-0.5210936019769735,1.1042231397657012,0.07603813322330386,2.738743018808933,-0.7721164476163882,0.8181039717217043,1.3809235605130437,-0.4597824942116696,0.29187346111724705,1.5926888071235727,-0.4545042726906662,0.0,0.0,0.0,1.0,0.0
-0.8300979410970113,-0.09582659576267816,0.8679736599419315,0.5119365909585349,-0.551391899303683,1.7387873123680873,-0.1684887835605477,0.7970366351419088,1.2317018199177645,0.17034239992184186,-1.3833912721287414,1.7858265406383655,-1.266418095856426,0.2779953641932311,-0.6896509038866824,-1.0952962998353346,-0.32649168771057996,0.51342087547634,0.209057703009919,-0.4545042726906662,0.0,1.0,0.0,0.0,0.0
-0.8300979410970113,-0.09582659576267816,0.9378875238525273,-0.22003990110049418,0.9885706984157903,0.09583138808874157,-0.7001754821810446,0.9084060034327873,1.4495703087068317,0.6889194013459534,-1.7979936741111484,-0.009451287147449236,-1.266418095856426,0.1467313877170287,1.1300599643117852,-1.062132640991383,-0.8138361989801893,0.7626617166303205,-0.9670287354866868,-0.4545042726906662,0.0,0.0,1.0,0.0,0.0
-0.8300979410970113,-0.09582659576267816,-1.9042089357148482,-0.9245347831413334,1.5319925458764259,2.292492261571495,3.2237044515824933,-1.1915090995073558,-1.7948606353068381,1.1037810024852426,-0.13958406618152008,-2.3176656371577824,-1.266418095856426,-1.4284363299974001,-1.0038246187162743,0.6292139600501433,-0.17653953039685363,0.7626617166303205,-1.0955087665829546,-2.4485170299243677,0.0,1.0,0.0,0.0,0.0
-0.8300979410970113,-0.09582659576267816,-1.4117999554451786,2.2723615995261834,1.755827158337886,2.119659745381709,2.101818114352131,-1.1915090995073558,-1.5193764265589347,1.7260734041941765,1.1042231397657012,-0.4368983890012147,-1.266418095856426,-1.2971723535211979,-1.3027788456302467,0.17818819977240308,-0.686376865263522,1.610080576553852,-1.23387187699432,-1.4515106513075169,0.0,1.0,0.0,0.0,0.0
-0.8300979410970113,-0.09582659576267816,1.240759334494821,0.007272008582403388,-0.25750936038911726,0.15135188010533143,-0.9770728692128979,-0.083099853583399,1.0904130192146886,-1.5928194049201374,-0.13958406618152008,-1.804729114933264,-1.266418095856426,0.1467313877170287,0.5793572924862377,-1.062132640991383,2.372647143936489,-0.8262486457263015,1.5729226484933778,1.5395084845430351,0.0,1.0,0.0,0.0,0.0
0.6617062493271514,-0.09582659576267816,0.3127769246259642,-0.6126450797247531,-0.9720971351758327,-0.8904752785619348,-0.07652749167947431,-0.1448089388865984,0.7290842829904283,0.41234500058642726,0.6896207377832941,1.016421757301588,1.40368931392048,0.2779953641932311,-1.3704872002189816,-0.03405921682888675,2.0727428293090364,-1.4805058537554991,-0.9176133389111991,0.5425021059261845,0.0,1.0,0.0,0.0,0.0
0.042551568719807045,-0.09582659576267816,-0.8830805001534815,4.337029623407577,-0.9720971351758327,3.0937639718120957,0.6760587613629708,-1.1915090995073558,-1.3459502142205277,0.5506322009661904,1.1042231397657012,-0.8643454908549801,0.06863560903202695,-1.034644400568793,-0.3939579958117719,0.9513752173913862,0.18762999450790946,0.15736253097065425,0.9058147947242947,-2.4485170299243677,0.0,0.0,0.0,1.0,0.0
0.6617062493271514,-0.09582659576267816,-0.1399669084058166,-0.7504547350237893,-0.46300267436747095,-0.24336141683561885,-0.9931831960980804,0.1551559554974849,-0.20574766237183048,1.518642603624532,-0.13958406618152008,0.7599534961893285,0.06863560903202695,-0.2470605417115785,-1.3336043481387092,0.4557425137894733,-1.1569959436019859,0.43673138589050026,-0.6211209594582733,0.5425021059261845,0.0,1.0,0.0,0.0,0.0
-0.8300979410970113,-0.09582659576267816,-1.828366436742988,-0.9245347831413334,-0.9720971351758327,-0.8904752785619348,-0.03922847591021224,-1.1915090995073558,-0.8769177200832668,-0.8668116029263813,1.1042231397657012,1.4438688591553532,1.40368931392048,-1.4284363299974001,1.5937554418029023,0.6292139600501433,-0.17653953039685363,0.7626617166303205,1.231956412122513,0.5425021059261845,0.0,1.0,0.0,0.0,0.0
0.042551568719807045,-0.09582659576267816,0.3607530785194418,-0.06469080828991115,0.8334500183281028,-0.08086303155268702,-0.6213007926527069,-0.1448089388865984,0.13362533467213616,-1.4199604044454335,-0.9687888701463342,-1.0353243315964862,0.06863560903202695,0.2779953641932311,-0.912993419560285,-0.5646777583321106,-0.926300316965484,1.5103842400922602,0.26835617890050417,-0.4545042726906662,0.0,1.0,0.0,0.0,0.0
0.6617062493271514,-0.09582659576267816,-0.7528038190324013,0.12763670212427247,-0.9720971351758327,-0.09371801539856128,0.8769049541960607,-1.1915090995073558,-1.115004790666934,0.7926348016307757,-0.13958406618152008,-1.0353243315964862,1.40368931392048,-0.7721164476163882,-0.32247179825520017,1.3809235605130437,-0.4597824942116696,0.29187346111724705,0.43636852725716213,-0.4545042726906662,1.0,0.0,0.0,0.0,0.0
-0.8300979410970113,-0.09582659576267816,1.505993304704849,-0.011214053283368925,-0.43949251403106254,0.13679299403303533,-0.7790652219583272,0.6969229059737683,1.8829428220655497,-0.6939526024516773,-1.7979936741111484,-1.890218535304017,-1.266418095856426,0.40925934066943354,0.9264133065821336,-1.1247751076966253,-1.0262684218413018,1.2334499721433938,-1.0757426079527597,0.5425021059261845,0.0,0.0,1.0,0.0,0.0
0.6617062493271514,10.435516278555651,0.4082803198786484,-0.38557183438536874,-0.7996531493204204,-0.562648131899448,-0.7824321086195385,-0.24966352547884904,-0.17114927777343378,-0.5556654020719143,0.6896207377832941,1.6148476998968595,0.06863560903202695,0.540523317145636,-0.6811438658567499,-0.20162296677727368,1.5676408257259589,-0.7983730253340803,0.8811070964365508,-0.4545042726906662,0.0,0.0,0.0,1.0,0.0
-0.8300979410970113,-0.09582659576267816,-0.11044369693952864,-0.2660325564463406,-0.6047328020681741,-0.8904752785619348,-0.6873961477701244,-0.37267967964723286,-0.40904333086980166,0.6543476012510127,0.275018335800887,1.016421757301588,0.06863560903202695,-0.5095884946639834,0.609510490102019,-0.8058680044699397,0.9821816852092108,0.37747132575598724,0.9206394136969409,-0.4545042726906662,0.0,1.0,0.0,0.0,0.0
0.6617062493271514,-0.09582659576267816,1.016958208897383,-0.9245347831413334,-0.9720971351758327,-0.8904752785619348,-0.9750084530581542,0.8183517105916509,0.16127508972775864,0.20491420001678262,0.6896207377832941,0.6744640758185755,0.06863560903202695,0.8030512700980408,-1.6242517026234522,-0.3372698119735866,1.6443080941269617,-1.8603014212282307,0.8514578584912583,1.5395084845430351,1.0,0.0,0.0,0.0,0.0
1.5343557591439694,-0.09582659576267816,-0.77540963510039,1.590064865201409,2.1463323392404066,0.3311817282358754,2.8891349020880703,0.25914156367018515,-1.7642191091980768,0.9309220020105388,-0.13958406618152008,0.9309323369308347,1.40368931392048,-0.37832451818778096,-1.7430568889035507,2.1326331609759444,-1.0262684218413018,-1.3558854331785088,0.33753773410618687,-2.4485170299243677,0.0,0.0,1.0,0.0,0.0
-0.8300979410970113,-0.09582659576267816,-1.8652337755497168,0.1998236347280535,-0.9720971351758327,-0.8904752785619348,-0.563313175553508,-1.1915090995073558,-1.1900885932263556,-1.1088142035909665,0.6896207377832941,-0.1804301278889554,0.06863560903202695,-1.4284363299974001,3.241325403462125,0.6292139600501433,-0.17653953039685363,0.7626617166303205,-1.4908319391868556,-0.4545042726906662,0.0,0.0,1.0,0.0,0.0
-0.8300979410970113,-0.09582659576267816,-1.6412335319288258,2.1077504543284817,0.19423291235109347,-0.8904752785619348,0.8727857450413617,-1.1915090995073558,-1.4133615716598027,1.5532144037194726,-0.13958406618152008,-1.3772820130794987,0.06863560903202695,-1.2971723535211979,0.6902493337962321,0.17818819977240308,-0.686376865263522,1.610080576553852,-0.11214237473075066,-0.4545042726906662,0.0,0.0,1.0,0.0,0.0
0.042551568719807045,-0.09582659576267816,-1.03299820639567,-0.2795288980111129,-0.49430525727584895,-0.28315036931348475,0.4912500212909224,-1.1915090995073558,-0.34858060297330085,1.2766400029599465,-0.5541864681639271,0.3325063943355631,1.40368931392048,-1.034644400568793,0.6902493337962321,0.9513752173913862,-1.269048105111144,1.3679609022899857,-0.21097316788172593,-0.4545042726906662,0.0,1.0,0.0,0.0,0.0
-0.8300979410970113,-0.09582659576267816,0.8883095507761576,-0.9245347831413334,-0.9720971351758327,-0.8904752785619348,-0.9736506444477372,0.7625022778985887,0.5010341217463239,-0.8322398028314404,-0.5541864681639271,1.4438688591553532,0.06863560903202695,1.4593711524790527,-1.2150856057354817,-1.2789719488172202,-0.3726308130378807,0.7626617166303205,-0.2257977868543722,1.5395084845430351,0.0,0.0,1.0,0.0,0.0
0.042551568719807045,-0.09582659576267816,-0.39272537585368006,-0.7980332728386924,0.20146255613130157,-0.7713639339439975,-0.9077515040930808,-0.2945829510424179,-0.9708689820261935,-0.9359552031162628,1.1042231397657012,0.5889746554478223,0.06863560903202695,-0.6408524711401857,-0.5513429307548701,0.17818819977240308,0.3332978044698148,-0.0847571432932111,1.0688856034234038,1.5395084845430351,0.0,0.0,0.0,1.0,0.0
-0.8300979410970113,-0.09582659576267816,-1.141846756830402,-0.1678677634097166,-0.9720971351758327,-0.17801243181283566,1.283940000356272,-1.1915090995073558,-0.27615079086424443,-1.177957803780848,-0.13958406618152008,-0.4368983890012147,1.40368931392048,-1.2971723535211979,-0.9041732097449505,0.17818819977240308,-0.686376865263522,1.610080576553852,-1.1449241631584424,-1.4515106513075169,0.0,1.0,0.0,0.0,0.0
-0.8300979410970113,-0.09582659576267816,1.2798451229624275,-0.22078464811876963,0.6689115872181709,-0.22783793409821093,-0.6064010209546601,1.8053321518977248,1.3010433522300324,-0.48652180188203276,-0.9687888701463342,-0.09494070751820233,-1.266418095856426,0.1467313877170287,0.4434306122381187,-1.062132640991383,0.46075713818648206,-1.3558854331785088,0.9898209689026236,0.5425021059261845,1.0,0.0,0.0,0.0,0.0
1.1419599302953858,-0.09582659576267816,1.133119912995505,-0.9245347831413334,-0.6076713621430833,-0.7138359945557446,-0.876624266796758,0.2052124660083417,0.7601118440737882,1.1037810024852426,-0.5541864681639271,-0.009451287147449236,0.06863560903202695,1.3281071760028504,-1.630666767058685,-0.18263240844978926,0.12936287052314777,-0.0847571432932111,1.1627748569168304,0.5425021059261845,0.0,0.0,0.0,0.0,1.0
-0.8300979410970113,-0.09582659576267816,-0.7167171095799293,-0.9245347831413334,1.4036098057791992,3.998628637432066,1.68522889144903,1.5157523258338912,0.3273666375487928,0.20491420001678262,-0.5541864681639271,0.7599534961893285,0.06863560903202695,-1.1659083770449954,-1.0885283163418997,-0.12249564041275783,-1.0262684218413018,-0.6497030499088993,-1.401884225350978,-0.4545042726906662,1.0,0.0,0.0,0.0,0.0
-0.8300979410970113,-0.09582659576267816,-0.37121319220371624,0.6121135735928094,-0.08871474970161101,-0.20861606247150669,-0.525626300961989,-1.1915090995073558,0.5158482138965439,1.5532144037194726,-0.13958406618152008,1.4438688591553532,0.06863560903202695,-0.7721164476163882,-0.2923135586610216,-0.623635374054691,1.806161216306857,0.29187346111724705,-1.0955087665829546,-0.4545042726906662,0.0,0.0,1.0,0.0,0.0
0.6617062493271514,-0.09582659576267816,-0.4665140188556724,-0.6435169030178646,-0.5586978700479002,-0.6258743462638967,0.48006991497544904,-0.2945829510424179,-0.3848678905855663,0.032055199542078784,0.275018335800887,-0.009451287147449236,1.40368931392048,-0.6408524711401857,0.9632511793809815,1.0802397203278835,-0.686376865263522,-0.0847571432932111,0.39189467033922326,0.5425021059261845,0.0,1.0,0.0,0.0,0.0
-0.8300979410970113,-0.09582659576267816,0.8090800948975481,-0.6022296416781722,-0.654626042798354,-0.7482340399416465,0.2805264124235572,0.011479854967848986,0.5898704202758195,0.5160604008712496,0.275018335800887,0.07603813322330386,0.06863560903202695,0.9343152465742431,-1.124723288455053,-1.2158914229042492,1.4456701714516373,-0.0077190651183445536,0.396836209996772,0.5425021059261845,1.0,0.0,0.0,0.0,0.0
-0.8300979410970113,-0.09582659576267816,-0.28016085073764807,0.32483215295688683,1.171349745527501,0.568684465939902,1.9430904422955184,-0.083099853583399,-0.22804118215489783,1.4494990034346502,-0.5541864681639271,0.3325063943355631,0.06863560903202695,-0.9033804240925906,-0.9982702778883646,-0.4983504406442075,-0.17653953039685363,0.7626617166303205,-0.2603885644572136,-1.4515106513075169,0.0,1.0,0.0,0.0,0.0
0.042551568719807045,-0.09582659576267816,0.9765175857429361,-0.3567439386338005,-0.7850426185725052,-0.8904752785619348,-1.082247756148735,-0.24966352547884904,0.8914602441809512,-1.3162450041606113,1.1042231397657012,-0.009451287147449236,0.06863560903202695,0.540523317145636,-1.0607314956740592,-0.6763869249643686,-0.0423718106950989,0.9856666797680916,0.5006085428052961,0.5425021059261845,0.0,1.0,0.0,0.0,0.0
-0.8300979410970113,-0.09582659576267816,0.8665961247936927,-0.7658974954757013,-0.4790891256332826,-0.2456948454156312,-0.3382285258893095,1.6823159977293412,1.2767231488303226,0.7926348016307757,-1.7979936741111484,-0.2659195482597085,-1.266418095856426,-0.11579656523537611,0.11138357836280854,-0.9815923266560724,-0.5407090553016178,-0.447936654689011,-1.3277611304877466,1.5395084845430351,0.0,1.0,0.0,0.0,0.0
0.6617062493271514,-0.09582659576267816,0.9221825535826393,1.5224216659507819,2.181207531865915,1.5503356774183064,-0.5351762817549581,0.6969229059737683,0.3651498106876277,-1.489104004635315,-0.13958406618152008,0.6744640758185755,0.06863560903202695,1.5906351289552552,-1.1631181396241668,-0.623635374054691,-0.4597824942116696,0.29187346111724705,1.5037410932876951,-1.4515106513075169,0.0,0.0,0.0,0.0,1.0
1.1419599302953858,-0.09582659576267816,-0.31435696851063394,-0.2576601719577463,0.07781673993143795,0.44407827584505055,0.10971429754048362,-0.4382590515720541,0.15403693395403548,-1.6965348052049596,-0.5541864681639271,-0.6933666501134739,1.40368931392048,-0.37832451818778096,0.643516259244163,1.3809235605130437,-1.0262684218413018,0.05647933336071082,-0.3098039610327012,-0.4545042726906662,0.0,1.0,0.0,0.0,0.0
0.6617062493271514,10.435516278555651,0.6861076542002693,1.6045921032318253,0.8675208719464031,0.923641762839817,-0.042097628172218876,-0.37267967964723286,0.3134693784632443,0.5852040010611311,0.6896207377832941,0.8454429165600816,0.06863560903202695,0.9343152465742431,-0.2072969713871751,-0.3958445860356308,1.4456701714516373,-0.39290945599267774,0.8218086205459657,-0.4545042726906662,0.0,1.0,0.0,0.0,0.0
0.042551568719807045,-0.09582659576267816,-0.2370804423720252,-0.6242096051560658,-0.676222061297751,-0.4215451620610487,-0.4309247199490011,0.3805703682880689,-0.009883167134881729,-0.24451920121744736,-0.5541864681639271,0.9309323369308347,0.06863560903202695,-0.5095884946639834,-0.8109608148917739,0.014178832398679007,0.05520471272435914,-0.39290945599267774,-0.858314863020614,0.5425021059261845,0.0,1.0,0.0,0.0,0.0
0.042551568719807045,-0.09582659576267816,-1.4729046643241483,0.30529797353729543,0.7962939929080777,0.8204402871730347,2.622852553789202,0.25914156367018515,-1.7530723493065432,0.3777732004914865,0.6896207377832941,-0.8643454908549801,0.06863560903202695,-1.1659083770449954,0.0781968090175197,1.3809235605130437,-1.0262684218413018,-0.6497030499088993,1.3505533639036833,-0.4545042726906662,1.0,0.0,0.0,0.0,0.0
-0.8300979410970113,-0.09582659576267816,0.9297660942109888,-0.7439006666485567,0.11543505757749531,-0.7203937321214685,-1.184776742901236,0.7970366351419088,0.7247413895261944,0.5160604008712496,-1.7979936741111484,1.016421757301588,-1.266418095856426,0.2779953641932311,3.1482193637885483,-1.0952962998353346,-0.926300316965484,1.0119025577843004,-0.1862654695939821,0.5425021059261845,0.0,0.0,0.0,1.0,0.0
0.6617062493271514,-0.09582659576267816,0.6171531527514131,-0.5547163394717554,-0.8029068832436288,-0.7289473630485424,-0.7339517333371228,0.3805703682880689,-0.03145287134057675,1.3112118030548872,1.1042231397657012,1.101911177672341,0.06863560903202695,0.9343152465742431,-1.011243920698081,-0.3958445860356308,1.9091586576940625,-1.5484806286156756,0.6933285894496979,0.5425021059261845,0.0,1.0,0.0,0.0,0.0
-0.8300979410970113,-0.09582659576267816,1.2250461978457896,0.21811608631700063,-0.7902235814429283,-0.17341475268894996,-1.184776742901236,1.6058066186750264,1.592451503680127,1.6223580039093541,-1.3833912721287414,0.3325063943355631,-1.266418095856426,1.4593711524790527,1.87529053885522,-1.2789719488172202,-0.3726308130378807,-0.21512927558913952,-0.6655948163762122,1.5395084845430351,0.0,1.0,0.0,0.0,0.0
-0.8300979410970113,-0.09582659576267816,-1.255757540362953,3.9171284132345825,-0.9720971351758327,4.329901370609088,0.45506811624070576,-1.1915090995073558,-1.6052209540352913,-1.661963005110019,0.6896207377832941,-1.804729114933264,-1.266418095856426,-1.1659083770449954,-0.31831562397865576,-0.12249564041275783,0.6731893610475937,0.7626617166303205,-0.5469978645950418,-0.4545042726906662,0.0,1.0,0.0,0.0,0.0
-0.8300979410970113,-0.09582659576267816,-1.1685905636340725,-0.9245347831413334,-0.9720971351758327,-0.8904752785619348,0.8344612343218255,0.5242464688177053,-0.5387993367067455,0.17034239992184186,-0.13958406618152008,1.016421757301588,1.40368931392048,-1.2971723535211979,-1.3564685843413273,0.17818819977240308,-0.686376865263522,-0.0847571432932111,-1.0905672269254059,1.5395084845430351,0.0,0.0,0.0,1.0,0.0
0.042551568719807045,-0.09582659576267816,-0.49638213658448327,-0.4857600771395004,-0.6470722081345791,-0.6140261128482102,-0.17082042937643677,-1.1915090995073558,-0.7382829098305559,0.1357705998269011,0.6896207377832941,0.3325063943355631,0.06863560903202695,-0.7721164476163882,-0.49178121352076537,0.37864409322917636,0.6731893610475937,0.29187346111724705,0.24364848061276034,-0.4545042726906662,0.0,0.0,0.0,1.0,0.0
0.042551568719807045,-0.09582659576267816,0.18502980658778914,-0.7626333172728021,-0.8124095453163808,-0.7380320290775589,-0.6016529632273315,-0.5841627771062523,-0.4537751335514108,1.6223580039093541,0.6896207377832941,1.016421757301588,0.06863560903202695,0.015467411240826293,-1.4826455209966691,-0.4231794805979177,0.6731893610475937,0.48018876332247656,-0.4629916904167129,-0.4545042726906662,0.0,0.0,0.0,1.0,0.0
0.042551568719807045,10.435516278555651,0.4615082192697582,1.5481518707831445,1.3692615634598757,1.5870074476570915,-0.5267998831784428,0.6969229059737683,0.6818915073457532,0.30862960030160497,-1.7979936741111484,1.187400598043094,0.06863560903202695,0.40925934066943354,-0.6326825454502315,-0.623635374054691,-1.5927543494709329,1.2334499721433938,0.4264854479420646,-0.4545042726906662,0.0,0.0,0.0,1.0,0.0
0.042551568719807045,-0.09582659576267816,0.9177195571310407,-0.23489326039075825,-0.30356949148375456,-0.3084130469132294,-0.43532185633965903,1.666325166714594,1.2269728914789322,-1.2816732040656704,-0.5541864681639271,-0.2659195482597085,0.06863560903202695,2.1156910348600646,-0.1725353721594331,-1.043946118399539,-0.4232350150097581,-0.4674624348715803,-0.5371147852799444,-0.4545042726906662,0.0,0.0,0.0,1.0,0.0
-0.8300979410970113,-0.09582659576267816,1.3629531454443709,-0.36558356947995657,-0.7952152989215086,-0.719351642220817,-0.8758291602668753,2.165016765596492,1.1243840969793626,1.0000656022004204,-0.9687888701463342,-0.009451287147449236,-1.266418095856426,0.8030512700980408,1.6065554794835046,-1.1963664982169009,-0.29792937203177566,-1.0532358403486761,0.5944977962987226,-0.4545042726906662,0.0,0.0,0.0,1.0,0.0
1.5343557591439694,-0.09582659576267816,0.04632066597770708,-0.5297874147926969,-0.6796857157338322,-0.09437669532734363,1.2707314417014566,-0.5841627771062523,0.24629929288309338,0.5160604008712496,0.275018335800887,-0.2659195482597085,1.40368931392048,0.015467411240826293,-0.9488816797158692,1.3809235605130437,-0.0065937521079647175,-0.6497030499088993,1.2467810310951595,-0.4545042726906662,0.0,1.0,0.0,0.0,0.0
1.1419599302953858,-0.09582659576267816,-0.4616607623073289,0.3010397384175178,-0.6631524158434644,0.9947183657753638,0.26706367810335946,-0.37267967964723286,-0.45633261525812635,-0.7976680027364996,0.275018335800887,-0.5223878093719677,1.40368931392048,-0.5095884946639834,0.5934451079383745,1.6542725061359163,-0.8717722597604928,-0.39290945599267774,0.060811513283456076,-0.4545042726906662,0.0,0.0,1.0,0.0,0.0
-0.8300979410970113,-0.09582659576267816,0.44251312842440893,1.9373462089752573,-0.11785421517548837,-0.4075717549437599,-0.5087451692495298,-0.1448089388865984,0.47975394377157776,-1.4199604044454335,-0.9687888701463342,0.3325063943355631,0.06863560903202695,0.2779953641932311,-0.670124013730792,-1.0952962998353346,-0.32649168771057996,1.5103842400922602,-0.03307774020997043,-0.4545042726906662,0.0,0.0,1.0,0.0,0.0
1.5343557591439694,-0.09582659576267816,-0.40596617376140415,-0.9245347831413334,-0.9720971351758327,-0.8904752785619348,-0.9023543074402927,-0.49410848426511644,-0.8679906612956749,-0.0025166005528619827,1.5188255417481082,0.5034852350770693,1.40368931392048,-0.2470605417115785,-1.1643158352700913,1.8435140838748285,-0.3726308130378807,-0.8669899370687788,1.6618703623292554,1.5395084845430351,0.0,0.0,0.0,1.0,0.0
-0.8300979410970113,-0.09582659576267816,1.1941979698130099,-0.9245347831413334,-0.09622602989891468,-0.5459814620493432,-0.8828324022857196,1.8053321518977248,0.8234698342797783,0.2394860001117234,-1.3833912721287414,-1.890218535304017,-1.266418095856426,1.196843199526648,0.5494652155899364,-1.2500600411071086,-1.0262684218413018,0.05647933336071082,-0.4333424524714203,1.5395084845430351,0.0,0.0,0.0,1.0,0.0
0.042551568719807045,-0.09582659576267816,-0.6006467686873634,-0.9245347831413334,-0.5935993160513751,-0.7287122393694867,1.0489441833501436,0.9084060034327873,-0.8318963911707088,0.20491420001678262,0.6896207377832941,0.5034852350770693,0.06863560903202695,-0.9033804240925906,-0.4510215394753517,0.6292139600501433,-0.17653953039685363,-1.3558854331785088,0.8514578584912583,-0.4545042726906662,0.0,0.0,1.0,0.0,0.0
0.6617062493271514,-0.09582659576267816,-0.6824445864433732,6.323924823091368,-0.4061484565971716,0.17838376807085246,2.595906685142839,-0.2945829510424179,-2.0593428472786823,-0.8322398028314404,1.1042231397657012,-1.4627714334502517,0.06863560903202695,-0.6408524711401857,-1.778737654420015,1.0802397203278835,0.3332978044698148,-0.9321760032167431,1.5926888071235727,-2.4485170299243677,0.0,0.0,1.0,0.0,0.0
-0.8300979410970113,-0.09582659576267816,-1.6144897251251553,3.3069033237497627,0.6792544340312867,-0.16403902469554688,2.158397526162498,-1.1915090995073558,-1.2251212671711758,0.032055199542078784,1.1042231397657012,-0.35140896863046156,0.06863560903202695,-1.4284363299974001,-0.7192201946941732,0.6292139600501433,-0.17653953039685363,0.7626617166303205,-0.3641608972657376,-0.4545042726906662,0.0,1.0,0.0,0.0,0.0
-0.8300979410970113,-0.09582659576267816,0.7134040937291293,0.5403589735874025,-0.11154618742937437,1.7725185623658046,-0.6339749122511259,1.4082014204835467,1.2391812475506119,1.207496402770065,-0.5541864681639271,1.016421757301588,-1.266418095856426,0.9343152465742431,-0.8968982779873486,-1.2158914229042492,-0.4082837735180672,-0.0077190651183445536,0.816867080888417,-1.4515106513075169,1.0,0.0,0.0,0.0,0.0
0.042551568719807045,-0.09582659576267816,-0.7831145720681996,-0.6997218555023589,-0.6409159079288922,-0.6787958287710951,1.5615547185450784,0.06510166265634933,-0.5503803859447026,-0.6593808023567366,1.1042231397657012,-1.0353243315964862,1.40368931392048,-1.034644400568793,-1.3660059464948107,0.9513752173913862,0.18762999450790946,-1.0532358403486761,-0.09731775575810436,-0.4545042726906662,0.0,1.0,0.0,0.0,0.0
1.1419599302953858,-0.09582659576267816,-0.7602561300017173,-0.7071743719995301,-0.49430525727584895,-0.4833874574285732,-0.4830718339824802,-0.37267967964723286,-0.8772072463142158,1.1037810024852426,-0.13958406618152008,0.9309323369308347,1.40368931392048,-0.5095884946639834,-0.5746592174131067,1.6542725061359163,-0.8717722597604928,-0.39290945599267774,-0.3641608972657376,1.5395084845430351,0.0,0.0,0.0,0.0,1.0
0.042551568719807045,-0.09582659576267816,1.0074913730255313,-0.7312072608276783,-0.4190607970762241,-0.7084418697959607,-1.0779193478090077,0.5242464688177053,1.129885095367392,0.8617784018206572,-0.9687888701463342,0.8454429165600816,0.06863560903202695,0.6717872936218383,-0.8155941795482183,-0.7238633207830776,-0.17653953039685363,0.33895228666855465,0.36224543239393064,1.5395084845430351,0.0,1.0,0.0,0.0,0.0
-0.8300979410970113,-0.09582659576267816,0.7321335516663782,-0.5640314057509743,-0.6171137636605533,-0.731294124706599,-0.5976282648920804,-0.37267967964723286,0.46648399151975195,0.9309220020105388,0.275018335800887,1.187400598043094,-1.266418095856426,0.9343152465742431,-0.9574516942455258,-1.2158914229042492,2.372647143936489,-0.39290945599267774,-0.4629916904167129,1.5395084845430351,0.0,0.0,1.0,0.0,0.0
0.042551568719807045,-0.09582659576267816,-1.0219104878469938,1.2123924930247931,-0.5020129256597933,-0.2929476455300051,2.799647545620239,0.06510166265634933,-1.4041449866412619,-0.451950001787092,-0.13958406618152008,-1.4627714334502517,0.06863560903202695,-1.034644400568793,-0.4206188317857395,0.9513752173913862,0.18762999450790946,-1.0532358403486761,1.2912548880130983,-0.4545042726906662,0.0,1.0,0.0,0.0,0.0
1.5343557591439694,-0.09582659576267816,0.25949058337162495,-0.7793613046033107,-0.8288886434930884,-0.573081338550131,0.22335108431114561,-0.6827040103583218,0.15022483857987462,0.5160604008712496,-0.5541864681639271,-0.5223878093719677,0.06863560903202695,0.40925934066943354,-1.6789444605323696,0.8797838268711102,-0.4597824942116696,0.29187346111724705,-0.17638239027888458,0.5425021059261845,0.0,1.0,0.0,0.0,0.0
0.6617062493271514,-0.09582659576267816,-0.9105424530651017,-0.9245347831413334,-0.9720971351758327,-0.8904752785619348,-0.8868772195118517,-1.1915090995073558,-0.6352598259845629,0.446916800681368,0.6896207377832941,1.187400598043094,1.40368931392048,-0.7721164476163882,-0.43913330121210586,1.3809235605130437,0.6731893610475937,-0.6497030499088993,-1.298111892542454,0.5425021059261845,0.0,1.0,0.0,0.0,0.0
1.5343557591439694,-0.09582659576267816,-0.2582804815136905,-0.41090463512933634,-0.44217158184172806,-0.7927349448562692,-0.7893639879960522,-1.1915090995073558,-0.34722948056220587,0.1357705998269011,1.1042231397657012,-0.1804301278889554,1.40368931392048,-0.11579656523537611,0.5181529322711517,1.595697732073872,0.9159690443174356,-1.0532358403486761,0.7180362877374417,-0.4545042726906662,1.0,0.0,0.0,0.0,0.0
-0.8300979410970113,-0.09582659576267816,-1.3039102235417177,-0.9245347831413334,-0.2611587355570234,-0.4331248750080724,-0.3984593257651794,-1.1915090995073558,-0.6475646907998923,1.2766400029599465,-0.13958406618152008,-1.4627714334502517,0.06863560903202695,-1.2971723535211979,0.21590862709273062,0.17818819977240308,-0.686376865263522,1.610080576553852,0.055869973625907315,1.5395084845430351,0.0,0.0,0.0,1.0,0.0
0.6617062493271514,-0.09582659576267816,-1.0002616960293953,0.5777917480784672,0.7698367060386919,-0.028843167092026997,0.7109070361756267,-1.1915090995073558,-0.4647288759556452,-1.177957803780848,-0.5541864681639271,-0.778856070484227,0.06863560903202695,-0.6408524711401857,-0.9876905810732988,1.0802397203278835,0.3332978044698148,-0.0847571432932111,-1.0559764493225645,-0.4545042726906662,1.0,0.0,0.0,0.0,0.0
0.042551568719807045,-0.09582659576267816,-1.1288581799969317,0.178796463234654,-0.15479806813664818,0.1483998147110405,0.002509204648615815,-1.1915090995073558,-1.1190099035283942,0.6197758011560719,1.1042231397657012,-1.2063031723379924,0.06863560903202695,-1.034644400568793,0.9508760957212327,0.9513752173913862,0.18762999450790946,0.15736253097065425,0.5500239393807836,-0.4545042726906662,0.0,0.0,0.0,1.0,0.0
-0.8300979410970113,-0.09582659576267816,-1.3207476139791103,-0.9245347831413334,-0.9720971351758327,-0.4215451620610487,1.5166572599750403,-1.1915090995073558,-0.6862646970033988,-0.07166020074274353,0.275018335800887,-0.6078772297427208,0.06863560903202695,-1.2971723535211979,-0.14375630436377154,0.17818819977240308,-0.686376865263522,1.610080576553852,-1.4611827012415632,1.5395084845430351,0.0,0.0,0.0,1.0,0.0
1.1419599302953858,-0.09582659576267816,0.7270763245310113,-0.9245347831413334,0.07539661224727295,2.2160437456553983,-0.9840451504342498,-0.46725938819848106,0.6323825218534869,-0.07166020074274353,0.275018335800887,-0.1804301278889554,0.06863560903202695,1.3281071760028504,0.8080979565797105,-0.18263240844978926,0.5372327384164823,0.25421040067620143,-1.5797796530227335,-0.4545042726906662,0.0,1.0,0.0,0.0,0.0
-0.8300979410970113,-0.09582659576267816,-0.5118215810786616,-0.7737990489296056,-0.7496295049134235,-0.8904752785619348,-0.30164076584235705,-0.083099853583399,0.17526885755695676,1.1037810024852426,-0.9687888701463342,1.101911177672341,0.06863560903202695,-0.9033804240925906,-0.831810955845774,-0.4983504406442075,-0.17653953039685363,0.7626617166303205,-1.3870596063783316,0.5425021059261845,0.0,0.0,0.0,1.0,0.0
-0.8300979410970113,-0.09582659576267816,1.2081272867356396,-0.7444518922925057,-0.11343557779367687,-0.5528884680213827,-0.6895913538534137,0.9084060034327873,1.6063487627656754,1.6915016040992357,-1.3833912721287414,-0.2659195482597085,-1.266418095856426,1.196843199526648,0.043779911329166074,-1.2500600411071086,-0.6014039761190779,0.7626617166303205,-0.42345937315632276,-0.4545042726906662,0.0,0.0,0.0,1.0,0.0
-0.8300979410970113,-0.09582659576267816,-1.4117999554451786,1.2633754599460219,2.10696093798363,-0.8904752785619348,0.02454092937829412,-1.1915090995073558,-1.1062707493666415,0.2394860001117234,1.1042231397657012,-1.719239694562511,0.06863560903202695,-1.2971723535211979,1.0888549696815273,0.17818819977240308,-0.686376865263522,1.610080576553852,0.031162275338163493,-0.4545042726906662,0.0,1.0,0.0,0.0,0.0
1.1419599302953858,-0.09582659576267816,-0.40596617376140415,0.4498658962999656,-0.9720971351758327,-0.4093638066364609,-0.6952499040331207,-0.4382590515720541,-0.3572663899017687,-0.03708840064780275,0.275018335800887,1.4438688591553532,1.40368931392048,-0.37832451818778096,-0.14787146376258706,1.3809235605130437,-1.0262684218413018,0.05647933336071082,-0.7001855939790536,-0.4545042726906662,0.0,0.0,1.0,0.0,0.0
-0.8300979410970113,-0.09582659576267816,-1.7284005086577061,4.019050491301321,0.973635087443457,3.7643077976524943,0.26706367810335946,-1.1915090995073558,-1.2502617948919075,-1.0742424034960258,0.6896207377832941,-1.2917925927087455,0.06863560903202695,-1.2971723535211979,-1.2458351833609185,0.17818819977240308,-0.686376865263522,1.610080576553852,-0.9472625768564917,-2.4485170299243677,0.0,0.0,1.0,0.0,0.0
0.042551568719807045,-0.09582659576267816,-0.9199478389602104,-0.6494125772891798,-0.36905880055322093,-0.8904752785619348,0.11283907193583191,-1.1915090995073558,0.3592627773249995,0.8617784018206572,-0.5541864681639271,0.16152755359405693,2.738743018808933,-1.034644400568793,-0.645921671002365,0.9513752173913862,0.18762999450790946,0.15736253097065425,-0.41851783349877403,1.5395084845430351,0.0,1.0,0.0,0.0,0.0
-0.8300979410970113,-0.09582659576267816,0.802295166614125,1.2679814231021118,-0.12212324331874261,1.339083180766381,-0.41450295420470656,2.205843735436583,1.2067060553125073,0.6543476012510127,-1.7979936741111484,0.5889746554478223,0.06863560903202695,1.0655792230504455,-0.6906376432907141,-1.233718528053567,-0.5090421400925079,-0.8953317049591984,-1.569896573707636,-0.4545042726906662,0.0,0.0,1.0,0.0,0.0
-0.8300979410970113,-0.09582659576267816,0.6425192697838698,0.43815080144556734,0.9633844034188196,-0.8904752785619348,-0.5175335187247374,1.2774965167530068,0.6940516090456081,-0.451950001787092,-1.7979936741111484,1.8713159610091186,-1.266418095856426,-0.6408524711401857,1.06766327764712,-0.7238633207830776,-1.7060515349968592,0.7626617166303205,-1.401884225350978,0.5425021059261845,0.0,0.0,0.0,1.0,0.0
1.1419599302953858,-0.09582659576267816,0.16217136452130623,-0.42651028216678627,-0.48225784299710084,-0.26783680890789996,0.1267694421102211,-0.083099853583399,-1.154911156166061,1.4149272033397096,1.1042231397657012,-0.778856070484227,0.06863560903202695,0.1467313877170287,0.7829166269251212,0.6292139600501433,1.0980538067698178,-1.3558854331785088,1.6816365209594506,1.5395084845430351,0.0,0.0,0.0,1.0,0.0
3.6453146301754766,-0.09582659576267816,-2.3378767438444696,1.3923655422121313,0.7441603174739571,1.2910726921963707,0.09583726638573888,-1.1915090995073558,-2.4072568681356423,0.5506322009661904,6.079451963554586,-0.1804301278889554,-1.266418095856426,0.015467411240826293,1.0290641242987335,7.394600364216249,-2.7257262047301962,-3.474432582987338,-1.5402473357623434,-0.4545042726906662,1.0,0.0,0.0,0.0,0.0
1.1419599302953858,-0.09582659576267816,-0.5716262330023884,1.7021501659478544,-0.024032956359447414,2.7696124070607784,1.9659081892510057,0.3805703682880689,-2.128829142706425,0.4814886007763088,1.5188255417481082,-1.9757079556747703,0.06863560903202695,-0.5095884946639834,-0.7902858852062951,1.6542725061359163,0.05520471272435914,-1.933671019490008,1.0837102223960502,-2.4485170299243677,0.0,0.0,1.0,0.0,0.0
-0.8300979410970113,-0.09582659576267816,-1.7284005086577061,-0.9245347831413334,-0.9720971351758327,-0.8904752785619348,0.7109070361756267,0.9084060034327873,-0.5354215306790081,1.1383528025801835,-0.13958406618152008,0.07603813322330386,1.40368931392048,-1.4284363299974001,-0.08418447306662867,0.6292139600501433,-2.7257262047301962,0.7626617166303205,0.4759008445175522,-0.4545042726906662,0.0,0.0,0.0,1.0,0.0
-0.8300979410970113,-0.09582659576267816,-2.201043476952459,-0.9245347831413334,-0.9720971351758327,-0.8904752785619348,-0.14850228448805688,-1.1915090995073558,-1.5050448781269627,0.4814886007763088,1.1042231397657012,-0.35140896863046156,0.06863560903202695,-1.4284363299974001,1.2323529986002346,0.6292139600501433,-0.17653953039685363,0.7626617166303205,-1.2684626545971613,1.5395084845430351,0.0,0.0,0.0,1.0,0.0
0.6617062493271514,-0.09582659576267816,0.8561749387719195,-0.5441184244196698,-0.7934879930024746,-0.8904752785619348,-0.9745102445931656,-0.20000324249116966,0.6509122006342181,0.20491420001678262,0.275018335800887,-0.5223878093719677,0.06863560903202695,1.5906351289552552,-0.9087614760572991,-0.623635374054691,0.29553207596117265,0.605732298125962,-1.569896573707636,-0.4545042726906662,0.0,1.0,0.0,0.0,0.0
-0.8300979410970113,-0.09582659576267816,1.167232377459663,-0.5566062274215754,-0.6159950553675475,-0.5440409562343137,-0.8776981118043324,0.1551559554974849,0.885573210818323,0.5160604008712496,-0.9687888701463342,0.3325063943355631,-1.266418095856426,-0.2470605417115785,0.7008372959994356,-0.9320290562958812,0.41173431752622563,0.43673138589050026,-0.23568086616946973,1.5395084845430351,0.0,1.0,0.0,0.0,0.0
1.1419599302953858,-0.09582659576267816,0.8693484177996816,-0.3769987607874771,-0.79688845018679,-0.015269146509788284,-0.860840595167591,0.3546814887201828,0.7632001238705768,0.06662699963701955,-0.5541864681639271,1.4438688591553532,1.40368931392048,1.7218991054314576,0.10278820510237933,-0.3372698119735866,-0.5407090553016178,0.4600121238004878,-0.02813620055242167,-0.4545042726906662,0.0,1.0,0.0,0.0,0.0
0.042551568719807045,-0.09582659576267816,1.1641197814678934,-0.17976561825033943,0.0845931745605421,-0.18921521891589232,-0.994456411320537,1.2348179774454915,1.261812547936453,1.656929804004295,0.275018335800887,0.16152755359405693,0.06863560903202695,2.509482964288672,-0.6109412808739368,-1.0952962998353346,0.5732212561717768,-0.7327833302935589,0.6834455101346003,1.5395084845430351,0.0,1.0,0.0,0.0,0.0
0.042551568719807045,-0.09582659576267816,0.7720877208531954,-0.3164557289397294,-0.7534807925637251,2.8946973314370066,-0.32228306070321994,0.3378918289805533,1.1146367138707487,1.484070803529591,-0.5541864681639271,-0.2659195482597085,0.06863560903202695,0.2779953641932311,1.960410827493981,-0.5646777583321106,1.4729342000541326,-0.9820241714475394,-0.31474550069025,-0.4545042726906662,0.0,1.0,0.0,0.0,0.0
0.042551568719807045,-0.09582659576267816,0.8239202816433578,-0.44294490503732914,-0.815918290198583,-0.43701968109023526,0.4845529761553927,1.9162639093727498,0.7962543685705792,0.06662699963701955,0.275018335800887,0.5034852350770693,0.06863560903202695,1.0655792230504455,-0.9424874583666841,-0.8415222147685755,0.8209682986901059,-2.000660652685544,-0.49264092836200546,-0.4545042726906662,1.0,0.0,0.0,0.0,0.0
1.1419599302953858,-0.09582659576267816,0.28098190326678024,-0.9245347831413334,-0.8333213553637774,-0.4093638066364609,-0.6024000448529238,-0.20000324249116966,0.17087770972089802,0.7926348016307757,0.6896207377832941,-0.09494070751820233,1.40368931392048,0.40925934066943354,-0.32781616111080536,0.37864409322917636,1.2396752886772258,-1.120491305421972,1.7063442192471945,1.5395084845430351,0.0,1.0,0.0,0.0,0.0
0.042551568719807045,-0.09582659576267816,0.5120409386046971,-0.4281859001292972,-0.4838991531930082,-0.8904752785619348,1.8920341364066595,0.9084060034327873,0.5479373711600499,-0.34823460150226965,0.275018335800887,1.187400598043094,0.06863560903202695,0.1467313877170287,-1.369190483091204,-0.4983504406442075,1.7353504753531535,-1.885522220630716,1.6865780606169993,-1.4515106513075169,0.0,1.0,0.0,0.0,0.0
0.042551568719807045,-0.09582659576267816,0.5719518105872836,1.4162194073115923,2.4196673789964036,1.5683066460940889,-0.150044395324452,-0.24966352547884904,1.0892549142908927,-0.0025166005528619827,-1.3833912721287414,-0.5223878093719677,0.06863560903202695,0.540523317145636,-0.9292959362500463,-0.6763869249643686,-0.5790426895021192,1.431676606043635,-1.5105980978170508,-0.4545042726906662,0.0,1.0,0.0,0.0,0.0
-0.8300979410970113,-0.09582659576267816,-1.6690692199369324,-0.9245347831413334,-0.9720971351758327,-0.8904752785619348,1.3355216403324779,-1.1915090995073558,-0.5916378738549246,-0.9705270032112036,0.275018335800887,-0.6078772297427208,1.40368931392048,-1.4284363299974001,-1.3131772535229063,0.6292139600501433,-0.17653953039685363,0.7626617166303205,-1.2437549563094175,-0.4545042726906662,0.0,1.0,0.0,0.0,0.0
-0.8300979410970113,-0.09582659576267816,1.4361268360525377,-0.3881380879858173,0.36487728033707123,0.5851776757021689,-0.5996850307681054,1.308917586971645,1.208105432095427,1.4494990034346502,-1.3833912721287414,-0.009451287147449236,-1.266418095856426,1.0655792230504455,1.3550934510086874,-1.233718528053567,-0.9523789530200455,0.5784402253425962,-0.18132392993643334,-0.4545042726906662,0.0,0.0,0.0,1.0,0.0
0.042551568719807045,-0.09582659576267816,-1.1685905636340725,-0.9245347831413334,0.17133998267735515,-0.14950646196060804,2.5367822131038142,0.25914156367018515,-0.7603351577544991,-0.41737820169215123,-0.13958406618152008,-0.35140896863046156,1.40368931392048,-1.1659083770449954,-0.6926681784588757,1.3809235605130437,-1.0262684218413018,-0.6497030499088993,-1.5451888754198921,1.5395084845430351,1.0,0.0,0.0,0.0,0.0
-0.8300979410970113,-0.09582659576267816,1.2673192884236608,-0.7374533226642216,-0.7849172504679509,-0.5398303359515749,-0.877466025728572,-0.1448089388865984,1.885307286284966,1.6915016040992357,-1.3833912721287414,-1.2063031723379924,-1.266418095856426,0.2779953641932311,1.05134705318507,-1.0952962998353346,0.8731255707992283,0.51342087547634,0.24364848061276034,1.5395084845430351,1.0,0.0,0.0,0.0,0.0
-0.8300979410970113,-0.09582659576267816,1.2768296192464823,-0.37614355929791893,-0.26269733930060946,-0.1952613489852494,-0.9640349276796839,1.250647420686372,1.0535466791405252,1.2420682028650056,-0.9687888701463342,-1.1208137519672394,-1.266418095856426,1.5906351289552552,-0.14965074554256283,-1.2918216855772695,-0.08212520912524905,-0.02198537589146839,-0.7298348319243462,0.5425021059261845,0.0,0.0,0.0,1.0,0.0
0.6617062493271514,-0.09582659576267816,-1.1823663789615313,-0.9245347831413334,-0.9720971351758327,-0.8904752785619348,0.6836913713175412,-1.1915090995073558,-0.9729439200146608,-0.3136628014073289,1.1042231397657012,0.7599534961893285,1.40368931392048,-0.9033804240925906,-0.15678764246002155,1.756778360744494,-0.17653953039685363,-0.2966118582740942,0.021279196023065966,-0.4545042726906662,0.0,1.0,0.0,0.0,0.0
0.042551568719807045,-0.09582659576267816,-0.8148356248134944,-0.9245347831413334,-0.9720971351758327,-0.44946039003621857,1.474657584634725,0.06510166265634933,-0.2160740979423422,-1.627391205015078,0.6896207377832941,1.4438688591553532,1.40368931392048,-1.034644400568793,-0.844622488239196,0.9513752173913862,0.18762999450790946,-1.0532358403486761,-1.1795149407612837,-0.4545042726906662,0.0,0.0,1.0,0.0,0.0
-2.321902131521174,-0.09582659576267816,1.298395768284981,0.7067818303445765,0.41527762901048926,0.6455404959930497,-1.028249584324896,2.053647397305614,1.554378804310343,1.0000656022004204,-1.7979936741111484,-0.5223878093719677,-1.266418095856426,0.2779953641932311,-0.14241257884579045,-1.6259148413385582,-0.32649168771057996,-0.4835424891395794,-0.4432255317865178,-0.4545042726906662,1.0,0.0,0.0,0.0,0.0
2.8388924536477904,-0.09582659576267816,0.7168479377488347,-0.7762608369384493,-0.8258339574023004,-0.7508634347050435,0.48929116128494404,0.024451051766945328,0.08498492787271651,-0.2790910013123881,1.1042231397657012,0.5034852350770693,1.40368931392048,1.85316308190766,-0.46163550251492025,1.484607643335513,0.4387813909939533,-1.7211521831455485,1.4296179984244637,1.5395084845430351,0.0,1.0,0.0,0.0,0.0
0.6617062493271514,-0.09582659576267816,-0.8067659487803038,-0.009443414004168291,0.03322191785514721,0.7944812776602752,2.3246261660459573,-0.20000324249116966,-1.5422489988038999,1.5532144037194726,0.6896207377832941,-0.09494070751820233,0.06863560903202695,-0.7721164476163882,-1.149030957503061,1.3809235605130437,-0.4597824942116696,-0.6497030499088993,0.752627065340283,-0.4545042726906662,0.0,0.0,0.0,1.0,0.0
-0.8300979410970113,-0.09582659576267816,-0.28016085073764807,-0.8173360597542613,-0.8137113720607554,-0.7895390600660999,-1.1255250843620537,-0.2945829510424179,-0.2913509179890631,-1.350816804255552,0.275018335800887,1.7858265406383655,0.06863560903202695,-0.6408524711401857,-0.553923011655576,-0.7238633207830776,1.3529724742031521,-0.0847571432932111,-0.2010900885666284,1.5395084845430351,0.0,1.0,0.0,0.0,0.0
-0.8300979410970113,-0.09582659576267816,1.0957341527645266,-0.5581604075510056,-0.515732961955996,-0.6509665499027121,-0.768326381429098,1.3911067712999385,1.634288044052247,0.8272066017257165,-1.3833912721287414,0.9309323369308347,-1.266418095856426,0.540523317145636,1.5721967277289906,-1.1511508831514636,0.4942990681119206,-0.7983730253340803,-1.7082596841190014,-1.4515106513075169,0.0,0.0,1.0,0.0,0.0
0.042551568719807045,-0.09582659576267816,0.8741383598899779,-0.19017165724319685,-0.260464183887878,-0.7243598130175426,-0.7788742115588675,0.42570523556563544,0.20938469843710525,-0.9359552031162628,-0.5541864681639271,2.127784222121378,-1.266418095856426,0.1467313877170287,-1.1737407448841954,-0.4983504406442075,1.7353504753531535,-1.3558854331785088,-1.337644209802844,-0.4545042726906662,0.0,1.0,0.0,0.0,0.0
0.6617062493271514,-0.09582659576267816,0.7437898981839091,-0.5700942558710903,1.4770431689640093,-0.05641669832781699,-0.9888677951945241,-0.083099853583399,0.6067594504145069,-0.6593808023567366,-0.9687888701463342,0.5034852350770693,0.06863560903202695,1.196843199526648,-0.18697296015933515,-0.4983504406442075,-0.6014039761190779,1.115752908265125,0.836633239518612,0.5425021059261845,0.0,0.0,1.0,0.0,0.0
1.1419599302953858,-0.09582659576267816,-0.07937962436498212,0.3899249981770217,-0.7954725878973697,0.48751126924944616,0.06633208563637373,-0.5422446597447547,-0.6180812696149266,-0.9705270032112036,1.1042231397657012,-0.2659195482597085,0.06863560903202695,-0.11579656523537611,-0.30140371157694246,0.9513752173913862,0.9159690443174356,-1.0532358403486761,1.5729226484933778,-0.4545042726906662,0.0,0.0,1.0,0.0,0.0
2.407005268960788,-0.09582659576267816,0.5382046690939546,-0.7639549766315809,-0.8058370964083946,-0.8904752785619348,-0.0036387471316909645,-0.8224185861871359,0.2685928126661607,0.06662699963701955,1.1042231397657012,0.24701697396481,1.40368931392048,1.3281071760028504,-1.1671222390568243,1.2606500244389798,0.945102606309817,-1.101659775201449,0.5599070186958812,0.5425021059261845,0.0,1.0,0.0,0.0,0.0
0.6617062493271514,-0.09582659576267816,-0.8741669135342678,0.5701776906739409,1.1641129205761205,2.44577658683448,-0.09660408364087965,-0.20000324249116966,-1.344792109296732,1.656929804004295,1.1042231397657012,0.07603813322330386,0.06863560903202695,-0.7721164476163882,1.0825611964833393,1.3809235605130437,-0.4597824942116696,-0.6497030499088993,1.1430086982866354,0.5425021059261845,1.0,0.0,0.0,0.0,0.0
1.1419599302953858,-0.09582659576267816,1.0461860973789907,-0.7418314536888124,-0.7919236280083269,-0.7184454017233068,-0.6889772095399521,0.3805703682880689,0.708672683708529,0.2394860001117234,1.1042231397657012,-0.1804301278889554,0.06863560903202695,0.9343152465742431,-1.413247779245736,0.014178832398679007,-1.335260746002919,0.7626617166303205,0.6636793515044053,-0.4545042726906662,0.0,1.0,0.0,0.0,0.0
-0.8300979410970113,-0.09582659576267816,-1.494553456141747,0.3449971132660755,-0.031683965587523524,0.3048910918053388,1.9430904422955184,-1.1915090995073558,-0.6875675650426689,-1.5582476048251965,0.275018335800887,-0.5223878093719677,0.06863560903202695,-1.4284363299974001,0.9613011661982327,0.6292139600501433,-0.17653953039685363,0.7626617166303205,-0.7841917681573826,0.5425021059261845,0.0,1.0,0.0,0.0,0.0
0.042551568719807045,10.435516278555651,-0.695947595339319,-0.9245347831413334,0.16022742027787162,4.012094105313751,-0.13852279555085226,-1.1915090995073558,-0.521958560939883,0.9654938021054795,0.6896207377832941,0.4179958147063162,2.738743018808933,-0.9033804240925906,0.19742782033804837,0.6292139600501433,1.0980538067698178,-0.2966118582740942,0.9404055723271361,-0.4545042726906662,0.0,1.0,0.0,0.0,0.0
-2.321902131521174,-0.09582659576267816,0.9944704440993237,-0.5810006814268863,-0.3148113976341244,0.06345049783199219,0.5794983412194893,1.4082014204835467,0.976194921105337,1.5877862038144135,-0.9687888701463342,-0.778856070484227,-1.266418095856426,0.9343152465742431,-1.2971609138493132,-1.6259148413385582,0.05520471272435914,-0.0077190651183445536,1.4444426173971099,-0.4545042726906662,1.0,0.0,0.0,0.0,0.0
1.5343557591439694,-0.09582659576267816,0.1831539328697172,-0.6011699606895065,-0.8119708343288095,-0.8904752785619348,-0.4026510571415647,-0.6827040103583218,-0.26384592604891505,-0.451950001787092,-0.13958406618152008,-0.5223878093719677,0.06863560903202695,0.40925934066943354,-0.42540599846614846,0.8797838268711102,0.10670343341796235,-0.17891479439582586,-0.7001855939790536,-0.4545042726906662,0.0,1.0,0.0,0.0,0.0
-0.8300979410970113,-0.09582659576267816,1.3900426194070385,0.7138108093580678,-0.012456322498346467,-0.418284577552062,-0.019339005558403097,1.3911067712999385,1.3062548243871133,-1.2471014039707298,-1.3833912721287414,-1.2063031723379924,-1.266418095856426,0.540523317145636,0.6024438106237527,-1.1511508831514636,-0.5790426895021192,0.09364682721700525,1.6569288226717067,-0.4545042726906662,0.0,0.0,0.0,1.0,0.0
0.042551568719807045,-0.09582659576267816,1.0152971126643016,-0.07868033254495514,0.15679202336915266,0.5305120075753367,-0.17991335451608917,0.9084060034327873,-0.12057869610102127,1.4149272033397096,0.6896207377832941,-0.1804301278889554,-1.266418095856426,1.7218991054314576,-0.43894951233740964,-0.9815923266560724,0.5517995194126725,-0.447936654689011,1.612454965753768,-1.4515106513075169,1.0,0.0,0.0,0.0,0.0
0.042551568719807045,-0.09582659576267816,-1.3380113124431865,1.0441986291105134,-0.9720971351758327,-0.8904752785619348,-0.9023543074402927,-1.1915090995073558,-0.6747801565090914,-0.0025166005528619827,1.5188255417481082,1.016421757301588,1.40368931392048,-1.1659083770449954,2.2594967845446594,1.3809235605130437,-1.0262684218413018,0.7626617166303205,1.4493841570546586,1.5395084845430351,0.0,1.0,0.0,0.0,0.0
0.042551568719807045,-0.09582659576267816,0.38213036738044953,1.4058804290776596,0.01518434995650495,0.07674347141286647,-0.17911512245104325,-0.6536140280356327,-0.5718053270349231,-1.0742424034960258,1.1042231397657012,1.5293582795261063,-1.266418095856426,0.2779953641932311,1.4000139258592037,-0.5646777583321106,1.4729342000541326,0.014939193168380513,-0.052843898840165486,0.5425021059261845,0.0,0.0,0.0,1.0,0.0
0.042551568719807045,-0.09582659576267816,0.30653541956994684,0.09124888587086497,2.923039061812073,1.0908356040812814,1.9305571239811148,0.1551559554974849,-1.1880136552378884,1.3803554032447687,0.6896207377832941,1.5293582795261063,-1.266418095856426,-0.2470605417115785,-0.5588374514664458,-0.23814327125320392,0.41173431752622563,-0.21512927558913952,1.2220733328074156,-2.4485170299243677,0.0,1.0,0.0,0.0,0.0
-0.8300979410970113,-0.09582659576267816,-1.2404337569099257,-0.05012784848428792,-0.3243750895479677,-0.47423865494299466,-0.01454593992112106,-1.1915090995073558,-0.8507638505542138,-0.2099474011225066,0.6896207377832941,-0.09494070751820233,0.06863560903202695,-1.2971723535211979,1.3062762256189622,0.17818819977240308,-0.686376865263522,1.610080576553852,0.584614716983625,-0.4545042726906662,1.0,0.0,0.0,0.0,0.0
0.042551568719807045,-0.09582659576267816,0.3973917904450785,-0.9245347831413334,-0.79688845018679,-0.8904752785619348,-1.0974457317484645,-0.20000324249116966,0.26415341045827717,1.1383528025801835,0.6896207377832941,-0.2659195482597085,0.06863560903202695,0.40925934066943354,-1.6268066528660352,-0.623635374054691,2.372647143936489,-1.120491305421972,1.1331256189715377,1.5395084845430351,0.0,1.0,0.0,0.0,0.0
0.042551568719807045,-0.09582659576267816,-0.8566818615001682,-0.42651028216678627,0.1077558232811354,0.03580524149281281,2.748840666094932,1.173510908580307,-0.23093644446438708,1.207496402770065,-0.5541864681639271,-0.009451287147449236,1.40368931392048,-1.034644400568793,-0.9777619425237744,0.9513752173913862,-1.269048105111144,-1.0532358403486761,0.15964230643443136,-1.4515106513075169,0.0,1.0,0.0,0.0,0.0
-0.8300979410970113,-0.09582659576267816,1.4558757580973427,0.27096626944933794,-0.14508933070892954,-0.5618170943107286,-0.2526448281084374,1.308917586971645,1.5216623402131144,1.069209202390302,-1.3833912721287414,-0.2659195482597085,-1.266418095856426,1.0655792230504455,0.8982174916494299,-1.233718528053567,-0.5090421400925079,0.20999724276714699,0.7427439860251854,0.5425021059261845,0.0,1.0,0.0,0.0,0.0
0.042551568719807045,-0.09582659576267816,0.7177061879143346,1.671157695287429,-0.0649846661179204,0.7172394504251224,0.40483397622527145,-0.33540992088250887,0.044113474937093056,0.6543476012510127,0.275018335800887,-0.1804301278889554,-1.266418095856426,0.8030512700980408,-0.47383977009649275,-0.7668181550952438,0.6731893610475937,0.5608953214104312,0.9502886516422335,-0.4545042726906662,0.0,1.0,0.0,0.0,0.0
-0.8300979410970113,-0.09582659576267816,-1.8652337755497168,1.2633754599460219,3.432542261782024,-0.8904752785619348,0.5822350914375154,-1.1915090995073558,-1.7302962858052275,-1.2816732040656704,0.6896207377832941,1.101911177672341,-1.266418095856426,-1.4284363299974001,0.3713648250879954,0.6292139600501433,-0.17653953039685363,0.7626617166303205,-0.28015472308740863,-0.4545042726906662,0.0,1.0,0.0,0.0,0.0
-0.8300979410970113,-0.09582659576267816,-1.5887553628677478,-0.1821479216114521,0.1077558232811354,-0.1914583491042284,-0.7744392740070072,-1.1915090995073558,-1.3903442362993632,0.896350201915598,1.5188255417481082,-0.1804301278889554,0.06863560903202695,-1.2971723535211979,0.16899580994623015,0.17818819977240308,1.3529724742031521,-0.0847571432932111,-0.10225929541565312,-0.4545042726906662,0.0,0.0,1.0,0.0,0.0
0.042551568719807045,-0.09582659576267816,-0.8741669135342678,0.32881371699416234,0.1351198627598494,-0.17341475268894996,-0.09660408364087965,-1.1915090995073558,-0.4133862243340356,-1.350816804255552,-0.13958406618152008,-0.35140896863046156,0.06863560903202695,-0.9033804240925906,0.5475904746372842,0.6292139600501433,-0.17653953039685363,0.7626617166303205,-1.2388134166518687,-1.4515106513075169,0.0,1.0,0.0,0.0,0.0
-0.8300979410970113,-0.09582659576267816,-1.9455476326189014,-0.9245347831413334,-0.9720971351758327,0.3048910918053388,1.9430904422955184,-1.1915090995073558,-0.4159437060407511,1.4494990034346502,0.6896207377832941,-0.6933666501134739,1.40368931392048,-1.4284363299974001,0.6902493337962321,0.6292139600501433,-0.17653953039685363,0.7626617166303205,-0.7397179112394436,1.5395084845430351,0.0,0.0,1.0,0.0,0.0
0.042551568719807045,-0.09582659576267816,-1.0110001804262785,-0.9245347831413334,-0.9720971351758327,-0.8904752785619348,-1.0108105926195963,-1.1915090995073558,-0.1302295704659855,-0.9705270032112036,-0.5541864681639271,0.5034852350770693,1.40368931392048,-1.034644400568793,-0.8398819781505482,0.9513752173913862,-1.269048105111144,1.3679609022899857,-1.362351908090588,1.5395084845430351,0.0,0.0,1.0,0.0,0.0
0.042551568719807045,-0.09582659576267816,-0.22672257739137094,-0.8254367546177429,0.3630800709187084,0.11094429081318824,1.1752901782593455,-0.2945829510424179,0.4061177723669008,-0.7285244025466181,-1.3833912721287414,1.272890018413847,0.06863560903202695,-0.6408524711401857,0.32063319870259466,0.17818819977240308,-0.686376865263522,0.7626617166303205,-1.2931703528849052,0.5425021059261845,0.0,0.0,0.0,1.0,0.0
-0.8300979410970113,-0.09582659576267816,-1.1685905636340725,-0.13759316403788396,-0.10621787101351161,-0.8904752785619348,0.8344612343218255,-1.1915090995073558,-0.8480133513601991,1.656929804004295,1.5188255417481082,-0.778856070484227,0.06863560903202695,-1.2971723535211979,0.3030324303648021,0.17818819977240308,1.3529724742031521,-0.0847571432932111,-0.5272317059648468,1.5395084845430351,0.0,0.0,0.0,1.0,0.0
1.5343557591439694,-0.09582659576267816,0.724533575780353,-0.753588431808923,-0.3148988177593345,-0.41173261981982495,-0.17564999505607562,-0.46725938819848106,0.29889655817214833,-0.0025166005528619827,-0.13958406618152008,0.24701697396481,0.06863560903202695,1.3281071760028504,-0.8644120490581381,0.17818819977240308,0.12936287052314777,0.25421040067620143,0.08057767191365113,-0.4545042726906662,0.0,0.0,0.0,1.0,0.0
-0.8300979410970113,-0.09582659576267816,1.250644686900303,-0.04914255373294809,0.6693585785646998,0.888410089159669,-0.6054965052445325,1.9748971319952469,1.3005608085117843,-1.212529603875789,-1.7979936741111484,1.9568053813798718,-1.266418095856426,0.015467411240826293,0.8932259364014172,-1.0245471609682386,-0.0065937521079647175,-1.2146489565245873,-1.105391845898052,-0.4545042726906662,0.0,1.0,0.0,0.0,0.0
1.1419599302953858,-0.09582659576267816,-1.0673859800465666,0.7294572415690485,2.0214982487706776,0.36571791250195174,2.7692587987317454,-0.2945829510424179,-2.128829142706425,-1.5236758047302559,0.275018335800887,-0.778856070484227,1.40368931392048,-0.6408524711401857,-1.449633553587987,1.9822912408833644,-0.686376865263522,-0.9321760032167431,0.9651132706148798,-0.4545042726906662,0.0,0.0,1.0,0.0,0.0
-2.321902131521174,-0.09582659576267816,1.4429709835523319,-0.7205130711576847,0.007034963420545368,-0.5319014806431956,-0.4013155488250437,2.2690023737691933,2.0637036989213295,0.446916800681368,-1.3833912721287414,1.3583794387846002,-1.266418095856426,0.40925934066943354,0.7703167734284475,-1.6259148413385582,0.10670343341796235,-1.120491305421972,0.6340301135591127,-0.4545042726906662,0.0,0.0,0.0,1.0,0.0
-0.8300979410970113,-0.09582659576267816,-1.3557234684482347,2.0316539684853594,1.2177169543209903,0.553508922071305,1.416284518152027,-1.1915090995073558,-1.3737447323916248,1.172924602675124,0.6896207377832941,-1.3772820130794987,-1.266418095856426,-1.1659083770449954,-0.2620949422107986,-0.12249564041275783,0.6731893610475937,0.7626617166303205,-1.1004503062405033,-1.4515106513075169,0.0,1.0,0.0,0.0,0.0
1.5343557591439694,-0.09582659576267816,0.0777285707650429,-0.609793395599869,-0.8317620529678194,-0.5941209521409289,0.4107859912656517,-0.083099853583399,-0.3546606538232283,-0.03708840064780275,1.5188255417481082,-0.09494070751820233,1.40368931392048,0.1467313877170287,-0.3152655283402234,1.1929961603973187,0.46075713818648206,-1.3558854331785088,0.668620891161954,-0.4545042726906662,1.0,0.0,0.0,0.0,0.0
-0.8300979410970113,-0.09582659576267816,1.0561791136066538,0.13187566713561139,0.041407858886096466,1.06098587923955,-0.6008698706988566,1.0069472366848569,0.9655307049320515,1.5532144037194726,-0.9687888701463342,-0.8643454908549801,-1.266418095856426,0.540523317145636,0.32261581398662104,-1.1511508831514636,-0.0423718106950989,0.09364682721700525,1.2418394914376105,-0.4545042726906662,0.0,1.0,0.0,0.0,0.0
1.5343557591439694,-0.09582659576267816,0.7495441911215349,-0.7597266145206819,-0.7980049001540135,-0.8904752785619348,-0.5010553245527676,-0.16387804731187924,0.44766478650807173,0.41234500058642726,0.6896207377832941,0.24701697396481,0.06863560903202695,1.4593711524790527,-0.50537593653471,0.10879962126813507,1.1960994480903304,-0.8669899370687788,0.060811513283456076,-0.4545042726906662,0.0,0.0,0.0,1.0,0.0
1.8661217052122583,-0.09582659576267816,0.25273924439223905,-0.6323870806673052,-0.6842587043504675,-0.6153947235118653,0.4252019027372165,-0.7088083316402043,-0.06836746578656487,0.7234912014408942,1.1042231397657012,-0.6078772297427208,1.40368931392048,0.540523317145636,-0.9860812007597846,1.222668907784012,1.03096994691894,-1.2443829516096232,0.48578392383264973,-0.4545042726906662,0.0,0.0,0.0,1.0,0.0
-0.8300979410970113,-0.09582659576267816,1.1515253398835452,-0.5481085193809081,-0.6077944917868698,-0.5360396807675384,-1.0838362738178275,0.6596531472090433,1.4203281593809902,-0.2099474011225066,-1.3833912721287414,0.3325063943355631,-1.266418095856426,1.0655792230504455,-0.6713301574170174,-1.233718528053567,-0.5090421400925079,0.9468832079180446,-1.5649550340500873,1.5395084845430351,0.0,1.0,0.0,0.0,0.0
-0.8300979410970113,-0.09582659576267816,0.9927535829326403,-0.9245347831413334,-0.9720971351758327,-0.8904752785619348,-0.7720687706093172,0.06510166265634933,0.6539522260591818,-0.901383403021322,0.275018335800887,-1.1208137519672394,-1.266418095856426,1.7218991054314576,-1.5483789203565437,-1.3037535839973153,0.9159690443174356,0.4600121238004878,-0.9274964182262967,-0.4545042726906662,0.0,1.0,0.0,0.0,0.0
2.153510439751314,-0.09582659576267816,0.9956126213621425,-0.10176887676659438,-0.327559039465605,-0.7359977337620264,0.13421731483011903,-0.6209949250551222,0.3981558010158053,-0.41737820169215123,0.275018335800887,-0.2659195482597085,0.06863560903202695,2.246955011336267,-0.9714754678642774,0.3473228598765556,0.7794054724781498,-0.2966118582740942,-0.05778543849771425,-0.4545042726906662,0.0,0.0,0.0,1.0,0.0
0.042551568719807045,-0.09582659576267816,0.5877003088883423,0.012352618208082458,-0.9720971351758327,0.6787276581698041,-1.0857837758967046,0.44926119727143127,0.6793340256390378,0.032055199542078784,-0.5541864681639271,0.7599534961893285,0.06863560903202695,0.8030512700980408,0.32251132947034605,-0.7668181550952438,-0.29792937203177566,0.5608953214104312,-1.0115025924046257,1.5395084845430351,0.0,1.0,0.0,0.0,0.0
-0.8300979410970113,-0.09582659576267816,1.1690046452967697,-0.7465162192314759,0.890607246049705,-0.8904752785619348,-0.8853508047355442,0.6596531472090433,0.6388968620498376,1.0000656022004204,-0.5541864681639271,1.101911177672341,-1.266418095856426,1.0655792230504455,1.7656562792353405,-1.233718528053567,0.37763148576256833,0.20999724276714699,1.1331256189715377,0.5425021059261845,0.0,0.0,1.0,0.0,0.0
0.6617062493271514,-0.09582659576267816,0.07991759244107317,-0.6107973980019755,-0.46561703620014766,-0.5950663011397547,-0.7060291736846566,-0.5841627771062523,-0.3123898241046851,0.8617784018206572,0.6896207377832941,0.3325063943355631,0.06863560903202695,0.015467411240826293,-0.08542954349566778,0.17818819977240308,1.3529724742031521,-0.6497030499088993,-0.23073932651192097,0.5425021059261845,0.0,0.0,0.0,1.0,0.0
1.5343557591439694,-0.09582659576267816,0.7396497539139291,2.6218752130961924,-0.2611587355570234,2.4487549188306286,-0.7049276849572081,1.0520821039624233,1.1189313529631577,-1.212529603875789,-1.3833912721287414,1.187400598043094,0.06863560903202695,1.4593711524790527,0.052285874606156656,0.10879962126813507,-1.1569959436019859,-0.21512927558913952,-0.5865301818554319,-1.4515106513075169,0.0,0.0,0.0,1.0,0.0
0.6617062493271514,-0.09582659576267816,-0.006157503083370675,1.755920359954245,0.8266509762630844,1.6333887885022045,-0.7187345825903361,-0.5422446597447547,0.35916626858134987,0.9654938021054795,-0.5541864681639271,-1.719239694562511,0.06863560903202695,-0.11579656523537611,1.2739010896983514,0.30705270270889934,-0.5407090553016178,0.7626617166303205,-0.9126717992536504,-1.4515106513075169,0.0,1.0,0.0,0.0,0.0
0.6617062493271514,-0.09582659576267816,-1.0673859800465666,-0.9245347831413334,-0.9720971351758327,-0.8904752785619348,-0.6270825808420146,-1.1915090995073558,-1.1763843516281065,-0.34823460150226965,1.5188255417481082,0.5889746554478223,1.40368931392048,-0.7721164476163882,0.4049316154783363,1.3809235605130437,0.6731893610475937,-0.6497030499088993,0.4017777496543208,1.5395084845430351,0.0,0.0,1.0,0.0,0.0
1.1419599302953858,-0.09582659576267816,0.3281352240196976,0.9582855658409335,0.8306374065439143,-0.48159001453760386,0.8056289383651135,-0.1448089388865984,-0.22234716627956894,1.3803554032447687,-0.5541864681639271,0.3325063943355631,0.06863560903202695,0.2779953641932311,-0.6952611487943541,0.49655932467433705,-0.926300316965484,0.51342087547634,-0.40863475418367645,-0.4545042726906662,0.0,0.0,0.0,1.0,0.0
-0.8300979410970113,-0.09582659576267816,-1.2404337569099257,-0.05012784848428792,-0.011000716209729521,-0.06715083380963333,-0.01454593992112106,-1.1915090995073558,-0.26649991649928023,0.446916800681368,0.6896207377832941,-0.35140896863046156,1.40368931392048,-1.2971723535211979,1.6758923607125993,0.17818819977240308,-0.686376865263522,1.610080576553852,-1.653902747885965,-1.4515106513075169,0.0,1.0,0.0,0.0,0.0
0.042551568719807045,-0.09582659576267816,-0.6757920491256059,-0.1678677634097166,-0.13922206800026485,-0.8904752785619348,1.3685525085735721,-1.1915090995073558,-0.5450724050439723,0.34320140039654573,0.6896207377832941,-0.2659195482597085,1.40368931392048,-0.9033804240925906,-0.346125319505537,0.6292139600501433,1.0980538067698178,-0.2966118582740942,-0.0923762161005556,-0.4545042726906662,0.0,1.0,0.0,0.0,0.0
-0.8300979410970113,-0.09582659576267816,-1.0219104878469938,-0.2899340381950088,-0.0466212777516765,0.8472122748582638,1.898438829503011,0.5242464688177053,-0.6939853964953702,0.6543476012510127,-0.5541864681639271,-1.2917925927087455,0.06863560903202695,-1.2971723535211979,-0.8205313713952497,0.17818819977240308,-0.686376865263522,-0.0847571432932111,-1.0164441320621744,-0.4545042726906662,0.0,0.0,0.0,1.0,0.0
-0.8300979410970113,-0.09582659576267816,1.2131227645101672,0.07906296622598687,-0.6736374304170982,-0.1285193917197117,-0.30788465473287996,1.5157523258338912,1.4585456218662485,-1.2471014039707298,-0.9687888701463342,0.7599534961893285,-1.266418095856426,1.5906351289552552,0.6374577413624888,-1.2918216855772695,-0.8374397792980915,0.29187346111724705,0.39189467033922326,0.5425021059261845,0.0,1.0,0.0,0.0,0.0
0.6617062493271514,-0.09582659576267816,0.24592039090338227,-0.6294654946242476,-0.11680930903471601,-0.3389183863366203,0.9920653812093776,-0.5841627771062523,-0.2376438021480372,-0.41737820169215123,0.275018335800887,0.9309323369308347,0.06863560903202695,0.015467411240826293,-0.033465886219186926,0.17818819977240308,1.3529724742031521,-0.6497030499088993,0.16952538574952888,0.5425021059261845,0.0,0.0,0.0,1.0,0.0
0.042551568719807045,-0.09582659576267816,0.9526314424020815,-0.0997816527888725,0.4155188105873835,0.767882473987398,0.042902592869550664,1.0520821039624233,1.2432828691557216,-0.451950001787092,-1.7979936741111484,0.07603813322330386,0.06863560903202695,1.4593711524790527,-0.34463188179749193,-0.9320290562958812,-0.7648133783199329,0.43673138589050026,-0.8929056406234553,-0.4545042726906662,0.0,0.0,0.0,1.0,0.0
1.1419599302953858,10.435516278555651,0.3650824877713073,-0.5946164909924226,-0.7580336270766567,-0.8123243176558578,2.2546490785790625,-0.083099853583399,-0.6679762900817916,-0.7285244025466181,1.5188255417481082,-0.6933666501134739,1.40368931392048,0.1467313877170287,-0.18078403882753427,0.6292139600501433,1.7353504753531535,-1.885522220630716,1.5333903312329877,-0.4545042726906662,0.0,0.0,1.0,0.0,0.0
0.042551568719807045,-0.09582659576267816,-1.155087554738126,2.6618974386195418,3.073371164851604,-0.8904752785619348,-0.34800609168652846,-1.1915090995073558,-1.6031942704186488,-1.627391205015078,1.1042231397657012,-0.4368983890012147,0.06863560903202695,-0.9033804240925906,0.09393530251183002,0.6292139600501433,1.0980538067698178,-0.2966118582740942,-1.2931703528849052,-2.4485170299243677,0.0,1.0,0.0,0.0,0.0
1.8661217052122583,-0.09582659576267816,1.2274872971109045,-0.9245347831413334,-0.80803283124271,-0.7365844801617585,0.06844477079314785,-0.23367269446410174,1.0235324598654865,-1.1088142035909665,0.6896207377832941,0.5889746554478223,0.06863560903202695,1.7218991054314576,-0.8814636157100074,0.30705270270889934,-0.5407090553016178,0.4600121238004878,0.7229778273949904,0.5425021059261845,0.0,1.0,0.0,0.0,0.0
-0.8300979410970113,-0.09582659576267816,-1.0557296335290351,1.3168532918658369,0.4623072989059783,0.043592397485370686,0.054099585826909914,-1.1915090995073558,-1.2983231492294294,1.2766400029599465,0.6896207377832941,-1.1208137519672394,-1.266418095856426,-1.034644400568793,1.4847116011814072,-0.3372698119735866,1.6443080941269617,0.15736253097065425,-1.3920011460358805,-0.4545042726906662,0.0,1.0,0.0,0.0,0.0
-0.8300979410970113,-0.09582659576267816,-0.33012367478954335,-0.467050976455536,-0.46668184286071784,-0.7818430008461371,-0.09051466738885908,-0.20000324249116966,-0.29501825024774947,0.17034239992184186,-0.13958406618152008,-0.5223878093719677,0.06863560903202695,-0.7721164476163882,0.08436876725058261,-0.623635374054691,0.6731893610475937,0.29187346111724705,-0.3789855162383839,1.5395084845430351,0.0,1.0,0.0,0.0,0.0
-2.321902131521174,-0.09582659576267816,0.20351006142535985,-0.35281663461002666,-0.8166679629048542,-0.7421026539715214,4.599980791851577,-1.1915090995073558,-2.174188252221757,-1.627391205015078,4.835644757607365,-1.1208137519672394,-1.266418095856426,-1.690964282949805,-1.4534581878817927,-1.6259148413385582,2.372647143936489,0.7626617166303205,-0.7644256095271874,0.5425021059261845,0.0,0.0,1.0,0.0,0.0
-0.8300979410970113,-0.09582659576267816,0.9967528886286475,-0.0715924965883402,0.1754771538855139,0.23604232960790236,-0.3369007305119772,0.3378918289805533,0.9644691087519055,-1.5928194049201374,-0.5541864681639271,2.0422948017506246,-1.266418095856426,0.2779953641932311,1.5695813653344965,-1.0952962998353346,2.0727428293090364,-0.9820241714475394,-0.6408871180884683,1.5395084845430351,0.0,0.0,0.0,1.0,0.0
0.042551568719807045,-0.09582659576267816,-0.6824445864433732,0.025935942761404453,-0.5455882454658298,3.0582363069762075,2.8958609477302084,0.9084060034327873,-1.1760948253971575,1.207496402770065,0.6896207377832941,-0.8643454908549801,0.06863560903202695,-0.9033804240925906,-0.6515914206691197,0.6292139600501433,-0.17653953039685363,-1.3558854331785088,-1.1844564804188324,-0.4545042726906662,0.0,1.0,0.0,0.0,0.0
1.5343557591439694,-0.09582659576267816,0.09075851500632583,2.3376154715825517,1.9812595509278013,-0.031507592077628814,-1.184776742901236,-0.6536140280356327,-0.1382397961889058,-1.4199604044454335,1.5188255417481082,-0.009451287147449236,1.40368931392048,0.2779953641932311,0.5530078996686365,1.0271778661775608,0.8731255707992283,-0.9820241714475394,1.0392363654781114,-0.4545042726906662,0.0,1.0,0.0,0.0,0.0
0.6617062493271514,-0.09582659576267816,1.1040588194121403,-0.42510526684109323,0.716378904406187,0.33793615008990774,0.04740666321865564,0.44926119727143127,0.9562658655416859,-1.5582476048251965,-0.5541864681639271,0.5889746554478223,0.06863560903202695,0.8030512700980408,-0.7598779695544734,-0.3372698119735866,0.6731893610475937,-0.6497030499088993,-0.34439473863554254,-0.4545042726906662,0.0,1.0,0.0,0.0,0.0
-0.8300979410970113,-0.09582659576267816,1.1156409181028228,0.019418898108669227,0.7804978593481154,1.3948362703361374,-0.4969196111933217,1.5157523258338912,1.8927867139178134,0.27405780020666415,-1.7979936741111484,1.7858265406383655,-1.266418095856426,1.5906351289552552,-1.3464463169772312,-1.2918216855772695,-1.215097064384512,0.605732298125962,-0.0923762161005556,-0.4545042726906662,0.0,0.0,1.0,0.0,0.0
-0.8300979410970113,-0.09582659576267816,0.7592971058926413,-0.9245347831413334,-0.9720971351758327,1.686707302459492,-0.2591483978431769,0.9084060034327873,1.7603284632586795,-0.8668116029263813,1.5188255417481082,-0.778856070484227,0.06863560903202695,0.6717872936218383,2.604312036540221,-1.1748890810608181,0.3332978044698148,-0.0847571432932111,1.612454965753768,0.5425021059261845,0.0,1.0,0.0,0.0,0.0
0.042551568719807045,-0.09582659576267816,0.07991759244107317,1.059252519076872,2.024175328833343,0.8151846474341607,0.16167365325453292,0.1551559554974849,0.01598117616322237,0.06662699963701955,-0.13958406618152008,-0.5223878093719677,0.06863560903202695,-0.2470605417115785,-0.6083591236924548,-0.23814327125320392,1.1960994480903304,-0.8669899370687788,-0.3394531989779938,-0.4545042726906662,0.0,1.0,0.0,0.0,0.0
-0.8300979410970113,-0.09582659576267816,0.9694391865419341,0.8426203593922419,0.7145394485018799,0.610646299535241,-0.8861099999205382,2.4378069319206963,0.9764844473362859,-0.6939526024516773,-1.7979936741111484,-1.1208137519672394,-1.266418095856426,0.2779953641932311,0.9025614740588959,-1.0952962998353346,-1.5261089462203883,-0.4835424891395794,0.31283003581844304,-0.4545042726906662,0.0,0.0,0.0,1.0,0.0
-0.8300979410970113,-0.09582659576267816,-0.5170467381906113,-0.6218993206905525,-0.5271359435041421,-0.4646691635105577,-0.06454316123136827,-0.083099853583399,-0.759563087805302,-1.2471014039707298,0.275018335800887,-1.2063031723379924,-1.266418095856426,-0.9033804240925906,0.5011434042134404,-0.4983504406442075,1.0980538067698178,-0.2966118582740942,-1.401884225350978,0.5425021059261845,0.0,1.0,0.0,0.0,0.0
-0.8300979410970113,-0.09582659576267816,-1.4519220959757373,2.4559173674301,-0.9720971351758327,0.7692987445417321,-0.21045488762783326,-1.1915090995073558,-0.5581975941803237,-0.901383403021322,0.275018335800887,1.4438688591553532,0.06863560903202695,-1.2971723535211979,-0.24149134008564635,0.17818819977240308,-0.686376865263522,1.610080576553852,-0.48275784904690794,-0.4545042726906662,0.0,0.0,0.0,0.0,1.0
0.6617062493271514,-0.09582659576267816,0.0531737856374027,-0.08734813784635694,-0.02863843380925184,-0.10219672932802217,0.051302042408985865,-0.5422446597447547,-0.576968544820179,-0.451950001787092,1.5188255417481082,-1.1208137519672394,0.06863560903202695,-0.11579656523537611,0.10100621987883862,0.30705270270889934,2.372647143936489,-1.6585350260083425,1.6618703623292554,-0.4545042726906662,0.0,0.0,1.0,0.0,0.0
-0.8300979410970113,-0.09582659576267816,0.09930884229253042,-0.9245347831413334,-0.7910842888911285,-0.5464081043307638,-0.6867055794804077,-0.49410848426511644,-0.07189003492977682,1.345783603149828,0.275018335800887,0.5889746554478223,0.06863560903202695,-0.2470605417115785,-1.4866356951823387,-0.9320290562958812,1.1960994480903304,0.43673138589050026,-1.5946042719953797,-0.4545042726906662,0.0,0.0,0.0,1.0,0.0
0.6617062493271514,-0.09582659576267816,0.3174208449579103,-0.6587075342541675,-0.9720971351758327,-0.4751719992076219,1.077435645833695,-0.083099853583399,-0.4031080431353487,-1.627391205015078,-0.13958406618152008,-0.6933666501134739,0.06863560903202695,0.1467313877170287,-0.8954960802562909,0.06543175970296788,0.46075713818648206,-0.2966118582740942,1.1430086982866354,0.5425021059261845,0.0,1.0,0.0,0.0,0.0
3.0261599495681324,-0.09582659576267816,0.986421180874783,-0.9245347831413334,-0.9720971351758327,-0.8904752785619348,-0.8754084387939298,0.06510166265634933,0.5418090659382977,-1.5928194049201374,1.1042231397657012,1.7003371202676125,1.40368931392048,1.7218991054314576,-1.709640829151876,1.917858989415115,-1.6332176300159071,-0.447936654689011,1.3950272208216223,0.5425021059261845,0.0,1.0,0.0,0.0,0.0
-0.8300979410970113,-0.09582659576267816,-0.7987906570875609,-0.9245347831413334,2.5174485542378346,-0.03875049562751228,0.9036176745685648,-1.1915090995073558,-1.5773299271205448,-1.177957803780848,0.275018335800887,-1.804729114933264,-1.266418095856426,-1.1659083770449954,-1.254946169324011,-0.12249564041275783,-1.0262684218413018,2.1750264831695394,0.7130947480798929,-0.4545042726906662,0.0,1.0,0.0,0.0,0.0
-0.8300979410970113,-0.09582659576267816,-1.6412335319288258,2.1077504543284817,-0.9720971351758327,6.097674243468796,0.8727857450413617,-1.1915090995073558,-1.3149226531371678,0.30862960030160497,1.5188255417481082,-1.1208137519672394,0.06863560903202695,-1.4284363299974001,-1.342639409218776,0.6292139600501433,-0.17653953039685363,0.7626617166303205,0.5549654790383325,-2.4485170299243677,0.0,0.0,1.0,0.0,0.0
0.042551568719807045,-0.09582659576267816,-0.6126098767005698,0.7577647972658044,1.3112103411829628,1.2910726921963707,2.277659991789941,-0.083099853583399,-0.886327322589107,-1.3162450041606113,0.275018335800887,-0.5223878093719677,0.06863560903202695,-0.9033804240925906,-0.4956024329625223,0.6292139600501433,-0.17653953039685363,-0.2966118582740942,0.6933285894496979,-0.4545042726906662,0.0,0.0,1.0,0.0,0.0
-0.8300979410970113,-0.09582659576267816,-1.494553456141747,3.2008603873755077,0.41670054261350437,1.4277651964214852,0.7975421753044954,-1.1915090995073558,-1.1933216361386187,-0.7630962026415589,0.275018335800887,0.8454429165600816,0.06863560903202695,-1.2971723535211979,-0.9360616606157743,0.17818819977240308,-0.686376865263522,1.610080576553852,0.7427439860251854,-1.4515106513075169,0.0,1.0,0.0,0.0,0.0
0.042551568719807045,-0.09582659576267816,0.2678368279206607,1.167184964804266,1.1721879259033592,1.6785087870771902,-0.8969159417229188,-0.083099853583399,-0.07078018437780594,-0.590237202166855,-0.13958406618152008,-1.2063031723379924,-1.266418095856426,0.1467313877170287,-0.19562738673713723,-0.4983504406442075,0.46075713818648206,0.2330249291781131,0.10034383054384619,1.5395084845430351,0.0,1.0,0.0,0.0,0.0
0.6617062493271514,-0.09582659576267816,0.7228331268530547,-0.7531629221360705,-0.9720971351758327,-0.20861606247150669,-0.6802163805806607,0.25914156367018515,0.5039776384276379,-1.2816732040656704,0.275018335800887,-0.6078772297427208,0.06863560903202695,1.196843199526648,-1.166455718157475,-0.4983504406442075,1.5229182524920417,-1.002794241543704,-0.2554470247996648,-0.4545042726906662,0.0,0.0,0.0,1.0,0.0
-0.8300979410970113,-0.09582659576267816,1.0603432771830956,0.1823372637228387,0.2615175040956948,-0.8904752785619348,-1.085858828461644,1.2774965167530068,1.6444697165072841,1.345783603149828,-1.7979936741111484,0.5889746554478223,-1.266418095856426,0.6717872936218383,0.4260099236861321,-1.1748890810608181,-0.686376865263522,0.33895228666855465,0.33753773410618687,1.5395084845430351,1.0,0.0,0.0,0.0,0.0
-0.8300979410970113,-0.09582659576267816,1.143304320010766,0.02067958514296221,-0.9720971351758327,-0.5317790883183169,-1.0826168409192838,1.6174895522522978,1.2027491968228718,1.4494990034346502,-1.3833912721287414,1.101911177672341,-1.266418095856426,1.0655792230504455,1.1215927757845818,-1.233718528053567,-0.9523789530200455,0.20999724276714699,0.5055500824628448,1.5395084845430351,0.0,0.0,0.0,1.0,0.0
-0.8300979410970113,-0.09582659576267816,1.0311873538938894,-0.9245347831413334,0.9967825851469727,0.02862181359658505,-0.03750005170598831,1.6531358137667562,0.9119200978346753,-1.2816732040656704,-1.3833912721287414,-2.061197376045523,-1.266418095856426,0.2779953641932311,0.9014025895624964,-1.0952962998353346,0.8731255707992283,-1.4805058537554991,-0.5074655473346518,-0.4545042726906662,0.0,0.0,1.0,0.0,0.0
-0.8300979410970113,-0.09582659576267816,-1.5400289483413194,0.43261826954044463,0.973635087443457,0.9947183657753638,2.4179542277830794,0.9084060034327873,-1.6112044961415692,-0.9705270032112036,1.1042231397657012,-1.5482608538210048,0.06863560903202695,-1.4284363299974001,0.012619752791229637,0.6292139600501433,-2.7257262047301962,0.7626617166303205,1.2072487138347692,-0.4545042726906662,0.0,0.0,0.0,1.0,0.0
-0.8300979410970113,-0.09582659576267816,-0.1339591191767592,0.08878368044246361,1.005695269222075,0.2946890809412524,-0.901126244815869,-0.37267967964723286,0.8455220822037215,-0.901383403021322,-0.5541864681639271,0.3325063943355631,0.06863560903202695,-0.5095884946639834,0.6663681150823997,-0.8058680044699397,0.9821816852092108,0.37747132575598724,-0.9917364337744305,-0.4545042726906662,0.0,1.0,0.0,0.0,0.0
-0.8300979410970113,-0.09582659576267816,1.1756099245848037,-0.6107973980019755,0.14585785954210917,-0.5482350492484993,-0.5400312556642234,1.2774965167530068,0.8440744510489768,-1.350816804255552,-0.5541864681639271,-1.1208137519672394,-1.266418095856426,0.6717872936218383,0.37997778287947165,-1.1748890810608181,0.3332978044698148,-0.5084665732549773,1.2023071741772204,-0.4545042726906662,0.0,1.0,0.0,0.0,0.0
0.042551568719807045,-0.09582659576267816,0.7728792237470229,2.4474984000176154,1.667639903819978,-0.25610675768907015,-0.5352872483621972,-0.4068379813534157,0.8690702156542341,-0.48652180188203276,-0.13958406618152008,0.5889746554478223,0.06863560903202695,1.0655792230504455,0.010258674111769717,-0.8415222147685755,0.8209682986901059,0.5784402253425962,0.5697900980109788,-0.4545042726906662,0.0,0.0,1.0,0.0,0.0
0.042551568719807045,-0.09582659576267816,-0.6692037885356491,1.7498372609605972,-0.9720971351758327,2.3963087131488825,1.8370149430314489,-0.083099853583399,-0.6505082074812063,0.6889194013459534,1.1042231397657012,-0.778856070484227,0.06863560903202695,-0.9033804240925906,0.11130367235506493,0.6292139600501433,1.0980538067698178,-1.3558854331785088,0.39189467033922326,-0.4545042726906662,0.0,1.0,0.0,0.0,0.0
-0.8300979410970113,-0.09582659576267816,0.5644761559687139,-0.4040287886672557,0.6981212689367707,1.0492965445155082,-0.6984861014656432,-0.24966352547884904,0.5087065668664704,0.6543476012510127,-0.5541864681639271,1.9568053813798718,-1.266418095856426,0.540523317145636,1.3016122996240898,-1.1511508831514636,0.4942990681119206,0.9856666797680916,-1.441416542611368,1.5395084845430351,0.0,0.0,1.0,0.0,0.0
-0.8300979410970113,-0.09582659576267816,1.3185904019990302,0.3558910457518603,0.4249859939778101,-0.5365761776539127,-1.0832151617710386,2.115356482608813,1.403149603011354,1.2420682028650056,-1.3833912721287414,0.5034852350770693,-1.266418095856426,0.540523317145636,2.151498524117761,-1.1511508831514636,-0.0423718106950989,-1.2443829516096232,-0.8484317837055164,-0.4545042726906662,0.0,0.0,1.0,0.0,0.0
0.6617062493271514,-0.09582659576267816,-0.5066361593862311,-0.7749453393677946,-0.5338281058538594,-0.33338816433708507,-0.23181803649488944,-0.2945829510424179,-0.883094279676844,-0.5210936019769735,0.275018335800887,-0.1804301278889554,1.40368931392048,-0.6408524711401857,-0.09600788996529747,1.0802397203278835,-0.686376865263522,-0.0847571432932111,-0.42345937315632276,0.5425021059261845,0.0,0.0,1.0,0.0,0.0
1.8661217052122583,-0.09582659576267816,0.510880292083675,-0.13496054665453794,-0.05657098571087928,-0.8904752785619348,0.33641955287542036,-0.37267967964723286,0.3347495564379904,0.20491420001678262,0.6896207377832941,0.07603813322330386,1.40368931392048,0.9343152465742431,-1.0766755804966759,0.8342256692672978,0.9821816852092108,-1.1632902377413428,1.419734919109366,-0.4545042726906662,0.0,0.0,0.0,1.0,0.0
0.042551568719807045,-0.09582659576267816,-1.0110001804262785,0.30529797353729543,0.7962939929080777,1.3573402056605557,2.1170565925771587,0.06510166265634933,-1.6580594911834705,-1.350816804255552,1.1042231397657012,-1.9757079556747703,0.06863560903202695,-1.034644400568793,-0.18411141588764238,0.9513752173913862,0.18762999450790946,-1.0532358403486761,-0.6705363560337609,-2.4485170299243677,0.0,1.0,0.0,0.0,0.0
2.407005268960788,-0.09582659576267816,0.3266148673887962,-0.2752706628913361,-0.49115094473185245,-0.4402006112683439,-0.03193384133012737,-0.7731912631860917,0.06838542396497806,-0.6593808023567366,1.1042231397657012,-0.4368983890012147,1.40368931392048,0.9343152465742431,1.5452450467421412,1.6542725061359163,0.05520471272435914,-0.77809984686701,0.20411616335237023,-0.4545042726906662,1.0,0.0,0.0,0.0,0.0
-0.8300979410970113,-0.09582659576267816,0.8319467802399995,-0.48945727047037335,-0.12801897387882255,1.1259641799161606,-0.8653054198129976,0.9778572543621675,0.028286040978551745,-0.451950001787092,0.275018335800887,1.6148476998968595,-1.266418095856426,1.5906351289552552,0.040764112385686606,-1.2918216855772695,0.29553207596117265,-0.02198537589146839,1.7014026795896455,-1.4515106513075169,0.0,0.0,0.0,1.0,0.0
1.1419599302953858,-0.09582659576267816,0.720274475946679,-0.7525206708893148,-0.9720971351758327,-0.7285101592951257,-0.8754534619001544,-0.013648602654018271,0.38527188373857807,-1.212529603875789,1.1042231397657012,-0.6933666501134739,0.06863560903202695,0.015467411240826293,-1.3162824242612412,0.7795558801427229,-1.3661599784190805,0.48018876332247656,-0.07261005747036055,-1.4515106513075169,1.0,0.0,0.0,0.0,0.0
-0.8300979410970113,-0.09582659576267816,0.9658722403098057,-0.7531842479235783,0.9369374523857286,1.2928731053453413,-0.4314708991312407,0.42570523556563544,1.1357721287300202,1.034637402295361,-0.9687888701463342,0.9309323369308347,0.06863560903202695,0.1467313877170287,-0.5618536190319098,-1.062132640991383,1.0980538067698178,-0.2966118582740942,1.528448791575439,0.5425021059261845,0.0,0.0,1.0,0.0,0.0
0.6617062493271514,-0.09582659576267816,0.2760821480538573,-0.595503409534088,-0.28626011427107445,-0.8904752785619348,-0.5240852829686542,0.3378918289805533,-0.22157509633037178,0.10119879973196033,0.275018335800887,-0.6078772297427208,0.06863560903202695,0.2779953641932311,0.09589471334847034,-0.03405921682888675,0.8731255707992283,-0.9820241714475394,-0.5914717215129808,-0.4545042726906662,0.0,0.0,1.0,0.0,0.0
-0.8300979410970113,-0.09582659576267816,-1.494553456141747,1.5375390207501538,-0.031683965587523524,0.3048910918053388,1.09544169869388,-1.1915090995073558,-0.6584701788323019,1.656929804004295,1.1042231397657012,-0.35140896863046156,0.06863560903202695,-1.2971723535211979,0.6902493337962321,0.17818819977240308,-0.686376865263522,1.610080576553852,-0.6804194353488585,-0.4545042726906662,0.0,1.0,0.0,0.0,0.0
0.6617062493271514,-0.09582659576267816,-0.26549620669454477,0.9789717049740115,0.22417199570079113,0.4467263964985853,-0.8978827250479304,-0.4382590515720541,-0.49614247201360373,-0.8668116029263813,0.6896207377832941,0.07603813322330386,0.06863560903202695,-0.37832451818778096,-1.1070997152865554,0.6292139600501433,0.6731893610475937,-0.6497030499088993,-0.8336071647328701,0.5425021059261845,1.0,0.0,0.0,0.0,0.0
-0.8300979410970113,-0.09582659576267816,-0.06571424383677207,-0.08081837278756035,-0.1263270700435827,-0.7434764890595789,0.04276452875671498,0.3805703682880689,0.7551898981476565,-1.6965348052049596,-1.3833912721287414,0.9309323369308347,0.06863560903202695,-0.5095884946639834,-0.10886762228934842,-0.8058680044699397,0.05520471272435914,0.37747132575598724,-1.5155396374745995,-0.4545042726906662,0.0,1.0,0.0,0.0,0.0
0.042551568719807045,-0.09582659576267816,-0.10468940400190342,-0.43273624109168196,-0.31101546017158993,-0.27558892799374207,-0.4315832495172817,-0.4382590515720541,0.27607224029900795,1.6223580039093541,-0.13958406618152008,-0.5223878093719677,0.06863560903202695,-0.37832451818778096,-0.2361303465650375,-0.12249564041275783,0.6731893610475937,0.05647933336071082,-1.4463580822689168,-0.4545042726906662,0.0,0.0,1.0,0.0,0.0
0.042551568719807045,-0.09582659576267816,-0.7528038190324013,-0.07834336906516966,-0.345275901269311,0.48213407360840843,-1.065948757580502,-1.1915090995073558,-0.05278130368714767,1.3803554032447687,0.275018335800887,0.7599534961893285,1.40368931392048,-0.9033804240925906,0.12431693647337254,0.6292139600501433,-0.17653953039685363,0.7626617166303205,-0.8286656250753214,-1.4515106513075169,0.0,0.0,0.0,1.0,0.0
0.042551568719807045,-0.09582659576267816,-1.3925908072549635,-0.9245347831413334,-0.9720971351758327,-0.8904752785619348,-0.29063048395586155,-1.1915090995073558,-0.7636647094104118,1.5532144037194726,1.1042231397657012,0.3325063943355631,2.738743018808933,-1.1659083770449954,-0.8586182799294886,1.3809235605130437,-1.0262684218413018,0.7626617166303205,0.32271311513354056,0.5425021059261845,0.0,0.0,1.0,0.0,0.0
1.8661217052122583,-0.09582659576267816,0.3932633439297711,-0.9245347831413334,-0.7958286944687452,-0.8904752785619348,-1.0969164471499924,0.7357295662767236,-0.04853491896656341,1.6915016040992357,0.275018335800887,0.7599534961893285,0.06863560903202695,0.9343152465742431,-1.6244123587238986,0.8342256692672978,-0.8717722597604928,-0.77809984686701,1.380202601848976,1.5395084845430351,1.0,0.0,0.0,0.0,0.0
1.5343557591439694,-0.09582659576267816,0.8547733356752028,-0.7631314812277089,-0.8079532446441252,-0.7385010905011513,-0.24153198762622122,0.06510166265634933,0.22318544877900406,0.7926348016307757,0.275018335800887,-0.009451287147449236,0.06863560903202695,1.7218991054314576,-0.6217420279848236,-0.015108554632343603,0.18762999450790946,-0.14528706185917836,0.6389716532166614,1.5395084845430351,0.0,1.0,0.0,0.0,0.0
1.1419599302953858,-0.09582659576267816,0.19985386142448106,-0.40134125458266506,-0.9720971351758327,-0.25257712447105735,-0.4209735326814571,-0.1448089388865984,-0.130905131671533,-1.661963005110019,1.1042231397657012,0.7599534961893285,0.06863560903202695,0.2779953641932311,-1.187387348880703,0.49655932467433705,1.4729342000541326,-1.4805058537554991,1.088651762053599,-0.4545042726906662,0.0,0.0,1.0,0.0,0.0
1.8661217052122583,-0.09582659576267816,0.2442049694540815,-0.9245347831413334,-0.8256502066000841,-0.7506878206567202,-0.9942623140021747,-0.2945829510424179,0.22323370315082888,-0.7976680027364996,-0.13958406618152008,-0.5223878093719677,2.738743018808933,0.6717872936218383,-1.3015709497639278,1.0802397203278835,-0.686376865263522,-0.0847571432932111,-0.8533733233630653,-0.4545042726906662,0.0,0.0,1.0,0.0,0.0
0.042551568719807045,-0.09582659576267816,-0.9489683746451855,2.5167239600815163,-0.9720971351758327,0.42367505530855387,2.8991235591376685,0.06510166265634933,-1.460264821073529,-1.5236758047302559,0.275018335800887,-1.3772820130794987,0.06863560903202695,-1.034644400568793,-0.346125319505537,0.9513752173913862,0.18762999450790946,-1.0532358403486761,-0.2010900885666284,-0.4545042726906662,0.0,1.0,0.0,0.0,0.0
0.6617062493271514,-0.09582659576267816,0.10354413334007792,-0.9245347831413334,-0.9720971351758327,-0.8904752785619348,-0.4031718819758237,-0.5841627771062523,0.2800290987886433,-0.9359552031162628,0.6896207377832941,-0.1804301278889554,0.06863560903202695,0.015467411240826293,-1.5657100166303604,0.17818819977240308,0.6731893610475937,-0.0847571432932111,0.07563613225610237,0.5425021059261845,0.0,0.0,0.0,1.0,0.0
-0.8300979410970113,-0.09582659576267816,-0.1490790217293383,0.278428802498565,-0.8414115350595754,-0.15441483624545319,0.5331485410931478,0.5242464688177053,-0.2522166224391332,0.2394860001117234,0.6896207377832941,1.187400598043094,0.06863560903202695,-0.6408524711401857,0.3239630737935281,-0.7238633207830776,1.3529724742031521,-0.9321760032167431,-1.4760073202142094,0.5425021059261845,1.0,0.0,0.0,0.0,0.0
1.1419599302953858,-0.09582659576267816,-0.30276666680563674,0.1565568712003948,-0.09355814238043833,0.12745945040536882,0.41198367433416716,-0.4382590515720541,0.13150214231184404,0.8617784018206572,0.275018335800887,1.101911177672341,1.40368931392048,-0.37832451818778096,-0.45827537977156874,1.3809235605130437,-0.17653953039685363,-0.6497030499088993,0.03610381499571226,-1.4515106513075169,0.0,0.0,0.0,1.0,0.0
-0.8300979410970113,-0.09582659576267816,-1.2254467873271546,0.3449971132660755,-0.031683965587523524,-0.8904752785619348,-0.2588854907949174,-1.1915090995073558,-1.4824618321129466,-0.8668116029263813,1.5188255417481082,-0.35140896863046156,0.06863560903202695,-1.1659083770449954,1.0516517769988998,-0.12249564041275783,0.6731893610475937,0.7626617166303205,1.3703195225338785,-0.4545042726906662,0.0,1.0,0.0,0.0,0.0
-2.321902131521174,-0.09582659576267816,1.311805473715607,-0.6774870517118794,-0.5859281672876822,-0.706081167247589,-0.5239424719279793,2.624161571757848,1.9652647803986947,-1.3853886043504928,-1.7979936741111484,1.7858265406383655,-1.266418095856426,0.6717872936218383,0.951452521419013,-1.6259148413385582,-0.17653953039685363,-1.3558854331785088,-0.9324379578838454,-0.4545042726906662,0.0,1.0,0.0,0.0,0.0
0.042551568719807045,-0.09582659576267816,-1.6980897556219077,-0.05012784848428792,-0.9720971351758327,1.47722250285849,-0.23873228310868386,-1.1915090995073558,-1.1923565487021222,-1.350816804255552,0.6896207377832941,-0.6078772297427208,1.40368931392048,-1.1659083770449954,0.5670439554316863,1.3809235605130437,-1.0262684218413018,0.7626617166303205,-0.2010900885666284,-1.4515106513075169,0.0,0.0,0.0,1.0,0.0
-0.8300979410970113,-0.09582659576267816,-1.2874785931082473,-0.45051384470476136,-0.2780923187993131,-0.8904752785619348,-0.6669335201421854,-1.1915090995073558,-0.32102735666132803,-0.48652180188203276,1.1042231397657012,-0.9498349112257332,1.40368931392048,-1.2971723535211979,1.3513513640450152,0.17818819977240308,-0.686376865263522,1.610080576553852,1.0194702068479162,-0.4545042726906662,0.0,0.0,0.0,1.0,0.0
-0.8300979410970113,-0.09582659576267816,1.1232544477667932,0.30653978516354113,0.04401151238004174,0.11094429081318824,-0.5969226379694341,1.173510908580307,1.1528059219841822,0.2394860001117234,-0.9687888701463342,-0.8643454908549801,-1.266418095856426,0.8030512700980408,0.091676537241813,-1.1963664982169009,1.1587487275872774,-1.0532358403486761,-1.4611827012415632,-0.4545042726906662,0.0,0.0,0.0,1.0,0.0
1.8661217052122583,-0.09582659576267816,0.10984815050383827,-0.9245347831413334,-0.4005985244256816,-0.49578073340483064,0.9635400933249283,0.7970366351419088,0.10346635228162299,-1.4545322045403744,-0.13958406618152008,-0.2659195482597085,1.40368931392048,0.2779953641932311,-0.11873613521897136,1.5577964076807849,-0.32649168771057996,-1.9789875360634588,-0.4580501507591641,0.5425021059261845,0.0,1.0,0.0,0.0,0.0
0.6617062493271514,-0.09582659576267816,-0.7237832833474263,1.779645671531902,-0.37113168578896505,-0.5045915241467996,2.3088286297632936,-0.2945829510424179,-1.3962312696619912,0.06662699963701955,-0.5541864681639271,-0.35140896863046156,0.06863560903202695,-0.6408524711401857,0.4619951591419152,1.0802397203278835,-0.686376865263522,-0.0847571432932111,-0.41851783349877403,-0.4545042726906662,0.0,0.0,0.0,1.0,0.0
-0.8300979410970113,-0.09582659576267816,-1.271433625382314,-0.4616683202284895,-0.9720971351758327,-0.8904752785619348,-0.43464123081539663,-1.1915090995073558,-0.6142691742407658,-1.1088142035909665,0.6896207377832941,-0.2659195482597085,0.06863560903202695,-1.2971723535211979,0.4966408820805169,0.17818819977240308,-0.686376865263522,1.610080576553852,-1.1597487821310886,1.5395084845430351,0.0,0.0,0.0,1.0,0.0
0.042551568719807045,-0.09582659576267816,-0.9105424530651017,0.13901704207663407,1.78541365934554,0.11094429081318824,2.495120289335367,0.25914156367018515,-0.4805563099141865,-0.6593808023567366,-0.5541864681639271,-0.5223878093719677,1.40368931392048,-1.1659083770449954,-0.6650098282137735,1.3809235605130437,-1.0262684218413018,-0.6497030499088993,1.2023071741772204,-1.4515106513075169,0.0,0.0,1.0,0.0,0.0
0.042551568719807045,-0.09582659576267816,-1.7601215614030006,-0.9245347831413334,-0.9720971351758327,-0.8904752785619348,-1.184776742901236,-1.1915090995073558,-1.0531909403593382,-0.9705270032112036,-0.13958406618152008,-0.2659195482597085,0.06863560903202695,-1.034644400568793,0.4191975013942311,0.9513752173913862,0.18762999450790946,0.15736253097065425,-1.525422716789697,1.5395084845430351,0.0,1.0,0.0,0.0,0.0
0.042551568719807045,-0.09582659576267816,0.7134040937291293,-0.7507842283623606,-0.42832707083341154,-0.8904752785619348,-0.9800126413722534,-0.0377474680331959,0.5934412437908562,-1.627391205015078,-0.13958406618152008,1.101911177672341,1.40368931392048,1.0655792230504455,-0.8350613580477284,-0.8415222147685755,-0.06570532716496924,0.9468832079180446,-0.09731775575810436,0.5425021059261845,0.0,1.0,0.0,0.0,0.0
-0.8300979410970113,-0.09582659576267816,-1.9455476326189014,-0.9245347831413334,-0.9720971351758327,-0.8904752785619348,-0.4830718339824802,-1.1915090995073558,-0.5607550758870391,1.2420682028650056,0.275018335800887,-0.4368983890012147,1.40368931392048,-1.4284363299974001,-0.3939579958117719,0.6292139600501433,-0.17653953039685363,0.7626617166303205,-1.5600134943925383,-0.4545042726906662,1.0,0.0,0.0,0.0,0.0
0.042551568719807045,-0.09582659576267816,-1.0442692012971415,0.05108253239115135,0.8807250166169486,0.616188339775439,-0.8223214319454045,-0.083099853583399,-1.1994981957321957,0.5506322009661904,0.275018335800887,-0.2659195482597085,0.06863560903202695,-0.9033804240925906,0.1848984598263998,0.6292139600501433,-0.17653953039685363,-0.2966118582740942,-1.046093370007467,-0.4545042726906662,1.0,0.0,0.0,0.0,0.0
-0.8300979410970113,-0.09582659576267816,0.8090800948975481,-0.6022296416781722,-0.654626042798354,-0.7482340399416465,0.2805264124235572,0.011479854967848986,0.5898704202758195,0.5160604008712496,0.275018335800887,0.07603813322330386,0.06863560903202695,0.9343152465742431,-1.124723288455053,-1.2158914229042492,1.4456701714516373,-0.0077190651183445536,0.396836209996772,0.5425021059261845,1.0,0.0,0.0,0.0,0.0
0.042551568719807045,-0.09582659576267816,0.27935256039722,1.884099375701344,1.1386774408640226,-0.8904752785619348,1.3400161434900992,0.06510166265634933,-0.02788204782553999,-1.3162450041606113,0.6896207377832941,-0.009451287147449236,1.40368931392048,-0.11579656523537611,-0.47975857585269394,-0.3372698119735866,1.6443080941269617,-1.0532358403486761,1.0491194447932088,1.5395084845430351,0.0,1.0,0.0,0.0,0.0
1.1419599302953858,-0.09582659576267816,0.030057006887977723,-0.7888727484797518,-0.8216171739864359,-0.5727702290211031,0.058150391794219276,-0.5841627771062523,0.43077575636938437,1.484070803529591,0.275018335800887,0.6744640758185755,1.40368931392048,0.015467411240826293,-0.8103836483601754,0.7795558801427229,0.6731893610475937,-0.6497030499088993,1.5778641881509265,-0.4545042726906662,0.0,1.0,0.0,0.0,0.0
-0.8300979410970113,-0.09582659576267816,0.6959190416950292,-0.5696374778506812,-0.9720971351758327,-0.7226394999846378,-0.40734073414962785,-0.33540992088250887,0.6788514819207895,0.17034239992184186,-0.13958406618152008,-0.2659195482597085,0.06863560903202695,0.8030512700980408,-1.502133497855844,-1.1963664982169009,1.6443080941269617,0.15736253097065425,-1.2931703528849052,-0.4545042726906662,0.0,1.0,0.0,0.0,0.0
0.042551568719807045,-0.09582659576267816,-0.2618787994495562,-0.8201795407373985,-0.5143208466044955,-0.6944760923656823,0.960180572015269,-0.2945829510424179,-0.6707750436476312,-1.5582476048251965,0.6896207377832941,1.3583794387846002,0.06863560903202695,-0.6408524711401857,-0.24689795908302684,0.17818819977240308,1.3529724742031521,-0.9321760032167431,-1.4068257650085267,-0.4545042726906662,0.0,1.0,0.0,0.0,0.0
0.6617062493271514,-0.09582659576267816,0.1679582139614313,-0.6486408207298878,-0.28862593829927624,-0.8904752785619348,1.2536640806261083,0.06510166265634933,-0.7118877684423788,0.1357705998269011,1.1042231397657012,1.016421757301588,0.06863560903202695,-0.11579656523537611,-1.1244197136408935,0.30705270270889934,0.9159690443174356,-1.0532358403486761,1.6371626640415118,-0.4545042726906662,0.0,0.0,1.0,0.0,0.0
1.8661217052122583,-0.09582659576267816,0.6576727748825424,-0.7360372156134679,-0.0781075489532834,-0.5371886773677846,-0.9773901638083422,0.1551559554974849,-0.342886587097972,-0.34823460150226965,1.1042231397657012,-0.09494070751820233,0.06863560903202695,1.4593711524790527,-0.5326530187189857,0.4557425137894733,0.41173431752622563,-0.8669899370687788,1.3406702845885858,0.5425021059261845,0.0,1.0,0.0,0.0,0.0
1.1419599302953858,-0.09582659576267816,-0.4332449979848093,-0.5244345415067294,-0.5782529778871084,-0.7640464582754478,0.7851233819111839,-1.1915090995073558,-0.7078826555809186,-0.0025166005528619827,1.5188255417481082,0.16152755359405693,1.40368931392048,-0.5095884946639834,-0.8506617682151442,1.6542725061359163,0.05520471272435914,-0.39290945599267774,1.6668119019868042,1.5395084845430351,0.0,1.0,0.0,0.0,0.0
1.1419599302953858,-0.09582659576267816,0.09718129090514896,-0.1981414667648789,-0.6111784552809665,-0.8904752785619348,-0.6851795574749865,-0.6209949250551222,-0.2057959167436553,0.7234912014408942,0.6896207377832941,1.5293582795261063,0.06863560903202695,0.1467313877170287,0.8346970187753551,0.6292139600501433,1.0980538067698178,-0.8262486457263015,0.44625160657225965,0.5425021059261845,0.0,0.0,0.0,1.0,0.0
0.042551568719807045,-0.09582659576267816,0.7177061879143346,-0.07599645546806216,1.237335922601459,-0.09150820751891768,-0.6113464294636517,0.7357295662767236,0.7465041112191887,-0.3136628014073289,-0.5541864681639271,1.3583794387846002,0.06863560903202695,0.9343152465742431,0.25328920095673424,-0.8058680044699397,0.5186931989667852,-0.39290945599267774,-0.7891333078149313,0.5425021059261845,0.0,1.0,0.0,0.0,0.0
0.6617062493271514,-0.09582659576267816,0.337186856932827,-0.36918427980318796,-0.6232560699931776,-0.3675681209430132,-0.7850882978100853,-0.20000324249116966,0.2619337093543354,-0.3136628014073289,-0.9687888701463342,1.6148476998968595,0.06863560903202695,0.40925934066943354,-0.15753393054482825,-0.12249564041275783,-0.4597824942116696,0.7626617166303205,1.5086826329452439,-0.4545042726906662,0.0,1.0,0.0,0.0,0.0
1.1419599302953858,-0.09582659576267816,-0.40596617376140415,-0.6673949508415093,-0.7816193020431695,-0.7690207433209141,0.8332487835334178,0.3805703682880689,-0.7074001118626704,-0.2099474011225066,1.5188255417481082,1.3583794387846002,1.40368931392048,-0.5095884946639834,-1.1643158352700913,1.6542725061359163,0.05520471272435914,-1.933671019490008,1.5185657122603413,1.5395084845430351,1.0,0.0,0.0,0.0,0.0
-0.8300979410970113,-0.09582659576267816,0.720274475946679,-0.7525206708893148,0.23776513274470107,0.1488223432611045,-0.9820489474114259,-0.37267967964723286,0.8575856751599268,-1.1088142035909665,-0.5541864681639271,-0.6933666501134739,0.06863560903202695,0.9343152465742431,0.40797452715424887,-1.2158914229042492,0.5186931989667852,1.1478521075046526,1.4098518397942685,1.5395084845430351,0.0,1.0,0.0,0.0,0.0
0.042551568719807045,-0.09582659576267816,1.232343433954536,-0.73917730272194,-0.10190745928555701,-0.8904752785619348,-0.681905503276103,0.42570523556563544,1.3760789004176293,-0.3136628014073289,0.275018335800887,-0.2659195482597085,0.06863560903202695,0.1467313877170287,-0.7115216811111584,-0.4983504406442075,0.46075713818648206,-0.2966118582740942,0.25353155992785786,-0.4545042726906662,0.0,1.0,0.0,0.0,0.0
-0.8300979410970113,-0.09582659576267816,-1.7601215614030006,0.035212489530352456,0.41670054261350437,0.013203957107521893,0.7975421753044954,-1.1915090995073558,-0.408946822126152,1.207496402770065,0.6896207377832941,-0.009451287147449236,1.40368931392048,-1.4284363299974001,0.8257752499972326,0.6292139600501433,-0.17653953039685363,0.7626617166303205,-1.1004503062405033,0.5425021059261845,0.0,1.0,0.0,0.0,0.0
-0.8300979410970113,-0.09582659576267816,1.1175522849225756,0.3165653249054008,1.3090291651082222,-0.37879217847667845,-0.9885958735140141,2.4735887308771454,1.3980346395979228,-0.8322398028314404,-1.7979936741111484,2.127784222121378,-1.266418095856426,0.8030512700980408,0.9408014477812752,-1.1963664982169009,-0.29792937203177566,-1.456768630788454,-0.9670287354866868,-0.4545042726906662,0.0,1.0,0.0,0.0,0.0
0.6617062493271514,-0.09582659576267816,-0.1900356061737033,0.1736620175469158,-0.695854800534304,2.0530745918654594,1.3552363373637166,-1.1915090995073558,-0.8302074881568401,0.446916800681368,1.5188255417481082,-1.804729114933264,0.06863560903202695,-0.5095884946639834,-0.07492091078357978,0.8342256692672978,1.9091586576940625,-1.1632902377413428,0.7279193670525392,-0.4545042726906662,0.0,0.0,1.0,0.0,0.0
1.1419599302953858,-0.09582659576267816,0.4615082192697582,0.9994606948917792,0.3313808281859402,-0.6205725024468526,0.6468794536680126,0.18811781682473352,0.2856748602921474,1.172924602675124,-0.5541864681639271,-0.8643454908549801,0.06863560903202695,0.540523317145636,0.053650534760339555,0.2731409914098211,-0.5790426895021192,0.09364682721700525,0.14975922711933382,-0.4545042726906662,0.0,0.0,1.0,0.0,0.0
-0.8300979410970113,-0.09582659576267816,-0.7167171095799293,3.30029236181256,0.19423291235109347,0.23239882605421075,3.071636903736449,0.25914156367018515,-1.3985474795095827,-0.07166020074274353,1.1042231397657012,0.24701697396481,-1.266418095856426,-1.1659083770449954,-1.0885283163418997,-0.12249564041275783,0.6731893610475937,-0.6497030499088993,0.8662824774639045,-2.4485170299243677,0.0,0.0,0.0,1.0,0.0
-0.8300979410970113,-0.09582659576267816,-0.1490790217293383,1.4120463012915498,0.04197085041464542,1.4571881577407622,0.6578839715110033,0.5242464688177053,-0.014563841201889374,-0.14080380093262507,-1.3833912721287414,1.7858265406383655,-1.266418095856426,-0.6408524711401857,-0.5917525762132327,-0.7238633207830776,-0.686376865263522,0.7626617166303205,-1.1251580045282472,-0.4545042726906662,0.0,0.0,0.0,1.0,0.0
0.042551568719807045,-0.09582659576267816,-1.0219104878469938,0.32483215295688683,0.39496847782443617,0.2859041601011356,1.4881013606087827,-1.1915090995073558,-0.7523249320315788,-0.5210936019769735,0.275018335800887,-0.2659195482597085,2.738743018808933,-1.034644400568793,-0.6872271915254132,0.9513752173913862,0.18762999450790946,0.15736253097065425,-1.2289303373367713,-0.4545042726906662,0.0,1.0,0.0,0.0,0.0
0.6617062493271514,-0.09582659576267816,-1.2404337569099257,0.3729189306710289,-0.9720971351758327,0.7211277154242802,-0.9404371920274404,-1.1915090995073558,-1.3017974640008165,-1.5928194049201374,0.275018335800887,-0.35140896863046156,1.40368931392048,-0.7721164476163882,0.9366600905253237,1.3809235605130437,-0.4597824942116696,0.29187346111724705,-0.9966779734319794,-0.4545042726906662,0.0,1.0,0.0,0.0,0.0
-0.8300979410970113,-0.09582659576267816,-2.3378767438444696,-0.9245347831413334,-0.9720971351758327,-0.8904752785619348,-1.184776742901236,-1.1915090995073558,-0.8221972624339198,-1.661963005110019,0.275018335800887,-0.2659195482597085,2.738743018808933,-1.4284363299974001,-1.0038246187162743,0.6292139600501433,-0.17653953039685363,0.7626617166303205,-1.3574103684330392,1.5395084845430351,0.0,0.0,0.0,1.0,0.0
-0.8300979410970113,-0.09582659576267816,0.7371535473441665,2.833696932904725,-0.3096491188756297,-0.7099939454514717,1.6770280590461983,2.205843735436583,0.6797683149854611,-1.0742424034960258,-1.7979936741111484,-0.2659195482597085,-1.266418095856426,1.0655792230504455,-1.283751159217117,-1.233718528053567,-1.8390525788751209,0.20999724276714699,-0.46793323007426163,-1.4515106513075169,0.0,0.0,1.0,0.0,0.0
1.1419599302953858,-0.09582659576267816,1.0897961210461664,-0.7531095844361576,-0.8030295765355089,-0.7290646687571893,-0.41193099718504433,-0.0377474680331959,0.5883745347492499,-0.14080380093262507,1.1042231397657012,0.24701697396481,0.06863560903202695,1.0655792230504455,-0.5196975767072302,-0.057129588198592526,-0.9523789530200455,0.9468832079180446,1.192424094862123,-0.4545042726906662,0.0,0.0,1.0,0.0,0.0
-0.8300979410970113,-0.09582659576267816,-1.271433625382314,-0.4616683202284895,-0.9720971351758327,-0.8904752785619348,-0.43464123081539663,-1.1915090995073558,0.1213687242286316,1.1037810024852426,0.6896207377832941,-0.009451287147449236,0.06863560903202695,-1.2971723535211979,-0.4714013764980585,0.17818819977240308,-0.686376865263522,1.610080576553852,-1.0905672269254059,1.5395084845430351,0.0,0.0,0.0,1.0,0.0
-0.8300979410970113,-0.09582659576267816,-1.03299820639567,-0.5993882554159742,3.7562472606788817,0.3048910918053388,1.8063257153201546,0.5242464688177053,-1.588862721986677,0.9654938021054795,1.1042231397657012,0.8454429165600816,-1.266418095856426,-1.2971723535211979,-1.0715875768167753,0.17818819977240308,-0.686376865263522,-0.0847571432932111,0.9601717309573311,-0.4545042726906662,0.0,1.0,0.0,0.0,0.0
0.6617062493271514,-0.09582659576267816,-0.8566818615001682,3.1599219395940876,0.950264839065555,0.9179600700269374,0.3711089929840167,-1.1915090995073558,-1.1317008033183222,-0.901383403021322,0.6896207377832941,-0.09494070751820233,0.06863560903202695,-0.7721164476163882,0.6902493337962321,1.3809235605130437,-0.4597824942116696,0.29187346111724705,0.3325961944486381,-0.4545042726906662,0.0,1.0,0.0,0.0,0.0
-0.8300979410970113,-0.09582659576267816,-1.6690692199369324,-0.9245347831413334,-0.9720971351758327,-0.8904752785619348,1.7041214286678774,-1.1915090995073558,-0.8213286837410729,-0.03708840064780275,1.1042231397657012,-0.4368983890012147,0.06863560903202695,-1.4284363299974001,-1.3131772535229063,0.6292139600501433,-0.17653953039685363,0.7626617166303205,0.43636852725716213,1.5395084845430351,0.0,1.0,0.0,0.0,0.0
-0.8300979410970113,-0.09582659576267816,-1.7933905822738636,0.08445135643882785,-0.9720971351758327,-0.8904752785619348,-0.6270825808420146,-1.1915090995073558,-0.40281851690439974,0.41234500058642726,1.1042231397657012,-0.2659195482597085,0.06863560903202695,-1.4284363299974001,0.975567052114128,0.6292139600501433,-0.17653953039685363,0.7626617166303205,-0.334511659320445,1.5395084845430351,0.0,1.0,0.0,0.0,0.0
0.042551568719807045,-0.09582659576267816,-1.0219104878469938,2.061628705042025,0.8235683981386,0.8472122748582638,0.9157243436054219,-1.1915090995073558,-0.6213143125271896,0.3777732004914865,0.6896207377832941,0.9309323369308347,1.40368931392048,-1.034644400568793,0.24590206756344346,0.9513752173913862,0.18762999450790946,0.15736253097065425,-1.298111892542454,-1.4515106513075169,0.0,0.0,1.0,0.0,0.0
-0.8300979410970113,-0.09582659576267816,0.3296521983193718,2.5594063847176627,3.8237335067356426,-0.2419451237193624,0.47393963324692046,-0.5422446597447547,-0.9510846895780168,0.896350201915598,0.6896207377832941,-0.2659195482597085,-1.266418095856426,-0.11579656523537611,-0.8612054752753558,-0.9815923266560724,1.6443080941269617,0.15736253097065425,0.6340301135591127,-0.4545042726906662,0.0,0.0,1.0,0.0,0.0
-0.8300979410970113,-0.09582659576267816,-1.3557234684482347,-0.9245347831413334,-0.20500704086675464,-0.8904752785619348,1.416284518152027,-1.1915090995073558,-1.1830434549399318,0.5160604008712496,0.6896207377832941,-1.2063031723379924,0.06863560903202695,-1.2971723535211979,0.8367638377973137,0.17818819977240308,-0.686376865263522,1.610080576553852,0.4759008445175522,0.5425021059261845,0.0,1.0,0.0,0.0,0.0
-0.8300979410970113,-0.09582659576267816,-1.3380113124431865,0.5701776906739409,2.7324366483894886,0.05956630986442581,1.3552363373637166,-1.1915090995073558,-0.9869859422156837,0.17034239992184186,0.275018335800887,-0.35140896863046156,0.06863560903202695,-1.2971723535211979,0.11961389716044046,0.17818819977240308,-0.686376865263522,1.610080576553852,-1.0757426079527597,-1.4515106513075169,1.0,0.0,0.0,0.0,0.0
-0.8300979410970113,-0.09582659576267816,0.9586818784299818,-0.5626417393739179,0.3803469163413248,1.372774413804165,-0.7883340393916942,0.6596531472090433,1.9743848566735858,1.207496402770065,-1.3833912721287414,-1.3772820130794987,-1.266418095856426,1.0655792230504455,-1.1718839445092926,-1.233718528053567,-0.06570532716496924,0.5784402253425962,-0.7990163871300288,-0.4545042726906662,0.0,1.0,0.0,0.0,0.0
0.042551568719807045,-0.09582659576267816,-1.4117999554451786,0.7387865834840187,-0.13922206800026485,0.6756755447484678,-0.563313175553508,-1.1915090995073558,-0.808927310182094,0.896350201915598,0.275018335800887,-0.35140896863046156,1.40368931392048,-1.034644400568793,1.5671817327438826,0.9513752173913862,0.18762999450790946,0.15736253097065425,-0.8187825457602239,-0.4545042726906662,0.0,0.0,1.0,0.0,0.0
1.5343557591439694,-0.09582659576267816,0.04171335340550921,0.7424028932761684,-0.8241634103394112,2.9120065429318003,-1.1110635626994148,-0.6536140280356327,0.9277957861650414,-1.1433860036859074,0.6896207377832941,0.16152755359405693,1.40368931392048,0.2779953641932311,-0.16715952380193452,1.0271778661775608,0.8731255707992283,-0.9820241714475394,-0.5519394042525906,-0.4545042726906662,1.0,0.0,0.0,0.0,0.0
0.042551568719807045,-0.09582659576267816,-1.1823663789615313,-0.12152871475061468,-0.08871474970161101,-0.8904752785619348,1.9430904422955184,0.25914156367018515,-0.990701528846195,1.034637402295361,1.1042231397657012,-0.8643454908549801,1.40368931392048,-1.1659083770449954,-0.15678764246002155,1.3809235605130437,-1.0262684218413018,-0.6497030499088993,0.3325961944486381,-1.4515106513075169,0.0,1.0,0.0,0.0,0.0
1.1419599302953858,-0.09582659576267816,0.030057006887977723,-0.7888727484797518,-0.8216171739864359,-0.5727702290211031,0.058150391794219276,-0.5841627771062523,0.43077575636938437,1.484070803529591,0.275018335800887,0.6744640758185755,1.40368931392048,0.015467411240826293,-0.8103836483601754,0.7795558801427229,0.6731893610475937,-0.6497030499088993,1.5778641881509265,-0.4545042726906662,0.0,1.0,0.0,0.0,0.0
-0.8300979410970113,-0.09582659576267816,-1.494553456141747,1.5375390207501538,0.8516984198866988,0.3048910918053388,1.9430904422955184,0.9084060034327873,-1.5019565983301744,-1.1433860036859074,0.6896207377832941,-1.4627714334502517,-1.266418095856426,-1.4284363299974001,-0.6650098282137735,0.6292139600501433,-2.7257262047301962,0.7626617166303205,0.8218086205459657,-1.4515106513075169,0.0,0.0,0.0,1.0,0.0
-0.8300979410970113,-0.09582659576267816,-0.5383572121315253,4.05398996240366,-0.626515402364298,2.6095076233606065,1.4992470842232515,0.06510166265634933,-0.4388162782857163,1.6223580039093541,-1.3833912721287414,0.4179958147063162,-1.266418095856426,-1.034644400568793,-1.3046921526824955,-0.3372698119735866,-1.269048105111144,1.3679609022899857,-1.4167088443236242,-0.4545042726906662,0.0,1.0,0.0,0.0,0.0
0.042551568719807045,-0.09582659576267816,-0.3883683024572805,0.5332369905049001,0.7025872600579098,-0.7721250339936401,1.0728139019027727,-1.1915090995073558,-0.5643258994020759,-0.6593808023567366,1.1042231397657012,-1.2063031723379924,0.06863560903202695,-0.7721164476163882,1.0551268004912335,0.37864409322917636,0.6731893610475937,0.29187346111724705,0.7229778273949904,-0.4545042726906662,0.0,1.0,0.0,0.0,0.0
0.6617062493271514,-0.09582659576267816,-0.929484772973113,-0.37038779885027606,0.973635087443457,0.3873934565269133,-0.00820804849491912,-0.20000324249116966,-0.8789444036999093,0.3777732004914865,1.1042231397657012,1.4438688591553532,1.40368931392048,-0.7721164476163882,0.18686735933537302,1.3809235605130437,-0.4597824942116696,-0.6497030499088993,-0.0380192798675192,-0.4545042726906662,0.0,0.0,0.0,1.0,0.0
-0.8300979410970113,-0.09582659576267816,-1.6980897556219077,-0.05012784848428792,0.890607246049705,0.7211277154242802,0.20511107496358322,-1.1915090995073558,-0.7338917619944971,-1.3162450041606113,0.275018335800887,1.7003371202676125,1.40368931392048,-1.4284363299974001,-0.5418044498492273,0.6292139600501433,-0.17653953039685363,0.7626617166303205,-0.35921935760818885,0.5425021059261845,0.0,1.0,0.0,0.0,0.0
0.6617062493271514,-0.09582659576267816,-0.9792791276809844,-0.9245347831413334,-0.10190745928555701,0.48213407360840843,1.6032923991039085,-1.1915090995073558,-1.4462710532443308,0.896350201915598,1.5188255417481082,-0.8643454908549801,0.06863560903202695,-0.7721164476163882,0.8570504614282326,1.3809235605130437,0.6731893610475937,-0.6497030499088993,1.5333903312329877,-0.4545042726906662,0.0,0.0,0.0,1.0,0.0
0.6617062493271514,-0.09582659576267816,1.3228410942044997,-0.7318302648866954,0.32719990327215376,-0.6426252051513708,-0.4338901236040325,1.308917586971645,1.2937086877126598,-0.451950001787092,-0.9687888701463342,1.7858265406383655,-1.266418095856426,1.0655792230504455,0.4866093560848842,-0.4493259014835841,-1.3957157659475834,0.20999724276714699,1.2813718086980008,0.5425021059261845,0.0,0.0,0.0,0.0,1.0
-0.8300979410970113,-0.09582659576267816,1.4373220680263472,0.47221318006543117,0.5190412356285116,-0.057629442636125905,-0.600683109917057,0.6596531472090433,1.4978246805316529,0.758063001535835,-0.5541864681639271,1.9568053813798718,-1.266418095856426,1.0655792230504455,0.3732504759279261,-1.233718528053567,0.37763148576256833,0.20999724276714699,-0.3888685955534814,-0.4545042726906662,0.0,0.0,0.0,1.0,0.0
-0.8300979410970113,-0.09582659576267816,0.0777285707650429,0.7181959496510367,0.28793964520125964,1.7759286482472256,-0.9763489078773389,0.1551559554974849,0.012506861391835251,1.345783603149828,-1.7979936741111484,0.9309323369308347,-1.266418095856426,-0.2470605417115785,0.6552749038088769,-0.9320290562958812,-1.1569959436019859,1.7404527088497803,-0.47781630938935915,-0.4545042726906662,0.0,1.0,0.0,0.0,0.0
-0.8300979410970113,-0.09582659576267816,1.0634497958430664,-0.4093672201584889,-0.19764405600059023,1.2301226933089124,-1.0455393663074135,0.6969229059737683,1.2750825001882788,1.518642603624532,-1.3833912721287414,-0.1804301278889554,-1.266418095856426,0.40925934066943354,1.3889424575011626,-1.1247751076966253,-0.4597824942116696,0.7626617166303205,1.0194702068479162,-1.4515106513075169,0.0,1.0,0.0,0.0,0.0
1.1419599302953858,-0.09582659576267816,0.7869713831610973,-0.7463146099472295,-0.7908796337075915,-0.8904752785619348,-0.6184274866183842,1.0520821039624233,0.05960312829286062,1.518642603624532,1.1042231397657012,1.016421757301588,0.06863560903202695,1.4593711524790527,-1.104428327841591,-0.23814327125320392,1.1960994480903304,-1.844780929288239,1.0935933017111477,-0.4545042726906662,0.0,1.0,0.0,0.0,0.0
-0.8300979410970113,-0.09582659576267816,1.023562421941258,-0.08866590150848162,-0.16331932378305541,-0.10343750978438838,-0.10409815798727089,0.7970366351419088,0.8889027624742356,0.17034239992184186,-1.3833912721287414,-1.1208137519672394,-1.266418095856426,0.2779953641932311,0.2544746836322433,-1.0952962998353346,-0.32649168771057996,0.51342087547634,-0.5272317059648468,1.5395084845430351,0.0,0.0,0.0,1.0,0.0
1.1419599302953858,-0.09582659576267816,0.6221050965662246,-0.16948152255242352,0.20397637425883264,-0.6769657067148196,-0.5869751053141701,0.7970366351419088,0.8581647276218246,-0.2790910013123881,-1.3833912721287414,-0.35140896863046156,0.06863560903202695,0.2779953641932311,-0.14647588796646707,0.49655932467433705,-0.32649168771057996,-0.9820241714475394,-1.2635211149396126,-1.4515106513075169,0.0,0.0,0.0,1.0,0.0
0.6617062493271514,-0.09582659576267816,-0.1900356061737033,-0.005165732774089713,0.29577580927292996,-0.28029185395084477,0.04369015235225871,0.25914156367018515,-0.2684783457440979,-0.10623200083768429,-0.13958406618152008,-0.2659195482597085,0.06863560903202695,-0.37832451818778096,1.5591714759461877,0.6292139600501433,-0.17653953039685363,-0.6497030499088993,0.7081532084223441,-0.4545042726906662,0.0,0.0,0.0,1.0,0.0
-0.8300979410970113,-0.09582659576267816,0.9604865896726187,1.5344776376517641,0.23568769632879946,-0.028843167092026997,-0.8915425928654659,0.7970366351419088,1.2414009486545536,-0.7285244025466181,-1.7979936741111484,0.3325063943355631,-1.266418095856426,0.2779953641932311,2.088532596187508,-1.0952962998353346,-0.926300316965484,1.0119025577843004,-1.6489612082284162,-0.4545042726906662,0.0,1.0,0.0,0.0,0.0
-0.8300979410970113,-0.09582659576267816,1.1542438006261926,0.3637519011960806,-0.9720971351758327,-0.19100315181115687,-0.8788854166119456,2.486778083824983,1.074875111487096,-0.3136628014073289,-1.7979936741111484,1.3583794387846002,-1.266418095856426,1.0655792230504455,1.222640457824051,-1.233718528053567,-1.3957157659475834,-0.5268887223837501,-0.6211209594582733,-0.4545042726906662,0.0,0.0,1.0,0.0,0.0
-0.8300979410970113,-0.09582659576267816,-1.0673859800465666,-0.9245347831413334,-0.9720971351758327,-0.8904752785619348,-0.6270825808420146,-1.1915090995073558,-0.5458927293649942,1.1383528025801835,0.6896207377832941,0.16152755359405693,0.06863560903202695,-1.1659083770449954,0.4049316154783363,-0.12249564041275783,0.6731893610475937,0.7626617166303205,-0.4036932145261277,1.5395084845430351,0.0,0.0,1.0,0.0,0.0
0.042551568719807045,-0.09582659576267816,0.4412277752323655,-0.44697272551266154,1.2228407192158015,-0.440812197966506,0.16640220065769085,0.3378918289805533,-0.9115161046816636,-0.38280640159721047,1.1042231397657012,0.3325063943355631,-1.266418095856426,0.2779953641932311,0.7466117186057214,-0.5646777583321106,1.4729342000541326,-0.9820241714475394,1.5630395691782804,1.5395084845430351,0.0,0.0,0.0,1.0,0.0
-0.8300979410970113,-0.09582659576267816,0.9341511875645114,0.48423697511583375,0.37901233596683215,-0.06050890716014321,-0.7932798160410488,0.9084060034327873,0.824097141113501,-1.5928194049201374,-1.3833912721287414,-0.009451287147449236,-1.266418095856426,0.1467313877170287,0.6331073342981014,-1.062132640991383,-0.17653953039685363,0.2330249291781131,-1.7280258427491964,-0.4545042726906662,0.0,0.0,0.0,1.0,0.0
0.6617062493271514,-0.09582659576267816,-0.2913700839737115,-0.5993882554159742,-0.8110861406798866,-0.7878614412745482,0.5429016739360971,-1.1915090995073558,-0.4013226313778303,1.3112118030548872,1.1042231397657012,-0.1804301278889554,0.06863560903202695,-0.5095884946639834,0.32884689059356353,0.8342256692672978,0.9821816852092108,-0.39290945599267774,1.335728744931037,-0.4545042726906662,1.0,0.0,0.0,0.0,0.0
1.1419599302953858,-0.09582659576267816,-0.8653683441484332,1.0198534316230816,0.973635087443457,0.2747988833086856,1.5476776873903348,-1.1915090995073558,-1.222129496118037,-0.0025166005528619827,0.275018335800887,-0.2659195482597085,1.40368931392048,-0.6408524711401857,-0.33059522979571965,1.9822912408833644,-0.686376865263522,-0.0847571432932111,0.8860486360940997,-0.4545042726906662,0.0,0.0,0.0,1.0,0.0
-2.321902131521174,-0.09582659576267816,1.4567467988797906,-0.36317803246887875,-0.43021315134691535,-0.012721875922391289,-0.9784583617198735,1.1315927912188095,2.0350406020573857,-1.1433860036859074,-1.3833912721287414,-0.09494070751820233,-1.266418095856426,1.3281071760028504,0.5102404540401143,-1.6259148413385582,-0.2785069973701874,0.5931779446456139,-1.0708010682952107,-0.4545042726906662,0.0,0.0,1.0,0.0,0.0
0.042551568719807045,-0.09582659576267816,0.4476304482503524,1.302113001135632,1.8922875559627395,1.2060926670797616,-0.9033984997516629,-0.20000324249116966,-0.6372865096012054,0.5506322009661904,0.275018335800887,-0.4368983890012147,-1.266418095856426,0.40925934066943354,-0.1472703730638833,-0.623635374054691,0.10670343341796235,0.7626617166303205,1.4790333949999512,1.5395084845430351,0.0,1.0,0.0,0.0,0.0
1.1419599302953858,-0.09582659576267816,0.47510917123775903,-0.7484287093461508,-0.7897901508965762,-0.7246572484455627,-0.9909631896250181,0.06510166265634933,0.6393311513962611,-1.3853886043504928,-0.13958406618152008,1.6148476998968595,0.06863560903202695,0.8030512700980408,-1.7131419139409358,0.09227853114807089,0.6731893610475937,-0.6497030499088993,-0.9867948941168818,0.5425021059261845,0.0,0.0,0.0,0.0,1.0
2.153510439751314,10.435516278555651,0.5676900487988882,0.8179151436224625,0.6906874253907519,-0.7456602307887072,-0.7007260938051847,0.832818434098358,0.3059416964585722,-0.8668116029263813,-0.9687888701463342,0.8454429165600816,0.06863560903202695,1.3281071760028504,0.23920546826072023,0.8998294162167877,-1.0942467331568568,-0.7626922312320366,-0.19614854890907962,-0.4545042726906662,0.0,0.0,0.0,1.0,0.0
-0.8300979410970113,-0.09582659576267816,-1.2107821432840513,-0.9245347831413334,-0.9720971351758327,-0.8904752785619348,0.14823569278262477,-1.1915090995073558,-0.27031201187344106,-0.8322398028314404,0.6896207377832941,1.187400598043094,1.40368931392048,-1.2971723535211979,-1.6667231218733423,0.17818819977240308,-0.686376865263522,1.610080576553852,-1.3672934477481367,1.5395084845430351,0.0,0.0,0.0,1.0,0.0
0.6617062493271514,-0.09582659576267816,-1.2404337569099257,4.167510947382123,1.1791581947471517,1.103033003439098,1.2413855333767627,-1.1915090995073558,-1.6930439107564657,-0.2099474011225066,0.6896207377832941,-0.778856070484227,0.06863560903202695,-0.7721164476163882,-0.9114205849428654,1.3809235605130437,0.6731893610475937,-0.6497030499088993,-1.693435065146355,-0.4545042726906662,0.0,0.0,0.0,1.0,0.0
-0.8300979410970113,-0.09582659576267816,-1.196426251642179,-0.9245347831413334,-0.36486982632856985,-0.8904752785619348,-0.08559380175438414,-1.1915090995073558,-1.1361402055262058,-1.350816804255552,0.6896207377832941,-1.4627714334502517,0.06863560903202695,-1.2971723535211979,-0.2901509110620694,0.17818819977240308,-0.686376865263522,1.610080576553852,0.01139611670796844,0.5425021059261845,0.0,1.0,0.0,0.0,0.0
1.1419599302953858,-0.09582659576267816,0.7185633591981355,-0.3635158626899089,-0.014510897317986332,0.04091868658730814,1.2112559822225262,2.624161571757848,-0.10330363098773533,-0.6939526024516773,-1.3833912721287414,0.5034852350770693,0.06863560903202695,0.9343152465742431,-1.04857374199019,0.014178832398679007,-1.7987492322453447,-1.5484806286156756,0.10034383054384619,0.5425021059261845,1.0,0.0,0.0,0.0,0.0
1.1419599302953858,-0.09582659576267816,0.510880292083675,-0.5916856055028252,-0.9720971351758327,-0.5770710116196004,-0.32878189697463805,-0.7537277572037735,-0.04303392057853381,-0.14080380093262507,1.1042231397657012,1.3583794387846002,0.06863560903202695,0.8030512700980408,-0.9795409647894746,0.09227853114807089,1.1587487275872774,-0.24617025946912274,0.7279193670525392,-0.4545042726906662,0.0,1.0,0.0,0.0,0.0
-0.8300979410970113,-0.09582659576267816,1.1838857934428102,-0.540880955621743,-0.2938170664212171,-0.5292343482809423,0.0604740158123756,0.5242464688177053,1.5551026198877154,0.27405780020666415,-1.7979936741111484,1.4438688591553532,-1.266418095856426,0.6717872936218383,-0.23793959672904494,-1.1748890810608181,-0.686376865263522,1.1863711465920865,0.29306387718824795,-0.4545042726906662,0.0,0.0,0.0,1.0,0.0
-0.8300979410970113,-0.09582659576267816,-2.03659997408497,-0.9245347831413334,-0.9720971351758327,-0.8904752785619348,-0.37902651910182267,-1.1915090995073558,-0.5053108026603197,-1.0050988033061443,-0.9687888701463342,1.6148476998968595,1.40368931392048,-1.4284363299974001,-0.14375630436377154,0.6292139600501433,-2.7257262047301962,2.8812088664391498,-1.0510349096650158,1.5395084845430351,0.0,1.0,0.0,0.0,0.0
1.1419599302953858,-0.09582659576267816,1.137768054146611,0.16785229990527856,-0.09745773286762544,-0.19845481738349535,-0.8786899056618254,0.2052124660083417,0.7625245626650292,-0.6939526024516773,-0.13958406618152008,-0.09494070751820233,0.06863560903202695,1.3281071760028504,-0.07444482287834622,-0.18263240844978926,0.945102606309817,-0.7626922312320366,0.8662824774639045,-0.4545042726906662,0.0,0.0,0.0,1.0,0.0
0.6617062493271514,-0.09582659576267816,-0.9792791276809844,-0.036974443073428995,2.7644264455192356,0.21562947202913382,1.9848281228543478,-0.083099853583399,-1.3730691711860772,1.1383528025801835,0.275018335800887,-0.09494070751820233,1.40368931392048,-0.9033804240925906,-0.8943613787077743,1.756778360744494,-1.4511328675635249,-0.2966118582740942,-0.8088994664451263,-1.4515106513075169,0.0,1.0,0.0,0.0,0.0
1.1419599302953858,-0.09582659576267816,-0.310471603773447,-0.1530273877084712,0.07202712518402264,-0.7849379545262369,0.2125640530461938,-0.4382590515720541,-0.8317516280552343,0.6543476012510127,1.1042231397657012,-0.6933666501134739,0.06863560903202695,-0.37832451818778096,0.6747606576589749,1.3809235605130437,0.6731893610475937,-1.3558854331785088,0.3424792737637356,-0.4545042726906662,0.0,1.0,0.0,0.0,0.0
-0.8300979410970113,-0.09582659576267816,-1.3039102235417177,-0.9245347831413334,-0.9720971351758327,-0.4331248750080724,0.09583726638573888,-1.1915090995073558,-0.8161172115839923,0.5506322009661904,-0.13958406618152008,0.24701697396481,0.06863560903202695,-1.2971723535211979,-1.0038246187162743,0.17818819977240308,-0.686376865263522,1.610080576553852,0.36718697205147943,-0.4545042726906662,0.0,0.0,1.0,0.0,0.0
-0.8300979410970113,-0.09582659576267816,0.9259848664079972,-0.49139617394296725,1.3703175423238756,-0.8904752785619348,0.1784515133423919,1.115240742295033,2.0872035780000173,1.7260734041941765,0.6896207377832941,-0.009451287147449236,1.40368931392048,0.40925934066943354,2.1511131058329913,-1.1247751076966253,1.806161216306857,-1.5912795609350454,1.5432734105480852,1.5395084845430351,0.0,1.0,0.0,0.0,0.0
0.042551568719807045,-0.09582659576267816,0.9489752424012033,-0.3165551772073492,-0.5470962241559757,-0.6922030880787302,0.21329904763397306,1.173510908580307,0.6529388842508606,-1.3853886043504928,-0.5541864681639271,0.9309323369308347,0.06863560903202695,0.8030512700980408,1.0573240126545471,-0.7668181550952438,0.18762999450790946,-0.6497030499088993,1.167716396574379,-0.4545042726906662,0.0,1.0,0.0,0.0,0.0
0.042551568719807045,-0.09582659576267816,-0.4913123759332034,0.2161277525773083,0.27764096344727895,0.052653919317515535,-0.2522638995830841,-1.1915090995073558,-0.5654840043258716,-1.0050988033061443,0.6896207377832941,1.272890018413847,0.06863560903202695,-0.7721164476163882,-0.44250459265989195,0.37864409322917636,0.6731893610475937,0.29187346111724705,0.732860906710088,-0.4545042726906662,0.0,0.0,0.0,1.0,0.0
-0.8300979410970113,-0.09582659576267816,1.1690046452967697,-0.7465162192314759,0.890607246049705,-0.8904752785619348,-0.8853508047355442,0.6596531472090433,0.6388968620498376,1.0000656022004204,-0.5541864681639271,1.101911177672341,-1.266418095856426,1.0655792230504455,1.7656562792353405,-1.233718528053567,0.37763148576256833,0.20999724276714699,1.1331256189715377,0.5425021059261845,0.0,0.0,1.0,0.0,0.0
-0.8300979410970113,-0.09582659576267816,-0.7831145720681996,-0.9245347831413334,-0.9720971351758327,-0.6787958287710951,-1.184776742901236,0.06510166265634933,0.39931390593960103,-0.7976680027364996,-0.9687888701463342,-0.09494070751820233,0.06863560903202695,-1.034644400568793,-0.8052090518699808,-0.3372698119735866,0.18762999450790946,0.15736253097065425,-0.5667640232252369,1.5395084845430351,0.0,1.0,0.0,0.0,0.0
-0.8300979410970113,-0.09582659576267816,-0.16454180827457487,-0.8340936258501669,-0.5094758434875074,-0.3024338174431113,0.4840898943059277,0.5242464688177053,-0.5113425991384224,0.6543476012510127,-0.9687888701463342,-1.5482608538210048,-1.266418095856426,-0.6408524711401857,0.003251601901759595,-0.7238633207830776,0.3332978044698148,-0.0847571432932111,-0.5420563249374931,0.5425021059261845,0.0,0.0,1.0,0.0,0.0
0.042551568719807045,-0.09582659576267816,0.8975959932660806,-0.9245347831413334,-0.9720971351758327,-0.8904752785619348,-0.8738121984273709,0.40734307990993374,0.26323657739360556,1.034637402295361,-0.13958406618152008,0.6744640758185755,0.06863560903202695,1.5906351289552552,-1.548418604997858,-0.9577285298159808,-0.08212520912524905,0.605732298125962,-0.9769118148017844,1.5395084845430351,0.0,1.0,0.0,0.0,0.0
2.153510439751314,-0.09582659576267816,0.9875769093997123,2.141062768909585,1.6639779405379533,-0.7497437004477556,0.27857522225311276,-0.6031549163230716,0.42739795034164685,-0.8322398028314404,0.6896207377832941,-0.8643454908549801,0.06863560903202695,2.1156910348600646,0.06774893904248368,0.41097568894801056,0.5635469234418586,-0.19410151231560258,0.4956670031477473,-0.4545042726906662,0.0,0.0,1.0,0.0,0.0
0.6617062493271514,-0.09582659576267816,0.7388186999823324,-0.2632652203099591,-0.7952582324600508,-0.4215451620610487,0.05593757964986059,-0.0377474680331959,0.5399753998089545,1.172924602675124,-0.13958406618152008,0.7599534961893285,0.06863560903202695,1.0655792230504455,-0.679902786038059,-0.4493259014835841,-0.5090421400925079,0.9468832079180446,1.548214950205634,-0.4545042726906662,0.0,0.0,0.0,1.0,0.0
-0.8300979410970113,-0.09582659576267816,-1.4519220959757373,0.8382185579210726,0.3336727012197522,1.7985496493646145,0.9661138067784842,-1.1915090995073558,-1.5539265567855065,-0.590237202166855,1.1042231397657012,-1.0353243315964862,0.06863560903202695,-1.2971723535211979,1.0290641242987335,0.17818819977240308,-0.686376865263522,1.610080576553852,-0.48275784904690794,-1.4515106513075169,0.0,0.0,0.0,1.0,0.0
0.042551568719807045,-0.09582659576267816,-1.2107821432840513,0.7156579305443627,1.8942367696289582,1.0206773752881229,2.0606337755873727,-1.1915090995073558,-1.5687406489357267,-0.0025166005528619827,0.6896207377832941,-0.9498349112257332,0.06863560903202695,-1.1659083770449954,-0.4293125826468155,1.3809235605130437,-1.0262684218413018,0.7626617166303205,-0.21097316788172593,-0.4545042726906662,0.0,1.0,0.0,0.0,0.0
0.042551568719807045,-0.09582659576267816,0.9753429434774842,0.6565054125709824,1.3153365568622712,1.9760764579201262,-0.8704094504470887,0.25914156367018515,1.1516960714322113,0.032055199542078784,-0.5541864681639271,-0.6078772297427208,0.06863560903202695,0.40925934066943354,-0.203122538313901,-0.623635374054691,1.2396752886772258,-0.6497030499088993,1.691519600274548,-1.4515106513075169,0.0,0.0,0.0,1.0,0.0
0.6617062493271514,-0.09582659576267816,0.7720877208531954,-0.3608596237746647,0.08959083434221891,0.49904821307700836,-1.084103315916662,-0.1250179709448964,0.9053575032664997,1.207496402770065,-0.5541864681639271,-0.6078772297427208,0.06863560903202695,1.3281071760028504,-0.6776168901859595,-0.5434530166719816,-0.2785069973701874,0.9321454886150269,0.6389716532166614,0.5425021059261845,0.0,0.0,1.0,0.0,0.0
-0.8300979410970113,-0.09582659576267816,1.2081272867356396,0.5504589466557358,-0.7945038735932278,-0.7209127553922705,-0.9800623896143713,1.9748971319952469,1.3415770245628822,1.6223580039093541,-1.3833912721287414,-0.09494070751820233,-1.266418095856426,0.015467411240826293,1.4048556362662534,-1.0245471609682386,-0.0065937521079647175,-1.2146489565245873,-1.7132012237765502,0.5425021059261845,0.0,0.0,0.0,1.0,0.0
2.153510439751314,-0.09582659576267816,0.3220333518341544,-0.9245347831413334,-0.9720971351758327,-0.8904752785619348,-0.9906170756156045,-0.37267967964723286,0.5982184266015135,0.2394860001117234,0.6896207377832941,1.9568053813798718,2.738743018808933,0.9343152465742431,-1.4708396002197228,1.2442490877016072,0.9821816852092108,-1.5484806286156756,-1.653902747885965,1.5395084845430351,0.0,0.0,0.0,1.0,0.0
0.042551568719807045,-0.09582659576267816,1.3157418143931965,-0.028646206024716833,-0.45498299562493255,-0.554143723716853,-0.5921300201459404,1.1011213071064345,1.2247531903749904,1.2420682028650056,0.275018335800887,1.187400598043094,0.06863560903202695,1.85316308190766,-1.334834251741232,-1.0038103444037443,1.1420053011548752,-1.1367253831982855,0.8909901757516484,-0.4545042726906662,0.0,1.0,0.0,0.0,0.0
1.5343557591439694,-0.09582659576267816,0.21615455001089193,-0.0636365479225871,0.4515185920118287,-0.8904752785619348,-0.3586083864650092,-0.20000324249116966,-0.08506347843795296,0.4814886007763088,0.275018335800887,-0.2659195482597085,0.06863560903202695,0.40925934066943354,1.6389307472032362,0.8797838268711102,0.6731893610475937,-1.120491305421972,-0.606296340485627,0.5425021059261845,0.0,0.0,0.0,1.0,0.0
2.8388924536477904,-0.09582659576267816,0.6660509239662183,0.1671304055284853,0.0780284819808062,0.1374152832501288,-0.8788949473423102,-0.013648602654018271,0.43275418561420204,-1.1088142035909665,-0.13958406618152008,-0.1804301278889554,1.40368931392048,1.9844270583838624,1.3936583010351205,1.3809235605130437,-0.3464853086857434,-0.9321760032167431,0.08057767191365113,1.5395084845430351,0.0,1.0,0.0,0.0,0.0
1.1419599302953858,-0.09582659576267816,-0.018669407638450184,-0.9245347831413334,-0.8104908937695283,-0.7532765011813412,-0.5947955417220592,-0.5841627771062523,-0.4219272481470289,-1.3162450041606113,1.1042231397657012,1.6148476998968595,1.40368931392048,0.015467411240826293,-0.8111158345271194,0.7795558801427229,1.3529724742031521,-1.2146489565245873,0.8415747791761607,1.5395084845430351,1.0,0.0,0.0,0.0,0.0
-0.8300979410970113,-0.09582659576267816,1.505723306813192,0.3722556387430934,-0.4225973746078624,0.16493685467482055,-1.043543688226263,1.834786328643255,1.7401581358359044,0.446916800681368,-0.5541864681639271,-1.6337502741917578,-1.266418095856426,1.85316308190766,0.605411398931897,-1.3148625928711517,-0.26444251916696876,-0.5522985832510217,-0.08249313678545807,-0.4545042726906662,0.0,0.0,0.0,1.0,0.0
2.153510439751314,-0.09582659576267816,0.5404330360002423,0.169443834003913,-0.619262784046559,-0.2071575995190258,-0.8868772195118517,-0.46725938819848106,0.30159880299433833,-0.03708840064780275,0.275018335800887,-0.778856070484227,0.06863560903202695,1.3281071760028504,0.3447911160289762,0.8998294162167877,0.12936287052314777,-0.4237246872626241,-0.40863475418367645,-0.4545042726906662,0.0,0.0,0.0,1.0,0.0
0.042551568719807045,-0.09582659576267816,-0.8830805001534815,-0.1530273877084712,-0.9720971351758327,0.3048910918053388,0.7975421753044954,-1.1915090995073558,-0.7649193230778571,1.2766400029599465,0.275018335800887,-1.804729114933264,0.06863560903202695,-0.9033804240925906,1.2323529986002346,0.6292139600501433,-0.17653953039685363,0.7626617166303205,-0.7594840698696387,-0.4545042726906662,0.0,1.0,0.0,0.0,0.0
0.042551568719807045,-0.09582659576267816,0.9048047834544718,1.8941544517827995,1.6961887501245743,0.5579394328580011,-0.7064453597335801,1.0520821039624233,0.669538388158599,0.8272066017257165,-1.3833912721287414,0.8454429165600816,-1.266418095856426,1.4593711524790527,0.2752417435156563,-0.9320290562958812,-1.1569959436019859,0.7626617166303205,-0.9867948941168818,-0.4545042726906662,0.0,1.0,0.0,0.0,0.0
-0.8300979410970113,-0.09582659576267816,-1.0913140374954629,-0.9245347831413334,-0.1982154552205723,-0.5567410196645696,-0.9888677951945241,-1.1915090995073558,-0.9006588710210788,-0.451950001787092,0.6896207377832941,-0.6933666501134739,0.06863560903202695,-1.1659083770449954,-0.2461115417743176,-0.12249564041275783,0.6731893610475937,0.7626617166303205,-0.710068673294151,-0.4545042726906662,1.0,0.0,0.0,0.0,0.0
1.8661217052122583,-0.09582659576267816,0.917079594938153,-0.7405211207772893,-0.7951425946519656,-0.7172116179161787,-0.8427779806587409,-0.33540992088250887,0.08479191038541722,-0.5210936019769735,1.5188255417481082,-0.009451287147449236,0.06863560903202695,0.8030512700980408,-1.248382662988757,0.9513752173913862,-0.7834887385714597,0.15736253097065425,1.6223380450688654,1.5395084845430351,0.0,0.0,0.0,1.0,0.0
1.1419599302953858,-0.09582659576267816,1.1246725689014445,-0.1755854804967096,-0.080994830718339,0.3265384875945204,-1.0797985935269538,0.5242464688177053,0.9693910546780372,-1.1433860036859074,-0.13958406618152008,0.8454429165600816,0.06863560903202695,1.3281071760028504,-0.5945701628286378,-0.18263240844978926,0.945102606309817,-1.101659775201449,1.1825410155470255,-0.4545042726906662,0.0,0.0,0.0,1.0,0.0
-0.8300979410970113,-0.09582659576267816,1.0873065977752598,-0.7524848490848168,-0.624265471060014,0.27860165913136786,-0.4985042774720411,0.7820873042970712,0.8140602317739382,-0.03708840064780275,-0.5541864681639271,-1.6337502741917578,-1.266418095856426,1.9844270583838624,0.27156751361451736,-1.3252310011533985,0.3332978044698148,0.19771581001463226,0.8811070964365508,-0.4545042726906662,0.0,1.0,0.0,0.0,0.0
2.153510439751314,-0.09582659576267816,0.30966331343301834,-0.5226178422218952,-0.31856398409105147,-0.5120381583796403,1.5559869368843817,0.18811781682473352,0.07895313139461388,0.41234500058642726,-0.13958406618152008,-0.5223878093719677,1.40368931392048,0.540523317145636,-0.957198730115013,1.697432865971107,-0.5790426895021192,-1.2443829516096232,0.7378024463676367,0.5425021059261845,0.0,0.0,0.0,1.0,0.0
-0.8300979410970113,-0.09582659576267816,-1.3380113124431865,0.5701776906739409,2.7324366483894886,0.05956630986442581,1.3552363373637166,-1.1915090995073558,-0.9869859422156837,0.17034239992184186,0.275018335800887,-0.35140896863046156,0.06863560903202695,-1.2971723535211979,0.11961389716044046,0.17818819977240308,-0.686376865263522,1.610080576553852,-1.0757426079527597,-1.4515106513075169,1.0,0.0,0.0,0.0,0.0
1.8661217052122583,-0.09582659576267816,0.30966331343301834,-0.25916412219044455,-0.8390245505771973,-0.2639752952369816,-0.004372221172092861,-0.7323642933460006,-0.46337775354455024,0.2394860001117234,1.1042231397657012,-0.6933666501134739,0.06863560903202695,0.6717872936218383,-0.006030602649275137,1.0802397203278835,0.8431351393364832,-0.9321760032167431,1.6173965054113166,-0.4545042726906662,0.0,1.0,0.0,0.0,0.0
3.357925895636421,-0.09582659576267816,0.676153029720113,-0.767166607368849,-0.8168749297675124,-0.7423004862492679,0.1426361394664091,-0.6209949250551222,0.1202106193048359,0.8617784018206572,1.1042231397657012,-0.35140896863046156,1.40368931392048,2.246955011336267,-1.0296779561441762,2.038669460918082,-0.17653953039685363,-1.0910670394524051,1.2220733328074156,0.5425021059261845,0.0,1.0,0.0,0.0,0.0
0.042551568719807045,-0.09582659576267816,1.1021091978796245,-0.5615409174578883,-0.7957241063925491,-0.7187929418097122,-0.8851933644002656,2.334581745694014,-0.09408704596919451,-0.48652180188203276,1.1042231397657012,1.187400598043094,-1.266418095856426,0.9343152465742431,-1.3212814568088767,-0.8058680044699397,-0.4082837735180672,-1.5484806286156756,1.6025718864386704,1.5395084845430351,0.0,0.0,1.0,0.0,0.0
-0.8300979410970113,-0.09582659576267816,0.8239202816433578,-0.7556846729322935,-0.8003920801626443,-0.7314893216530413,-0.8843442777569415,0.6356158371085828,0.559228894167058,0.5506322009661904,-1.3833912721287414,-0.4368983890012147,-1.266418095856426,-0.11579656523537611,-0.9249625554096582,-0.9815923266560724,0.18762999450790946,0.15736253097065425,-1.2486964959669664,0.5425021059261845,0.0,1.0,0.0,0.0,0.0
2.6337641207195492,-0.09582659576267816,0.5730131021112075,-0.7719279893548944,-0.5030937658294168,2.0140564781925545,0.2712967528828477,-0.49410848426511644,0.2663248571903941,-0.03708840064780275,0.275018335800887,-0.2659195482597085,1.40368931392048,1.4593711524790527,-0.6396778812603154,1.4965711913534896,-0.7648133783199329,-0.21512927558913952,0.006454577050419677,0.5425021059261845,0.0,1.0,0.0,0.0,0.0
1.8661217052122583,-0.09582659576267816,0.9067576621157153,0.9366482405842288,1.5378456677627554,1.602631766846458,-0.608942052968822,1.033051557966739,-0.23378345240205153,1.345783603149828,1.1042231397657012,-0.5223878093719677,0.06863560903202695,1.9844270583838624,-0.5537958130106618,0.17818819977240308,1.0130809176253721,-2.062067816448119,1.2121902534923181,-1.4515106513075169,0.0,0.0,0.0,1.0,0.0
-0.8300979410970113,-0.09582659576267816,0.8348422396499772,2.8073776784899627,-0.10235535363102906,1.8774773056047502,-0.7885404581767772,1.5157523258338912,1.3180288911123694,-1.039670603401085,-1.7979936741111484,-0.1804301278889554,-1.266418095856426,1.196843199526648,-0.5543470970634338,-1.2500600411071086,-1.8759973132857488,1.115752908265125,-0.5272317059648468,1.5395084845430351,0.0,1.0,0.0,0.0,0.0
1.5343557591439694,-0.09582659576267816,0.8083295393275808,-0.580553697822039,-0.9720971351758327,-0.40674592840346174,-0.24372821777995124,0.40734307990993374,0.11388929659578434,-0.9705270032112036,-0.13958406618152008,0.9309323369308347,0.06863560903202695,1.5906351289552552,-0.5409894197828685,0.04455093746788647,-0.8374397792980915,0.29187346111724705,0.15964230643443136,-0.4545042726906662,0.0,0.0,0.0,1.0,0.0
-0.8300979410970113,-0.09582659576267816,0.9978912522761267,1.2053886857486609,-0.43478873704980975,1.1150189460196023,-0.7838551557084926,0.6969229059737683,1.5731980093220232,-0.7630962026415589,-1.7979936741111484,-1.6337502741917578,-1.266418095856426,0.40925934066943354,0.6947744061234777,-1.1247751076966253,-1.0262684218413018,1.2334499721433938,-1.0213856717197232,-0.4545042726906662,0.0,1.0,0.0,0.0,0.0
1.1419599302953858,-0.09582659576267816,-0.5659674481070045,-0.9245347831413334,-0.9720971351758327,-0.8904752785619348,1.66781871569724,0.3805703682880689,-0.26630689901198096,1.2766400029599465,1.1042231397657012,-0.5223878093719677,1.40368931392048,-0.5095884946639834,-0.1906691215102711,1.6542725061359163,0.05520471272435914,-1.933671019490008,1.612454965753768,0.5425021059261845,0.0,0.0,1.0,0.0,0.0
0.6617062493271514,-0.09582659576267816,1.219316082894745,-0.04290745987575694,-0.12702091616442798,0.5800213954161126,-0.5048159153005963,0.1551559554974849,1.0577930638611095,1.484070803529591,0.6896207377832941,0.3325063943355631,0.06863560903202695,1.4593711524790527,0.0788296394756745,-0.585086163774543,1.1960994480903304,-0.5410596063289597,1.1232425396564403,-0.4545042726906662,0.0,1.0,0.0,0.0,0.0
-0.8300979410970113,-0.09582659576267816,1.2110457611788183,-0.42651028216678627,-0.33675713648993955,1.2130120426403534,0.05001404235609314,1.7272354232929101,1.3468850054636126,-1.661963005110019,-1.3833912721287414,-1.4627714334502517,-1.266418095856426,0.9343152465742431,1.4845404177581398,-1.2158914229042492,-0.8717722597604928,-0.0077190651183445536,-1.4364750029538194,-0.4545042726906662,0.0,1.0,0.0,0.0,0.0
-0.8300979410970113,-0.09582659576267816,-0.9012650355792018,2.0692177935076854,0.17887039459694232,2.1450146435992057,2.558346386046829,0.06510166265634933,-1.4783119561360119,-1.212529603875789,1.1042231397657012,-0.6933666501134739,-1.266418095856426,-1.034644400568793,-0.9063573502155549,-0.3372698119735866,1.6443080941269617,-1.0532358403486761,0.3523623530788331,-1.4515106513075169,0.0,0.0,0.0,1.0,0.0
0.042551568719807045,-0.09582659576267816,-0.0036824380556795843,2.4220052330792385,-0.6575954285238069,0.40983046745418084,0.6649472096204213,0.25914156367018515,0.007198880491104932,0.8617784018206572,-0.13958406618152008,-0.9498349112257332,0.06863560903202695,-0.37832451818778096,0.5522593100279403,-0.12249564041275783,0.6731893610475937,-0.6497030499088993,-1.2042226390490274,-0.4545042726906662,0.0,0.0,1.0,0.0,0.0
1.5343557591439694,-0.09582659576267816,0.7673193121450004,-0.9245347831413334,-0.8024637090243971,-0.7392764776455989,-0.24616149585675645,-0.16387804731187924,0.1998785871876155,1.207496402770065,1.1042231397657012,0.5889746554478223,0.06863560903202695,1.4593711524790527,-1.2109221838711994,0.10879962126813507,1.1960994480903304,-0.8669899370687788,1.108417920683794,-0.4545042726906662,0.0,1.0,0.0,0.0,0.0
-0.8300979410970113,-0.09582659576267816,-0.8566818615001682,0.9961034534177433,0.4506268600119114,0.9179600700269374,0.3711089929840167,-1.1915090995073558,-0.8964607406723194,-1.5582476048251965,-0.13958406618152008,-0.778856070484227,0.06863560903202695,-1.034644400568793,-0.7692605329837738,-0.3372698119735866,0.18762999450790946,1.3679609022899857,-0.29992088171760367,-0.4545042726906662,0.0,1.0,0.0,0.0,0.0
-0.8300979410970113,-0.09582659576267816,-0.6498125386841919,-0.7398299795141445,-0.4323559218275148,-0.37355567512469673,0.5205169364963388,-1.1915090995073558,-0.6673489832480689,0.032055199542078784,1.1042231397657012,-0.2659195482597085,0.06863560903202695,-1.034644400568793,1.0482423199875541,-0.3372698119735866,1.6443080941269617,0.15736253097065425,-0.35427781795064006,0.5425021059261845,0.0,1.0,0.0,0.0,0.0
0.042551568719807045,-0.09582659576267816,-0.6498125386841919,2.0014209140296804,1.5464554222400577,-0.7165608528385352,2.2215670775194414,-1.1915090995073558,-1.1761913341408072,-1.627391205015078,1.5188255417481082,-0.09494070751820233,0.06863560903202695,-1.034644400568793,-0.02573663858641224,0.9513752173913862,0.18762999450790946,0.15736253097065425,1.192424094862123,-0.4545042726906662,0.0,0.0,1.0,0.0,0.0
-0.8300979410970113,-0.09582659576267816,1.3203647450935567,0.1793544163784277,-0.6054559746947457,-0.19110162308021073,-0.8781704820123795,-0.24966352547884904,1.7164652392699171,0.8272066017257165,-0.9687888701463342,-1.2063031723379924,-1.266418095856426,0.540523317145636,1.0412212852684024,-1.1511508831514636,2.6409825833399987,-0.7983730253340803,0.18435000472217516,1.5395084845430351,0.0,0.0,1.0,0.0,0.0
-0.8300979410970113,-0.09582659576267816,1.2209581780085552,0.20245361227846406,0.8315711779231929,-0.1263583657202267,0.027295068442802464,0.7357295662767236,0.883691290317155,-0.9705270032112036,-0.9687888701463342,-0.1804301278889554,-1.266418095856426,0.9343152465742431,2.0259379663909303,-1.2158914229042492,-0.8717722597604928,1.1478521075046526,0.22388232198256527,-0.4545042726906662,0.0,0.0,0.0,1.0,0.0
-0.8300979410970113,-0.09582659576267816,-0.8067659487803038,0.43261826954044463,0.8210541462576159,-0.028843167092026997,-0.19567221718775596,0.06510166265634933,-0.6716918767123028,1.1383528025801835,0.275018335800887,-0.6078772297427208,0.06863560903202695,-1.034644400568793,0.012619752791229637,-0.3372698119735866,0.18762999450790946,0.15736253097065425,-1.046093370007467,-0.4545042726906662,0.0,0.0,1.0,0.0,0.0
0.042551568719807045,-0.09582659576267816,-1.1823663789615313,0.268007124342744,-0.08871474970161101,-0.5085699905471172,-0.525626300961989,-1.1915090995073558,-0.6859751707724498,-1.212529603875789,0.6896207377832941,-0.35140896863046156,0.06863560903202695,-1.034644400568793,1.1984715195499842,0.9513752173913862,0.18762999450790946,0.15736253097065425,-1.4809488598717582,1.5395084845430351,0.0,1.0,0.0,0.0,0.0
-2.321902131521174,-0.09582659576267816,-2.6143551565264387,2.6618974386195418,-0.9720971351758327,-0.8904752785619348,0.7975421753044954,-1.1915090995073558,-2.3217501212620597,0.2394860001117234,3.5918375516601433,-0.35140896863046156,0.06863560903202695,-1.9534922359022098,-0.3939579958117719,-1.6259148413385582,-2.7257262047301962,-3.474432582987338,0.43636852725716213,-0.4545042726906662,0.0,0.0,1.0,0.0,0.0
3.198429346413715,-0.09582659576267816,0.663269629832243,-0.9245347831413334,-0.7746503913366423,-0.1961382769294826,-0.8776605597513583,-0.083099853583399,0.33682449442645773,-1.0050988033061443,0.6896207377832941,-0.6078772297427208,1.40368931392048,2.246955011336267,0.02093989771489247,1.756778360744494,-0.49518786468852144,-1.0910670394524051,1.1479502379441842,-0.4545042726906662,0.0,1.0,0.0,0.0,0.0
-2.321902131521174,-0.09582659576267816,1.018063362569562,1.947693289255067,0.6889508185811483,0.8966552438357862,-0.6938092231424231,1.6531358137667562,1.4676656981411396,0.17034239992184186,-1.7979936741111484,1.7858265406383655,-1.266418095856426,0.2779953641932311,0.46400671842016994,-1.6259148413385582,-0.32649168771057996,0.014939193168380513,-1.3277611304877466,1.5395084845430351,0.0,0.0,0.0,0.0,1.0
0.6617062493271514,-0.09582659576267816,-0.6126098767005698,0.43261826954044463,0.6280533546319222,-0.8904752785619348,0.6836913713175412,0.6969229059737683,-1.1354163899488334,0.9654938021054795,0.6896207377832941,0.9309323369308347,1.40368931392048,-0.7721164476163882,-0.7860151105360956,1.3809235605130437,-0.4597824942116696,-1.5912795609350454,1.0441779051356601,-0.4545042726906662,0.0,0.0,0.0,1.0,0.0
-0.8300979410970113,-0.09582659576267816,1.219316082894745,-0.36313876318476257,-0.6075774931980447,0.9781344131004781,-0.8744778491390905,1.9748971319952469,1.0802796011314761,-1.5236758047302559,-0.9687888701463342,-1.5482608538210048,-1.266418095856426,0.015467411240826293,0.7262151981680294,-1.0245471609682386,-0.0065937521079647175,-1.2146489565245873,-1.130099544185796,1.5395084845430351,0.0,0.0,1.0,0.0,0.0
0.042551568719807045,-0.09582659576267816,-1.0913140374954629,2.6618974386195418,1.4621058567998562,0.40983046745418084,2.187429993169314,0.06510166265634933,-1.538195631570615,0.5506322009661904,-0.13958406618152008,0.7599534961893285,0.06863560903202695,-1.034644400568793,-1.5767296281114132,0.9513752173913862,-1.269048105111144,0.15736253097065425,0.5351993204081374,-0.4545042726906662,0.0,0.0,0.0,1.0,0.0
1.1419599302953858,-0.09582659576267816,1.1569514666584448,-0.3732771815022095,-0.7902520243665361,-0.719879004385208,-0.8521672305062143,-0.16387804731187924,0.261499420007912,-0.5556654020719143,1.5188255417481082,-0.5223878093719677,0.06863560903202695,1.4593711524790527,-0.8432626856096697,-0.23814327125320392,-0.3726308130378807,0.7626617166303205,1.0441779051356601,-1.4515106513075169,0.0,1.0,0.0,0.0,0.0
1.8661217052122583,-0.09582659576267816,-0.013637062535835272,-0.4228812964431836,-0.8116770186727128,-0.8904752785619348,-0.6753340761598609,-0.6536140280356327,0.07074988818439429,0.5506322009661904,0.6896207377832941,0.9309323369308347,1.40368931392048,0.2779953641932311,-1.0300796393825202,1.5577964076807849,0.273316941544324,-0.9820241714475394,0.2782392582156017,-1.4515106513075169,0.0,0.0,0.0,1.0,0.0
1.1419599302953858,-0.09582659576267816,0.8060729029608322,0.3803251495307317,-0.9720971351758327,-0.36528686868812105,-1.088981828644451,-0.20000324249116966,0.8524707117464958,-0.2790910013123881,-0.13958406618152008,-0.5223878093719677,0.06863560903202695,1.5906351289552552,-0.8149278771086853,-0.28954221829340215,-0.08212520912524905,0.605732298125962,-1.67366890651616,1.5395084845430351,0.0,1.0,0.0,0.0,0.0
1.1419599302953858,-0.09582659576267816,-0.5659674481070045,-0.9245347831413334,-0.9720971351758327,-0.8904752785619348,1.66781871569724,0.3805703682880689,-0.26630689901198096,1.2766400029599465,1.1042231397657012,-0.5223878093719677,1.40368931392048,-0.5095884946639834,-0.1906691215102711,1.6542725061359163,0.05520471272435914,-1.933671019490008,1.612454965753768,0.5425021059261845,0.0,0.0,1.0,0.0,0.0
0.042551568719807045,-0.09582659576267816,-0.6692037885356491,4.971723166860605,-0.9720971351758327,0.8257284386023813,2.756378033768562,-1.1915090995073558,-1.3649141823476825,1.484070803529591,1.1042231397657012,-1.6337502741917578,0.06863560903202695,-0.9033804240925906,-1.4676390406663011,0.6292139600501433,1.0980538067698178,-0.2966118582740942,1.528448791575439,-1.4515106513075169,0.0,1.0,0.0,0.0,0.0
1.8661217052122583,-0.09582659576267816,-0.018669407638450184,0.4861711024308376,0.2731880714680112,0.11456783582239219,-0.9845380735867215,-0.6536140280356327,-1.3649141823476825,1.656929804004295,1.5188255417481082,-1.6337502741917578,0.06863560903202695,0.2779953641932311,1.0328427279102856,1.5577964076807849,0.273316941544324,-0.9820241714475394,1.3752610621914272,-1.4515106513075169,0.0,0.0,1.0,0.0,0.0
-0.8300979410970113,-0.09582659576267816,-1.6980897556219077,-0.9245347831413334,0.29577580927292996,-0.8904752785619348,0.6315442572840614,0.5242464688177053,-2.044142720153864,1.4494990034346502,1.1042231397657012,-1.719239694562511,0.06863560903202695,-1.2971723535211979,0.5670439554316863,0.17818819977240308,-0.686376865263522,-0.0847571432932111,-0.8039579267875776,-0.4545042726906662,0.0,0.0,1.0,0.0,0.0
-0.8300979410970113,-0.09582659576267816,0.973577177277616,0.42354078111955146,0.0029385399856422145,-0.5727702290211031,-0.2654136521641236,1.8053321518977248,0.7802339171247386,-1.6965348052049596,-1.7979936741111484,0.8454429165600816,-1.266418095856426,0.1467313877170287,1.08182075257767,-1.062132640991383,-0.8138361989801893,-0.2966118582740942,-0.7397179112394436,1.5395084845430351,0.0,0.0,0.0,0.0,1.0
0.6617062493271514,-0.09582659576267816,0.9310218582242299,-0.9245347831413334,-0.9720971351758327,-0.8904752785619348,-1.0851183693376825,0.6064356531459979,0.9820819544679652,0.34320140039654573,1.1042231397657012,-0.1804301278889554,0.06863560903202695,0.540523317145636,-1.451209894573169,-0.20162296677727368,-1.1157135683091384,0.5396567534925483,1.320904125958391,1.5395084845430351,0.0,1.0,0.0,0.0,0.0
0.6617062493271514,-0.09582659576267816,0.9568723780320382,-0.2390676213684853,0.026330762966674557,-0.8904752785619348,-0.34122529363832677,-0.5422446597447547,0.36761078365069355,-1.5582476048251965,0.6896207377832941,0.16152755359405693,0.06863560903202695,1.7218991054314576,1.3606700894713943,-0.6594310693148295,1.2801385692221987,0.15736253097065425,0.8860486360940997,0.5425021059261845,0.0,0.0,1.0,0.0,0.0
0.042551568719807045,-0.09582659576267816,-0.9105424530651017,0.13901704207663407,-0.18426490677336463,-0.3829983213936922,-0.4547944385016295,-1.1915090995073558,-0.9500713477696956,-1.5236758047302559,0.6896207377832941,-1.719239694562511,0.06863560903202695,-0.7721164476163882,0.6902493337962321,0.37864409322917636,0.6731893610475937,0.29187346111724705,-1.2882288132273565,-0.4545042726906662,0.0,0.0,0.0,1.0,0.0
1.1419599302953858,-0.09582659576267816,0.8498449118814031,0.49238356552149193,-0.4378535060240585,-0.3788445312315257,-0.5921747547351316,-0.5190372453005339,1.1225986852218441,-0.03708840064780275,-0.13958406618152008,0.6744640758185755,1.40368931392048,1.5906351289552552,0.2572412197930356,-0.28954221829340215,0.6731893610475937,0.29187346111724705,0.6142639549289176,0.5425021059261845,0.0,0.0,0.0,1.0,0.0
-0.8300979410970113,-0.09582659576267816,1.0957341527645266,-0.39133890970270113,0.5188287634720344,1.1970875309163902,-0.7004427950413011,0.5242464688177053,0.6853175677453155,1.7260734041941765,-0.9687888701463342,-0.778856070484227,-1.266418095856426,0.6717872936218383,2.1013651640886453,-1.1748890810608181,-0.17653953039685363,0.7626617166303205,1.1034763810262451,-0.4545042726906662,0.0,1.0,0.0,0.0,0.0
-0.8300979410970113,-0.09582659576267816,-1.828366436742988,-0.9245347831413334,-0.9720971351758327,-0.8904752785619348,-0.5969226379694341,-1.1915090995073558,-0.00993142150670655,1.1037810024852426,-0.13958406618152008,1.3583794387846002,2.738743018808933,-1.4284363299974001,-0.6650098282137735,0.6292139600501433,-2.7257262047301962,2.8812088664391498,0.22388232198256527,1.5395084845430351,0.0,0.0,1.0,0.0,0.0
0.6617062493271514,-0.09582659576267816,0.7168479377488347,-0.9245347831413334,-0.789496415528141,-0.7276967646985752,-0.7810427679444472,-0.4382590515720541,0.017670079177091107,1.5877862038144135,0.6896207377832941,0.4179958147063162,0.06863560903202695,1.196843199526648,-0.8410397067598392,-0.4983504406442075,1.0980538067698178,0.05647933336071082,1.548214950205634,-0.4545042726906662,1.0,0.0,0.0,0.0,0.0
-0.8300979410970113,-0.09582659576267816,-0.6891626670558959,-0.1530273877084712,-0.9720971351758327,-0.16403902469554688,-0.05010656829714344,-1.1915090995073558,-0.44542712722571676,-0.2099474011225066,1.1042231397657012,-1.4627714334502517,0.06863560903202695,-1.034644400568793,-0.7192201946941732,-0.3372698119735866,1.6443080941269617,0.15736253097065425,0.8811070964365508,0.5425021059261845,0.0,0.0,0.0,1.0,0.0
-0.8300979410970113,-0.09582659576267816,-0.8396339818910253,1.824710793324565,2.990343323457852,-0.6603884656051142,1.2413855333767627,-1.1915090995073558,-1.0242865716362703,-1.5236758047302559,0.275018335800887,-1.5482608538210048,-1.266418095856426,-1.1659083770449954,-0.8005357444147736,-0.12249564041275783,0.6731893610475937,0.7626617166303205,-0.2653301041147623,-1.4515106513075169,0.0,1.0,0.0,0.0,0.0
-0.8300979410970113,-0.09582659576267816,-0.34219265651874115,-0.4589292104198455,0.03903766199145764,-0.7798973366544768,1.612589238006198,-1.1915090995073558,-0.9956717291441515,0.032055199542078784,1.1042231397657012,0.5034852350770693,-1.266418095856426,-0.9033804240925906,0.41432830680018307,-0.4983504406442075,2.372647143936489,-0.2966118582740942,1.2023071741772204,-0.4545042726906662,0.0,0.0,1.0,0.0,0.0
0.042551568719807045,-0.09582659576267816,0.6091544725709052,0.06701002200906522,-0.014206682722658327,0.6571807952882306,-0.18799403648336477,0.12373488527884689,0.6956440033158272,0.9309220020105388,0.6896207377832941,1.016421757301588,0.06863560903202695,0.6717872936218383,0.12972855778027698,-0.7238633207830776,1.3529724742031521,-0.5084665732549773,0.8465163188337095,-0.4545042726906662,0.0,0.0,0.0,0.0,1.0
-0.8300979410970113,-0.09582659576267816,-1.6690692199369324,-0.08734813784635694,0.2428852004218393,-0.10219672932802217,1.3355216403324779,-1.1915090995073558,-0.6916209322759539,-0.10623200083768429,0.275018335800887,-0.5223878093719677,1.40368931392048,-1.4284363299974001,-1.3131772535229063,0.6292139600501433,-2.7257262047301962,2.8812088664391498,0.5104916221203936,-1.4515106513075169,0.0,1.0,0.0,0.0,0.0
-0.8300979410970113,-0.09582659576267816,-0.7454320751650247,-0.7118741491235459,-0.05149545299033177,0.4677482474440675,-1.0672334096093812,0.06510166265634933,0.2853370796893736,0.6543476012510127,-1.7979936741111484,1.5293582795261063,0.06863560903202695,-1.034644400568793,0.36616562114166556,-0.3372698119735866,-1.269048105111144,1.3679609022899857,-0.4629916904167129,0.5425021059261845,1.0,0.0,0.0,0.0,0.0
-0.8300979410970113,-0.09582659576267816,0.5719518105872836,-0.14240753480477814,-0.19743160698669876,1.0552059602488248,0.10902194830223483,0.9084060034327873,1.2151988247536758,-0.5556654020719143,-1.7979936741111484,0.3325063943355631,-1.266418095856426,0.1467313877170287,1.2145929721401965,-1.062132640991383,-0.17653953039685363,0.2330249291781131,-1.1893980200763812,-1.4515106513075169,0.0,1.0,0.0,0.0,0.0
-0.8300979410970113,-0.09582659576267816,0.9434539193884486,2.1026681866192924,-0.8018232806432335,0.6666211105363422,-0.9802694140158528,0.7970366351419088,0.5947923662019512,0.032055199542078784,-0.13958406618152008,1.101911177672341,0.06863560903202695,0.2779953641932311,0.6853478540059607,-1.0952962998353346,0.8731255707992283,-0.4835424891395794,1.5383318708905365,-0.4545042726906662,0.0,1.0,0.0,0.0,0.0
-0.8300979410970113,-0.09582659576267816,0.8969368538561567,-0.36139755525682526,-0.10947343164669793,-0.308037808365252,0.7394982729421026,1.6823159977293412,1.1805039314116295,1.2420682028650056,-1.3833912721287414,0.5889746554478223,-1.266418095856426,-0.11579656523537611,1.2465222134595835,-0.9815923266560724,0.18762999450790946,-1.0532358403486761,-1.5649550340500873,-0.4545042726906662,0.0,0.0,0.0,1.0,0.0
1.5343557591439694,-0.09582659576267816,0.9841038305850374,0.3722059191966416,-0.6165312763098352,0.3305103705956456,-1.0833778080832432,0.42570523556563544,0.7637791763324746,0.4814886007763088,0.275018335800887,-0.4368983890012147,0.06863560903202695,2.246955011336267,-0.5172473301411319,-0.21645934047061982,0.1421088038948142,-0.2966118582740942,1.6421042036990605,-0.4545042726906662,0.0,1.0,0.0,0.0,0.0
0.042551568719807045,-0.09582659576267816,-1.6144897251251553,-0.1530273877084712,-0.9720971351758327,-0.16403902469554688,0.7975421753044954,-1.1915090995073558,-0.7027194377956627,1.3803554032447687,0.6896207377832941,0.16152755359405693,1.40368931392048,-1.1659083770449954,-0.06869579692937075,1.3809235605130437,-1.0262684218413018,0.7626617166303205,-0.32957011966289623,0.5425021059261845,0.0,1.0,0.0,0.0,0.0
2.153510439751314,-0.09582659576267816,-0.09614800213428606,-0.7612897212845059,-0.6122925152027667,-0.7367669254087857,-0.3563987223107165,-0.1448089388865984,-0.21433694055664865,1.1037810024852426,1.1042231397657012,0.5889746554478223,1.40368931392048,0.2779953641932311,-0.5294839120127728,2.088414949184009,-0.32649168771057996,-1.4805058537554991,1.2616056500678057,0.5425021059261845,0.0,0.0,0.0,1.0,0.0
-0.8300979410970113,-0.09582659576267816,-1.7601215614030006,0.035212489530352456,3.9307564930461623,-0.8904752785619348,1.2413855333767627,-1.1915090995073558,-0.9534008994256082,0.9654938021054795,0.6896207377832941,-0.6078772297427208,0.06863560903202695,-1.4284363299974001,-0.8005357444147736,0.6292139600501433,-0.17653953039685363,0.7626617166303205,0.12999306848913877,-0.4545042726906662,1.0,0.0,0.0,0.0,0.0
1.1419599302953858,-0.09582659576267816,-0.6757920491256059,0.016837040217472333,0.12814959391605815,0.6756755447484678,1.452511631830261,-0.37267967964723286,-1.1774942021800774,0.032055199542078784,0.275018335800887,0.6744640758185755,2.738743018808933,-0.5095884946639834,-0.26640419232847745,1.6542725061359163,-0.8717722597604928,-0.39290945599267774,0.8316916998610632,-0.4545042726906662,1.0,0.0,0.0,0.0,0.0
0.6617062493271514,-0.09582659576267816,0.8975959932660806,0.6821469904824035,-0.030803228983543714,-0.11862400335871308,0.13083135013083416,-0.16387804731187924,0.8957066289015354,-1.350816804255552,-0.13958406618152008,-0.6078772297427208,0.06863560903202695,1.4593711524790527,-0.6990879115912009,-0.585086163774543,0.019551752244172604,0.7626617166303205,-0.052843898840165486,1.5395084845430351,1.0,0.0,0.0,0.0,0.0
0.042551568719807045,-0.09582659576267816,-0.3883683024572805,0.5332369905049001,0.7025872600579098,-0.7721250339936401,1.0728139019027727,-1.1915090995073558,-0.5643258994020759,-0.6593808023567366,1.1042231397657012,-1.2063031723379924,0.06863560903202695,-0.7721164476163882,1.0551268004912335,0.37864409322917636,0.6731893610475937,0.29187346111724705,0.7229778273949904,-0.4545042726906662,0.0,1.0,0.0,0.0,0.0
1.8661217052122583,-0.09582659576267816,0.34315520721531817,-0.9245347831413334,-0.9720971351758327,-0.8904752785619348,-0.6973403680108973,-0.7537277572037735,-0.09341148476364701,0.5852040010611311,0.6896207377832941,-0.6078772297427208,1.40368931392048,0.8030512700980408,-1.5586523324212442,0.9513752173913862,0.6731893610475937,-0.6497030499088993,-0.5766471025403345,0.5425021059261845,0.0,1.0,0.0,0.0,0.0
-0.8300979410970113,-0.09582659576267816,-1.8652337755497168,2.2723615995261834,2.10696093798363,0.16819858758022485,-1.184776742901236,-1.1915090995073558,-1.3015079377698675,-1.1433860036859074,1.1042231397657012,-1.6337502741917578,0.06863560903202695,-1.4284363299974001,-0.10696193797435932,0.6292139600501433,-0.17653953039685363,0.7626617166303205,1.2418394914376105,-0.4545042726906662,0.0,1.0,0.0,0.0,0.0
-0.8300979410970113,-0.09582659576267816,0.7159886059823353,1.3923655422121313,2.0867966211156124,1.7428450953299783,-0.6752373998537037,2.4735887308771454,1.3630984743967525,-1.2816732040656704,-1.7979936741111484,1.272890018413847,0.06863560903202695,0.8030512700980408,0.8339889418882024,-1.1963664982169009,-0.29792937203177566,-1.456768630788454,-1.693435065146355,-0.4545042726906662,1.0,0.0,0.0,0.0,0.0
0.042551568719807045,-0.09582659576267816,-0.7454320751650247,-0.9245347831413334,-0.5045271775407771,-0.8904752785619348,-0.8358916515970745,-1.1915090995073558,-0.3520066633728632,-0.6593808023567366,1.1042231397657012,-1.3772820130794987,0.06863560903202695,-0.9033804240925906,1.5151896932805828,0.6292139600501433,1.0980538067698178,-0.2966118582740942,-1.6835519858312575,-0.4545042726906662,0.0,1.0,0.0,0.0,0.0
0.042551568719807045,-0.09582659576267816,0.26284135014613325,-0.39994590667933155,-0.44472908017915685,-0.7544520215141975,-0.6123997258978758,0.42570523556563544,-0.17655376741781373,-1.4199604044454335,-0.13958406618152008,1.4438688591553532,0.06863560903202695,0.1467313877170287,-0.2620949422107986,-0.4983504406442075,1.0980538067698178,-0.8262486457263015,0.8514578584912583,-0.4545042726906662,0.0,0.0,1.0,0.0,0.0
1.1419599302953858,-0.09582659576267816,1.0371191242634672,0.028568031754290492,-0.9720971351758327,-0.7161516363906436,-1.0824451410722435,0.3174117299554589,0.596191742984871,1.518642603624532,-0.5541864681639271,0.4179958147063162,0.06863560903202695,1.0655792230504455,-0.39267642686424536,-0.057129588198592526,-0.5090421400925079,0.20999724276714699,1.088651762053599,0.5425021059261845,0.0,0.0,1.0,0.0,0.0
0.042551568719807045,-0.09582659576267816,0.7568719237281267,-0.5767782236754576,1.3012873745312081,-0.3907379191765852,-0.7912110367448715,0.3174117299554589,1.1435410825938166,-1.212529603875789,-1.3833912721287414,1.272890018413847,0.06863560903202695,1.0655792230504455,-0.36688504227816027,-0.8415222147685755,-0.5090421400925079,0.9468832079180446,-1.3771765270632341,-0.4545042726906662,0.0,0.0,0.0,1.0,0.0
1.5343557591439694,-0.09582659576267816,0.5634014833010791,-0.9245347831413334,-0.9720971351758327,-0.715740489633642,-0.5833707822528922,-0.7909975159684977,0.18820102920600879,0.1357705998269011,1.5188255417481082,1.6148476998968595,1.40368931392048,1.0655792230504455,-0.6328946821945789,0.3350667250863988,2.15097873747272,-1.2637746875346467,1.4147933794518173,1.5395084845430351,0.0,1.0,0.0,0.0,0.0
3.0261599495681324,-0.09582659576267816,0.8876413687859243,-0.7515602894368041,-0.8015038102104672,-0.5483038993714674,-0.502428290832477,-0.1250179709448964,1.1419969426954222,-0.7976680027364996,-0.5541864681639271,1.016421757301588,2.738743018808933,1.3281071760028504,-0.5838804770041459,2.3431118491055565,-0.2785069973701874,-1.7795948631402745,0.5203747014354911,1.5395084845430351,0.0,1.0,0.0,0.0,0.0
-0.8300979410970113,-0.09582659576267816,1.0613803567236466,-0.5981621565556658,-0.3325676019454638,0.04336149471522678,-0.8189333628538343,0.7625022778985887,1.5047250557026022,-0.901383403021322,-0.9687888701463342,1.9568053813798718,-1.266418095856426,1.4593711524790527,-1.3091444109181485,-1.2789719488172202,0.019551752244172604,0.43673138589050026,1.128184079313989,1.5395084845430351,0.0,0.0,1.0,0.0,0.0
0.6617062493271514,10.435516278555651,-1.103600490017915,-0.563590398295227,-0.9720971351758327,-0.8904752785619348,-0.22196643177758701,-1.1915090995073558,-0.6089129389682106,1.484070803529591,1.1042231397657012,1.272890018413847,1.40368931392048,-0.9033804240925906,0.08791192845845158,1.756778360744494,-0.17653953039685363,-0.2966118582740942,1.231956412122513,-0.4545042726906662,0.0,1.0,0.0,0.0,0.0
-0.8300979410970113,-0.09582659576267816,1.505993304704849,-0.011214053283368925,-0.43949251403106254,0.13679299403303533,-0.7790652219583272,0.6969229059737683,1.8829428220655497,-0.6939526024516773,-1.7979936741111484,-1.890218535304017,-1.266418095856426,0.40925934066943354,0.9264133065821336,-1.1247751076966253,-1.0262684218413018,1.2334499721433938,-1.0757426079527597,0.5425021059261845,0.0,0.0,1.0,0.0,0.0
-0.8300979410970113,-0.09582659576267816,-1.1288581799969317,0.5332369905049001,0.8681725276223726,-0.8904752785619348,0.901587490185152,-1.1915090995073558,-1.1800999382586177,-0.2790910013123881,0.6896207377832941,-1.4627714334502517,0.06863560903202695,-1.2971723535211979,1.5763803243412355,0.17818819977240308,-0.686376865263522,1.610080576553852,-0.5420563249374931,0.5425021059261845,0.0,1.0,0.0,0.0,0.0
1.8661217052122583,-0.09582659576267816,0.30966331343301834,-0.25916412219044455,-0.8390245505771973,-0.2639752952369816,-0.004372221172092861,-0.7323642933460006,-0.46337775354455024,0.2394860001117234,1.1042231397657012,-0.6933666501134739,0.06863560903202695,0.6717872936218383,-0.006030602649275137,1.0802397203278835,0.8431351393364832,-0.9321760032167431,1.6173965054113166,-0.4545042726906662,0.0,1.0,0.0,0.0,0.0
1.1419599302953858,-0.09582659576267816,-0.021199576279770135,-0.9245347831413334,-0.9720971351758327,-0.8904752785619348,-0.7085260510486622,-0.5841627771062523,-0.6473716733125929,-1.039670603401085,1.1042231397657012,0.7599534961893285,0.06863560903202695,0.015467411240826293,-1.3224116605320597,0.7795558801427229,0.6731893610475937,-0.6497030499088993,0.5104916221203936,1.5395084845430351,0.0,0.0,0.0,1.0,0.0
-0.8300979410970113,-0.09582659576267816,-0.4286220672844491,-0.5271290031312412,-0.01310990731713756,0.09103913010590617,0.45950502812997734,-0.083099853583399,-0.3094945617951958,-1.5582476048251965,0.275018335800887,-1.1208137519672394,1.40368931392048,-0.9033804240925906,1.6859499426199096,-0.4983504406442075,1.0980538067698178,-0.2966118582740942,-1.2635211149396126,-0.4545042726906662,0.0,0.0,0.0,1.0,0.0
-0.8300979410970113,-0.09582659576267816,1.2745592076046173,-0.9245347831413334,-0.603993018604915,-0.5333938477226214,-1.184776742901236,1.115240742295033,1.4455651958453717,1.3803554032447687,-1.7979936741111484,1.8713159610091186,-1.266418095856426,0.40925934066943354,0.08271936461933305,-1.1247751076966253,-0.4597824942116696,0.29187346111724705,-1.441416542611368,1.5395084845430351,0.0,0.0,0.0,1.0,0.0
-0.8300979410970113,-0.09582659576267816,-0.4763254063504322,-0.35842615843364994,-0.6564599546678799,0.4144127906481298,0.2967839310521596,-0.083099853583399,-0.8049704516924586,0.758063001535835,0.6896207377832941,-1.9757079556747703,-1.266418095856426,-0.9033804240925906,1.8971224561701054,-0.4983504406442075,-0.17653953039685363,0.7626617166303205,0.09540229088629743,-0.4545042726906662,0.0,1.0,0.0,0.0,0.0
-0.8300979410970113,-0.09582659576267816,0.412319105623676,0.6768209642092029,0.05428293119793127,-0.3859606165228317,-0.681905503276103,-0.1448089388865984,0.42778398531624545,1.1037810024852426,0.6896207377832941,-0.6078772297427208,0.06863560903202695,0.2779953641932311,0.1288993850346913,-1.0952962998353346,1.4729342000541326,0.014939193168380513,0.8316916998610632,0.5425021059261845,0.0,0.0,1.0,0.0,0.0
-0.8300979410970113,-0.09582659576267816,-1.9455476326189014,0.3449971132660755,-0.9720971351758327,-0.8904752785619348,-0.4830718339824802,-1.1915090995073558,-0.8195432719835546,-0.6248090022617958,0.275018335800887,1.101911177672341,2.738743018808933,-1.4284363299974001,0.6902493337962321,0.6292139600501433,-0.17653953039685363,0.7626617166303205,-0.9719702751442355,-0.4545042726906662,0.0,0.0,0.0,1.0,0.0
-0.8300979410970113,-0.09582659576267816,0.9428376702127765,-0.3629718074112621,-0.8016700843004689,-0.18338962745387566,-1.0868242566663073,2.053647397305614,1.2775917275231694,0.1357705998269011,-1.7979936741111484,1.8713159610091186,-1.266418095856426,0.2779953641932311,2.682051034343064,-1.0952962998353346,-0.32649168771057996,-0.9820241714475394,-0.7594840698696387,0.5425021059261845,0.0,0.0,0.0,1.0,0.0
-0.8300979410970113,-0.09582659576267816,0.8568746614259021,0.002486975303054557,-0.2142162980796617,-0.29174030896380776,-1.018609691537089,0.5242464688177053,1.488318569282163,1.0000656022004204,-1.7979936741111484,1.6148476998968595,-1.266418095856426,0.015467411240826293,2.763489735639054,-1.0245471609682386,0.6731893610475937,-0.0847571432932111,-0.7150102129516999,-0.4545042726906662,1.0,0.0,0.0,0.0,0.0
0.042551568719807045,-0.09582659576267816,-0.9690251048792364,1.3260217455666559,-0.5370992579026379,1.722547284799404,-0.7014681783997999,-0.083099853583399,-0.27571650151782107,1.069209202390302,-0.5541864681639271,0.24701697396481,0.06863560903202695,-0.9033804240925906,-0.7882152065783191,0.6292139600501433,-0.17653953039685363,-0.2966118582740942,-1.4167088443236242,0.5425021059261845,0.0,0.0,0.0,1.0,0.0
-0.8300979410970113,-0.09582659576267816,0.7038428455132083,-0.3514339669110732,-0.474984665413872,0.595717997106593,-0.17139476502478704,1.7735931613132572,1.4352870146466847,-1.0742424034960258,-1.7979936741111484,-1.5482608538210048,-1.266418095856426,1.5906351289552552,2.4113239508474984,-1.2918216855772695,-1.5927543494709329,0.605732298125962,-1.1350410838433447,-0.4545042726906662,1.0,0.0,0.0,0.0,0.0
0.042551568719807045,-0.09582659576267816,-1.1685905636340725,-0.9245347831413334,0.17133998267735515,-0.14950646196060804,2.5367822131038142,0.25914156367018515,-0.7603351577544991,-0.41737820169215123,-0.13958406618152008,-0.35140896863046156,1.40368931392048,-1.1659083770449954,-0.6926681784588757,1.3809235605130437,-1.0262684218413018,-0.6497030499088993,-1.5451888754198921,1.5395084845430351,1.0,0.0,0.0,0.0,0.0
1.1419599302953858,-0.09582659576267816,-0.3341229804855506,0.4248570080237029,1.038157761462179,1.3761185954970032,-0.37902651910182267,-0.4382590515720541,-0.5392336260531689,0.10119879973196033,0.6896207377832941,1.4438688591553532,1.40368931392048,-0.37832451818778096,0.4817479242562316,1.3809235605130437,-0.17653953039685363,-0.6497030499088993,1.6075134260962192,0.5425021059261845,0.0,0.0,0.0,1.0,0.0
-0.8300979410970113,-0.09582659576267816,0.0531737856374027,2.562965543283955,-0.21250644748627784,2.8037578256594995,0.27615072621591097,0.25914156367018515,0.4760383571410665,-0.34823460150226965,-1.3833912721287414,0.3325063943355631,-1.266418095856426,-0.37832451818778096,-0.17095214039072837,-0.8742052408756581,-0.17653953039685363,0.7626617166303205,-1.7379089220642938,-0.4545042726906662,0.0,1.0,0.0,0.0,0.0
2.153510439751314,-0.09582659576267816,-0.15214365460248003,-0.39760371258726335,-0.45395021536652175,-0.7236115350553979,-1.0868242566663073,-0.1448089388865984,-0.8033780574222396,-1.3162450041606113,0.6896207377832941,-0.9498349112257332,0.06863560903202695,0.2779953641932311,-0.3645225027002429,2.088414949184009,-0.926300316965484,-0.9820241714475394,0.45119314622980844,-0.4545042726906662,0.0,1.0,0.0,0.0,0.0
-0.8300979410970113,-0.09582659576267816,1.2291098550840507,0.8629295099945675,-0.4362942301138989,-0.5414095830628602,-0.8788437126819783,0.5242464688177053,1.1666549266979058,-0.5556654020719143,-0.9687888701463342,-1.5482608538210048,-1.266418095856426,1.3281071760028504,1.0012660023668989,-1.265094233116366,0.12936287052314777,0.5931779446456139,-0.8237240854177726,-0.4545042726906662,0.0,1.0,0.0,0.0,0.0
0.042551568719807045,-0.09582659576267816,-0.39272537585368006,-0.7980332728386924,0.20146255613130157,-0.7713639339439975,-0.9077515040930808,-0.2945829510424179,-0.9708689820261935,-0.9359552031162628,1.1042231397657012,0.5889746554478223,0.06863560903202695,-0.6408524711401857,-0.5513429307548701,0.17818819977240308,0.3332978044698148,-0.0847571432932111,1.0688856034234038,1.5395084845430351,0.0,0.0,0.0,1.0,0.0
-0.8300979410970113,-0.09582659576267816,0.7969709257708748,0.47960764287674984,0.532076746430627,2.410146405429035,-0.696169872932749,0.7625022778985887,1.093018755293229,1.172924602675124,-1.3833912721287414,1.187400598043094,-1.266418095856426,-0.2470605417115785,0.8513003104476456,-0.9320290562958812,0.41173431752622563,-0.21512927558913952,0.7229778273949904,-0.4545042726906662,0.0,1.0,0.0,0.0,0.0
-0.8300979410970113,-0.09582659576267816,-1.0557296335290351,1.3168532918658369,-0.47810587068233157,3.3698316037017557,2.9708406725701653,-1.1915090995073558,-1.8284939324687386,-0.2099474011225066,1.5188255417481082,-1.6337502741917578,0.06863560903202695,-1.2971723535211979,-1.3192728719427416,0.17818819977240308,1.3529724742031521,-0.0847571432932111,1.548214950205634,-2.4485170299243677,0.0,0.0,0.0,1.0,0.0
0.6617062493271514,-0.09582659576267816,0.07991759244107317,-0.6107973980019755,-0.46561703620014766,-0.5950663011397547,-0.7060291736846566,-0.5841627771062523,-0.3123898241046851,0.8617784018206572,0.6896207377832941,0.3325063943355631,0.06863560903202695,0.015467411240826293,-0.08542954349566778,0.17818819977240308,1.3529724742031521,-0.6497030499088993,-0.23073932651192097,0.5425021059261845,0.0,0.0,0.0,1.0,0.0
-0.8300979410970113,-0.09582659576267816,-0.7237832833474263,-0.9245347831413334,-0.9720971351758327,-0.8904752785619348,-0.4117754969750359,-1.1915090995073558,0.045947141066436256,0.17034239992184186,-0.9687888701463342,0.16152755359405693,0.06863560903202695,-1.034644400568793,-1.7634830437376725,-0.3372698119735866,0.18762999450790946,1.3679609022899857,-1.3277611304877466,1.5395084845430351,0.0,0.0,1.0,0.0,0.0
1.5343557591439694,-0.09582659576267816,0.29067703815424045,-0.7858438415692616,-0.8352759727388955,-0.7598866041859864,-0.15783103017727418,-0.7088083316402043,-0.15368119517284853,-1.5928194049201374,1.1042231397657012,-0.35140896863046156,0.06863560903202695,0.540523317145636,-1.0613592057827368,0.7479049495969169,1.03096994691894,-0.7983730253340803,1.3110210466432932,1.5395084845430351,0.0,0.0,1.0,0.0,0.0
1.5343557591439694,-0.09582659576267816,-1.196426251642179,-0.10479462862104687,-0.9720971351758327,-0.11862400335871308,0.12151060165278896,-1.1915090995073558,-1.6634639808278504,1.6223580039093541,0.6896207377832941,0.7599534961893285,1.40368931392048,-0.37832451818778096,1.266955360183468,2.1326331609759444,-0.17653953039685363,-0.6497030499088993,-1.0856256872678571,0.5425021059261845,0.0,0.0,0.0,1.0,0.0
0.6617062493271514,-0.09582659576267816,0.13851998780920258,-0.4657170836592694,-0.843714395078608,-0.29901935522393513,0.22689868069539568,-0.5841627771062523,-0.7483680735419435,0.6543476012510127,1.5188255417481082,-1.2917925927087455,0.06863560903202695,0.015467411240826293,1.074039538967207,0.17818819977240308,2.03275558735871,-1.2146489565245873,-0.47781630938935915,-0.4545042726906662,0.0,0.0,1.0,0.0,0.0
-0.8300979410970113,-0.09582659576267816,1.108908624113058,0.5142943659894051,0.40730270498358456,0.13167372806984448,-0.9181834675556112,0.8183517105916509,1.1980685227558643,-1.627391205015078,0.275018335800887,-0.1804301278889554,0.06863560903202695,0.8030512700980408,-0.23824736868721874,-1.1963664982169009,-1.754607471650828,1.771493692729763,1.4098518397942685,-0.4545042726906662,0.0,1.0,0.0,0.0,0.0
-0.8300979410970113,-0.09582659576267816,-1.3925908072549635,-0.9245347831413334,0.2262227094808408,0.6327182384678275,0.26706367810335946,0.25914156367018515,-0.7215868971791678,-0.3136628014073289,-1.3833912721287414,-0.5223878093719677,0.06863560903202695,-1.1659083770449954,-0.6262881378706302,-0.12249564041275783,-1.0262684218413018,0.7626617166303205,-1.426591923638722,1.5395084845430351,0.0,1.0,0.0,0.0,0.0
1.1419599302953858,-0.09582659576267816,0.48241509469846344,-0.9245347831413334,-0.4876157831585481,-0.7591147970587737,0.14302581028321126,0.9084060034327873,0.10742321077125831,0.5160604008712496,0.6896207377832941,0.3325063943355631,0.06863560903202695,0.6717872936218383,-0.7470005960222078,0.17818819977240308,1.3529724742031521,-2.203304293102041,0.06575305294100484,0.5425021059261845,0.0,1.0,0.0,0.0,0.0
-0.8300979410970113,-0.09582659576267816,1.4576167284042938,-0.04140266889612876,0.5166084768528848,0.2620217835969789,-0.6966455336395266,1.21697796871344,1.8630620208737236,-0.7976680027364996,-1.3833912721287414,1.101911177672341,-1.266418095856426,1.196843199526648,0.22351467341013295,-1.2500600411071086,-1.0262684218413018,0.7626617166303205,1.419734919109366,0.5425021059261845,0.0,1.0,0.0,0.0,0.0
-0.8300979410970113,-0.09582659576267816,1.0711547328108766,-0.7483761396663534,-0.7983681414497446,-0.7246077498646223,-0.6830567526586807,0.9084060034327873,0.9178553855691283,0.6889194013459534,-0.9687888701463342,1.187400598043094,-1.266418095856426,0.6717872936218383,-0.7097110299592307,-1.1748890810608181,-0.686376865263522,0.7626617166303205,0.19423308403727269,0.5425021059261845,1.0,0.0,0.0,0.0,0.0
0.042551568719807045,-0.09582659576267816,-1.4519220959757373,-0.31922803773989217,-0.9720971351758327,-0.8904752785619348,-0.525626300961989,-1.1915090995073558,-0.34283833272614717,0.27405780020666415,-0.5541864681639271,0.7599534961893285,1.40368931392048,-1.1659083770449954,-0.4956024329625223,1.3809235605130437,-1.0262684218413018,0.7626617166303205,-0.250505485142116,-0.4545042726906662,0.0,0.0,0.0,1.0,0.0
0.042551568719807045,-0.09582659576267816,-1.2874785931082473,-0.45051384470476136,-0.2780923187993131,-0.008320450027811375,-0.4169764788650633,-1.1915090995073558,-1.1822713849907347,1.0000656022004204,0.6896207377832941,0.6744640758185755,1.40368931392048,-1.034644400568793,2.144673800343555,0.9513752173913862,0.18762999450790946,0.15736253097065425,-1.1597487821310886,-0.4545042726906662,0.0,1.0,0.0,0.0,0.0
-0.8300979410970113,-0.09582659576267816,-1.3207476139791103,-0.9245347831413334,-0.9720971351758327,-0.8904752785619348,-1.184776742901236,-1.1915090995073558,0.11847346191914233,0.758063001535835,1.1042231397657012,0.5034852350770693,1.40368931392048,-1.2971723535211979,-1.1862633520637755,0.17818819977240308,1.3529724742031521,-0.0847571432932111,-0.08249313678545807,1.5395084845430351,0.0,1.0,0.0,0.0,0.0
1.1419599302953858,-0.09582659576267816,0.9646790997315945,-0.39722397908213,-0.9720971351758327,0.8438200128972297,-0.9211843801263141,0.5242464688177053,0.9765809560799356,0.34320140039654573,-0.9687888701463342,-0.6933666501134739,0.06863560903202695,1.3281071760028504,0.9871948118878199,-0.18263240844978926,-0.686376865263522,0.25421040067620143,0.8662824774639045,-0.4545042726906662,0.0,1.0,0.0,0.0,0.0
1.5343557591439694,-0.09582659576267816,0.6415609004532759,-0.05735670275526494,-0.2905068758710847,-0.07395738141687731,-0.588865836982925,0.5893720006234231,-0.017700375370502744,-0.7285244025466181,1.5188255417481082,-1.804729114933264,0.06863560903202695,1.196843199526648,0.6138967049505983,0.2533591598186926,1.5229182524920417,-2.062067816448119,0.5055500824628448,-1.4515106513075169,0.0,0.0,1.0,0.0,0.0
1.5343557591439694,-0.09582659576267816,0.25273924439223905,-0.7779185735117555,-0.8274671960332133,-0.7524243269963408,-0.8905418703382048,-0.24966352547884904,0.4253712667250044,0.41234500058642726,0.275018335800887,-0.35140896863046156,0.06863560903202695,0.540523317145636,-1.716096110969663,0.7479049495969169,1.03096994691894,-1.2443829516096232,-1.19433955973393,0.5425021059261845,0.0,1.0,0.0,0.0,0.0
-0.8300979410970113,-0.09582659576267816,0.41097549993481935,-0.19943343859280252,-0.6305655613076161,-0.8904752785619348,-0.9930893648199829,0.7970366351419088,0.671179036800643,-0.9359552031162628,-1.3833912721287414,0.4179958147063162,0.06863560903202695,0.2779953641932311,-0.9114205849428654,-1.0952962998353346,-0.32649168771057996,0.51342087547634,-1.3574103684330392,1.5395084845430351,0.0,1.0,0.0,0.0,0.0
-0.8300979410970113,-0.09582659576267816,1.1681190871639007,-0.683014835286415,-0.278312651108058,0.47869296811677015,-0.9194066064020278,0.8183517105916509,0.8221669662405081,1.5877862038144135,-0.9687888701463342,-1.6337502741917578,-1.266418095856426,0.8030512700980408,2.378595598042767,-1.1963664982169009,-0.7834887385714597,0.9644281118502092,1.651987283014158,-0.4545042726906662,0.0,0.0,1.0,0.0,0.0
-0.8300979410970113,-0.09582659576267816,-1.0673859800465666,1.0441986291105134,1.599110797849315,1.2549326802316998,1.0489441833501436,-1.1915090995073558,-1.8927205013675754,-0.38280640159721047,1.5188255417481082,-0.778856070484227,-1.266418095856426,-1.1659083770449954,0.11961389716044046,-0.12249564041275783,0.6731893610475937,0.7626617166303205,1.0787686827385015,-1.4515106513075169,0.0,1.0,0.0,0.0,0.0
-0.8300979410970113,-0.09582659576267816,1.2451265554385855,1.082782386523744,-0.7704143758060146,-0.6235097133247575,-0.7091574661557692,0.18811781682473352,0.6221043406547999,-1.039670603401085,-0.5541864681639271,-1.804729114933264,-1.266418095856426,0.540523317145636,0.694971491155152,-1.1511508831514636,0.4942990681119206,0.5396567534925483,-0.1862654695939821,-0.4545042726906662,0.0,0.0,1.0,0.0,0.0
1.1419599302953858,-0.09582659576267816,-0.016148592691826395,-0.7793613046033107,0.2191199324744486,-0.416400945875927,-0.7893639879960522,-0.5841627771062523,-0.8522597360807833,1.484070803529591,1.1042231397657012,-0.5223878093719677,0.06863560903202695,0.015467411240826293,1.8346904039380147,0.7795558801427229,0.6731893610475937,-0.6497030499088993,-0.146733152333592,-0.4545042726906662,0.0,0.0,1.0,0.0,0.0
0.042551568719807045,-0.09582659576267816,-1.4729046643241483,-0.9245347831413334,0.37390654198671486,-0.3024338174431113,1.0288839333168016,0.25914156367018515,-0.9778176115689677,-0.8668116029263813,1.1042231397657012,-0.6933666501134739,1.40368931392048,-1.1659083770449954,0.6028132588278448,1.3809235605130437,-1.0262684218413018,-0.6497030499088993,-0.8484317837055164,-0.4545042726906662,0.0,1.0,0.0,0.0,0.0
0.6617062493271514,-0.09582659576267816,0.7892920195466455,1.4863075139255877,1.582337393178282,0.5046201152866525,-0.2860898063230361,-0.083099853583399,0.18419591634454865,-0.9705270032112036,-0.5541864681639271,-1.2917925927087455,0.06863560903202695,1.196843199526648,-0.03808722265812428,-0.4983504406442075,-0.6014039761190779,1.115752908265125,-0.42840091281387155,-0.4545042726906662,0.0,1.0,0.0,0.0,0.0
-0.8300979410970113,-0.09582659576267816,-1.9042089357148482,-0.9245347831413334,0.7441603174739571,0.23239882605421075,0.09583726638573888,-1.1915090995073558,-1.1222912008124821,-0.48652180188203276,0.6896207377832941,-1.2063031723379924,0.06863560903202695,-1.4284363299974001,0.5208419385449816,0.6292139600501433,-0.17653953039685363,0.7626617166303205,-0.5371147852799444,-0.4545042726906662,0.0,0.0,0.0,1.0,0.0
0.042551568719807045,-0.09582659576267816,0.07991759244107317,-0.24080058913094896,-0.28572158163717515,-0.24668455215083523,-0.6061266107816407,0.06510166265634933,0.26458769980470054,-1.3853886043504928,-0.9687888701463342,-1.5482608538210048,0.06863560903202695,-0.11579656523537611,0.5682324317503152,-0.3372698119735866,-0.5407090553016178,0.7626617166303205,-1.5402473357623434,-0.4545042726906662,0.0,0.0,1.0,0.0,0.0
-0.8300979410970113,-0.09582659576267816,-0.1339591191767592,0.08878368044246361,1.005695269222075,0.2946890809412524,-0.901126244815869,-0.37267967964723286,0.8455220822037215,-0.901383403021322,-0.5541864681639271,0.3325063943355631,0.06863560903202695,-0.5095884946639834,0.6663681150823997,-0.8058680044699397,0.9821816852092108,0.37747132575598724,-0.9917364337744305,-0.4545042726906662,0.0,1.0,0.0,0.0,0.0
2.153510439751314,-0.09582659576267816,0.9712156868949413,-0.9245347831413334,-0.8210973720871536,-0.746336416841223,0.5477314596527909,0.4735153390164183,0.06544190728366397,1.484070803529591,1.1042231397657012,1.101911177672341,0.06863560903202695,2.1156910348600646,-1.483812238594818,0.41097568894801056,0.23461961062465345,-1.014184279983536,1.2072487138347692,0.5425021059261845,0.0,1.0,0.0,0.0,0.0
-0.8300979410970113,-0.09582659576267816,-0.554788842564996,-0.7639549766315809,-0.9720971351758327,-0.7392764776455989,-0.748065331581103,-1.1915090995073558,0.0048344162716886995,0.20491420001678262,0.6896207377832941,0.3325063943355631,0.06863560903202695,-0.9033804240925906,-0.8871834613301679,-0.4983504406442075,1.0980538067698178,0.7626617166303205,-0.2010900885666284,1.5395084845430351,0.0,0.0,0.0,1.0,0.0
0.6617062493271514,-0.09582659576267816,-0.8653683441484332,2.78921773462269,-0.9720971351758327,2.804416833691999,1.3257791195786561,-1.1915090995073558,-1.5838925216887205,-1.212529603875789,1.1042231397657012,-0.1804301278889554,0.06863560903202695,-0.7721164476163882,0.09182321031129469,1.3809235605130437,-0.4597824942116696,0.29187346111724705,0.8860486360940997,-0.4545042726906662,0.0,1.0,0.0,0.0,0.0
-0.8300979410970113,-0.09582659576267816,1.0477737108237057,0.4884943788086029,1.3240623261653544,0.44000530670187654,-0.9181542809115282,1.7601972846201586,0.7260925119372893,1.0000656022004204,-0.9687888701463342,-1.1208137519672394,-1.266418095856426,0.540523317145636,0.7995953018715156,-1.1511508831514636,-0.0423718106950989,-0.7983730253340803,1.424676458766915,-1.4515106513075169,0.0,0.0,0.0,1.0,0.0
2.6337641207195492,-0.09582659576267816,0.48120286386102373,-0.6460038703847584,-0.8170813461707923,-0.7588814727502938,1.0181681891144676,-0.8073495648922744,-0.045977437259847896,0.5160604008712496,1.5188255417481082,0.8454429165600816,1.40368931392048,1.196843199526648,-0.5128149490575693,1.756778360744494,0.6731893610475937,-1.3558854331785088,0.8662824774639045,-0.4545042726906662,0.0,0.0,1.0,0.0,0.0
1.1419599302953858,-0.09582659576267816,-0.18357224340742556,0.6858026152948187,0.5976358819408315,1.2617892864831297,-0.29469933665741466,-0.49410848426511644,0.13497645708323114,-0.0025166005528619827,-0.5541864681639271,0.5034852350770693,1.40368931392048,-0.2470605417115785,-1.4036581866552453,1.1496282988321516,-0.3726308130378807,-0.21512927558913952,0.8316916998610632,-0.4545042726906662,0.0,0.0,0.0,1.0,0.0
0.042551568719807045,-0.09582659576267816,-0.11624696317171096,-0.7564062634042669,-0.9720971351758327,-0.8904752785619348,-0.7727111245264914,-0.4382590515720541,0.141490797279582,-1.4199604044454335,0.6896207377832941,1.4438688591553532,0.06863560903202695,-0.37832451818778096,-1.8108727248488425,-0.12249564041275783,1.5229182524920417,-0.6497030499088993,-1.1646903217886373,1.5395084845430351,0.0,1.0,0.0,0.0,0.0
1.8661217052122583,-0.09582659576267816,0.9347753337558876,0.3145755497611805,0.5471261977334537,0.9179600700269374,-0.7840313808786215,-0.33540992088250887,-0.21742522035343717,-0.48652180188203276,1.5188255417481082,-0.1804301278889554,0.06863560903202695,0.8030512700980408,-0.8809577166659167,0.9513752173913862,-1.269048105111144,0.5608953214104312,1.5086826329452439,1.5395084845430351,0.0,0.0,0.0,0.0,1.0
-0.8300979410970113,-0.09582659576267816,0.5280859063306306,3.007958780417018,0.654989071654141,0.4181860658728051,0.30093137997785163,-0.1448089388865984,-0.5121629234594444,-1.3162450041606113,0.275018335800887,0.5034852350770693,-1.266418095856426,0.2779953641932311,-0.09900309000327176,-1.0952962998353346,0.8731255707992283,0.51342087547634,0.5697900980109788,1.5395084845430351,1.0,0.0,0.0,0.0,0.0
0.6617062493271514,-0.09582659576267816,-1.103600490017915,-0.9245347831413334,-0.18426490677336463,-0.21688285584929928,0.6624764330085433,-0.2945829510424179,-1.5524789256307618,-1.4199604044454335,0.6896207377832941,-1.1208137519672394,0.06863560903202695,-0.6408524711401857,1.443171090468457,1.0802397203278835,1.3529724742031521,-1.7795948631402745,-1.1202164648706985,-0.4545042726906662,0.0,0.0,0.0,1.0,0.0
-0.8300979410970113,-0.09582659576267816,-0.8566818615001682,1.8903900431866785,-0.42216973005297037,0.26031405402938,0.3711089929840167,-1.1915090995073558,-0.739054979779753,0.1357705998269011,0.6896207377832941,-0.6078772297427208,0.06863560903202695,-1.034644400568793,1.6285056767262356,-0.3372698119735866,1.6443080941269617,0.15736253097065425,-0.5272317059648468,-1.4515106513075169,0.0,0.0,0.0,1.0,0.0
-0.8300979410970113,-0.09582659576267816,0.9366443518281987,0.9910895192648101,-0.9720971351758327,0.4470630071794388,-0.5017053474271195,-0.16387804731187924,1.03467921975702,-0.451950001787092,-0.5541864681639271,1.8713159610091186,0.06863560903202695,1.4593711524790527,1.0986836017992474,-1.2789719488172202,0.8039168828082776,0.7626617166303205,-0.2554470247996648,1.5395084845430351,0.0,0.0,0.0,1.0,0.0
0.6617062493271514,-0.09582659576267816,-0.08492339202698673,-0.7639549766315809,-0.618119888501827,-0.7392764776455989,-0.16471802565010957,-0.49410848426511644,-0.4287793689461535,0.5160604008712496,-0.13958406618152008,-0.009451287147449236,0.06863560903202695,-0.2470605417115785,-0.3206406968833622,0.4557425137894733,0.41173431752622563,-0.21512927558913952,-0.5074655473346518,1.5395084845430351,0.0,0.0,0.0,1.0,0.0
0.042551568719807045,-0.09582659576267816,-0.5888899314664642,-0.9245347831413334,-0.9720971351758327,-0.7314893216530413,-1.184776742901236,-0.20000324249116966,0.05969963703651027,-0.2099474011225066,-0.13958406618152008,0.8454429165600816,1.40368931392048,-0.7721164476163882,-1.3192728719427416,0.37864409322917636,-0.4597824942116696,0.29187346111724705,-1.2684626545971613,1.5395084845430351,0.0,1.0,0.0,0.0,0.0
-0.8300979410970113,-0.09582659576267816,-1.9455476326189014,0.3449971132660755,-0.9720971351758327,-0.8904752785619348,-0.4830718339824802,-1.1915090995073558,-1.391743613082283,-0.3136628014073289,1.1042231397657012,-0.778856070484227,0.06863560903202695,-1.4284363299974001,2.3165603282082388,0.6292139600501433,-0.17653953039685363,0.7626617166303205,0.10528537020139495,-0.4545042726906662,0.0,0.0,0.0,1.0,0.0
0.042551568719807045,-0.09582659576267816,0.29227957629836254,-0.24223804881655997,-0.46668184286071784,-0.0804192426857426,-0.2536657823731224,1.8053321518977248,-0.23817460023811024,0.10119879973196033,-0.13958406618152008,1.7858265406383655,1.40368931392048,0.1467313877170287,-0.7000871241716791,-0.4983504406442075,-0.17653953039685363,-1.3558854331785088,-0.4432255317865178,1.5395084845430351,0.0,0.0,0.0,1.0,0.0
1.8661217052122583,-0.09582659576267816,0.664197988949735,-0.9245347831413334,-0.9720971351758327,-0.8904752785619348,-0.6783074899012713,-0.49410848426511644,0.3958878455400387,-1.3162450041606113,1.1042231397657012,1.187400598043094,0.06863560903202695,1.4593711524790527,-1.2447800964305875,0.4557425137894733,1.5882820133723836,-1.192920267808599,0.44131006691471086,1.5395084845430351,0.0,1.0,0.0,0.0,0.0
0.042551568719807045,-0.09582659576267816,0.568757988980331,-0.7709749318125327,-0.500200411291767,-0.431708784923246,0.12986750522671583,-0.24966352547884904,-0.07792183140787945,-0.9705270032112036,0.6896207377832941,1.272890018413847,0.06863560903202695,0.540523317145636,-1.1153467284428034,-0.6763869249643686,1.5676408257259589,-0.35236309905853724,0.11516844951649248,-0.4545042726906662,1.0,0.0,0.0,0.0,0.0
-0.8300979410970113,-0.09582659576267816,0.7984963842739137,0.7006900185358675,0.7332902336128296,-0.41999138912649614,-0.10877269423818929,1.0779709835303086,0.8752467752478112,-0.901383403021322,-1.7979936741111484,2.0422948017506246,-1.266418095856426,0.9343152465742431,1.3724267643381816,-1.2158914229042492,-1.335260746002919,1.1478521075046526,-0.41357629384122524,-0.4545042726906662,0.0,1.0,0.0,0.0,0.0
0.042551568719807045,-0.09582659576267816,-1.2874785931082473,-0.45051384470476136,-0.2780923187993131,-0.8904752785619348,-0.17263692799126665,-1.1915090995073558,-0.3637807300981195,-1.1088142035909665,-0.13958406618152008,-0.009451287147449236,1.40368931392048,-1.034644400568793,-0.03696289947742936,0.9513752173913862,0.18762999450790946,0.15736253097065425,-1.6983766048039037,-0.4545042726906662,0.0,1.0,0.0,0.0,0.0
-0.8300979410970113,-0.09582659576267816,-1.4729046643241483,-0.30000877186414515,0.7962939929080777,1.8791141533151943,1.0288839333168016,-1.1915090995073558,-1.0160833284260509,-1.489104004635315,0.6896207377832941,-0.6078772297427208,0.06863560903202695,-1.2971723535211979,-0.7087278656979672,0.17818819977240308,-0.686376865263522,1.610080576553852,0.06575305294100484,0.5425021059261845,0.0,0.0,0.0,1.0,0.0
-0.8300979410970113,-0.09582659576267816,-1.4117999554451786,-0.9245347831413334,-0.13922206800026485,0.6756755447484678,0.8507092858145208,-1.1915090995073558,-0.7572468779577106,0.2394860001117234,-0.13958406618152008,-0.009451287147449236,1.40368931392048,-1.2971723535211979,1.3280183512127053,0.17818819977240308,-0.686376865263522,1.610080576553852,-1.2635211149396126,0.5425021059261845,0.0,0.0,0.0,1.0,0.0
1.5343557591439694,-0.09582659576267816,1.2561185209574601,-0.9245347831413334,-0.9720971351758327,-0.7323939469312736,0.07510770351191388,1.115240742295033,0.6042984774514409,0.758063001535835,-0.13958406618152008,0.4179958147063162,1.40368931392048,0.40925934066943354,-1.736826216911972,0.8797838268711102,-1.5927543494709329,-0.6497030499088993,-0.36910243692328637,1.5395084845430351,1.0,0.0,0.0,0.0,0.0
2.407005268960788,-0.09582659576267816,0.5404330360002423,0.5607680195741607,-0.6658166470965047,0.05351246105894823,0.0721237293219154,-0.8224185861871359,0.23013407832177832,0.06662699963701955,1.5188255417481082,-1.0353243315964862,1.40368931392048,1.3281071760028504,0.8231178790913302,1.2606500244389798,0.945102606309817,-1.101659775201449,1.2665471897253544,-0.4545042726906662,0.0,0.0,0.0,1.0,0.0
-0.8300979410970113,-0.09582659576267816,-1.5169121695918946,1.0118717244496636,3.344894799082696,-0.8904752785619348,1.7539960685716975,-1.1915090995073558,-1.3039689107329333,1.5532144037194726,-0.13958406618152008,-0.8643454908549801,0.06863560903202695,-1.2971723535211979,-0.3378783063492892,0.17818819977240308,-0.686376865263522,1.610080576553852,-0.75454253021209,-2.4485170299243677,0.0,0.0,0.0,1.0,0.0
-0.8300979410970113,-0.09582659576267816,0.7421368557586538,-0.42890057526882125,3.001299540615415,-0.5780528065548295,-0.4690442001636964,0.8183517105916509,1.1656898392614095,-0.7630962026415589,-0.5541864681639271,-1.0353243315964862,0.06863560903202695,0.8030512700980408,-0.6962977068020967,-1.1963664982169009,0.6731893610475937,-0.24617025946912274,-1.4611827012415632,-1.4515106513075169,0.0,0.0,0.0,1.0,0.0
-0.8300979410970113,-0.09582659576267816,-1.7601215614030006,0.035212489530352456,-0.9720971351758327,1.6981605133297328,0.3348062800133797,-1.1915090995073558,-0.5978144334485017,-1.661963005110019,-0.5541864681639271,0.7599534961893285,-1.266418095856426,-1.4284363299974001,0.4191975013942311,0.6292139600501433,-2.7257262047301962,2.8812088664391498,0.3029469565033455,0.5425021059261845,1.0,0.0,0.0,0.0,0.0
0.042551568719807045,-0.09582659576267816,0.2442049694540815,-0.5798540759963831,-0.8256502066000841,-0.8904752785619348,-0.6752373998537037,-0.083099853583399,0.33185429412850115,0.2394860001117234,0.275018335800887,-0.4368983890012147,0.06863560903202695,0.1467313877170287,-0.6239413687589244,-0.4983504406442075,1.0980538067698178,-0.2966118582740942,-0.7644256095271874,0.5425021059261845,0.0,1.0,0.0,0.0,0.0
-0.8300979410970113,-0.09582659576267816,0.7338109932662524,-0.09541494831782402,-0.47870331412078365,-0.731684040459772,-0.10361150598811639,0.06510166265634933,0.34102262477521716,0.758063001535835,-1.3833912721287414,-1.0353243315964862,-1.266418095856426,0.8030512700980408,-0.22992662860170499,-1.1963664982169009,-0.29792937203177566,1.3679609022899857,-1.6835519858312575,-0.4545042726906662,0.0,0.0,1.0,0.0,0.0
-0.8300979410970113,-0.09582659576267816,0.9869992899950151,1.2826847679081639,-0.5578336248583787,-0.7029116477964257,-0.07247820345519351,0.9084060034327873,0.2663248571903941,-1.0742424034960258,0.275018335800887,0.16152755359405693,-1.266418095856426,0.6717872936218383,2.111029931119699,-1.1748890810608181,0.8431351393364832,-0.5084665732549773,0.2634146392429554,-0.4545042726906662,1.0,0.0,0.0,0.0,0.0
0.6617062493271514,-0.09582659576267816,-0.47140206607044144,-0.36247034369851105,0.7206770783218233,-0.6239706769826606,0.007941456789486108,-0.2945829510424179,0.2380960496728738,-0.03708840064780275,-0.5541864681639271,1.6148476998968595,1.40368931392048,-0.6408524711401857,-0.13469102568811875,1.0802397203278835,-0.686376865263522,-0.0847571432932111,-1.485890399529307,1.5395084845430351,0.0,0.0,0.0,0.0,1.0
0.6617062493271514,-0.09582659576267816,-1.0913140374954629,-0.5700942558710903,4.1187764790379555,-0.22891387300208155,1.8935566325490525,-0.20000324249116966,-1.4075227926689995,1.2766400029599465,-0.9687888701463342,-1.1208137519672394,0.06863560903202695,-0.7721164476163882,-0.8374973579241378,1.3809235605130437,-0.4597824942116696,-0.6497030499088993,-1.1399826235008934,-0.4545042726906662,0.0,1.0,0.0,0.0,0.0
-0.8300979410970113,-0.09582659576267816,1.1560501054347028,-0.4486541503465813,-0.6384239774517286,1.0069722532586975,-0.9639684822909385,1.0779709835303086,1.466797119448293,-0.03708840064780275,0.275018335800887,0.6744640758185755,-1.266418095856426,0.9343152465742431,-0.594152466335024,-1.2158914229042492,-1.335260746002919,1.1478521075046526,1.6025718864386704,-0.4545042726906662,0.0,0.0,1.0,0.0,0.0
0.6617062493271514,-0.09582659576267816,-0.5830866652342819,-0.2632652203099591,-0.2433779563646091,-0.4215451620610487,0.9970459825029667,-0.20000324249116966,-0.8398101081499795,-1.627391205015078,1.5188255417481082,0.5034852350770693,1.40368931392048,-0.7721164476163882,-0.07425583451710417,1.3809235605130437,0.6731893610475937,-1.5912795609350454,1.5136241726027926,-0.4545042726906662,0.0,0.0,0.0,0.0,1.0
0.042551568719807045,-0.09582659576267816,-1.4519220959757373,-0.9245347831413334,-0.9720971351758327,-0.8904752785619348,1.2413855333767627,-1.1915090995073558,-1.2671025706587702,0.27405780020666415,0.275018335800887,1.8713159610091186,0.06863560903202695,-1.1659083770449954,-0.7497135258393983,1.3809235605130437,-1.0262684218413018,0.7626617166303205,-0.05778543849771425,1.5395084845430351,0.0,0.0,0.0,0.0,1.0
-0.8300979410970113,-0.09582659576267816,-0.9589229991253417,0.4912499584294611,-0.12714469744553672,-0.6160739596362408,-0.5543014448811339,-1.1915090995073558,-0.7755835392511425,0.9654938021054795,0.6896207377832941,-0.778856070484227,0.06863560903202695,-1.1659083770449954,0.7711603285430978,-0.12249564041275783,0.6731893610475937,0.7626617166303205,-1.1893980200763812,0.5425021059261845,0.0,0.0,1.0,0.0,0.0
0.6617062493271514,-0.09582659576267816,0.13045031177601205,-0.40303663133947243,-0.7991414341006154,-0.7253471394526744,-0.2522638995830841,-0.013648602654018271,-0.7229862739620876,-1.6965348052049596,0.6896207377832941,1.272890018413847,0.06863560903202695,0.015467411240826293,-0.17549830999523414,0.17818819977240308,0.6731893610475937,-0.6497030499088993,0.21399924266746775,0.5425021059261845,0.0,0.0,0.0,1.0,0.0
-0.8300979410970113,-0.09582659576267816,0.7437898981839091,-0.22192734276947298,0.37650369852867427,0.1144887842228127,-0.6951670177286366,0.011479854967848986,0.533364550868954,0.27405780020666415,-0.9687888701463342,1.272890018413847,0.06863560903202695,0.9343152465742431,-1.1134774054607202,-1.2158914229042492,-0.4082837735180672,1.5330424983789859,-1.0213856717197232,1.5395084845430351,0.0,1.0,0.0,0.0,0.0
1.8661217052122583,-0.09582659576267816,0.6260409208641028,-0.47617538318019664,0.692745728720788,-0.46830884850352966,0.7346942983831781,0.3174117299554589,-0.06190137996203885,-0.8668116029263813,0.275018335800887,-0.2659195482597085,0.06863560903202695,1.0655792230504455,-0.14555891020993864,0.7272630383713912,0.37763148576256833,-1.2637746875346467,-0.06766851781281177,-1.4515106513075169,0.0,0.0,0.0,1.0,0.0
-0.8300979410970113,-0.09582659576267816,1.2722812110545398,-0.5548106985025264,0.07868637514479315,-0.3707111784764619,-0.9804201561382613,1.6531358137667562,0.9867626285349728,0.20491420001678262,-1.3833912721287414,-1.0353243315964862,-1.266418095856426,0.2779953641932311,0.4119371844548914,-1.0952962998353346,-0.32649168771057996,-0.4835424891395794,-1.7181427634340989,-0.4545042726906662,0.0,0.0,1.0,0.0,0.0
2.6337641207195492,-0.09582659576267816,0.3973917904450785,-0.4156070500391605,0.2933274606592403,-0.7417054003761763,-0.10078025132570716,-0.4382590515720541,-0.042840903091234527,0.446916800681368,0.275018335800887,0.9309323369308347,1.40368931392048,1.196843199526648,0.3241107698661096,1.756778360744494,-0.17653953039685363,-1.002794241543704,0.3424792737637356,1.5395084845430351,0.0,0.0,1.0,0.0,0.0
1.1419599302953858,-0.09582659576267816,-0.12210004345706013,0.9425609272315872,0.973635087443457,-0.8904752785619348,0.6315442572840614,-0.49410848426511644,-0.8058872847571302,1.3803554032447687,1.5188255417481082,0.07603813322330386,1.40368931392048,-0.2470605417115785,0.8662570171741553,1.1496282988321516,1.1960994480903304,-1.5188505985484193,0.2782392582156017,-0.4545042726906662,0.0,0.0,0.0,1.0,0.0
0.042551568719807045,-0.09582659576267816,0.8045643190125996,-0.4079821155753073,-0.46411203755114283,-0.4040994032654706,-0.42821436351800884,0.25914156367018515,0.6405857650637063,0.9654938021054795,-0.5541864681639271,-0.6078772297427208,0.06863560903202695,1.196843199526648,0.05318737737467781,-0.8742052408756581,-0.17653953039685363,0.7626617166303205,-1.5946042719953797,-0.4545042726906662,1.0,0.0,0.0,0.0,0.0
0.6617062493271514,-0.09582659576267816,-0.9489683746451855,0.4711509303612412,1.0271079795266607,-0.09085109328843811,1.49424931238909,-0.20000324249116966,-0.38674981108673434,-0.14080380093262507,0.275018335800887,0.24701697396481,1.40368931392048,-0.7721164476163882,-0.585288701036714,1.3809235605130437,0.6731893610475937,-1.5912795609350454,-0.9077302595961017,-0.4545042726906662,0.0,0.0,1.0,0.0,0.0
-0.8300979410970113,-0.09582659576267816,-0.9199478389602104,-0.3780852816559911,0.5836560554897576,-0.8904752785619348,-0.30272689065558517,0.25914156367018515,-0.8502813068359656,-0.10623200083768429,-0.5541864681639271,-1.719239694562511,-1.266418095856426,-1.1659083770449954,-0.30233484119701104,-0.12249564041275783,-1.0262684218413018,0.7626617166303205,-0.3098039610327012,1.5395084845430351,0.0,0.0,1.0,0.0,0.0
-0.8300979410970113,-0.09582659576267816,-0.8741669135342678,1.0441986291105134,1.6525836899325193,-0.17341475268894996,0.03206786109723191,-1.1915090995073558,-0.48948336870177844,1.069209202390302,0.6896207377832941,-1.3772820130794987,0.06863560903202695,-1.1659083770449954,0.11961389716044046,-0.12249564041275783,0.6731893610475937,0.7626617166303205,0.10528537020139495,-1.4515106513075169,0.0,0.0,1.0,0.0,0.0
-0.8300979410970113,-0.09582659576267816,0.698570553784508,-0.17459960338414027,-0.434758367328479,-0.37003426245085186,-1.0866347908730536,0.011479854967848986,0.5611590690400509,0.3777732004914865,-0.5541864681639271,0.16152755359405693,1.40368931392048,0.9343152465742431,-1.061756681341055,-1.2158914229042492,0.05520471272435914,1.1478521075046526,-0.2010900885666284,1.5395084845430351,0.0,1.0,0.0,0.0,0.0
0.6617062493271514,-0.09582659576267816,-1.196426251642179,1.0641185468219074,1.8387690713590845,-0.5005292913735321,0.3247436671398451,-0.20000324249116966,-0.7182573455232552,0.758063001535835,-1.3833912721287414,0.8454429165600816,1.40368931392048,-0.7721164476163882,-1.501233566475266,1.3809235605130437,-1.5927543494709329,0.29187346111724705,-0.8484317837055164,1.5395084845430351,0.0,1.0,0.0,0.0,0.0
0.042551568719807045,-0.09582659576267816,1.1890613755308208,0.3597199842581154,-0.618119888501827,-0.5433992216769267,-0.9810358824238352,-0.1250179709448964,0.8428680917533563,-0.2099474011225066,1.1042231397657012,-0.09494070751820233,0.06863560903202695,1.3281071760028504,-0.9999793058354141,-0.9042736248941738,0.12936287052314777,0.9321454886150269,-0.6507701974035659,1.5395084845430351,0.0,1.0,0.0,0.0,0.0
0.042551568719807045,-0.09582659576267816,1.1641197814678934,-0.17976561825033943,0.0845931745605421,-0.18921521891589232,-0.994456411320537,1.2348179774454915,1.261812547936453,1.656929804004295,0.275018335800887,0.16152755359405693,0.06863560903202695,2.509482964288672,-0.6109412808739368,-1.0952962998353346,0.5732212561717768,-0.7327833302935589,0.6834455101346003,1.5395084845430351,0.0,1.0,0.0,0.0,0.0
0.042551568719807045,-0.09582659576267816,-0.028846905030043248,-0.7766324543445139,-0.8080652332905881,-0.7512133423766112,-0.7820398702157085,0.1551559554974849,-0.6604968624489443,-0.0025166005528619827,0.6896207377832941,-1.3772820130794987,-1.266418095856426,-0.2470605417115785,-0.6087537875265657,-0.23814327125320392,0.41173431752622563,-0.21512927558913952,-0.09731775575810436,1.5395084845430351,0.0,0.0,1.0,0.0,0.0
-0.8300979410970113,-0.09582659576267816,1.1963268496767214,0.3465309677687046,-0.675171490622778,1.2460842069845313,-0.8311091220631792,1.5157523258338912,1.6885742123551706,0.5852040010611311,-1.3833912721287414,1.5293582795261063,-1.266418095856426,0.40925934066943354,1.8755726932086012,-1.1247751076966253,0.10670343341796235,-0.6497030499088993,-0.28015472308740863,-0.4545042726906662,0.0,0.0,0.0,1.0,0.0
-0.8300979410970113,-0.09582659576267816,1.3774477517492245,0.012352618208082458,-0.6141622600786903,-0.5395078800408403,-0.9787515839894709,0.3805703682880689,1.376416681020403,-1.0050988033061443,0.275018335800887,-1.4627714334502517,-1.266418095856426,0.9343152465742431,0.5969172824669922,-1.2158914229042492,0.5186931989667852,0.37747132575598724,0.8909901757516484,0.5425021059261845,0.0,1.0,0.0,0.0,0.0
-0.8300979410970113,-0.09582659576267816,0.8617527176566129,-0.488266724745186,0.4961526555173446,-0.2411736793380894,-0.0591966218970152,1.8459827627871286,1.014219366103296,0.17034239992184186,-0.9687888701463342,1.187400598043094,-1.266418095856426,0.8030512700980408,0.657093146346446,-1.1963664982169009,0.18762999450790946,-1.0532358403486761,0.18435000472217516,-1.4515106513075169,0.0,1.0,0.0,0.0,0.0
1.1419599302953858,-0.09582659576267816,1.1659001471437234,-0.2559493598972674,0.15249690913450845,0.3591805793956247,-0.09896847474159123,1.018472776138801,0.8395867944692685,0.41234500058642726,-0.13958406618152008,-0.09494070751820233,0.06863560903202695,2.509482964288672,-0.09479315535242082,-0.5646777583321106,-0.32649168771057996,-0.2343016479855999,1.1380671586290865,-0.4545042726906662,0.0,1.0,0.0,0.0,0.0
-0.8300979410970113,-0.09582659576267816,-0.8230019459700081,0.906639207977018,2.7686567683069945,1.4410471978909583,-0.05249589968436096,0.06510166265634933,-1.516336401133971,-1.0742424034960258,-0.5541864681639271,-1.890218535304017,-1.266418095856426,-1.034644400568793,0.16136770959720595,-0.3372698119735866,-1.269048105111144,1.3679609022899857,1.108417920683794,-1.4515106513075169,0.0,0.0,0.0,1.0,0.0
1.1419599302953858,-0.09582659576267816,-0.08492339202698673,0.2490289105609569,1.1885228137970396,0.21452931163823835,-0.5361160773991743,-0.5422446597447547,-1.1602191370667914,-0.14080380093262507,1.1042231397657012,-0.5223878093719677,0.06863560903202695,-0.11579656523537611,1.6455959561967273,0.9513752173913862,0.9159690443174356,-1.0532358403486761,0.5302577807505886,-0.4545042726906662,0.0,1.0,0.0,0.0,0.0
-0.8300979410970113,-0.09582659576267816,-1.3739080038739553,-0.38557183438536874,2.9130415679446946,3.2425338499978555,1.480354547004403,-1.1915090995073558,-1.725326085507271,-0.7976680027364996,1.1042231397657012,-0.8643454908549801,0.06863560903202695,-1.2971723535211979,-1.116762882217108,0.17818819977240308,-0.686376865263522,1.610080576553852,0.06575305294100484,-2.4485170299243677,0.0,0.0,1.0,0.0,0.0
0.042551568719807045,-0.09582659576267816,0.2578090050435183,-0.9245347831413334,-0.9720971351758327,-0.8904752785619348,-0.5827673795792234,-0.6209949250551222,-0.1000223337036475,-1.6965348052049596,0.6896207377832941,-0.6078772297427208,0.06863560903202695,0.1467313877170287,-0.5509533640842181,-0.4983504406442075,0.46075713818648206,0.7626617166303205,0.732860906710088,1.5395084845430351,0.0,1.0,0.0,0.0,0.0
-0.8300979410970113,-0.09582659576267816,-0.9199478389602104,-0.3780852816559911,0.398031293755858,0.12466918974093655,-0.44485509012338936,-1.1915090995073558,-0.8873406643974282,-0.7285244025466181,0.6896207377832941,-0.9498349112257332,0.06863560903202695,-1.1659083770449954,1.5301282510982068,-0.12249564041275783,0.6731893610475937,0.7626617166303205,-0.9719702751442355,-0.4545042726906662,0.0,1.0,0.0,0.0,0.0
-0.8300979410970113,-0.09582659576267816,1.1830193642710007,0.4875999055511457,-0.28412939545520977,0.2739367449113667,-0.5925552338401021,2.205843735436583,0.9083010199478138,-0.0025166005528619827,-0.9687888701463342,-0.778856070484227,-1.266418095856426,1.0655792230504455,0.560930711467033,-1.233718528053567,-0.5090421400925079,-0.8953317049591984,-0.4432255317865178,-0.4545042726906662,0.0,0.0,0.0,1.0,0.0
1.1419599302953858,-0.09582659576267816,-0.554788842564996,-0.13443190777411038,-0.15914188892901696,-0.0012605108321874369,1.4181805252077995,-0.37267967964723286,-0.6458757877860235,1.207496402770065,-0.13958406618152008,-0.1804301278889554,1.40368931392048,-0.5095884946639834,-0.15401047204606674,1.6542725061359163,0.05520471272435914,-1.1632902377413428,-0.942321037198943,-0.4545042726906662,0.0,0.0,0.0,1.0,0.0
1.1419599302953858,-0.09582659576267816,-1.2874785931082473,-0.9245347831413334,-0.9720971351758327,-0.8904752785619348,-0.17263692799126665,-1.1915090995073558,-1.4024078292555684,-0.38280640159721047,-0.13958406618152008,1.187400598043094,1.40368931392048,-0.6408524711401857,-0.03696289947742936,1.9822912408833644,-0.686376865263522,-0.0847571432932111,1.231956412122513,1.5395084845430351,0.0,1.0,0.0,0.0,0.0
-0.8300979410970113,-0.09582659576267816,-2.201043476952459,-0.9245347831413334,-0.9720971351758327,-0.8904752785619348,-0.14850228448805688,-1.1915090995073558,-1.355022036123594,0.1357705998269011,-0.9687888701463342,-1.2063031723379924,0.06863560903202695,-1.4284363299974001,0.4191975013942311,0.6292139600501433,-2.7257262047301962,2.8812088664391498,-1.6242535099406723,1.5395084845430351,0.0,1.0,0.0,0.0,0.0
0.042551568719807045,-0.09582659576267816,0.06444478053887435,-0.4767222101948496,-0.8290058372691237,-0.7690207433209141,0.34723927443138786,0.1551559554974849,-0.10634365641269906,1.345783603149828,-0.13958406618152008,1.4438688591553532,0.06863560903202695,-0.2470605417115785,-0.9235790104393667,-0.23814327125320392,0.41173431752622563,-0.21512927558913952,-0.5272317059648468,-0.4545042726906662,0.0,1.0,0.0,0.0,0.0
-0.8300979410970113,-0.09582659576267816,-1.3557234684482347,-0.9245347831413334,-0.9720971351758327,-0.39653266635505513,-0.0686538049225916,-1.1915090995073558,-0.452906554858564,1.7260734041941765,-0.13958406618152008,-0.009451287147449236,1.40368931392048,-1.2971723535211979,-0.2620949422107986,0.17818819977240308,-0.686376865263522,1.610080576553852,-1.27340419425471,-0.4545042726906662,0.0,1.0,0.0,0.0,0.0
-0.8300979410970113,-0.09582659576267816,1.2576744364448018,-0.37163393720924875,-0.7986758297090628,-0.0341237801728338,-0.6820806113420579,1.8053321518977248,1.3111767703132449,-1.2816732040656704,-1.3833912721287414,-0.9498349112257332,-1.266418095856426,0.1467313877170287,1.9203363269090763,-1.062132640991383,-0.17653953039685363,-0.8262486457263015,1.6618703623292554,0.5425021059261845,1.0,0.0,0.0,0.0,0.0
1.1419599302953858,-0.09582659576267816,0.7354843184408865,-0.7563035568870711,-0.7943955823356921,-0.8904752785619348,-0.5877986351334443,0.2052124660083417,0.23727572535185182,-0.48652180188203276,1.1042231397657012,0.07603813322330386,0.06863560903202695,1.3281071760028504,-1.4116495383272611,-0.18263240844978926,1.3529724742031521,-1.101659775201449,-0.06272697815526301,-0.4545042726906662,0.0,0.0,0.0,1.0,0.0
1.1419599302953858,-0.09582659576267816,0.8755007572792074,-0.42012465735531507,0.6256076086771339,0.5336072431574893,-0.3488106985420557,-0.20000324249116966,0.3249056645857269,-1.5236758047302559,0.275018335800887,-0.1804301278889554,0.06863560903202695,1.5906351289552552,-0.34684209287675877,-0.28954221829340215,0.29553207596117265,0.29187346111724705,0.9255809533544898,-0.4545042726906662,0.0,0.0,1.0,0.0,0.0
-0.8300979410970113,-0.09582659576267816,0.9741662742183338,0.23096867004315383,0.7595449533649884,-0.26095843161021753,-0.4227445210424492,1.4082014204835467,1.4283383851039104,0.9654938021054795,-1.7979936741111484,-1.719239694562511,-1.266418095856426,0.9343152465742431,0.2568475274490392,-1.2158914229042492,-1.335260746002919,0.7626617166303205,-0.04296081952506796,-0.4545042726906662,0.0,0.0,1.0,0.0,0.0
0.6617062493271514,-0.09582659576267816,0.6201286323810739,-0.7820945006527366,-0.8245912809253999,-0.8904752785619348,0.2907427853220675,-0.33540992088250887,-0.12192981851211628,-0.14080380093262507,0.6896207377832941,1.5293582795261063,0.06863560903202695,0.8030512700980408,-1.0511011011119722,-0.3372698119735866,0.6731893610475937,0.15736253097065425,-0.04296081952506796,-0.4545042726906662,0.0,0.0,1.0,0.0,0.0
-0.8300979410970113,-0.09582659576267816,1.0634497958430664,0.13509204314927234,-0.13492654135650892,-0.2284211684304549,-0.5057640302039882,0.6064356531459979,0.49075594054763694,0.758063001535835,-0.13958406618152008,-1.5482608538210048,-1.266418095856426,0.540523317145636,0.532015891074821,-1.1511508831514636,1.5676408257259589,-0.7983730253340803,0.021279196023065966,0.5425021059261845,1.0,0.0,0.0,0.0,0.0
-0.8300979410970113,-0.09582659576267816,-1.7284005086577061,-0.9245347831413334,-0.9720971351758327,-0.8904752785619348,1.9430904422955184,-1.1915090995073558,-1.6140032497074088,-0.3136628014073289,1.1042231397657012,-1.3772820130794987,0.06863560903202695,-1.4284363299974001,-0.08418447306662867,0.6292139600501433,-0.17653953039685363,0.7626617166303205,0.6982701291072466,1.5395084845430351,0.0,1.0,0.0,0.0,0.0
-0.8300979410970113,-0.09582659576267816,-1.4729046643241483,2.5558545022452863,2.3731116566892085,0.2675111593289781,2.3728955125120796,-1.1915090995073558,-1.3164185386637373,1.1383528025801835,0.6896207377832941,-1.0353243315964862,0.06863560903202695,-1.4284363299974001,-1.4956525404134542,0.6292139600501433,-0.17653953039685363,0.7626617166303205,1.567981108835829,-1.4515106513075169,0.0,0.0,1.0,0.0,0.0
-0.8300979410970113,-0.09582659576267816,-0.9589229991253417,0.2161277525773083,1.4286084932200547,0.6980763742342493,0.8783801122518854,-1.1915090995073558,-1.6114457680006933,0.7234912014408942,1.1042231397657012,-1.804729114933264,-1.266418095856426,-1.1659083770449954,0.28569436006190224,-0.12249564041275783,0.6731893610475937,0.7626617166303205,0.9453471119846848,-0.4545042726906662,0.0,1.0,0.0,0.0,0.0
0.042551568719807045,-0.09582659576267816,0.6396401113902912,2.4149301761125757,0.6799894511436059,-0.7341726610645394,-0.7926552404606503,0.06510166265634933,0.5171993363076389,1.3112118030548872,-1.3833912721287414,1.4438688591553532,0.06863560903202695,0.8030512700980408,0.4720296382183499,-0.7668181550952438,-1.269048105111144,1.771493692729763,0.23870694095521158,-0.4545042726906662,1.0,0.0,0.0,0.0,0.0
-0.8300979410970113,-0.09582659576267816,-1.6144897251251553,-0.1530273877084712,0.14932888069718156,-0.8904752785619348,1.4992470842232515,-1.1915090995073558,-0.46246092047987863,1.5877862038144135,0.6896207377832941,-0.1804301278889554,1.40368931392048,-1.4284363299974001,-0.7192201946941732,0.6292139600501433,-0.17653953039685363,0.7626617166303205,1.4543256967122073,-1.4515106513075169,0.0,0.0,0.0,1.0,0.0
-2.321902131521174,-0.09582659576267816,0.675240815983436,-0.37844649759612015,-0.4728980983824048,-0.4004533049843641,-0.8971236577372366,0.3805703682880689,1.687126581200426,0.7926348016307757,-1.7979936741111484,-1.2063031723379924,-1.266418095856426,-0.5095884946639834,-0.6359426075808513,-1.6259148413385582,0.9821816852092108,0.37747132575598724,0.6587378118468565,1.5395084845430351,0.0,1.0,0.0,0.0,0.0
-0.8300979410970113,-0.09582659576267816,-1.4519220959757373,-0.9245347831413334,-0.9720971351758327,-0.8904752785619348,-0.8502071934068133,-1.1915090995073558,-0.49122052608747196,-1.5236758047302559,0.6896207377832941,1.016421757301588,1.40368931392048,-1.2971723535211979,-1.5120468044700264,0.17818819977240308,-0.686376865263522,1.610080576553852,1.4395010777395612,1.5395084845430351,1.0,0.0,0.0,0.0,0.0
0.042551568719807045,-0.09582659576267816,1.2343566614768342,0.1041704128416112,1.0924282604028024,0.2433228902195787,-0.5192136482053058,0.832818434098358,1.0658515439558545,1.2766400029599465,-0.13958406618152008,1.5293582795261063,1.40368931392048,1.3281071760028504,0.47436734338755837,-0.9042736248941738,0.945102606309817,-0.7626922312320366,-1.1745734011037348,0.5425021059261845,0.0,0.0,0.0,0.0,1.0
1.5343557591439694,-0.09582659576267816,0.9272476068919551,1.246112697048744,-0.9720971351758327,-0.13438049112772577,0.4912500212909224,0.06510166265634933,0.4558680297182913,1.069209202390302,0.275018335800887,-0.6078772297427208,0.06863560903202695,1.7218991054314576,0.5547234175952311,-0.015108554632343603,0.18762999450790946,-0.14528706185917836,1.548214950205634,-0.4545042726906662,0.0,1.0,0.0,0.0,0.0
0.6617062493271514,-0.09582659576267816,-0.9105424530651017,-0.9245347831413334,-0.9720971351758327,-0.8904752785619348,-0.8868772195118517,-1.1915090995073558,-0.6352598259845629,0.446916800681368,0.6896207377832941,1.187400598043094,1.40368931392048,-0.7721164476163882,-0.43913330121210586,1.3809235605130437,0.6731893610475937,-0.6497030499088993,-1.298111892542454,0.5425021059261845,0.0,1.0,0.0,0.0,0.0
0.6617062493271514,-0.09582659576267816,-1.0673859800465666,1.6589648202624092,2.6329731445129347,0.36571791250195174,-0.44736522575355686,-1.1915090995073558,-1.6048831734325175,-0.0025166005528619827,0.6896207377832941,-1.719239694562511,0.06863560903202695,-0.6408524711401857,0.6902493337962321,1.0802397203278835,0.3332978044698148,-0.0847571432932111,-0.6557117370611146,-0.4545042726906662,0.0,0.0,1.0,0.0,0.0
1.8661217052122583,-0.09582659576267816,0.5918391966576557,-0.9245347831413334,-0.9720971351758327,-0.8904752785619348,-0.9727002793027971,-0.46725938819848106,0.16383257143447416,1.2420682028650056,-0.13958406618152008,-0.35140896863046156,0.06863560903202695,1.3281071760028504,-1.2194340308542304,0.5390088079945952,0.5372327384164823,-0.4237246872626241,-1.2536380356245151,1.5395084845430351,0.0,0.0,0.0,1.0,0.0
1.1419599302953858,-0.09582659576267816,-0.6692037885356491,2.0804486913628626,-0.1470835986684853,1.7839636791223172,2.5337220801160436,-0.37267967964723286,-2.0216079285116724,-1.4545322045403744,1.1042231397657012,-0.35140896863046156,0.06863560903202695,-0.5095884946639834,-0.757114819806686,1.6542725061359163,0.05520471272435914,-1.1632902377413428,1.3900856811640736,-2.4485170299243677,0.0,0.0,0.0,1.0,0.0
0.6617062493271514,-0.09582659576267816,-0.40152394523951457,-0.1678677634097166,-0.7828562059732947,-0.5308183418774822,-0.9736506444477372,-0.37267967964723286,-0.6486262869800383,-1.489104004635315,0.6896207377832941,-1.2917925927087455,0.06863560903202695,-0.5095884946639834,1.6469028599209414,0.8342256692672978,0.05520471272435914,-0.39290945599267774,-0.36910243692328637,1.5395084845430351,0.0,1.0,0.0,0.0,0.0
1.1419599302953858,-0.09582659576267816,1.0102894059482215,-0.7319957217396229,-0.782239768595249,-0.5296505508077444,-1.0783551516623555,0.9084060034327873,0.33967150236412214,-0.8322398028314404,0.275018335800887,1.101911177672341,0.06863560903202695,2.246955011336267,-0.7272184454863639,-0.4983504406442075,-0.49518786468852144,-0.031793464547990556,1.4493841570546586,0.5425021059261845,0.0,0.0,0.0,1.0,0.0
0.042551568719807045,-0.09582659576267816,0.006128949439080812,-0.23182528224945465,0.5160671499726223,-0.8904752785619348,-0.4320435358003459,0.1551559554974849,0.02413616500161713,0.20491420001678262,0.6896207377832941,0.3325063943355631,0.06863560903202695,-0.2470605417115785,1.0982843503153739,-0.23814327125320392,1.1960994480903304,-0.8669899370687788,1.6223380450688654,-0.4545042726906662,0.0,0.0,0.0,1.0,0.0
-0.8300979410970113,-0.09582659576267816,0.6743273802588026,-0.9245347831413334,2.1655196775062477,1.376509084727366,-0.4511938773092939,-0.2945829510424179,0.6367736696895455,1.1037810024852426,-0.13958406618152008,-0.778856070484227,0.06863560903202695,0.6717872936218383,-0.6668289680285517,-1.1748890810608181,0.8431351393364832,0.7626617166303205,-0.8681979423357115,-0.4545042726906662,0.0,1.0,0.0,0.0,0.0
-0.8300979410970113,-0.09582659576267816,-0.03141519306238771,-0.05012784848428792,-0.8074473975619415,-0.06715083380963333,-0.9002424976961035,0.9084060034327873,0.1257116176928655,1.6915016040992357,-0.9687888701463342,-0.35140896863046156,0.06863560903202695,-0.37832451818778096,-1.0654273078985474,-0.8742052408756581,-0.17653953039685363,0.05647933336071082,-1.1548072424735398,1.5395084845430351,0.0,1.0,0.0,0.0,0.0
-0.8300979410970113,-0.09582659576267816,1.3986278347027503,-0.37596166031771494,-0.4414478094963622,-0.7195303617915028,-0.6872322258750951,1.4082014204835467,1.539082168441875,-0.6248090022617958,-1.7979936741111484,-1.4627714334502517,-1.266418095856426,0.9343152465742431,1.1275513165310318,-1.2158914229042492,-0.8717722597604928,0.37747132575598724,-1.6884935254888063,-0.4545042726906662,0.0,1.0,0.0,0.0,0.0
-0.8300979410970113,-0.09582659576267816,1.1627814499951434,-0.36537546169511553,-0.9720971351758327,0.14795844759701957,-0.7791902692470247,1.308917586971645,1.249941972467547,-0.6593808023567366,-0.5541864681639271,0.8454429165600816,0.06863560903202695,1.0655792230504455,0.089885511044749,-1.233718528053567,0.8209682986901059,-0.8953317049591984,-0.24062240582701852,0.5425021059261845,0.0,1.0,0.0,0.0,0.0
-0.8300979410970113,-0.09582659576267816,-0.9391569871504251,-0.36247034369851105,-0.5557446177597006,-0.10219672932802217,-0.1341867426783184,-1.1915090995073558,-0.5048765133138964,1.6915016040992357,-0.13958406618152008,-0.778856070484227,0.06863560903202695,-1.1659083770449954,-0.7239341396055129,-0.12249564041275783,-1.0262684218413018,2.1750264831695394,0.45613468588735717,-0.4545042726906662,0.0,0.0,0.0,1.0,0.0
-0.8300979410970113,-0.09582659576267816,1.1937713950937678,-0.30616844533204196,0.803852083481895,-0.4889350811323562,-1.0091897198495925,1.3330164523508232,1.388818054579382,1.484070803529591,-0.9687888701463342,0.24701697396481,-1.266418095856426,1.4593711524790527,2.745626722893435,-1.2789719488172202,-0.7648133783199329,0.43673138589050026,1.1973656345196717,-0.4545042726906662,0.0,1.0,0.0,0.0,0.0
0.042551568719807045,-0.09582659576267816,-0.9896897064853645,1.9313284909680972,1.5319925458764259,1.5465491599247008,1.7718640305778977,-1.1915090995073558,-1.586160477164487,-0.2790910013123881,0.275018335800887,-1.9757079556747703,0.06863560903202695,-0.9033804240925906,-0.6226579794009603,0.6292139600501433,1.0980538067698178,-0.2966118582740942,-1.5946042719953797,-2.4485170299243677,0.0,0.0,1.0,0.0,0.0
1.8661217052122583,-0.09582659576267816,0.3987624033014669,-0.4552262317284715,0.2370202992599113,0.508734322694995,2.2875993401681813,-0.6827040103583218,-0.7923760606461803,0.6543476012510127,1.1042231397657012,-1.2917925927087455,0.06863560903202695,0.40925934066943354,0.2866711527550237,1.3809235605130437,0.6731893610475937,-1.120491305421972,1.1825410155470255,-0.4545042726906662,0.0,0.0,0.0,1.0,0.0
0.042551568719807045,-0.09582659576267816,0.9189976824658388,-0.5592333462039975,-0.4490013671742152,0.4647672179005174,-0.7846339793331789,0.3378918289805533,0.4156238836163905,1.0000656022004204,-0.13958406618152008,1.101911177672341,0.06863560903202695,0.2779953641932311,0.7766201145053981,-0.5646777583321106,0.8731255707992283,-0.4835424891395794,0.25353155992785786,-0.4545042726906662,0.0,0.0,1.0,0.0,0.0
0.042551568719807045,-0.09582659576267816,-1.4729046643241483,0.892533135619933,1.6060215623801306,0.2675111593289781,0.7389293517743846,-1.1915090995073558,-1.4239292790894387,-0.10623200083768429,0.6896207377832941,-0.6933666501134739,1.40368931392048,-1.034644400568793,0.34050503392268267,0.9513752173913862,0.18762999450790946,0.15736253097065425,-1.4908319391868556,-0.4545042726906662,0.0,1.0,0.0,0.0,0.0
1.5343557591439694,-0.09582659576267816,-0.18357224340742556,-0.4638365116948905,-0.49653312162390806,0.13403010989999659,0.21541202545818502,-0.5422446597447547,-0.3486288573451257,0.758063001535835,0.6896207377832941,-0.4368983890012147,1.40368931392048,-0.11579656523537611,0.7159414506115872,1.595697732073872,0.18762999450790946,-1.0532358403486761,-0.28015472308740863,-0.4545042726906662,0.0,0.0,0.0,1.0,0.0
1.1419599302953858,-0.09582659576267816,0.7854198929207175,0.39819583960855104,-0.8068873524623545,0.19633645893255813,0.06687109624222859,0.5242464688177053,0.18371337262630044,-1.489104004635315,0.275018335800887,-0.6078772297427208,0.06863560903202695,1.3281071760028504,-0.31421868821802496,-0.18263240844978926,0.12936287052314777,-0.4237246872626241,1.1232425396564403,1.5395084845430351,0.0,1.0,0.0,0.0,0.0
-0.8300979410970113,10.435516278555651,-2.1417121882316854,2.3615722606342713,2.5419588152568244,0.7211277154242802,0.6315442572840614,-1.1915090995073558,-1.6372136025551478,1.1383528025801835,1.1042231397657012,-0.8643454908549801,0.06863560903202695,-1.4284363299974001,-1.281036720036503,0.6292139600501433,-0.17653953039685363,0.7626617166303205,0.8811070964365508,-0.4545042726906662,0.0,1.0,0.0,0.0,0.0
-0.8300979410970113,-0.09582659576267816,1.3586110119060435,-0.5035457819694409,-0.7658115051997004,-0.6642111618477401,-1.067808204749731,0.5242464688177053,1.9723581730569433,0.758063001535835,-0.9687888701463342,-1.2063031723379924,-1.266418095856426,1.3281071760028504,1.7176876955560294,-1.265094233116366,0.12936287052314777,0.5931779446456139,0.3474208134212844,1.5395084845430351,0.0,1.0,0.0,0.0,0.0
-0.8300979410970113,-0.09582659576267816,1.3440483398909733,0.31038697001231186,-0.11931280062231077,-0.21455731748784462,-0.5949109134665974,1.3911067712999385,1.8653299763494902,-0.590237202166855,-1.3833912721287414,-1.890218535304017,-1.266418095856426,0.540523317145636,1.463516238890841,-1.1511508831514636,-0.0423718106950989,-0.35236309905853724,-0.774308688842285,-0.4545042726906662,0.0,0.0,1.0,0.0,0.0
-2.321902131521174,-0.09582659576267816,1.2307285612839054,-0.5661361362383434,-0.44587600457430054,0.12481566405504047,-0.6868980822456817,0.5893720006234231,1.4936748045547181,-0.7285244025466181,-1.3833912721287414,0.5889746554478223,-1.266418095856426,1.196843199526648,0.6709573884295418,-1.6259148413385582,-0.17653953039685363,1.115752908265125,-1.3129365115151002,1.5395084845430351,0.0,0.0,0.0,0.0,1.0
1.5343557591439694,-0.09582659576267816,0.10775328044917978,-0.7432347250110042,-0.2697275959863154,-0.8904752785619348,-0.5969226379694341,-0.6536140280356327,-0.6323163093032488,-1.0050988033061443,1.1042231397657012,-1.1208137519672394,0.06863560903202695,0.2779953641932311,0.8659310770197517,1.0271778661775608,0.8731255707992283,-0.9820241714475394,-0.9966779734319794,1.5395084845430351,0.0,0.0,1.0,0.0,0.0
0.6617062493271514,-0.09582659576267816,-0.9391569871504251,0.976203687371611,1.8942367696289582,0.1532797384003079,-0.1341867426783184,-0.20000324249116966,-1.6871568773938375,-1.350816804255552,0.275018335800887,-0.8643454908549801,0.06863560903202695,-0.7721164476163882,1.633038316064062,1.3809235605130437,-0.4597824942116696,-0.6497030499088993,-1.3920011460358805,0.5425021059261845,0.0,0.0,1.0,0.0,0.0
1.5343557591439694,-0.09582659576267816,-0.06301372677645296,-0.7690326527204355,-0.9720971351758327,-0.8904752785619348,-1.184776742901236,-0.6209949250551222,-0.43577625286075256,-1.4545322045403744,1.1042231397657012,1.187400598043094,1.40368931392048,0.1467313877170287,-0.213256774210438,1.1929961603973187,-0.17653953039685363,-0.2966118582740942,1.256664110410257,-0.4545042726906662,0.0,0.0,0.0,1.0,0.0
-0.8300979410970113,-0.09582659576267816,-1.103600490017915,1.4731497093821568,-0.18426490677336463,-0.21688285584929928,2.2409899656849035,0.5242464688177053,-1.3553598167263678,0.6197758011560719,0.275018335800887,0.3325063943355631,0.06863560903202695,-1.2971723535211979,-0.06267242287599321,0.17818819977240308,-0.686376865263522,-0.0847571432932111,0.9107563343818434,-2.4485170299243677,0.0,0.0,1.0,0.0,0.0
1.1419599302953858,-0.09582659576267816,0.8498449118814031,0.49238356552149193,-0.4378535060240585,-0.3788445312315257,-0.5921747547351316,-0.5190372453005339,1.1225986852218441,-0.03708840064780275,-0.13958406618152008,0.6744640758185755,1.40368931392048,1.5906351289552552,0.2572412197930356,-0.28954221829340215,0.6731893610475937,0.29187346111724705,0.6142639549289176,0.5425021059261845,0.0,0.0,0.0,1.0,0.0
0.042551568719807045,-0.09582659576267816,1.0675699272090042,-0.7768545320010011,1.0543933100052798,1.3916043378288738,0.3059128771683713,0.6356158371085828,0.9404866859549694,0.41234500058642726,-0.5541864681639271,1.5293582795261063,0.06863560903202695,1.7218991054314576,-0.6905422163450846,-0.9815923266560724,-0.17653953039685363,0.4600121238004878,0.7081532084223441,-0.4545042726906662,0.0,1.0,0.0,0.0,0.0
0.042551568719807045,-0.09582659576267816,-0.9489683746451855,-0.9245347831413334,-0.9720971351758327,-0.8904752785619348,-0.2654136521641236,-1.1915090995073558,-0.22712434909022622,-0.451950001787092,0.275018335800887,0.4179958147063162,1.40368931392048,-1.034644400568793,-0.346125319505537,0.9513752173913862,0.18762999450790946,0.15736253097065425,-1.2635211149396126,1.5395084845430351,0.0,0.0,0.0,1.0,0.0
-0.8300979410970113,-0.09582659576267816,-1.03299820639567,-0.5993882554159742,3.7562472606788817,0.3048910918053388,1.8063257153201546,0.5242464688177053,-1.588862721986677,0.9654938021054795,1.1042231397657012,0.8454429165600816,-1.266418095856426,-1.2971723535211979,-1.0715875768167753,0.17818819977240308,-0.686376865263522,-0.0847571432932111,0.9601717309573311,-0.4545042726906662,0.0,1.0,0.0,0.0,0.0
-0.8300979410970113,-0.09582659576267816,-1.0913140374954629,-0.22192734276947298,-0.9720971351758327,-0.8904752785619348,2.8891349020880703,0.5242464688177053,-0.6935511071489467,1.4149272033397096,0.6896207377832941,1.187400598043094,1.40368931392048,-1.2971723535211979,-0.5418044498492273,0.17818819977240308,-0.686376865263522,-0.0847571432932111,0.36718697205147943,-0.4545042726906662,1.0,0.0,0.0,0.0,0.0
-0.8300979410970113,-0.09582659576267816,1.1307839063721157,0.9674912053782563,0.03322191785514721,0.4229780020651292,-0.41375236284587436,0.8183517105916509,1.486726175011944,-0.48652180188203276,-1.7979936741111484,0.24701697396481,-1.266418095856426,0.8030512700980408,0.8224243344867679,-1.1963664982169009,-1.269048105111144,1.3679609022899857,-1.209164178706576,-0.4545042726906662,0.0,0.0,0.0,1.0,0.0
-0.8300979410970113,-0.09582659576267816,0.48362517428217755,2.202358262091321,-0.43847467791726924,2.6338929614774402,-0.6939139362381859,-0.20000324249116966,1.1448439506330867,-0.38280640159721047,-0.5541864681639271,0.9309323369308347,0.06863560903202695,0.40925934066943354,-0.6192728405082846,-1.1247751076966253,0.10670343341796235,1.2334499721433938,0.32271311513354056,-1.4515106513075169,0.0,0.0,1.0,0.0,0.0
1.1419599302953858,-0.09582659576267816,1.1528859249704217,-0.9245347831413334,0.4395824108925034,-0.7188628638353551,-1.084036687943823,1.870911523822546,0.8891922887051846,-0.10623200083768429,-0.13958406618152008,1.272890018413847,0.06863560903202695,1.4593711524790527,-0.6686142408786937,-0.23814327125320392,0.019551752244172604,-1.844780929288239,0.7032116687647954,-0.4545042726906662,1.0,0.0,0.0,0.0,0.0
0.042551568719807045,-0.09582659576267816,0.48483311023397446,-0.37426345979454284,-0.43940373175455905,0.4704017933304778,-0.8806267724102625,-0.7088083316402043,1.3284035810547061,-0.5556654020719143,0.275018335800887,0.16152755359405693,1.40368931392048,0.540523317145636,1.194867106885064,-0.6763869249643686,1.5676408257259589,0.09364682721700525,-1.421650383981173,-0.4545042726906662,0.0,0.0,1.0,0.0,0.0
-0.8300979410970113,-0.09582659576267816,0.9550580629932167,-0.5607293820646014,-0.6012398596172326,-0.17987634952151016,-0.9080554259489978,0.6596531472090433,1.245936859606087,0.7234912014408942,-1.7979936741111484,0.5034852350770693,-1.266418095856426,1.0655792230504455,1.1745286076878076,-1.233718528053567,-0.9523789530200455,1.315326190493493,-0.6853609750064072,-0.4545042726906662,0.0,1.0,0.0,0.0,0.0
1.1419599302953858,-0.09582659576267816,0.17559840219925082,-0.2228913435076532,0.27541054147138155,-0.7359117925452034,-1.0040636780786902,-0.6536140280356327,0.16248144902337916,0.06662699963701955,0.6896207377832941,0.8454429165600816,0.06863560903202695,0.2779953641932311,0.9552441420104789,0.49655932467433705,0.8731255707992283,-0.4835424891395794,-1.569896573707636,-0.4545042726906662,0.0,1.0,0.0,0.0,0.0
-0.8300979410970113,-0.09582659576267816,-1.271433625382314,-0.4616683202284895,-0.9720971351758327,1.1928138397057844,-0.43464123081539663,-1.1915090995073558,-0.44460680290469484,-1.0742424034960258,1.1042231397657012,-0.1804301278889554,0.06863560903202695,-1.2971723535211979,0.10942397864908726,0.17818819977240308,-0.686376865263522,1.610080576553852,-0.7594840698696387,1.5395084845430351,0.0,1.0,0.0,0.0,0.0
0.042551568719807045,-0.09582659576267816,-0.2764650169394113,-0.8179170854978017,-0.9720971351758327,-0.5909256186980927,0.558573161676854,-0.2945829510424179,0.19997509593126514,1.656929804004295,0.275018335800887,0.4179958147063162,0.06863560903202695,-0.6408524711401857,-1.4899501876981245,0.17818819977240308,1.3529724742031521,-0.9321760032167431,-1.421650383981173,-0.4545042726906662,0.0,0.0,0.0,1.0,0.0
1.5343557591439694,-0.09582659576267816,0.3461199060876551,-0.9245347831413334,-0.6587227618375943,0.013203957107521893,0.2729711232004808,0.18811781682473352,-0.6912348973013553,-0.590237202166855,1.1042231397657012,-1.2063031723379924,0.06863560903202695,0.540523317145636,-0.500021756316903,0.7479049495969169,0.4942990681119206,-1.2443829516096232,0.4116608289694183,-0.4545042726906662,0.0,0.0,0.0,1.0,0.0
-0.8300979410970113,-0.09582659576267816,-0.4378994847703485,1.4975980586847784,-0.7724865240945028,0.81668295877888,0.544678396292168,-0.083099853583399,-0.29149568110453755,-1.3853886043504928,1.1042231397657012,2.0422948017506246,-1.266418095856426,-0.9033804240925906,-0.3939579958117719,-0.4983504406442075,1.0980538067698178,-0.2966118582740942,-1.589662732337831,1.5395084845430351,0.0,0.0,1.0,0.0,0.0
-0.8300979410970113,-0.09582659576267816,1.09227658819204,-0.5984508531875332,-0.1286362725909256,-0.5437657260888233,0.22847479972759152,0.5242464688177053,0.9025587497006601,-1.489104004635315,-0.5541864681639271,1.8713159610091186,-1.266418095856426,1.3281071760028504,2.4178107946723584,-1.265094233116366,-0.2785069973701874,0.9321454886150269,0.8662824774639045,-0.4545042726906662,0.0,0.0,0.0,1.0,0.0
0.042551568719807045,-0.09582659576267816,0.7159886059823353,-0.7514394871983574,-0.9720971351758327,-0.8904752785619348,-0.9807810321339051,-0.0377474680331959,0.31216651042397414,1.069209202390302,1.1042231397657012,-0.009451287147449236,0.06863560903202695,1.0655792230504455,-1.3837078686736248,-0.8415222147685755,2.15097873747272,-0.8953317049591984,0.8465163188337095,1.5395084845430351,1.0,0.0,0.0,0.0,0.0
-0.8300979410970113,-0.09582659576267816,1.0952412870643773,0.8699137357300241,-0.690163322454548,0.6270743745541286,-0.51360056428367,2.486778083824983,1.456229412018657,0.8617784018206572,-1.3833912721287414,1.4438688591553532,-1.266418095856426,1.0655792230504455,2.0572763032911294,-1.233718528053567,-0.9523789530200455,-0.8953317049591984,1.2714887293829031,-0.4545042726906662,0.0,1.0,0.0,0.0,0.0
-0.8300979410970113,-0.09582659576267816,-1.5400289483413194,2.3074569113492953,2.2794049238390426,1.5827598268941878,1.5476776873903348,-1.1915090995073558,-1.1208435696577375,-0.0025166005528619827,0.6896207377832941,1.8713159610091186,-1.266418095856426,-1.4284363299974001,-1.149030957503061,0.6292139600501433,-0.17653953039685363,0.7626617166303205,1.1479502379441842,-2.4485170299243677,0.0,0.0,0.0,1.0,0.0
-0.8300979410970113,-0.09582659576267816,0.8969368538561567,-0.43555755660571566,-0.5002218162446229,-0.5881452301160439,0.2063740396447445,0.25914156367018515,0.7343440095193338,-0.9705270032112036,-1.3833912721287414,1.9568053813798718,-1.266418095856426,1.196843199526648,-0.4852707137942467,-1.2500600411071086,-0.17653953039685363,1.115752908265125,-0.3938101352110302,0.5425021059261845,0.0,1.0,0.0,0.0,0.0
0.6617062493271514,-0.09582659576267816,0.7892920195466455,-0.4616683202284895,0.6225013077977135,0.947238846682651,0.5123619743976242,-0.0377474680331959,0.8822919135342352,1.5877862038144135,-0.13958406618152008,-0.009451287147449236,0.06863560903202695,1.0655792230504455,-0.12106227339343105,-0.4493259014835841,0.37763148576256833,0.20999724276714699,0.209057703009919,-0.4545042726906662,1.0,0.0,0.0,0.0,0.0
0.042551568719807045,-0.09582659576267816,1.4216182106959565,-0.18051519581938064,-0.25835987264735355,-0.5368861780055474,-0.9772125903942921,1.033051557966739,1.3869843884500388,0.2394860001117234,-1.3833912721287414,1.7003371202676125,-1.266418095856426,0.015467411240826293,-0.3655285342330775,-0.4231794805979177,-0.0065937521079647175,-0.6497030499088993,0.6389716532166614,1.5395084845430351,0.0,1.0,0.0,0.0,0.0
0.6617062493271514,-0.09582659576267816,0.9403670890083595,-0.5528734723646612,-0.8010545323089912,-0.723008041337572,-0.9793493984089969,0.18811781682473352,0.5657914887352338,-0.03708840064780275,0.275018335800887,0.6744640758185755,0.06863560903202695,0.540523317145636,-1.1487671857704786,-0.20162296677727368,1.5676408257259589,-1.2443829516096232,1.320904125958391,1.5395084845430351,0.0,0.0,0.0,1.0,0.0
1.5343557591439694,-0.09582659576267816,0.19617795135534197,-0.9245347831413334,0.8447281510429069,-0.3952118070030625,1.560765443931559,-0.6209949250551222,-0.3198209973657075,-0.7976680027364996,0.275018335800887,-0.4368983890012147,0.06863560903202695,0.1467313877170287,0.3156248499885886,1.1929961603973187,0.46075713818648206,-0.8262486457263015,1.4889164743150487,-0.4545042726906662,0.0,1.0,0.0,0.0,0.0
-0.8300979410970113,-0.09582659576267816,-1.1823663789615313,0.6499786806822482,2.990343323457852,1.9646651149090057,1.0586475775093878,-1.1915090995073558,-0.9534008994256082,-1.5928194049201374,0.6896207377832941,-0.9498349112257332,0.06863560903202695,-1.2971723535211979,-0.834417223465024,0.17818819977240308,-0.686376865263522,1.610080576553852,-1.1449241631584424,-1.4515106513075169,0.0,0.0,1.0,0.0,0.0
1.1419599302953858,-0.09582659576267816,0.35639600512304226,-0.9245347831413334,-0.7860774164240037,-0.8904752785619348,-0.4206810502964793,-0.7088083316402043,-0.0023072307583848197,-0.34823460150226965,1.1042231397657012,1.7003371202676125,0.06863560903202695,0.540523317145636,-1.2018897960335826,0.2731409914098211,1.03096994691894,-0.35236309905853724,0.732860906710088,1.5395084845430351,0.0,0.0,0.0,0.0,1.0
0.6617062493271514,-0.09582659576267816,-1.2404337569099257,-0.9245347831413334,1.1791581947471517,0.3311817282358754,0.42041815883056294,-1.1915090995073558,-1.0251551503291172,-0.5556654020719143,0.6896207377832941,-0.1804301278889554,1.40368931392048,-0.9033804240925906,0.19742782033804837,1.756778360744494,-0.17653953039685363,-0.2966118582740942,0.9749963499299774,-0.4545042726906662,0.0,0.0,0.0,0.0,1.0
1.1419599302953858,-0.09582659576267816,-1.3380113124431865,3.2567437120600418,1.4915726954365731,2.6482021017560924,0.6535314284449597,-0.2945829510424179,-1.7179914209898983,-0.24451920121744736,-0.9687888701463342,-0.8643454908549801,1.40368931392048,-0.6408524711401857,-1.1643158352700913,1.9822912408833644,-1.7060515349968592,-0.0847571432932111,0.5697900980109788,-2.4485170299243677,0.0,0.0,1.0,0.0,0.0
0.6617062493271514,-0.09582659576267816,-0.8312672552469645,-0.44473253178761557,-0.9720971351758327,0.8540367960318133,1.6367982882819465,-0.20000324249116966,-0.5065171619559402,1.069209202390302,0.275018335800887,0.07603813322330386,1.40368931392048,-0.7721164476163882,0.2886910635710454,1.3809235605130437,-0.4597824942116696,-0.6497030499088993,-0.5865301818554319,-0.4545042726906662,0.0,1.0,0.0,0.0,0.0
0.042551568719807045,-0.09582659576267816,-0.34219265651874115,-0.8070961235214621,-0.6271970868508718,-0.23669857428531194,-0.19001232511107524,-0.2945829510424179,-0.5719983445222224,-1.3853886043504928,1.5188255417481082,-0.1804301278889554,0.06863560903202695,-0.6408524711401857,0.9012477662049756,0.17818819977240308,2.372647143936489,-1.7795948631402745,-0.12202545404584818,0.5425021059261845,0.0,0.0,1.0,0.0,0.0
0.042551568719807045,-0.09582659576267816,-1.2254467873271546,-0.9245347831413334,-0.3384604910701818,-0.4833874574285732,-0.03922847591021224,-1.1915090995073558,-0.6220863824763867,0.10119879973196033,-0.5541864681639271,1.187400598043094,1.40368931392048,-1.034644400568793,-0.9360616606157743,0.9513752173913862,-1.269048105111144,1.3679609022899857,-1.5007150185019533,1.5395084845430351,0.0,1.0,0.0,0.0,0.0
0.6617062493271514,-0.09582659576267816,0.5959531136097478,2.343333115091114,-0.625143916953141,2.3276935713540516,-0.2441918124394538,0.44926119727143127,1.2721872378787895,1.0000656022004204,-0.13958406618152008,-0.2659195482597085,0.06863560903202695,0.8030512700980408,0.47797982649346027,-0.3372698119735866,0.6731893610475937,-0.6497030499088993,0.22388232198256527,-0.4545042726906662,0.0,1.0,0.0,0.0,0.0
0.6617062493271514,-0.09582659576267816,0.5514669283178015,1.3149070252115331,1.57877058521604,2.049549545128748,-0.19947291371115672,-0.2945829510424179,0.5447043282477869,0.6543476012510127,-0.5541864681639271,0.4179958147063162,0.06863560903202695,0.6717872936218383,-0.7652379977514908,-0.2728375605053374,0.8431351393364832,-0.0847571432932111,-0.30486242137515246,-1.4515106513075169,0.0,1.0,0.0,0.0,0.0
0.042551568719807045,-0.09582659576267816,-1.1823663789615313,0.268007124342744,1.2740858708080613,-0.8904752785619348,2.111662073769508,-1.1915090995073558,-1.8377105174872794,-0.14080380093262507,0.6896207377832941,-0.8643454908549801,0.06863560903202695,-1.034644400568793,-0.6650098282137735,0.9513752173913862,0.18762999450790946,0.15736253097065425,0.60438087561382,-1.4515106513075169,1.0,0.0,0.0,0.0,0.0
0.042551568719807045,-0.09582659576267816,0.3475974357372072,-0.7969391980833297,1.115181932456355,1.5877813126929987,0.10369606863159388,0.42570523556563544,0.37948135911959957,-0.07166020074274353,-1.3833912721287414,-0.5223878093719677,0.06863560903202695,0.1467313877170287,-0.5209584205380892,-0.4983504406442075,-0.8138361989801893,0.7626617166303205,-0.5173486266497492,-0.4545042726906662,0.0,0.0,0.0,1.0,0.0
-0.8300979410970113,-0.09582659576267816,0.9228177466108449,-0.5612572922424752,-0.1150998123265991,0.11730275446349639,-0.6895794816310936,1.0520821039624233,0.9892236014980387,-0.5210936019769735,-0.13958406618152008,-0.6933666501134739,0.06863560903202695,1.4593711524790527,-0.7243734634555911,-1.2789719488172202,0.8039168828082776,-0.5410596063289597,-0.2010900885666284,-0.4545042726906662,0.0,1.0,0.0,0.0,0.0
0.042551568719807045,-0.09582659576267816,-1.0913140374954629,-0.5700942558710903,2.9524464315110293,3.3097635073159477,0.7975421753044954,-0.083099853583399,-1.4313121979786363,1.1037810024852426,0.275018335800887,-1.4627714334502517,0.06863560903202695,-0.9033804240925906,-0.985343811961593,0.6292139600501433,-0.17653953039685363,-0.2966118582740942,-0.29003780240250615,-1.4515106513075169,0.0,1.0,0.0,0.0,0.0
0.6617062493271514,-0.09582659576267816,0.8582719563133588,0.4567889673090051,0.35413328975370495,-0.23790525656543743,-0.5151466351542622,-0.49410848426511644,0.7486273035794808,0.7926348016307757,0.275018335800887,1.101911177672341,0.06863560903202695,1.4593711524790527,0.06260882024241773,-0.585086163774543,0.8039168828082776,0.43673138589050026,0.5253162410930399,-0.4545042726906662,0.0,1.0,0.0,0.0,0.0
-0.8300979410970113,-0.09582659576267816,-1.7601215614030006,0.035212489530352456,-0.9720971351758327,-0.8904752785619348,-0.6542982457001006,-1.1915090995073558,-0.7148795394955176,-0.901383403021322,-0.13958406618152008,-0.9498349112257332,0.06863560903202695,-1.2971723535211979,-1.2071134930177752,0.17818819977240308,-0.686376865263522,1.610080576553852,-1.6835519858312575,1.5395084845430351,0.0,0.0,1.0,0.0,0.0
-0.8300979410970113,-0.09582659576267816,0.9694391865419341,0.8426203593922419,0.7145394485018799,0.610646299535241,-0.8861099999205382,2.4378069319206963,0.9764844473362859,-0.6939526024516773,-1.7979936741111484,-1.1208137519672394,-1.266418095856426,0.2779953641932311,0.9025614740588959,-1.0952962998353346,-1.5261089462203883,-0.4835424891395794,0.31283003581844304,-0.4545042726906662,0.0,0.0,0.0,1.0,0.0
-0.8300979410970113,-0.09582659576267816,-1.255757540362953,2.813797166858593,-0.3096491188756297,4.329901370609088,1.0886057019683566,-1.1915090995073558,-1.1275991817132123,1.069209202390302,0.275018335800887,0.6744640758185755,-1.266418095856426,-1.1659083770449954,-0.6965274831442384,-0.12249564041275783,0.6731893610475937,0.7626617166303205,-1.6786104461737088,-2.4485170299243677,0.0,1.0,0.0,0.0,0.0
0.042551568719807045,-0.09582659576267816,-0.14299076997538143,-0.8369136268669652,-0.8425732002046955,-0.8904752785619348,1.8455772107797193,0.5242464688177053,-0.1837919231915369,-0.6593808023567366,0.6896207377832941,-0.5223878093719677,0.06863560903202695,-0.6408524711401857,-1.0764277881096682,0.17818819977240308,0.3332978044698148,-0.9321760032167431,-0.502524007677103,0.5425021059261845,0.0,1.0,0.0,0.0,0.0
0.6617062493271514,-0.09582659576267816,-0.6824445864433732,-0.3487595206307076,0.40357911287488124,0.35068036174051254,-0.06077982574892483,-1.1915090995073558,-1.259816160513222,-1.177957803780848,1.5188255417481082,-0.4368983890012147,0.06863560903202695,-0.7721164476163882,0.39504436781385477,1.3809235605130437,0.6731893610475937,-0.6497030499088993,1.4592672363697563,1.5395084845430351,1.0,0.0,0.0,0.0,0.0
-0.8300979410970113,-0.09582659576267816,-0.1900356061737033,-0.09519297027694815,-0.8333213553637774,-0.10958326990666545,-0.002873740803581391,-0.2945829510424179,-0.02918491586481016,1.2766400029599465,0.275018335800887,1.9568053813798718,-1.266418095856426,-0.6408524711401857,0.4308695898708726,-0.7238633207830776,1.3529724742031521,-0.0847571432932111,0.4116608289694183,1.5395084845430351,0.0,1.0,0.0,0.0,0.0
-0.8300979410970113,-0.09582659576267816,0.8526655143168003,-0.05012784848428792,-0.7184164887740101,-0.8904752785619348,-0.8965957921667718,0.8183517105916509,0.9158287019524858,0.6543476012510127,-1.3833912721287414,-1.3772820130794987,-1.266418095856426,0.8030512700980408,2.465526831139917,-1.1963664982169009,-1.269048105111144,1.3679609022899857,1.3752610621914272,-0.4545042726906662,0.0,0.0,1.0,0.0,0.0
-0.8300979410970113,-0.09582659576267816,0.978860817143276,-0.049393735776509455,0.9908228878536841,-0.06645960766130186,-0.7010624142813832,2.053647397305614,1.6316823079737066,0.17034239992184186,-2.2125960760935555,1.4438688591553532,-1.266418095856426,0.2779953641932311,1.2044334965502428,-1.0952962998353346,-1.5261089462203883,0.014939193168380513,0.15964230643443136,1.5395084845430351,0.0,0.0,0.0,1.0,0.0
-0.8300979410970113,-0.09582659576267816,-1.6412335319288258,-0.9245347831413334,-0.9720971351758327,-0.8904752785619348,-1.184776742901236,-1.1915090995073558,-0.4320124118584165,-0.17537560102756583,0.275018335800887,0.16152755359405693,0.06863560903202695,-1.2971723535211979,-1.0038246187162743,0.17818819977240308,-0.686376865263522,1.610080576553852,-1.2388134166518687,-0.4545042726906662,0.0,1.0,0.0,0.0,0.0
1.5343557591439694,-0.09582659576267816,-0.06301372677645296,-0.7690326527204355,-0.9720971351758327,-0.8904752785619348,-1.184776742901236,-0.6209949250551222,-0.43577625286075256,-1.4545322045403744,1.1042231397657012,1.187400598043094,1.40368931392048,0.1467313877170287,-0.213256774210438,1.1929961603973187,-0.17653953039685363,-0.2966118582740942,1.256664110410257,-0.4545042726906662,0.0,0.0,0.0,1.0,0.0
1.1419599302953858,-0.09582659576267816,-0.3503589776752548,-0.4533525656937412,-0.36667220702727393,-0.3375461507178793,-0.11859125480177815,-0.4382590515720541,-1.0546868258859077,1.3112118030548872,1.1042231397657012,-1.3772820130794987,0.06863560903202695,-0.37832451818778096,1.3309173012918711,1.3809235605130437,-0.17653953039685363,-0.6497030499088993,1.5580980295207314,-0.4545042726906662,0.0,0.0,1.0,0.0,0.0
0.042551568719807045,-0.09582659576267816,-0.018669407638450184,-0.9245347831413334,-0.8104908937695283,-0.7532765011813412,-0.710258422579604,-0.49410848426511644,-1.092663016512042,0.34320140039654573,1.1042231397657012,-0.6933666501134739,-1.266418095856426,-0.2470605417115785,-0.6297428611726209,-0.23814327125320392,1.1960994480903304,-0.21512927558913952,1.335728744931037,1.5395084845430351,0.0,1.0,0.0,0.0,0.0
-0.8300979410970113,-0.09582659576267816,-0.6757920491256059,-0.9245347831413334,-0.9720971351758327,-0.8904752785619348,0.11949919614639938,0.06510166265634933,-0.5878257784807638,-1.1433860036859074,0.6896207377832941,-0.35140896863046156,0.06863560903202695,-1.034644400568793,-0.585288701036714,-0.3372698119735866,1.6443080941269617,-1.0532358403486761,-0.1319085333609457,1.5395084845430351,0.0,0.0,0.0,1.0,0.0
-0.8300979410970113,-0.09582659576267816,0.3475974357372072,-0.0075039595230314724,2.843607525053423,2.3789884334019793,-0.5214650510162753,0.18811781682473352,0.6636513547959708,-1.661963005110019,-1.7979936741111484,-1.2917925927087455,-1.266418095856426,0.540523317145636,-0.04470682781439999,-1.1511508831514636,-1.652384447116158,2.323696458594721,-0.10720083507320188,-1.4515106513075169,0.0,1.0,0.0,0.0,0.0
0.042551568719807045,-0.09582659576267816,-1.196426251642179,0.6821469904824035,2.0921901848281985,2.6824382487598983,1.826804281050365,-1.1915090995073558,-1.516288146762146,0.5160604008712496,0.275018335800887,-0.8643454908549801,0.06863560903202695,-1.034644400568793,-0.8091863348105826,0.9513752173913862,0.18762999450790946,0.15736253097065425,1.0145286671903675,-2.4485170299243677,0.0,0.0,1.0,0.0,0.0
0.6617062493271514,-0.09582659576267816,-0.4425859614067755,-0.7884033259342025,-0.9720971351758327,-0.3829983213936922,0.5557763378842552,-0.2945829510424179,-0.4412289968769573,0.7926348016307757,-0.13958406618152008,-0.6078772297427208,1.40368931392048,-0.6408524711401857,-0.834417223465024,1.0802397203278835,-0.686376865263522,-0.0847571432932111,-1.0955087665829546,1.5395084845430351,0.0,0.0,1.0,0.0,0.0
-0.8300979410970113,-0.09582659576267816,1.0731947632523995,1.0063578023227424,-0.5852244973024776,-0.2644050121451082,-0.9436880972493803,0.25914156367018515,0.6260129447726104,1.6915016040992357,0.275018335800887,0.07603813322330386,-1.266418095856426,1.196843199526648,-0.9992665722072723,-1.2500600411071086,1.0980538067698178,0.05647933336071082,1.3307872052734884,-0.4545042726906662,0.0,1.0,0.0,0.0,0.0
0.042551568719807045,-0.09582659576267816,0.8157981755100714,-0.5632003770391749,-0.4416040844514329,-0.3726291753193168,-0.9850573603157033,-0.46725938819848106,0.946518482433072,1.4494990034346502,0.6896207377832941,0.8454429165600816,0.06863560903202695,1.3281071760028504,-0.5127833356434021,-0.9042736248941738,1.7608423420964867,-0.0847571432932111,-0.6952440543215048,-0.4545042726906662,0.0,0.0,0.0,1.0,0.0
1.5343557591439694,-0.09582659576267816,0.09504708050413498,1.0176700788200177,-0.6100574746676554,-0.7165608528385352,-0.6836441540247945,-0.1448089388865984,-0.8211356662537737,-1.4199604044454335,1.1042231397657012,-0.1804301278889554,1.40368931392048,0.2779953641932311,-0.4860133351181125,1.0271778661775608,0.273316941544324,-0.9820241714475394,0.9404055723271361,-0.4545042726906662,0.0,0.0,0.0,1.0,0.0
1.1419599302953858,-0.09582659576267816,-0.06032386267107717,-0.6159650509885558,-0.9720971351758327,-0.24304721993393355,0.07193606433638773,-0.5422446597447547,-0.22741387532117516,-1.0050988033061443,1.1042231397657012,0.16152755359405693,1.40368931392048,-0.11579656523537611,-0.22039911498519466,0.9513752173913862,0.9159690443174356,-1.0532358403486761,1.231956412122513,-0.4545042726906662,0.0,0.0,1.0,0.0,0.0
1.5343557591439694,-0.09582659576267816,0.4055744446355099,-0.9245347831413334,-0.6562526233776887,-0.597635182348886,0.21550226954277846,0.12373488527884689,-0.12173680102481699,-1.489104004635315,0.275018335800887,-0.35140896863046156,0.06863560903202695,0.6717872936218383,-1.4047329564821829,0.6292139600501433,0.3332978044698148,-0.9321760032167431,1.4444426173971099,-0.4545042726906662,0.0,1.0,0.0,0.0,0.0
-0.8300979410970113,-0.09582659576267816,-0.5716262330023884,-0.9245347831413334,0.4278279557087404,-0.7354806480892319,1.259643560226093,-1.1915090995073558,-0.7499604678121626,0.17034239992184186,0.275018335800887,-1.2063031723379924,0.06863560903202695,-1.034644400568793,0.02970285147202751,-0.3372698119735866,0.18762999450790946,1.3679609022899857,-0.7496009905545412,-0.4545042726906662,0.0,0.0,0.0,1.0,0.0
3.357925895636421,-0.09582659576267816,1.0268406958830032,-0.5968086321667189,1.4198999728696229,1.2085703274747963,-0.12480597485310678,-0.5639031314173393,0.44501079605770655,0.7926348016307757,1.1042231397657012,-0.8643454908549801,1.40368931392048,1.85316308190766,-1.1875977610848312,2.4177643887377345,-2.0225022945692746,0.032128216696240844,1.5630395691782804,-1.4515106513075169,0.0,0.0,0.0,1.0,0.0
-0.8300979410970113,-0.09582659576267816,0.8533688456493683,1.281530437754344,-0.6302752647874548,-0.23327378634862522,-0.33264073038168374,0.9084060034327873,1.2392295019224366,-0.10623200083768429,-0.9687888701463342,-0.8643454908549801,0.06863560903202695,1.196843199526648,0.4301067082710921,-1.2500600411071086,-0.17653953039685363,0.4095705249955154,-0.5667640232252369,-0.4545042726906662,0.0,0.0,0.0,1.0,0.0
0.6617062493271514,-0.09582659576267816,-0.8741669135342678,0.5701776906739409,1.1641129205761205,0.9632455455338822,1.0100437753644558,-0.20000324249116966,-0.848833675681221,-1.3162450041606113,-0.13958406618152008,1.6148476998968595,1.40368931392048,-0.7721164476163882,-0.4153568246856148,1.3809235605130437,-0.4597824942116696,-0.6497030499088993,-0.12696699370339695,-0.4545042726906662,0.0,0.0,0.0,1.0,0.0
0.042551568719807045,-0.09582659576267816,-1.0110001804262785,-0.9245347831413334,-0.9720971351758327,-0.8904752785619348,-1.0108105926195963,-1.1915090995073558,-0.1302295704659855,-0.9705270032112036,-0.5541864681639271,0.5034852350770693,1.40368931392048,-1.034644400568793,-0.8398819781505482,0.9513752173913862,-1.269048105111144,1.3679609022899857,-1.362351908090588,1.5395084845430351,0.0,0.0,1.0,0.0,0.0
-0.8300979410970113,-0.09582659576267816,1.0952412870643773,-0.6138605758188441,0.5388768369780341,-0.5584163622784802,-0.4252045291377082,1.6058066186750264,1.4720085916053736,1.3803554032447687,-1.7979936741111484,0.5889746554478223,-1.266418095856426,1.4593711524790527,0.039097319632235436,-1.2789719488172202,-1.5491785088840389,0.7626617166303205,-0.17638239027888458,-1.4515106513075169,0.0,0.0,0.0,1.0,0.0
-0.8300979410970113,-0.09582659576267816,-0.8067659487803038,0.43261826954044463,0.8210541462576159,-0.028843167092026997,-0.19567221718775596,0.06510166265634933,-0.6716918767123028,1.1383528025801835,0.275018335800887,-0.6078772297427208,0.06863560903202695,-1.034644400568793,0.012619752791229637,-0.3372698119735866,0.18762999450790946,0.15736253097065425,-1.046093370007467,-0.4545042726906662,0.0,0.0,1.0,0.0,0.0
1.5343557591439694,-0.09582659576267816,-0.054975759439888895,-0.8475447942180023,-0.41159161943226097,-0.8179830128108071,1.351682602266292,0.6356158371085828,-0.8465174658336295,0.6889194013459534,0.275018335800887,1.4438688591553532,1.40368931392048,-0.11579656523537611,-0.7128425045200084,1.595697732073872,-0.5407090553016178,-1.6585350260083425,-0.013311581579775378,-0.4545042726906662,0.0,0.0,0.0,1.0,0.0
-0.8300979410970113,-0.09582659576267816,-1.255757540362953,-0.9245347831413334,-0.9720971351758327,-0.04843253989161669,2.967865531647572,0.5242464688177053,-1.1145222469486857,0.20491420001678262,0.275018335800887,0.7599534961893285,1.40368931392048,-1.2971723535211979,-0.1292096943958642,0.17818819977240308,-0.686376865263522,-0.0847571432932111,0.12999306848913877,0.5425021059261845,0.0,1.0,0.0,0.0,0.0
-0.8300979410970113,-0.09582659576267816,0.24763150765192585,1.3153324818562646,-0.9720971351758327,1.0935332082595814,0.15033689144290469,0.06510166265634933,0.5268502106726031,-1.2471014039707298,-0.9687888701463342,1.187400598043094,0.06863560903202695,-0.11579656523537611,-0.18147515232075642,-0.9815923266560724,-0.5407090553016178,1.3679609022899857,-0.41851783349877403,-0.4545042726906662,0.0,0.0,1.0,0.0,0.0
0.042551568719807045,-0.09582659576267816,-0.8741669135342678,-0.16298482505548972,-0.40797455431747537,-0.4093638066364609,0.03206786109723191,-1.1915090995073558,-0.740406102190848,1.069209202390302,0.275018335800887,-0.6933666501134739,0.06863560903202695,-0.9033804240925906,1.1895553408525497,0.6292139600501433,1.0980538067698178,-0.2966118582740942,-1.3821180667207829,0.5425021059261845,0.0,0.0,1.0,0.0,0.0
0.042551568719807045,-0.09582659576267816,0.8045643190125996,-0.36554214860801315,-0.7954725878973697,-0.008320450027811375,-0.9817669007870513,0.5242464688177053,0.5687832597883726,1.656929804004295,-0.5541864681639271,0.4179958147063162,1.40368931392048,0.015467411240826293,-1.389217052259031,-0.4231794805979177,1.3529724742031521,-1.2146489565245873,-1.63413658925577,-0.4545042726906662,0.0,0.0,0.0,1.0,0.0
-0.8300979410970113,-0.09582659576267816,0.7421368557586538,-0.42890057526882125,3.001299540615415,-0.5780528065548295,-0.4690442001636964,0.8183517105916509,1.1656898392614095,-0.7630962026415589,-0.5541864681639271,-1.0353243315964862,0.06863560903202695,0.8030512700980408,-0.6962977068020967,-1.1963664982169009,0.6731893610475937,-0.24617025946912274,-1.4611827012415632,-1.4515106513075169,0.0,0.0,0.0,1.0,0.0
0.042551568719807045,-0.09582659576267816,0.9869992899950151,-0.3005301665248086,1.1837618278667779,-0.30292475244427974,0.38401203205645484,1.0520821039624233,1.2931778896225867,1.7260734041941765,-0.9687888701463342,-0.6078772297427208,0.06863560903202695,1.4593711524790527,-0.09600788996529747,-0.9320290562958812,0.019551752244172604,-0.21512927558913952,-1.7379089220642938,-0.4545042726906662,0.0,0.0,0.0,1.0,0.0
-0.8300979410970113,-0.09582659576267816,1.3196555618091732,-0.9245347831413334,0.08823771935659418,-0.5371236186210886,-0.9773519729715774,0.3053854001553459,1.1622155244900223,1.3112118030548872,0.275018335800887,-0.4368983890012147,0.06863560903202695,1.85316308190766,0.6422755581498605,-1.3148625928711517,0.7903933460744145,0.32434161666987305,1.3307872052734884,-0.4545042726906662,0.0,0.0,0.0,1.0,0.0
0.042551568719807045,-0.09582659576267816,-0.2727891068702715,-0.9245347831413334,-0.9720971351758327,-0.4942730000607224,0.7484556249601277,-0.2945829510424179,0.3748489394244167,1.2420682028650056,-0.13958406618152008,1.5293582795261063,1.40368931392048,-0.6408524711401857,-1.5807254782205338,0.17818819977240308,0.3332978044698148,-0.0847571432932111,0.36224543239393064,0.5425021059261845,0.0,0.0,0.0,1.0,0.0
2.6337641207195492,-0.09582659576267816,0.30496607557119765,-0.6090723077111172,-0.8381067957251618,-0.2597077310097405,-0.24710552374876313,-0.7909975159684977,-0.7019473678464656,-0.6593808023567366,0.6896207377832941,0.24701697396481,1.40368931392048,1.0655792230504455,0.5525324674487951,1.903851978226366,-0.5090421400925079,-0.5268887223837501,0.5549654790383325,-0.4545042726906662,0.0,0.0,1.0,0.0,0.0
0.042551568719807045,-0.09582659576267816,-1.4117999554451786,-0.9245347831413334,-0.9720971351758327,-0.8904752785619348,1.8628491007244905,0.25914156367018515,-0.33429730891315385,1.1383528025801835,0.6896207377832941,1.5293582795261063,1.40368931392048,-1.1659083770449954,-0.8244520825678919,1.3809235605130437,-1.0262684218413018,-0.6497030499088993,-0.9077302595961017,-0.4545042726906662,0.0,1.0,0.0,0.0,0.0
1.5343557591439694,-0.09582659576267816,0.8083295393275808,-0.580553697822039,-0.9720971351758327,-0.40674592840346174,-0.24372821777995124,0.40734307990993374,0.11388929659578434,-0.9705270032112036,-0.13958406618152008,0.9309323369308347,0.06863560903202695,1.5906351289552552,-0.5409894197828685,0.04455093746788647,-0.8374397792980915,0.29187346111724705,0.15964230643443136,-0.4545042726906662,0.0,0.0,0.0,1.0,0.0
-2.321902131521174,-0.09582659576267816,0.2777193149062809,-0.73629490590251,-0.7980049001540135,-0.8016417737153189,4.5814845224217535,-0.8224185861871359,-2.146007699076061,1.484070803529591,-2.2125960760935555,0.24701697396481,1.40368931392048,1.3281071760028504,-1.3752177544594013,-1.6259148413385582,6.655280756816505,-3.1354650390179257,-0.7397179112394436,1.5395084845430351,0.0,0.0,1.0,0.0,0.0
1.1419599302953858,-0.09582659576267816,-1.2404337569099257,0.7870587968106897,2.0120332619227193,1.47722250285849,1.0418817261782904,-1.1915090995073558,-1.588331923896604,1.5877862038144135,-0.13958406618152008,0.4179958147063162,1.40368931392048,-0.6408524711401857,-1.650652855130141,1.9822912408833644,-0.686376865263522,-0.0847571432932111,0.1794084650646264,-0.4545042726906662,0.0,0.0,1.0,0.0,0.0
-0.8300979410970113,-0.09582659576267816,1.189920166156266,-0.30271866450140444,0.9506772337261762,-0.624137300170563,-1.0690004586029962,1.6531358137667562,1.869962396044673,-1.627391205015078,-1.7979936741111484,1.101911177672341,-1.266418095856426,0.2779953641932311,3.0030656619115432,-1.0952962998353346,-0.32649168771057996,-0.4835424891395794,-1.441416542611368,-0.4545042726906662,0.0,1.0,0.0,0.0,0.0
-0.8300979410970113,-0.09582659576267816,1.2741800696096004,-0.5558298433862313,-0.267724406038826,-0.024627130747225806,-0.9631837574919258,1.2348179774454915,0.5569609386912915,0.8617784018206572,-0.9687888701463342,-0.4368983890012147,-1.266418095856426,0.2779953641932311,0.6314233935420412,-1.0952962998353346,-0.926300316965484,0.51342087547634,1.2220733328074156,1.5395084845430351,0.0,0.0,1.0,0.0,0.0
0.042551568719807045,-0.09582659576267816,-1.3039102235417177,0.035212489530352456,-0.9720971351758327,-0.8904752785619348,-0.9163025485242302,-1.1915090995073558,-0.6687483600309887,-0.0025166005528619827,1.1042231397657012,0.24701697396481,1.40368931392048,-1.1659083770449954,0.012619752791229637,1.3809235605130437,-1.0262684218413018,0.7626617166303205,1.380202601848976,-0.4545042726906662,0.0,0.0,0.0,1.0,0.0
1.8661217052122583,-0.09582659576267816,0.9658722403098057,-0.41489702763740877,-0.9720971351758327,-0.08195216478606679,-0.082118679196741,0.44926119727143127,-0.23450726797942384,0.758063001535835,1.5188255417481082,0.5034852350770693,0.06863560903202695,0.8030512700980408,-0.8606509145931701,0.9513752173913862,-0.7834887385714597,-0.6497030499088993,1.167716396574379,1.5395084845430351,0.0,0.0,1.0,0.0,0.0
-0.8300979410970113,-0.09582659576267816,0.813566161515596,-0.7531095844361576,-0.6099596689069788,0.3251445112706744,-0.9844078296843437,0.6356158371085828,1.3567771516877007,0.7926348016307757,-1.7979936741111484,-0.009451287147449236,-1.266418095856426,-0.11579656523537611,0.0437580923997746,-0.9815923266560724,0.18762999450790946,0.15736253097065425,-1.7428504617218428,0.5425021059261845,0.0,1.0,0.0,0.0,0.0
-0.8300979410970113,-0.09582659576267816,1.1519791699611766,1.1728707736522967,-0.11498898950613354,1.0844007168403658,-0.6895150224878425,0.9084060034327873,0.5592771485388829,0.6543476012510127,0.6896207377832941,-1.9757079556747703,-1.266418095856426,-0.37832451818778096,1.0385383061902813,-0.8742052408756581,-1.0262684218413018,0.7626617166303205,0.8465163188337095,-0.4545042726906662,0.0,0.0,0.0,1.0,0.0
0.6617062493271514,-0.09582659576267816,1.0731947632523995,0.06459399918851867,0.5762100868019224,0.9276153641284373,-0.029481588270663567,0.5242464688177053,0.9870039003940969,-1.5582476048251965,-1.3833912721287414,1.272890018413847,0.06863560903202695,0.6717872936218383,-0.19705038662287425,-0.2728375605053374,-0.17653953039685363,-0.0847571432932111,0.7229778273949904,-0.4545042726906662,1.0,0.0,0.0,0.0,0.0
-0.8300979410970113,-0.09582659576267816,-1.5639570057902163,-0.9245347831413334,-0.9720971351758327,-0.8904752785619348,-0.7893639879960522,-1.1915090995073558,-1.4368614507384907,1.069209202390302,1.5188255417481082,-1.2063031723379924,0.06863560903202695,-1.2971723535211979,0.6902493337962321,0.17818819977240308,-0.686376865263522,1.610080576553852,-0.052843898840165486,1.5395084845430351,0.0,0.0,0.0,1.0,0.0
0.042551568719807045,-0.09582659576267816,0.6905848841166413,-0.042283016053695756,0.8393360101257692,0.8902772951953712,-0.6021738587591597,-0.37267967964723286,0.3361006788490854,-1.177957803780848,-0.13958406618152008,-1.1208137519672394,0.06863560903202695,0.9343152465742431,-0.8905903178274964,-0.8058680044699397,1.4456701714516373,-0.0077190651183445536,-0.3938101352110302,-1.4515106513075169,0.0,0.0,0.0,1.0,0.0
-0.8300979410970113,-0.09582659576267816,1.0696206946689955,-0.529493793451643,-0.0186894051965415,0.9493246502859489,-0.001716850015231883,1.4082014204835467,0.9971855728491341,0.7234912014408942,0.6896207377832941,1.5293582795261063,-1.266418095856426,0.9343152465742431,0.5395518462098455,-1.2158914229042492,-0.4082837735180672,-0.0077190651183445536,-0.04296081952506796,-0.4545042726906662,0.0,0.0,1.0,0.0,0.0
0.6617062493271514,-0.09582659576267816,0.4360619954770101,-0.5901768681912252,-0.6427871480419163,-0.40303266651141983,-0.5025046406458371,-0.24966352547884904,-0.05934389825532333,1.4494990034346502,-0.13958406618152008,1.101911177672341,1.40368931392048,0.540523317145636,-0.6727541662824017,-0.20162296677727368,0.4942990681119206,0.09364682721700525,-0.2554470247996648,-0.4545042726906662,0.0,1.0,0.0,0.0,0.0
-0.8300979410970113,-0.09582659576267816,-2.2660335505686167,-0.9245347831413334,-0.9720971351758327,-0.8904752785619348,-0.03922847591021224,-1.1915090995073558,-0.9184647342244378,-1.350816804255552,0.6896207377832941,0.6744640758185755,1.40368931392048,-1.4284363299974001,0.6902493337962321,0.6292139600501433,-0.17653953039685363,0.7626617166303205,-1.6786104461737088,1.5395084845430351,0.0,0.0,0.0,1.0,0.0
0.6617062493271514,-0.09582659576267816,0.8420275502512659,-0.5767299969910439,0.2024636510957104,-0.2224366040934505,-0.5102017182068456,0.42570523556563544,0.5284426049428222,1.7260734041941765,-0.5541864681639271,0.5889746554478223,0.06863560903202695,0.1467313877170287,1.375700452462363,0.06543175970296788,0.46075713818648206,-0.8262486457263015,-1.337644209802844,-0.4545042726906662,0.0,0.0,0.0,1.0,0.0
0.042551568719807045,-0.09582659576267816,-0.9489683746451855,-0.9245347831413334,-0.9720971351758327,-0.8904752785619348,-0.7153807233995525,-1.1915090995073558,-0.33690304499169416,-0.8322398028314404,0.6896207377832941,-0.1804301278889554,1.40368931392048,-1.034644400568793,-0.9440337733334799,0.9513752173913862,0.18762999450790946,0.15736253097065425,-0.4580501507591641,0.5425021059261845,1.0,0.0,0.0,0.0,0.0
0.6617062493271514,-0.09582659576267816,-0.5066361593862311,-0.7749453393677946,-0.5338281058538594,-0.33338816433708507,-0.23181803649488944,-0.2945829510424179,-0.883094279676844,-0.5210936019769735,0.275018335800887,-0.1804301278889554,1.40368931392048,-0.6408524711401857,-0.09600788996529747,1.0802397203278835,-0.686376865263522,-0.0847571432932111,-0.42345937315632276,0.5425021059261845,0.0,0.0,1.0,0.0,0.0
0.6617062493271514,-0.09582659576267816,0.7892920195466455,0.8649635206528781,0.18660593141794968,-0.16969365769793854,0.6485994018537994,0.3174117299554589,0.595950471125747,0.27405780020666415,-1.3833912721287414,0.07603813322330386,0.06863560903202695,1.0655792230504455,-0.7203265287039772,-0.4493259014835841,-0.9523789530200455,0.9468832079180446,-0.146733152333592,-0.4545042726906662,0.0,1.0,0.0,0.0,0.0
0.042551568719807045,-0.09582659576267816,0.9694391865419341,-0.6356262723709029,0.29049078265081457,1.916242210843322,0.8148766491221856,0.5242464688177053,0.04324489624424628,1.207496402770065,0.6896207377832941,-0.778856070484227,-1.266418095856426,1.3281071760028504,-0.31469479678037776,-0.9042736248941738,0.945102606309817,-0.4237246872626241,1.528448791575439,-1.4515106513075169,0.0,0.0,0.0,1.0,0.0
-0.8300979410970113,-0.09582659576267816,-1.3557234684482347,-0.9245347831413334,-0.9720971351758327,0.0845788055704185,1.182455023615018,0.5242464688177053,-1.2702391048273836,0.06662699963701955,1.1042231397657012,-0.009451287147449236,0.06863560903202695,-1.2971723535211979,0.39722032579406913,0.17818819977240308,-0.686376865263522,-0.0847571432932111,-0.32957011966289623,-0.4545042726906662,0.0,1.0,0.0,0.0,0.0
0.042551568719807045,-0.09582659576267816,0.2303239879952974,-0.6226733548480499,-0.6747123900634862,-0.7478166766026894,0.1331362821549996,-0.013648602654018271,0.12035538242031035,1.656929804004295,-0.13958406618152008,0.3325063943355631,0.06863560903202695,0.015467411240826293,-0.888557731225733,-0.4231794805979177,0.6731893610475937,-0.0847571432932111,-0.2257977868543722,1.5395084845430351,0.0,0.0,0.0,0.0,1.0
-0.8300979410970113,-0.09582659576267816,1.1175522849225756,-0.55607811366736,1.0803853578568674,-0.5817722949360826,0.01090750761230396,1.8053321518977248,1.2921162934424406,-1.2471014039707298,-1.3833912721287414,-1.4627714334502517,-1.266418095856426,0.1467313877170287,1.9487042699483799,-1.062132640991383,-0.17653953039685363,-0.8262486457263015,0.7180362877374417,-0.4545042726906662,0.0,0.0,0.0,1.0,0.0
-0.8300979410970113,-0.09582659576267816,1.2089624119673656,0.15359349110153914,-0.6281885709964656,-0.8904752785619348,-0.588865836982925,2.3590566666103285,1.405272795371646,1.484070803529591,-1.7979936741111484,0.9309323369308347,-1.266418095856426,1.196843199526648,1.6446571943666586,-1.2500600411071086,-1.4511328675635249,-0.2966118582740942,0.23870694095521158,0.5425021059261845,0.0,1.0,0.0,0.0,0.0
0.6617062493271514,-0.09582659576267816,-0.3182645990698443,0.6061974094174515,1.852062075236834,1.326725735458345,1.477621694801055,-0.2945829510424179,-1.396858576495714,-0.6593808023567366,1.5188255417481082,-0.5223878093719677,0.06863560903202695,-0.6408524711401857,-0.3281535047083964,1.0802397203278835,1.3529724742031521,-1.7795948631402745,0.24364848061276034,0.5425021059261845,0.0,0.0,0.0,1.0,0.0
0.042551568719807045,-0.09582659576267816,-0.695947595339319,-0.14538671289537555,1.2108695168171186,0.7211277154242802,-0.23873228310868386,-1.1915090995073558,-1.079972116722114,-0.6593808023567366,1.5188255417481082,-1.5482608538210048,0.06863560903202695,-0.7721164476163882,-0.0489829363910435,0.37864409322917636,1.806161216306857,-0.6497030499088993,-0.4432255317865178,-0.4545042726906662,0.0,0.0,1.0,0.0,0.0
0.6617062493271514,-0.09582659576267816,-0.17082645798348806,-0.9245347831413334,-0.8371762940066259,-0.8045273273258273,0.27969895254544425,-0.4382590515720541,-0.3235848383680435,-1.3162450041606113,0.6896207377832941,0.8454429165600816,0.06863560903202695,-0.37832451818778096,-1.1882029000594962,0.6292139600501433,0.6731893610475937,-0.6497030499088993,0.5796731773260763,-0.4545042726906662,0.0,0.0,0.0,1.0,0.0
2.407005268960788,-0.09582659576267816,0.8246538800642721,-0.5678257125669439,-0.6157359665089712,-0.3792267840866292,-0.7826782676108898,-0.049430401610467446,0.14843942682235622,0.7926348016307757,0.275018335800887,0.5889746554478223,0.06863560903202695,2.1156910348600646,-0.777340243148941,0.7019600504175202,-0.7521623278269634,0.07925941024037517,0.7081532084223441,1.5395084845430351,0.0,1.0,0.0,0.0,0.0
0.6617062493271514,-0.09582659576267816,-0.15831455342840853,-0.6568991300185564,-0.19477435312875185,-0.30772045948141924,0.38434008975984507,-0.4382590515720541,-0.16555177064175453,-0.34823460150226965,0.6896207377832941,-0.4368983890012147,0.06863560903202695,-0.37832451818778096,0.4303366177943133,0.6292139600501433,0.6731893610475937,-0.6497030499088993,-1.2486964959669664,-0.4545042726906662,0.0,0.0,0.0,1.0,0.0
1.1419599302953858,-0.09582659576267816,-0.31435696851063394,-0.2576601719577463,0.07781673993143795,0.44407827584505055,0.10971429754048362,-0.4382590515720541,0.15403693395403548,-1.6965348052049596,-0.5541864681639271,-0.6933666501134739,1.40368931392048,-0.37832451818778096,0.643516259244163,1.3809235605130437,-1.0262684218413018,0.05647933336071082,-0.3098039610327012,-0.4545042726906662,0.0,1.0,0.0,0.0,0.0
0.6617062493271514,-0.09582659576267816,-0.7454320751650247,0.11649738642991668,-0.3519462363549358,-0.8904752785619348,-0.8358916515970745,-0.20000324249116966,-0.4843201509165226,-1.177957803780848,-0.13958406618152008,-0.778856070484227,1.40368931392048,-0.7721164476163882,0.10100621987883862,1.3809235605130437,-0.4597824942116696,-0.6497030499088993,1.0491194447932088,-0.4545042726906662,0.0,0.0,0.0,1.0,0.0
-0.8300979410970113,-0.09582659576267816,0.9093528304869799,-0.5724317185390406,1.0908962620758764,1.454672811739005,-0.5231947561830355,1.7021069656710426,1.3858262835262432,-1.2816732040656704,-1.7979936741111484,-0.09494070751820233,-1.266418095856426,1.3281071760028504,1.504435446334562,-1.265094233116366,-1.9099864689435264,0.9321454886150269,-0.29992088171760367,1.5395084845430351,0.0,1.0,0.0,0.0,0.0
0.6617062493271514,-0.09582659576267816,-0.0036824380556795843,-0.7819912821537227,-0.9720971351758327,-0.09939061611070643,-0.4214702389760579,-0.5422446597447547,-0.18692845736015026,0.2394860001117234,0.275018335800887,1.016421757301588,0.06863560903202695,-0.11579656523537611,-0.7487894855016649,0.30705270270889934,0.18762999450790946,0.15736253097065425,0.5450823997232349,-0.4545042726906662,0.0,1.0,0.0,0.0,0.0
0.042551568719807045,-0.09582659576267816,0.5120409386046971,-0.4281859001292972,-0.4838991531930082,-0.8904752785619348,1.8920341364066595,0.9084060034327873,0.5479373711600499,-0.34823460150226965,0.275018335800887,1.187400598043094,0.06863560903202695,0.1467313877170287,-1.369190483091204,-0.4983504406442075,1.7353504753531535,-1.885522220630716,1.6865780606169993,-1.4515106513075169,0.0,1.0,0.0,0.0,0.0
3.0261599495681324,-0.09582659576267816,1.2209581780085552,-0.7595291188942928,-0.32056369386823835,-0.25513119211677726,-0.09037547873074919,0.1361254095018015,0.27583096843988386,0.20491420001678262,0.275018335800887,1.272890018413847,0.06863560903202695,2.3782189878124695,-0.07789394575456503,1.3809235605130437,-0.25378761143725814,-1.1632902377413428,1.4395010777395612,1.5395084845430351,1.0,0.0,0.0,0.0,0.0
0.6617062493271514,-0.09582659576267816,-0.37546167738960423,-0.43579120569775914,-0.7899529292306292,-0.4302838978945239,-0.7163438852404422,-1.1915090995073558,-0.9314934146171395,0.3777732004914865,1.5188255417481082,-1.1208137519672394,0.06863560903202695,-0.5095884946639834,0.8436748993067987,0.8342256692672978,0.9821816852092108,-0.39290945599267774,0.7378024463676367,1.5395084845430351,0.0,0.0,0.0,1.0,0.0
-0.8300979410970113,-0.09582659576267816,0.8909757503273709,-0.023419199358665283,-0.10211369017685777,0.3680899110011241,-0.4459728133249675,2.9664029890114327,1.608616718241442,0.8272066017257165,-1.3833912721287414,1.3583794387846002,-1.266418095856426,0.40925934066943354,2.7601959445224513,-1.1247751076966253,-1.0262684218413018,-1.5912795609350454,0.18435000472217516,0.5425021059261845,0.0,0.0,0.0,0.0,1.0
0.042551568719807045,-0.09582659576267816,-1.3925908072549635,0.6931640263676936,-0.9720971351758327,0.13877562626094692,-0.29063048395586155,-1.1915090995073558,-1.1844428317228515,1.4149272033397096,0.275018335800887,0.07603813322330386,0.06863560903202695,-1.034644400568793,2.3940037088945245,0.9513752173913862,0.18762999450790946,0.15736253097065425,-1.4167088443236242,0.5425021059261845,1.0,0.0,0.0,0.0,0.0
-0.8300979410970113,-0.09582659576267816,0.9028462957515551,0.28354760474167623,-0.463662879013925,0.09596965613759978,-0.3321727851613267,1.033051557966739,0.7977019997253239,1.2766400029599465,-1.3833912721287414,1.016421757301588,-1.266418095856426,0.015467411240826293,1.1636795976845642,-1.0245471609682386,-0.0065937521079647175,-0.0847571432932111,-0.2554470247996648,0.5425021059261845,0.0,0.0,0.0,1.0,0.0
1.5343557591439694,-0.09582659576267816,0.2424852215904912,-0.578989086255069,-0.8252813164153812,-0.20014381245469656,-0.8861333070601384,-0.24966352547884904,0.6812642005120305,-0.41737820169215123,0.6896207377832941,0.3325063943355631,1.40368931392048,0.540523317145636,0.42949060895380087,0.7479049495969169,0.4942990681119206,-0.7983730253340803,-0.7397179112394436,0.5425021059261845,0.0,0.0,0.0,1.0,0.0
-0.8300979410970113,-0.09582659576267816,0.4763322741064502,-0.19654111662943383,-0.9720971351758327,-0.20501069964801638,-0.019725955104917245,2.205843735436583,1.6994797003875801,-1.4545322045403744,-0.13958406618152008,-0.5223878093719677,-1.266418095856426,1.0655792230504455,1.9652148650228793,-1.233718528053567,-0.06570532716496924,-1.2637746875346467,1.4889164743150487,1.5395084845430351,0.0,1.0,0.0,0.0,0.0
3.6453146301754766,-0.09582659576267816,-2.2660335505686167,-0.9245347831413334,0.5631474711892528,1.06098587923955,-0.03922847591021224,-1.1915090995073558,-2.2966095935413278,-0.6939526024516773,5.664849561572178,0.5034852350770693,1.40368931392048,0.015467411240826293,-1.116762882217108,7.394600364216249,-2.7257262047301962,-3.474432582987338,-1.7181427634340989,1.5395084845430351,0.0,1.0,0.0,0.0,0.0
-0.8300979410970113,-0.09582659576267816,-0.9391569871504251,0.7156579305443627,1.543102989983215,0.1532797384003079,1.0826578613201503,-1.1915090995073558,-1.0386181200682423,-1.039670603401085,0.6896207377832941,-1.804729114933264,-1.266418095856426,-1.1659083770449954,1.279492447713626,-0.12249564041275783,0.6731893610475937,0.7626617166303205,0.01139611670796844,-0.4545042726906662,0.0,1.0,0.0,0.0,0.0
0.6617062493271514,-0.09582659576267816,0.3835319704771663,-0.9245347831413334,-0.7933053614874721,-0.7386568035039375,-0.3248305143865856,-0.6827040103583218,0.2937815947587173,-1.212529603875789,0.275018335800887,0.24701697396481,0.06863560903202695,0.40925934066943354,-1.1334944768098245,-0.12249564041275783,1.806161216306857,-0.6497030499088993,-0.9126717992536504,1.5395084845430351,0.0,1.0,0.0,0.0,0.0
0.042551568719807045,-0.09582659576267816,-1.4117999554451786,3.2321088721978697,1.3960225383648204,-0.3535753600744144,1.3685525085735721,-1.1915090995073558,-1.2839916007974574,0.7926348016307757,1.1042231397657012,-1.6337502741917578,0.06863560903202695,-1.1659083770449954,-0.10696193797435932,1.3809235605130437,-1.0262684218413018,0.7626617166303205,-1.0213856717197232,-0.4545042726906662,0.0,0.0,1.0,0.0,0.0
-0.8300979410970113,10.435516278555651,1.0868076005583556,-0.5392379090593165,-0.571991668801597,0.507316606726951,-0.6637848988050266,1.6823159977293412,1.5267773036265455,0.2394860001117234,0.275018335800887,-2.2321762167870296,-1.266418095856426,1.7218991054314576,1.4944690563076637,-1.3037535839973153,-0.9048785802063809,0.15736253097065425,1.4592672363697563,-1.4515106513075169,0.0,0.0,1.0,0.0,0.0
-0.8300979410970113,-0.09582659576267816,-2.03659997408497,0.5332369905049001,2.053488045900425,0.48213407360840843,0.3711089929840167,-1.1915090995073558,-1.4156295271355694,1.2420682028650056,1.1042231397657012,-0.5223878093719677,0.06863560903202695,-1.4284363299974001,0.4817479242562316,0.6292139600501433,-0.17653953039685363,0.7626617166303205,0.25847309958540665,-0.4545042726906662,0.0,0.0,0.0,1.0,0.0
-0.8300979410970113,-0.09582659576267816,1.1045453550492432,-0.19411209255469222,-0.6226969046059665,-0.36906856728358106,-0.7810521976411218,1.173510908580307,0.9912502851146812,0.446916800681368,-1.3833912721287414,-0.778856070484227,-1.266418095856426,0.8030512700980408,3.197623886208748,-1.1963664982169009,-0.7834887385714597,0.5608953214104312,1.256664110410257,1.5395084845430351,0.0,1.0,0.0,0.0,0.0
-0.8300979410970113,-0.09582659576267816,1.1838857934428102,1.0816551629142435,-0.7881130401239623,-0.8904752785619348,-0.97949715678628,1.6823159977293412,0.6100890020704195,-1.661963005110019,-0.9687888701463342,0.6744640758185755,-1.266418095856426,-0.11579656523537611,2.1953274883028966,-0.9815923266560724,0.18762999450790946,-1.0532358403486761,0.8909901757516484,-0.4545042726906662,0.0,0.0,0.0,1.0,0.0
-0.8300979410970113,-0.09582659576267816,1.0655129734124658,-0.1948176903844042,-0.27322653867093694,-0.36597934541405014,-0.876886726817954,0.5242464688177053,1.5014920127903393,-0.7285244025466181,-0.5541864681639271,-1.2917925927087455,-1.266418095856426,0.6717872936218383,0.5611770326524217,-1.1748890810608181,1.3529724742031521,-0.5084665732549773,-0.30486242137515246,1.5395084845430351,0.0,0.0,1.0,0.0,0.0
1.1419599302953858,-0.09582659576267816,1.0086119643483473,-0.9245347831413334,-0.9720971351758327,-0.7087395579923144,-1.0780940969686688,0.9084060034327873,1.0940803514733748,0.7234912014408942,0.275018335800887,-0.1804301278889554,0.06863560903202695,2.246955011336267,-1.539190963939208,-0.4983504406442075,0.46075713818648206,-0.8262486457263015,-0.1615577713062383,0.5425021059261845,1.0,0.0,0.0,0.0,0.0
-0.8300979410970113,-0.09582659576267816,-0.6692037885356491,-0.7344761349651519,-0.5537522274181687,-0.012502848206465612,0.10755980383804574,-1.1915090995073558,0.3184878331330257,1.207496402770065,0.275018335800887,1.5293582795261063,2.738743018808933,-1.034644400568793,-0.9939562267598908,-0.3372698119735866,0.18762999450790946,1.3679609022899857,1.1627748569168304,0.5425021059261845,0.0,0.0,1.0,0.0,0.0
-0.8300979410970113,-0.09582659576267816,-0.8067659487803038,-0.009443414004168291,0.03322191785514721,-0.45464928214340516,0.9262141200426061,-1.1915090995073558,-1.4762370181475446,1.3803554032447687,0.6896207377832941,-0.6078772297427208,-1.266418095856426,-1.034644400568793,-0.2777929247823437,-0.3372698119735866,0.18762999450790946,1.3679609022899857,0.031162275338163493,0.5425021059261845,0.0,0.0,0.0,1.0,0.0
-0.8300979410970113,-0.09582659576267816,1.167232377459663,-0.36896489624493173,-0.09764600756019584,-0.20396761213829495,-0.9814125939495267,1.6174895522522978,0.8926666034765717,0.8272066017257165,-1.7979936741111484,-0.2659195482597085,-1.266418095856426,1.0655792230504455,1.1720016140419764,-1.233718528053567,-1.8390525788751209,0.9468832079180446,0.816867080888417,1.5395084845430351,0.0,1.0,0.0,0.0,0.0
0.042551568719807045,-0.09582659576267816,0.5050472396915463,1.5235929605708283,-0.8223902011202964,-0.14075740641036624,0.49392307660463897,-0.6827040103583218,0.11528867337870415,-0.24451920121744736,0.6896207377832941,-1.3772820130794987,0.06863560903202695,0.40925934066943354,0.8208767229056305,-0.623635374054691,1.806161216306857,-0.17891479439582586,1.4592672363697563,-0.4545042726906662,0.0,0.0,0.0,1.0,0.0
-0.8300979410970113,-0.09582659576267816,0.8239202816433578,-0.1962844059129914,0.07294582337593661,-0.7314893216530413,-0.8843442777569415,0.6356158371085828,0.8418547499450351,-1.1433860036859074,-0.9687888701463342,0.24701697396481,0.06863560903202695,-0.11579656523537611,-0.9337250068881707,-0.9815923266560724,0.9159690443174356,-0.447936654689011,1.2121902534923181,1.5395084845430351,0.0,1.0,0.0,0.0,0.0
-0.8300979410970113,-0.09582659576267816,-1.9895551378866478,-0.9245347831413334,4.225137146458332,1.5827598268941878,2.693225954381357,-1.1915090995073558,-1.9383208827420313,-1.1433860036859074,0.275018335800887,-0.5223878093719677,-1.266418095856426,-1.4284363299974001,-2.0202689902237783,0.6292139600501433,-0.17653953039685363,0.7626617166303205,-0.7792502284998337,-1.4515106513075169,1.0,0.0,0.0,0.0,0.0
-0.8300979410970113,-0.09582659576267816,0.29067703815424045,1.2682583983002493,0.8051283844118626,0.37574089228257135,-0.5135656758387028,-0.013648602654018271,0.49258960667698015,0.2394860001117234,-0.5541864681639271,-0.8643454908549801,0.06863560903202695,0.015467411240826293,-0.10244942134169531,-1.0245471609682386,-0.0065937521079647175,1.0451346699381643,-0.13685007301849447,-0.4545042726906662,0.0,0.0,1.0,0.0,0.0
-0.8300979410970113,-0.09582659576267816,0.8470125935144199,0.4599200325060648,0.5129721784931226,0.7339855779715186,-0.600499756749447,1.173510908580307,0.9298224697816839,0.5506322009661904,-1.3833912721287414,-0.1804301278889554,0.06863560903202695,-0.11579656523537611,0.004149383028666909,-0.9815923266560724,0.9159690443174356,-1.0532358403486761,-0.4728747697318104,-0.4545042726906662,0.0,1.0,0.0,0.0,0.0
-0.8300979410970113,-0.09582659576267816,1.1756099245848037,-0.6107973980019755,0.14585785954210917,-0.5482350492484993,-0.5400312556642234,1.2774965167530068,0.8440744510489768,-1.350816804255552,-0.5541864681639271,-1.1208137519672394,-1.266418095856426,0.6717872936218383,0.37997778287947165,-1.1748890810608181,0.3332978044698148,-0.5084665732549773,1.2023071741772204,-0.4545042726906662,0.0,1.0,0.0,0.0,0.0
3.0261599495681324,-0.09582659576267816,0.5877003088883423,-0.24666832042848696,-0.6426630568451035,-0.8904752785619348,-0.24840484739107332,-0.26512877429688864,0.41456228743624446,-1.2471014039707298,0.6896207377832941,-0.35140896863046156,1.40368931392048,1.85316308190766,-1.1401769124550865,1.7956598918029198,0.08716943591349156,-1.4289387831719167,1.3653779828763297,-0.4545042726906662,0.0,0.0,0.0,0.0,1.0
0.6617062493271514,-0.09582659576267816,-1.0913140374954629,-0.9245347831413334,0.0508734605831865,-0.22891387300208155,0.2917462140924511,-0.20000324249116966,-0.9036988964460425,1.0000656022004204,-0.13958406618152008,0.07603813322330386,1.40368931392048,-0.7721164476163882,-0.0982650877368622,1.3809235605130437,-0.4597824942116696,-0.6497030499088993,-0.28509626274495736,0.5425021059261845,0.0,0.0,0.0,1.0,0.0
-0.8300979410970113,-0.09582659576267816,-1.7601215614030006,0.9503038586675181,1.0644225882413703,-0.8904752785619348,-0.14850228448805688,-1.1915090995073558,-0.8144765629419484,0.06662699963701955,0.275018335800887,-1.2917925927087455,0.06863560903202695,-1.2971723535211979,2.0455084958062377,0.17818819977240308,-0.686376865263522,1.610080576553852,-1.505656558159502,-0.4545042726906662,0.0,0.0,1.0,0.0,0.0
1.1419599302953858,-0.09582659576267816,0.19248211755710515,-0.9245347831413334,-0.6578780215990845,-0.7396867910062449,-0.6078428723383913,-1.1915090995073558,-1.017144924606197,-0.7630962026415589,1.9334279437305153,-0.1804301278889554,0.06863560903202695,0.2779953641932311,-0.868114062302466,0.49655932467433705,2.672551458563941,-1.4805058537554991,1.3950272208216223,0.5425021059261845,0.0,0.0,0.0,1.0,0.0
-0.8300979410970113,-0.09582659576267816,1.4295153463267913,0.2756957817148714,0.019873263751708406,-0.2374101218930702,-0.33712799929959786,2.334581745694014,1.481852483457637,-0.6593808023567366,-1.3833912721287414,-0.6933666501134739,-1.266418095856426,0.9343152465742431,0.6962540265831616,-1.2158914229042492,-0.4082837735180672,-1.1632902377413428,-1.1992810993914786,-1.4515106513075169,0.0,0.0,0.0,1.0,0.0
0.042551568719807045,-0.09582659576267816,-1.271433625382314,-0.009443414004168291,-0.29423785700530536,-0.028843167092026997,0.7109070361756267,-1.1915090995073558,-1.2051439572357,0.758063001535835,0.275018335800887,0.16152755359405693,0.06863560903202695,-1.034644400568793,0.8838577855119469,0.9513752173913862,0.18762999450790946,0.15736253097065425,-1.1548072424735398,1.5395084845430351,1.0,0.0,0.0,0.0,0.0
0.042551568719807045,-0.09582659576267816,0.907407380760841,2.062156925156424,0.9753713217904728,0.8764411424772567,-0.6094767198369498,0.7625022778985887,0.8837877990608046,1.656929804004295,-0.5541864681639271,0.4179958147063162,0.06863560903202695,1.4593711524790527,-0.834255729284613,-0.9320290562958812,0.019551752244172604,0.1108010551506806,0.1398761478042363,-0.4545042726906662,1.0,0.0,0.0,0.0,0.0
0.042551568719807045,-0.09582659576267816,-1.1823663789615313,-0.5189344947607067,-0.9720971351758327,-0.8904752785619348,0.4912500212909224,-1.1915090995073558,-0.34327262207257053,1.172924602675124,0.275018335800887,-0.2659195482597085,1.40368931392048,-1.034644400568793,-0.6650098282137735,0.9513752173913862,0.18762999450790946,0.15736253097065425,-1.3821180667207829,-0.4545042726906662,0.0,0.0,1.0,0.0,0.0
1.8661217052122583,-0.09582659576267816,0.6171531527514131,-0.3863479758386048,-0.9720971351758327,-0.7289473630485424,-0.7797313901658935,-0.46725938819848106,0.4141762524616459,-1.5928194049201374,0.275018335800887,1.7858265406383655,0.06863560903202695,1.3281071760028504,-0.4533124116662248,0.5390088079945952,-0.2785069973701874,0.25421040067620143,0.9354640326695872,1.5395084845430351,0.0,0.0,1.0,0.0,0.0
-0.8300979410970113,-0.09582659576267816,-1.3207476139791103,3.5655222279747165,0.1077558232811354,1.3437661850783167,-1.184776742901236,-1.1915090995073558,-0.09548642275211432,0.758063001535835,-1.3833912721287414,1.4438688591553532,0.06863560903202695,-1.2971723535211979,-1.394764761603776,0.17818819977240308,-0.686376865263522,1.610080576553852,-1.3969426856934293,-0.4545042726906662,1.0,0.0,0.0,0.0,0.0
-0.8300979410970113,-0.09582659576267816,-1.255757540362953,2.4318256105190876,0.3239875252300215,2.2698079350918032,2.2546490785790625,-1.1915090995073558,-1.3408352508070966,-1.5928194049201374,0.6896207377832941,-1.5482608538210048,-1.266418095856426,-1.2971723535211979,-0.8856334127270299,0.17818819977240308,-0.686376865263522,1.610080576553852,-1.046093370007467,-1.4515106513075169,0.0,0.0,1.0,0.0,0.0
0.6617062493271514,-0.09582659576267816,0.7519955286919733,0.6807611778741992,0.8002821818522234,1.085369732059409,1.3476380175779656,-0.7537277572037735,-0.8958816882104216,-1.177957803780848,1.5188255417481082,0.8454429165600816,-1.266418095856426,0.8030512700980408,0.3461595824835117,-0.3372698119735866,1.6443080941269617,-0.24617025946912274,1.6223380450688654,0.5425021059261845,0.0,0.0,0.0,0.0,1.0
-0.8300979410970113,-0.09582659576267816,1.157851637966034,0.5026077695597804,0.6723827778133464,1.024272784453149,0.1824091190140788,1.6326557147416623,1.0272480464959977,0.10119879973196033,-1.7979936741111484,0.9309323369308347,-1.266418095856426,0.6717872936218383,0.3682075527245474,-1.1748890810608181,-1.1962142001301908,0.33895228666855465,-0.962087195829138,-0.4545042726906662,0.0,1.0,0.0,0.0,0.0
0.042551568719807045,-0.09582659576267816,0.9008821666936484,-0.7548756063360251,-0.28722734604972977,-0.5548311342669495,-0.6040849418915195,1.0520821039624233,0.8726892935410958,-1.4199604044454335,-0.5541864681639271,1.5293582795261063,0.06863560903202695,1.4593711524790527,-0.14195022863147125,-0.9320290562958812,0.019551752244172604,-0.21512927558913952,0.6982701291072466,1.5395084845430351,0.0,0.0,0.0,1.0,0.0
0.6617062493271514,-0.09582659576267816,1.1933445533480802,-0.18671331654432985,-0.4343480397799083,-0.3641887836184464,-0.8758356298213809,0.463727920778138,0.9015454078923388,1.3803554032447687,1.1042231397657012,-0.5223878093719677,0.06863560903202695,1.4593711524790527,-0.29817276180505053,-0.585086163774543,-0.7648133783199329,0.7626617166303205,-0.023194660894872907,-0.4545042726906662,1.0,0.0,0.0,0.0,0.0
-0.8300979410970113,-0.09582659576267816,1.2858364161271318,0.19444245098255508,-0.7899034187790455,0.5045561893182993,-0.9902486315619968,2.2690023737691933,0.9180966574282524,0.5852040010611311,0.275018335800887,-1.2917925927087455,-1.266418095856426,0.40925934066943354,-0.6679753843669686,-1.1247751076966253,0.10670343341796235,-1.5912795609350454,1.3258456656159396,1.5395084845430351,0.0,1.0,0.0,0.0,0.0
0.042551568719807045,-0.09582659576267816,-1.4117999554451786,-0.9245347831413334,-0.9720971351758327,-0.3535753600744144,2.101818114352131,0.25914156367018515,-1.0239970454053215,-0.9359552031162628,0.6896207377832941,-0.009451287147449236,0.06863560903202695,-1.1659083770449954,-0.585288701036714,1.3809235605130437,-1.0262684218413018,-0.6497030499088993,-1.4512996219264656,1.5395084845430351,0.0,1.0,0.0,0.0,0.0
0.042551568719807045,-0.09582659576267816,-0.4194691826573505,-0.9245347831413334,-0.9720971351758327,-0.7665835105711025,-0.896742615736995,-1.1915090995073558,-0.04829364710743931,0.2394860001117234,0.6896207377832941,0.07603813322330386,0.06863560903202695,-0.6408524711401857,-1.1470818791300843,0.17818819977240308,1.3529724742031521,-0.0847571432932111,-1.3920011460358805,1.5395084845430351,1.0,0.0,0.0,0.0,0.0
-0.8300979410970113,-0.09582659576267816,0.8370057940821396,0.0688498351511908,-0.3243750895479677,-0.7345017230999463,-0.009386911385998661,0.9898835841622818,0.5382864967950857,0.8617784018206572,-1.3833912721287414,-0.009451287147449236,0.06863560903202695,1.0655792230504455,-0.6707403109284036,-1.233718528053567,-0.5090421400925079,0.5784402253425962,0.25847309958540665,0.5425021059261845,0.0,0.0,1.0,0.0,0.0
-0.8300979410970113,-0.09582659576267816,-1.5400289483413194,1.0776241546706657,1.8570174729176785,-0.24052261688286702,-1.184776742901236,0.25914156367018515,-1.0287259738441539,-0.03708840064780275,-0.9687888701463342,-1.3772820130794987,-1.266418095856426,-1.1659083770449954,1.4646831406590919,-0.12249564041275783,-1.0262684218413018,0.7626617166303205,-1.5451888754198921,1.5395084845430351,0.0,0.0,1.0,0.0,0.0
0.042551568719807045,-0.09582659576267816,0.331165805303737,-0.5779017245423467,0.7369628133809167,1.281923889710791,-0.8986377965738971,-0.6536140280356327,0.038419459061764166,0.6197758011560719,0.6896207377832941,-1.2917925927087455,0.06863560903202695,0.2779953641932311,0.3830572570739641,-0.5646777583321106,1.4729342000541326,0.014939193168380513,1.231956412122513,-0.4545042726906662,0.0,0.0,1.0,0.0,0.0
-0.8300979410970113,-0.09582659576267816,-1.2107821432840513,-0.5014880039860162,-0.9720971351758327,-0.8904752785619348,1.7041214286678774,0.5242464688177053,-0.36006514346760826,-0.8668116029263813,-0.5541864681639271,1.016421757301588,1.40368931392048,-1.2971723535211979,-0.4293125826468155,0.17818819977240308,-0.686376865263522,-0.0847571432932111,-0.9522041165140405,1.5395084845430351,0.0,1.0,0.0,0.0,0.0
-0.8300979410970113,-0.09582659576267816,1.2371652312993442,0.1985394227439837,-0.425975252858642,-0.00857352953475934,-0.9634589326376369,1.3675508095941424,1.7063800755585294,0.6197758011560719,-1.3833912721287414,-0.1804301278889554,-1.266418095856426,0.1467313877170287,1.9690661458926295,-1.062132640991383,0.46075713818648206,-0.8262486457263015,-0.5914717215129808,1.5395084845430351,1.0,0.0,0.0,0.0,0.0
1.1419599302953858,-0.09582659576267816,0.7396497539139291,-0.21771920989237015,0.5453666919968372,1.9904614286269284,-0.7941004953389951,0.5242464688177053,1.2022666531046238,-0.38280640159721047,-0.13958406618152008,-0.5223878093719677,1.40368931392048,1.3281071760028504,-0.26504309991325975,-0.18263240844978926,0.945102606309817,-1.101659775201449,-0.29992088171760367,-0.4545042726906662,0.0,0.0,0.0,1.0,0.0
0.042551568719807045,-0.09582659576267816,0.21972460877576058,-0.41621406782075093,0.954550151198342,-0.6018187828720187,-0.442233865505075,0.5242464688177053,-0.4601447106322872,1.2766400029599465,0.275018335800887,-1.1208137519672394,0.06863560903202695,0.015467411240826293,0.32127825303958185,-0.4231794805979177,1.3529724742031521,-1.2146489565245873,0.6636793515044053,-0.4545042726906662,0.0,1.0,0.0,0.0,0.0
-0.8300979410970113,-0.09582659576267816,1.3887614923670135,0.2778015011062365,0.021337015378580928,-0.5623424495800479,-0.33891809413826857,2.624161571757848,0.7686528678867816,1.4149272033397096,-0.9687888701463342,-1.6337502741917578,-1.266418095856426,0.6717872936218383,0.917188309184549,-1.1748890810608181,-0.686376865263522,-1.3558854331785088,1.548214950205634,1.5395084845430351,0.0,1.0,0.0,0.0,0.0
-0.8300979410970113,-0.09582659576267816,1.370238961560834,0.4788335345205575,-0.29103698122851446,-0.058979044079620575,-0.4090967932196994,1.6326557147416623,1.7759146253580966,1.3112118030548872,-1.7979936741111484,-1.719239694562511,-1.266418095856426,0.6717872936218383,0.3850048826136987,-1.1748890810608181,-0.686376865263522,-0.0847571432932111,-1.4611827012415632,0.5425021059261845,0.0,0.0,0.0,1.0,0.0
0.042551568719807045,-0.09582659576267816,-0.9105424530651017,0.6499786806822482,2.5996671946064556,-0.8904752785619348,-0.4547944385016295,-1.1915090995073558,-0.9872272140748078,0.446916800681368,1.1042231397657012,-1.3772820130794987,0.06863560903202695,-1.034644400568793,-0.213256774210438,0.9513752173913862,0.18762999450790946,0.15736253097065425,0.8119255412308681,-0.4545042726906662,0.0,1.0,0.0,0.0,0.0
2.407005268960788,-0.09582659576267816,0.6623400050577578,-0.7373186596855097,-0.9720971351758327,-0.8904752785619348,-0.7766399930578924,0.06510166265634933,0.4851584334159577,-0.901383403021322,1.1042231397657012,0.07603813322330386,0.06863560903202695,1.7218991054314576,-1.3981828174978748,0.9513752173913862,0.9159690443174356,-1.6585350260083425,-1.6193119702831236,-0.4545042726906662,1.0,0.0,0.0,0.0,0.0
-0.8300979410970113,-0.09582659576267816,0.7236838813819683,1.0815847154304141,1.9370536333850095,-0.5695458340798496,-0.6162289214093544,1.0779709835303086,0.8735096178621178,1.7260734041941765,-1.7979936741111484,-0.4368983890012147,-1.266418095856426,-0.5095884946639834,0.09129584646596796,-0.8058680044699397,-0.8717722597604928,0.37747132575598724,-1.5797796530227335,-0.4545042726906662,0.0,0.0,1.0,0.0,0.0
0.042551568719807045,-0.09582659576267816,-0.10756048052344591,0.7522983759275848,0.4950714016701985,-0.12182762703797331,-0.5147915691896703,-0.4382590515720541,-0.1185520124843788,-0.6939526024516773,0.275018335800887,1.7003371202676125,0.06863560903202695,-0.37832451818778096,-0.5386721097213154,-0.12249564041275783,-0.17653953039685363,0.7626617166303205,-0.502524007677103,-0.4545042726906662,1.0,0.0,0.0,0.0,0.0
-0.8300979410970113,-0.09582659576267816,-0.8396339818910253,0.035212489530352456,3.535130017029744,-0.8904752785619348,2.8551046632470936,0.5242464688177053,-1.290071651647385,0.10119879973196033,0.275018335800887,-0.778856070484227,0.06863560903202695,-1.2971723535211979,-1.0038246187162743,0.17818819977240308,-0.686376865263522,-0.0847571432932111,1.5037410932876951,-2.4485170299243677,0.0,0.0,0.0,1.0,0.0
-0.8300979410970113,-0.09582659576267816,1.230324244837746,-0.5659253638222134,-0.4455692821855004,-0.21060269973065238,-0.6866092722543994,1.9748971319952469,1.8971778617538722,1.4149272033397096,-1.7979936741111484,1.272890018413847,-1.266418095856426,0.015467411240826293,0.0548459284621644,-1.0245471609682386,-0.0065937521079647175,-1.2146489565245873,-1.3030534322000027,1.5395084845430351,0.0,0.0,1.0,0.0,0.0
-2.321902131521174,-0.09582659576267816,0.0012409022243117648,-0.7830167838448332,-0.9195877207300733,11.439418021760368,-1.0676554764339834,-1.1915090995073558,2.9974257937316175,-1.3853886043504928,-1.7979936741111484,2.0422948017506246,-1.266418095856426,1.5906351289552552,-1.9322016078548978,-1.6259148413385582,7.4710204926031745,-3.474432582987338,-1.589662732337831,1.5395084845430351,0.0,0.0,1.0,0.0,0.0
0.042551568719807045,-0.09582659576267816,0.412319105623676,-0.38871792268619604,-0.43601424106128667,-0.3859606165228317,-0.8886161483334352,1.115240742295033,0.3703612828447084,0.758063001535835,-0.9687888701463342,1.6148476998968595,0.06863560903202695,0.40925934066943354,-0.929646232629928,-0.623635374054691,-1.0262684218413018,0.29187346111724705,0.13493460814668753,1.5395084845430351,0.0,0.0,0.0,1.0,0.0
0.042551568719807045,-0.09582659576267816,-0.9489683746451855,-0.6373630105669245,-0.34302044940502996,-0.8904752785619348,-0.563313175553508,-1.1915090995073558,-0.28266513106059526,-1.2471014039707298,0.6896207377832941,0.4179958147063162,1.40368931392048,-1.034644400568793,0.13220144355681837,0.9513752173913862,0.18762999450790946,0.15736253097065425,0.6785039704770516,1.5395084845430351,0.0,1.0,0.0,0.0,0.0
-0.8300979410970113,-0.09582659576267816,-1.1685905636340725,0.9867652538315036,-0.9720971351758327,0.5629563847884903,1.017199190189199,-1.1915090995073558,-1.4219991042164457,-1.1433860036859074,0.6896207377832941,-1.2063031723379924,-1.266418095856426,-1.2971723535211979,0.3030324303648021,0.17818819977240308,-0.686376865263522,1.610080576553852,-1.3672934477481367,-0.4545042726906662,0.0,0.0,1.0,0.0,0.0
-0.8300979410970113,-0.09582659576267816,0.24592039090338227,-0.5807147458576831,-0.2559163009834428,-0.566741065037767,-0.8876174348121186,1.033051557966739,1.05089268869016,1.5532144037194726,-1.3833912721287414,-1.5482608538210048,-1.266418095856426,0.015467411240826293,-0.38166849207566145,-1.0245471609682386,-0.0065937521079647175,-0.0847571432932111,-1.2388134166518687,0.5425021059261845,0.0,1.0,0.0,0.0,0.0
0.6617062493271514,-0.09582659576267816,-1.3207476139791103,-0.42651028216678627,-0.2433779563646091,-0.4215451620610487,-0.641030821925953,-1.1915090995073558,-1.0518398179482433,0.9654938021054795,0.275018335800887,-0.1804301278889554,0.06863560903202695,-0.7721164476163882,2.9837648387362417,1.3809235605130437,0.6731893610475937,-0.6497030499088993,-0.5222901663072981,-0.4545042726906662,1.0,0.0,0.0,0.0,0.0
0.042551568719807045,-0.09582659576267816,0.06890152625062694,-0.9245347831413334,-0.9720971351758327,-0.8904752785619348,-0.8696053295670807,-0.5422446597447547,-0.2860911914601576,-1.0050988033061443,-0.5541864681639271,0.07603813322330386,0.06863560903202695,-0.11579656523537611,-1.5419422271614236,-0.3372698119735866,-0.5407090553016178,1.3679609022899857,-0.9818533544593331,-0.4545042726906662,0.0,1.0,0.0,0.0,0.0
-0.8300979410970113,-0.09582659576267816,0.8582719563133588,0.268007124342744,0.9549610534380568,0.23239882605421075,-0.6098292576009966,1.173510908580307,0.5406027066426772,0.06662699963701955,-1.7979936741111484,1.272890018413847,-1.266418095856426,-0.11579656523537611,0.18758148887038978,-0.9815923266560724,-0.5407090553016178,0.15736253097065425,0.29800541684579673,-0.4545042726906662,0.0,1.0,0.0,0.0,0.0
1.1419599302953858,-0.09582659576267816,0.8936315654333822,-0.045136707832738696,-0.8029886985486966,-0.5512722996723773,-0.4092871911090939,1.926760956515608,0.4282182746626688,1.1037810024852426,-0.13958406618152008,-0.1804301278889554,0.06863560903202695,1.7218991054314576,-0.14558170580916066,-0.3372698119735866,-0.5407090553016178,-1.3558854331785088,-0.28509626274495736,1.5395084845430351,0.0,1.0,0.0,0.0,0.0
-0.8300979410970113,-0.09582659576267816,-0.929484772973113,-0.9245347831413334,-0.5616095189216288,-0.6277510117759604,-0.29063048395586155,-1.1915090995073558,-0.8870028837946544,0.758063001535835,0.6896207377832941,-1.4627714334502517,0.06863560903202695,-1.034644400568793,-0.1616278537529144,-0.3372698119735866,1.6443080941269617,0.15736253097065425,-1.0362102906923694,-0.4545042726906662,0.0,0.0,0.0,1.0,0.0
-0.8300979410970113,-0.09582659576267816,-1.2107821432840513,-0.5014880039860162,1.0919416648628566,0.2797085586867955,-0.0628904056708738,-1.1915090995073558,-0.7680076028746456,-0.451950001787092,0.275018335800887,0.8454429165600816,-1.266418095856426,-1.2971723535211979,-0.4293125826468155,0.17818819977240308,-0.686376865263522,1.610080576553852,0.5599070186958812,-0.4545042726906662,0.0,1.0,0.0,0.0,0.0
-0.8300979410970113,-0.09582659576267816,-1.141846756830402,0.5607680195741607,-0.9720971351758327,-0.8904752785619348,2.2582618556296743,0.5242464688177053,-0.9690353158968503,1.5877862038144135,0.6896207377832941,-0.9498349112257332,0.06863560903202695,-1.2971723535211979,0.052480316379759064,0.17818819977240308,-0.686376865263522,-0.0847571432932111,-0.3839270558959327,0.5425021059261845,0.0,1.0,0.0,0.0,0.0
-2.321902131521174,-0.09582659576267816,1.0338900116788448,1.7371621901284267,1.0096439693580412,-0.5562172811624926,-0.9463691737204829,0.8183517105916509,1.9754947072255566,-0.590237202166855,-2.2125960760935555,0.7599534961893285,-1.266418095856426,0.8030512700980408,0.24600761323238274,-1.6259148413385582,-1.269048105111144,1.771493692729763,-1.401884225350978,-1.4515106513075169,0.0,0.0,0.0,1.0,0.0
0.042551568719807045,-0.09582659576267816,1.1465131714218002,-0.40342041292505043,0.4964951567814553,-0.2430946654331339,-0.4307501500066573,1.7272354232929101,0.7608356596511605,-0.590237202166855,-0.13958406618152008,-0.09494070751820233,0.06863560903202695,0.9343152465742431,-1.0652205874650498,-0.8058680044699397,0.5186931989667852,-1.5484806286156756,1.1973656345196717,-0.4545042726906662,0.0,0.0,1.0,0.0,0.0
-0.8300979410970113,-0.09582659576267816,1.1795425961703097,0.7387865834840187,-0.4235500499270748,0.16819858758022485,-1.0809962626290712,0.9084060034327873,1.3972625696487257,1.2420682028650056,-1.3833912721287414,-0.1804301278889554,-1.266418095856426,1.196843199526648,0.21538870669809754,-1.2500600411071086,-1.0262684218413018,1.115752908265125,1.3307872052734884,0.5425021059261845,0.0,0.0,0.0,1.0,0.0
0.6617062493271514,-0.09582659576267816,1.2809725076223335,-0.38996609712206015,-0.4593852244107558,-0.387135873126629,-0.41588736212231364,1.115240742295033,1.2668310026062344,1.518642603624532,1.1042231397657012,0.16152755359405693,0.06863560903202695,0.40925934066943354,0.21982879822251106,-0.12249564041275783,0.10670343341796235,-1.120491305421972,1.5926888071235727,-0.4545042726906662,0.0,1.0,0.0,0.0,0.0
1.8661217052122583,-0.09582659576267816,0.9978912522761267,-0.9245347831413334,-0.9720971351758327,-0.8904752785619348,0.2897292115017901,0.21567450353705195,0.03190511886541333,-0.8668116029263813,1.1042231397657012,0.5034852350770693,0.06863560903202695,2.1156910348600646,-1.5383487873721409,0.11999132747850094,0.5635469234418586,-0.7408233574275584,0.8218086205459657,1.5395084845430351,0.0,0.0,0.0,0.0,1.0
2.153510439751314,-0.09582659576267816,0.2777193149062809,-0.9245347831413334,-0.9720971351758327,-0.8904752785619348,1.9103710302008121,0.3174117299554589,0.2649254804074743,-0.17537560102756583,1.1042231397657012,0.07603813322330386,0.06863560903202695,1.0655792230504455,0.32537186710123017,1.1194593516563824,-0.9523789530200455,-0.5268887223837501,1.5828057278084753,-0.4545042726906662,0.0,0.0,1.0,0.0,0.0
-0.8300979410970113,-0.09582659576267816,-0.7987906570875609,-0.9245347831413334,2.5174485542378346,-0.03875049562751228,0.9036176745685648,-1.1915090995073558,-1.5773299271205448,-1.177957803780848,0.275018335800887,-1.804729114933264,-1.266418095856426,-1.1659083770449954,-1.254946169324011,-0.12249564041275783,-1.0262684218413018,2.1750264831695394,0.7130947480798929,-0.4545042726906662,0.0,1.0,0.0,0.0,0.0
0.042551568719807045,-0.09582659576267816,-1.196426251642179,-0.9245347831413334,-0.9720971351758327,-0.11862400335871308,0.3247436671398451,-1.1915090995073558,-0.751745879569681,1.1383528025801835,0.275018335800887,-1.0353243315964862,0.06863560903202695,-0.9033804240925906,0.5749081285187851,0.6292139600501433,1.0980538067698178,-0.2966118582740942,0.19917462369482147,1.5395084845430351,0.0,0.0,1.0,0.0,0.0
-0.8300979410970113,-0.09582659576267816,-0.4763254063504322,4.335564432757838,0.5418598899887936,1.6333887885022045,0.1573890418012332,-0.083099853583399,-1.5169637079676936,-0.7630962026415589,0.6896207377832941,-0.6078772297427208,-1.266418095856426,-0.9033804240925906,-0.5957630097169115,-0.4983504406442075,-0.17653953039685363,0.7626617166303205,0.6933285894496979,-0.4545042726906662,0.0,0.0,1.0,0.0,0.0
-0.8300979410970113,-0.09582659576267816,-1.7284005086577061,-0.9245347831413334,-0.9720971351758327,-0.8904752785619348,-0.19567221718775596,-1.1915090995073558,-0.8389897838289575,0.7926348016307757,0.6896207377832941,0.3325063943355631,1.40368931392048,-1.4284363299974001,-0.4714013764980585,0.6292139600501433,-0.17653953039685363,0.7626617166303205,0.9700548102724286,1.5395084845430351,0.0,0.0,0.0,1.0,0.0
-0.8300979410970113,-0.09582659576267816,-0.929484772973113,0.16857514990569064,0.973635087443457,0.3873934565269133,1.9041900343098297,-1.1915090995073558,-0.9524840663609366,-1.4545322045403744,-0.9687888701463342,-0.6933666501134739,0.06863560903202695,-1.1659083770449954,-1.4394436350766335,-0.12249564041275783,-1.0262684218413018,2.1750264831695394,-1.7132012237765502,-1.4515106513075169,0.0,0.0,1.0,0.0,0.0
0.042551568719807045,-0.09582659576267816,0.8098298252275802,2.8628425197316854,-0.2527644430343687,2.540695418477343,0.8293917841177222,-0.37267967964723286,0.9320421708856257,0.27405780020666415,-0.9687888701463342,-0.2659195482597085,0.06863560903202695,0.9343152465742431,-1.1257084872468772,-0.8058680044699397,0.05520471272435914,1.1478521075046526,-0.9522041165140405,-1.4515106513075169,0.0,1.0,0.0,0.0,0.0
-2.321902131521174,-0.09582659576267816,1.226674567972414,-0.6101659967166662,-0.3675315350193835,0.26617157590124635,-1.0110165394205117,2.035807388573563,1.9124262432505155,1.207496402770065,-0.5541864681639271,1.101911177672341,-1.266418095856426,0.9343152465742431,-1.4429091801550773,-1.6259148413385582,0.5186931989667852,-1.1632902377413428,1.3011379673281958,-0.4545042726906662,0.0,0.0,1.0,0.0,0.0
-0.8300979410970113,-0.09582659576267816,1.2502520121607041,-0.5539041997645666,0.07292055212811484,-0.19897216361843517,-0.9799191095586872,0.463727920778138,1.253705813469883,0.1357705998269011,-0.9687888701463342,2.213273642492131,-1.266418095856426,1.4593711524790527,-0.703285159014056,-1.2789719488172202,0.019551752244172604,0.7626617166303205,-0.40863475418367645,0.5425021059261845,0.0,0.0,1.0,0.0,0.0
0.6617062493271514,10.435516278555651,0.9938986372176232,1.2172496295365438,0.24777819802997042,-0.5514653938581053,-0.985770893175374,0.25914156367018515,1.4169986077250776,-0.03708840064780275,-0.13958406618152008,0.8454429165600816,1.40368931392048,1.9844270583838624,0.7175593420987005,-0.7238633207830776,1.0130809176253721,-0.3672300966010559,0.9058147947242947,-0.4545042726906662,0.0,0.0,1.0,0.0,0.0
-0.8300979410970113,-0.09582659576267816,-1.6412335319288258,2.1077504543284817,-0.9720971351758327,1.9646651149090057,0.8727857450413617,-1.1915090995073558,-1.3953144365973196,-1.627391205015078,-0.13958406618152008,-0.6933666501134739,0.06863560903202695,-1.2971723535211979,1.0290641242987335,0.17818819977240308,-0.686376865263522,1.610080576553852,-0.28015472308740863,0.5425021059261845,0.0,1.0,0.0,0.0,0.0
0.6617062493271514,-0.09582659576267816,0.9887306823762886,-0.9245347831413334,-0.9720971351758327,-0.8904752785619348,-0.8764406651230626,-0.2945829510424179,0.17348344579943836,0.5506322009661904,1.1042231397657012,-0.009451287147449236,0.06863560903202695,0.6717872936218383,-1.7106920242824066,-0.2728375605053374,-0.686376865263522,1.1863711465920865,1.1331256189715377,1.5395084845430351,0.0,1.0,0.0,0.0,0.0
-0.8300979410970113,-0.09582659576267816,1.0429997379992433,-0.008744885318204854,-0.5237126269748058,-0.23653129044667606,-0.9578171176086544,0.6356158371085828,0.916842043760807,-0.14080380093262507,-1.3833912721287414,-0.09494070751820233,-1.266418095856426,-0.11579656523537611,2.763372333183412,-0.9815923266560724,-0.5407090553016178,0.7626617166303205,0.08551921157119989,-0.4545042726906662,0.0,1.0,0.0,0.0,0.0
-0.8300979410970113,-0.09582659576267816,1.0721755109453264,-0.23019503945900605,0.018672394189908414,0.23892171756570788,-0.33956973732695206,0.18811781682473352,0.6385108270752391,-0.24451920121744736,-0.13958406618152008,1.016421757301588,-1.266418095856426,0.540523317145636,0.11000364467218797,-1.1511508831514636,2.1043117045329782,-0.7983730253340803,1.1825410155470255,-0.4545042726906662,0.0,0.0,1.0,0.0,0.0
1.5343557591439694,-0.09582659576267816,0.6779738042771938,-0.7675851441978362,-0.49367770944999867,1.2332824729092098,0.06191320630963618,-0.083099853583399,0.5345226557927497,-0.6939526024516773,0.6896207377832941,0.3325063943355631,1.40368931392048,1.196843199526648,-0.3157908452125301,0.2533591598186926,1.0980538067698178,-1.002794241543704,0.11516844951649248,0.5425021059261845,0.0,1.0,0.0,0.0,0.0
-0.8300979410970113,-0.09582659576267816,-0.7528038190324013,-0.07834336906516966,-0.6553162517717959,-0.4878126755252349,-1.065948757580502,-1.1915090995073558,0.4970290088848637,1.172924602675124,-0.13958406618152008,-0.4368983890012147,1.40368931392048,-1.034644400568793,1.1966098998219483,-0.3372698119735866,0.18762999450790946,1.3679609022899857,-0.6557117370611146,1.5395084845430351,0.0,1.0,0.0,0.0,0.0
0.042551568719807045,-0.09582659576267816,0.27444104096453564,0.4958688612034136,-0.6932111725891745,-0.14512085110132675,0.4912500212909224,-0.013648602654018271,0.7650820443717448,1.518642603624532,-0.9687888701463342,1.8713159610091186,0.06863560903202695,0.015467411240826293,0.474193525359854,-0.4231794805979177,-0.0065937521079647175,0.48018876332247656,-0.3938101352110302,1.5395084845430351,0.0,1.0,0.0,0.0,0.0
0.6617062493271514,-0.09582659576267816,-1.2404337569099257,0.3729189306710289,-0.011000716209729521,0.3311817282358754,0.6315442572840614,-1.1915090995073558,-1.474548115133676,-0.3136628014073289,0.275018335800887,-1.1208137519672394,0.06863560903202695,-0.7721164476163882,1.4910842931657808,1.3809235605130437,0.6731893610475937,-0.6497030499088993,-0.8929056406234553,0.5425021059261845,0.0,1.0,0.0,0.0,0.0
0.042551568719807045,-0.09582659576267816,-1.0002616960293953,-0.009443414004168291,-0.29423785700530536,0.24968464182633232,1.5476776873903348,-0.083099853583399,-1.065158024571894,-0.07166020074274353,0.6896207377832941,0.07603813322330386,1.40368931392048,-0.9033804240925906,0.3030324303648021,0.6292139600501433,1.0980538067698178,-1.3558854331785088,-1.3079949718575514,0.5425021059261845,0.0,1.0,0.0,0.0,0.0
0.042551568719807045,-0.09582659576267816,0.8038087735984902,1.3024050700894856,0.9918177061855705,-0.12533767109012445,-0.04043527456107476,0.9898835841622818,1.1719146532268112,0.032055199542078784,-0.9687888701463342,1.5293582795261063,0.06863560903202695,1.0655792230504455,-0.3506378361382003,-0.8415222147685755,-0.06570532716496924,-0.15844573980830085,0.46107622554490596,-0.4545042726906662,0.0,1.0,0.0,0.0,0.0
0.042551568719807045,-0.09582659576267816,-1.3380113124431865,1.0441986291105134,0.1351198627598494,1.3990715419524113,-0.3586083864650092,-1.1915090995073558,-0.8026059874730423,-0.3136628014073289,0.6896207377832941,-0.5223878093719677,1.40368931392048,-1.1659083770449954,1.1895553408525497,1.3809235605130437,-1.0262684218413018,0.7626617166303205,1.5185657122603413,-1.4515106513075169,0.0,0.0,0.0,1.0,0.0
1.5343557591439694,-0.09582659576267816,0.338683849117994,0.004307664541836421,0.2262227094808408,0.2921657390165754,-0.9952703780277566,-0.2945829510424179,0.16315701022892665,-1.5928194049201374,-0.5541864681639271,1.101911177672341,0.06863560903202695,0.6717872936218383,1.5897839863830923,0.6292139600501433,-0.686376865263522,0.33895228666855465,0.60438087561382,1.5395084845430351,0.0,0.0,1.0,0.0,0.0
0.6617062493271514,-0.09582659576267816,0.7012117953043304,-0.5474449533584623,-0.6008325486347992,-0.8904752785619348,-1.184776742901236,-0.4382590515720541,0.13217770351739153,0.446916800681368,1.1042231397657012,1.7003371202676125,0.06863560903202695,1.196843199526648,-1.7054991203375838,-0.4983504406442075,1.947782698214265,-0.6497030499088993,1.152891777601733,1.5395084845430351,0.0,0.0,0.0,0.0,1.0
-0.8300979410970113,-0.09582659576267816,-1.9455476326189014,1.5375390207501538,-0.9720971351758327,-0.8904752785619348,-0.4830718339824802,-1.1915090995073558,-0.8384107313670597,-0.8322398028314404,-0.13958406618152008,0.8454429165600816,0.06863560903202695,-1.4284363299974001,0.1481456689922297,0.6292139600501433,-2.7257262047301962,2.8812088664391498,-1.2635211149396126,0.5425021059261845,0.0,1.0,0.0,0.0,0.0
-0.8300979410970113,-0.09582659576267816,-1.3380113124431865,0.08445135643882785,3.315368250499105,4.559354755606151,-0.09660408364087965,-1.1915090995073558,-1.2645933433238794,-0.03708840064780275,-0.5541864681639271,-0.35140896863046156,0.06863560903202695,-1.1659083770449954,-1.1643158352700913,-0.12249564041275783,-1.0262684218413018,2.1750264831695394,-0.2554470247996648,-0.4545042726906662,0.0,1.0,0.0,0.0,0.0
-0.8300979410970113,-0.09582659576267816,1.156500934982676,-0.7432347250110042,-0.9720971351758327,-0.7197666945177579,-0.40782826424561314,2.624161571757848,1.049010768188992,0.2394860001117234,-1.3833912721287414,-1.2917925927087455,-1.266418095856426,0.9343152465742431,-0.2885489498776609,-1.2158914229042492,-0.4082837735180672,-1.5484806286156756,-1.0411518303499183,1.5395084845430351,0.0,1.0,0.0,0.0,0.0
-0.8300979410970113,-0.09582659576267816,-1.255757540362953,-0.4723098769170135,0.010613151891783844,-0.04843253989161669,-0.21768164258566874,-1.1915090995073558,-1.12417312131365,0.6543476012510127,1.1042231397657012,1.6148476998968595,0.06863560903202695,-1.2971723535211979,0.6272140239353016,0.17818819977240308,-0.686376865263522,1.610080576553852,0.8761655567790021,-0.4545042726906662,0.0,0.0,0.0,1.0,0.0
-0.8300979410970113,-0.09582659576267816,-1.271433625382314,-0.9245347831413334,0.973635087443457,-0.028843167092026997,0.26706367810335946,-1.1915090995073558,-1.3440682937193598,0.5160604008712496,0.6896207377832941,-0.6933666501134739,0.06863560903202695,-1.2971723535211979,-0.8586182799294886,0.17818819977240308,-0.686376865263522,1.610080576553852,1.6668119019868042,-0.4545042726906662,0.0,0.0,1.0,0.0,0.0
-0.8300979410970113,-0.09582659576267816,0.9329011786599695,0.5203304110385327,0.9200146157486627,1.3646279296402617,0.8490045548294869,0.9898835841622818,1.0110828319346827,0.6197758011560719,-1.7979936741111484,-1.2917925927087455,-1.266418095856426,1.0655792230504455,-0.40739858254244987,-1.233718528053567,-0.9523789530200455,0.9468832079180446,-1.426591923638722,-0.4545042726906662,0.0,1.0,0.0,0.0,0.0
0.042551568719807045,-0.09582659576267816,-0.36279481779091494,-0.2091498710249827,-0.7047254732595102,-0.21688285584929928,1.2681984999465459,0.6969229059737683,-0.8245617266533359,1.5532144037194726,0.6896207377832941,-0.6078772297427208,0.06863560903202695,-0.7721164476163882,-0.11286720665414132,0.37864409322917636,-0.4597824942116696,-0.6497030499088993,1.4790333949999512,0.5425021059261845,0.0,1.0,0.0,0.0,0.0
0.042551568719807045,-0.09582659576267816,1.0387279641756901,-0.24065650993093488,0.17306900632104433,-0.7309915121236163,-0.25156137301457315,0.6064356531459979,0.9252865588301508,1.1383528025801835,-0.9687888701463342,1.5293582795261063,-1.266418095856426,0.540523317145636,2.160577669939163,-0.6763869249643686,-1.1157135683091384,0.9856666797680916,0.7625101446553805,-0.4545042726906662,0.0,0.0,0.0,0.0,1.0
0.042551568719807045,-0.09582659576267816,0.9835232603784283,2.071782411652323,1.3748893269155624,-0.4844172731279004,0.08244031841910032,1.9748971319952469,0.5594701660261822,-1.5928194049201374,-1.3833912721287414,-1.1208137519672394,-1.266418095856426,0.6717872936218383,1.1616438249301473,-0.7238633207830776,-1.1962142001301908,-0.5084665732549773,1.2368979517800618,-0.4545042726906662,0.0,1.0,0.0,0.0,0.0
-0.8300979410970113,-0.09582659576267816,0.7363194436726125,-0.029176821837646055,0.8863209254598633,0.9448616728033088,-0.9867265960343343,1.4082014204835467,1.5573705753634821,-0.8668116029263813,-1.7979936741111484,-0.4368983890012147,0.06863560903202695,0.9343152465742431,1.467530323772558,-1.2158914229042492,-0.8717722597604928,0.37747132575598724,-1.7033181444614525,0.5425021059261845,0.0,1.0,0.0,0.0,0.0
0.6617062493271514,-0.09582659576267816,-0.8921121509521037,0.853402593456165,0.8748459175902137,-0.39653266635505513,-0.7526939618910145,-1.1915090995073558,-0.7504430115304108,0.17034239992184186,1.1042231397657012,0.07603813322330386,1.40368931392048,-0.7721164476163882,1.715850861803804,1.3809235605130437,0.6731893610475937,-0.6497030499088993,0.5006085428052961,-0.4545042726906662,0.0,0.0,1.0,0.0,0.0
0.042551568719807045,-0.09582659576267816,-0.4913123759332034,0.2161277525773083,0.27764096344727895,0.052653919317515535,-0.2522638995830841,-1.1915090995073558,-0.5654840043258716,-1.0050988033061443,0.6896207377832941,1.272890018413847,0.06863560903202695,-0.7721164476163882,-0.44250459265989195,0.37864409322917636,0.6731893610475937,0.29187346111724705,0.732860906710088,-0.4545042726906662,0.0,0.0,0.0,1.0,0.0
-0.8300979410970113,-0.09582659576267816,-0.384038893205415,-0.9245347831413334,-0.9720971351758327,-0.8904752785619348,-0.777004486342553,-0.20000324249116966,-0.022960101899408242,1.6223580039093541,-0.13958406618152008,2.4697419036043904,-1.266418095856426,-0.7721164476163882,-1.657715583826198,-0.623635374054691,0.6731893610475937,0.29187346111724705,0.01139611670796844,1.5395084845430351,0.0,0.0,1.0,0.0,0.0
0.042551568719807045,-0.09582659576267816,0.48120286386102373,0.23291181251963117,1.1959551380942772,0.043051150272245736,-0.2743220118872053,0.25914156367018515,0.25681874594090437,-1.039670603401085,-0.9687888701463342,-0.6078772297427208,0.06863560903202695,0.40925934066943354,-0.5273096994533982,-0.623635374054691,-1.0262684218413018,1.2334499721433938,-0.34439473863554254,-0.4545042726906662,0.0,1.0,0.0,0.0,0.0
-0.8300979410970113,-0.09582659576267816,1.0721755109453264,0.10799524561570224,0.018672394189908414,-0.7248549476899097,-0.33956973732695206,0.6064356531459979,1.4116906268243472,0.3777732004914865,-1.7979936741111484,1.5293582795261063,-1.266418095856426,0.540523317145636,1.430772678307687,-1.1511508831514636,-0.5790426895021192,0.9856666797680916,-1.5105980978170508,-0.4545042726906662,0.0,0.0,1.0,0.0,0.0
-0.8300979410970113,-0.09582659576267816,1.377773620174289,0.03879422971850619,-0.7783631755839945,-0.7054764728469027,-1.184776742901236,0.3174117299554589,0.9997430545558497,-1.627391205015078,1.1042231397657012,-0.6078772297427208,-1.266418095856426,1.0655792230504455,0.5179267061219199,-1.233718528053567,1.7076419245451815,-0.5268887223837501,1.6371626640415118,1.5395084845430351,0.0,0.0,0.0,1.0,0.0
-0.8300979410970113,-0.09582659576267816,0.35054292483769306,-0.7553215499421698,-0.6299580142972382,-0.5731784353586399,-0.8837042973094587,-0.083099853583399,0.49128673863771,-1.2471014039707298,-0.5541864681639271,0.4179958147063162,-1.266418095856426,0.1467313877170287,-0.4571839092014403,-1.062132640991383,-0.17653953039685363,1.2922985040825277,-0.6705363560337609,1.5395084845430351,0.0,0.0,1.0,0.0,0.0
-0.8300979410970113,-0.09582659576267816,0.9580792450134084,-0.7512216174261398,0.07271301314292047,-0.02586323783526257,-0.8811576442013805,2.4378069319206963,1.2172255083703183,-0.41737820169215123,-2.2125960760935555,1.6148476998968595,-1.266418095856426,0.2779953641932311,0.4623738994759657,-1.0952962998353346,-2.125917575475292,0.014939193168380513,-1.466124240899112,1.5395084845430351,0.0,0.0,0.0,0.0,1.0
-0.8300979410970113,-0.09582659576267816,-1.7601215614030006,-0.9245347831413334,1.0644225882413703,0.013203957107521893,-0.6542982457001006,-1.1915090995073558,-1.0682945587405073,0.34320140039654573,0.275018335800887,-0.6078772297427208,0.06863560903202695,-1.2971723535211979,0.8257752499972326,0.17818819977240308,-0.686376865263522,1.610080576553852,-0.942321037198943,-0.4545042726906662,0.0,0.0,0.0,1.0,0.0
1.5343557591439694,-0.09582659576267816,0.21076416884519703,1.1062168312454912,0.6709697677946028,-0.5980205142867245,-0.43271873899997715,0.25914156367018515,-0.22287796436964197,0.20491420001678262,0.6896207377832941,1.101911177672341,0.06863560903202695,0.40925934066943354,-0.16532541569549572,0.8797838268711102,0.10670343341796235,-1.120491305421972,1.2912548880130983,-0.4545042726906662,0.0,0.0,1.0,0.0,0.0
-0.8300979410970113,-0.09582659576267816,1.1707723187856602,-0.040159758772882505,-0.599408104942371,-0.6876585954153835,-1.0657191337007794,1.926760956515608,2.1823611992385645,0.3777732004914865,-1.3833912721287414,-1.804729114933264,-1.266418095856426,1.7218991054314576,2.9882211512458396,-1.3037535839973153,-0.5407090553016178,-0.447936654689011,0.3869531306816745,-0.4545042726906662,0.0,0.0,1.0,0.0,0.0
0.6617062493271514,-0.09582659576267816,-0.47140206607044144,-0.36247034369851105,0.7206770783218233,-0.6239706769826606,0.007941456789486108,-0.2945829510424179,0.2380960496728738,-0.03708840064780275,-0.5541864681639271,1.6148476998968595,1.40368931392048,-0.6408524711401857,-0.13469102568811875,1.0802397203278835,-0.686376865263522,-0.0847571432932111,-1.485890399529307,1.5395084845430351,0.0,0.0,0.0,0.0,1.0
0.6617062493271514,-0.09582659576267816,0.8829456712667805,0.07959133984610067,0.1498621510860896,2.1260643815898828,-0.268317750163113,0.463727920778138,0.8896265780516079,-0.38280640159721047,-0.13958406618152008,0.3325063943355631,0.06863560903202695,1.4593711524790527,-1.2328259198068978,-0.585086163774543,0.41173431752622563,-0.21512927558913952,0.03610381499571226,0.5425021059261845,0.0,1.0,0.0,0.0,0.0
-0.8300979410970113,-0.09582659576267816,1.2623209938899014,-0.7471183195072748,-0.9720971351758327,-0.8904752785619348,-0.24181104638390052,0.5242464688177053,0.9676538972923436,-1.4199604044454335,0.275018335800887,0.5889746554478223,-1.266418095856426,0.015467411240826293,-1.4308924124074225,-1.0245471609682386,0.6731893610475937,-0.0847571432932111,0.006454577050419677,1.5395084845430351,0.0,0.0,0.0,0.0,1.0
0.6617062493271514,-0.09582659576267816,-1.2254467873271546,-0.9245347831413334,1.1346460819394033,0.3048910918053388,-0.9458077292735954,-1.1915090995073558,-0.3502212516153448,-1.039670603401085,-0.9687888701463342,-0.778856070484227,1.40368931392048,-0.7721164476163882,0.5095481121948983,1.3809235605130437,-0.4597824942116696,0.29187346111724705,-1.6884935254888063,-0.4545042726906662,0.0,1.0,0.0,0.0,0.0
0.6617062493271514,-0.09582659576267816,-0.3669910135962728,-0.4417886651166016,-0.09403956128657243,0.22563041733446537,1.3889500153337229,-0.2945829510424179,-0.5177604305911235,-0.590237202166855,1.5188255417481082,1.4438688591553532,1.40368931392048,-0.6408524711401857,0.20201932512182058,1.0802397203278835,0.3332978044698148,-0.9321760032167431,0.32271311513354056,-0.4545042726906662,0.0,0.0,1.0,0.0,0.0
-0.8300979410970113,-0.09582659576267816,-0.4425859614067755,-0.7884033259342025,-0.7711098556877828,-0.8904752785619348,0.4912500212909224,-1.1915090995073558,-0.13220799971080316,-0.7630962026415589,0.6896207377832941,0.24701697396481,0.06863560903202695,-0.9033804240925906,-1.1732320139675254,-0.4983504406442075,1.0980538067698178,0.7626617166303205,-0.8830225613083578,-0.4545042726906662,1.0,0.0,0.0,0.0,0.0
-0.8300979410970113,-0.09582659576267816,1.2498591111607986,0.6970445687563088,0.4136444715578184,-0.37433965625752064,-0.8817944030788709,1.0520821039624233,1.103489953979215,0.30862960030160497,-0.9687888701463342,1.8713159610091186,-1.266418095856426,1.4593711524790527,1.8016556362058216,-1.2789719488172202,-0.3726308130378807,0.43673138589050026,-0.22085624719682345,-0.4545042726906662,0.0,0.0,0.0,1.0,0.0
0.042551568719807045,-0.09582659576267816,0.7421368557586538,-0.10528241995081751,-0.01288436562224241,0.9503809850198531,-0.02074879025807426,-0.37267967964723286,0.6204154376409312,0.34320140039654573,-0.13958406618152008,-0.2659195482597085,0.06863560903202695,0.9343152465742431,-0.32084316374221694,-0.8058680044699397,0.9821816852092108,0.37747132575598724,-0.5124070869922005,-0.4545042726906662,0.0,0.0,0.0,1.0,0.0
0.042551568719807045,-0.09582659576267816,0.9628854652038294,-0.19495617643237795,0.5810625392544472,0.3069254429804819,-0.9859678070798646,1.173510908580307,1.2357551871510495,-0.6939526024516773,-0.9687888701463342,0.5034852350770693,0.06863560903202695,1.7218991054314576,-0.3124995365134552,-0.9815923266560724,-0.5407090553016178,0.15736253097065425,-1.149865702815991,-0.4545042726906662,0.0,0.0,0.0,1.0,0.0
-0.8300979410970113,-0.09582659576267816,1.1180292906548435,0.14698493523692605,0.2310520119006544,0.2894931056265907,-0.7888205319974492,2.4735887308771454,1.0146054010778947,0.3777732004914865,-1.3833912721287414,1.7003371202676125,-1.266418095856426,0.8030512700980408,1.126511905192035,-1.1963664982169009,-1.269048105111144,-0.6497030499088993,0.6587378118468565,-0.4545042726906662,0.0,0.0,0.0,0.0,1.0
-0.8300979410970113,-0.09582659576267816,1.0897961210461664,-0.5549835650540048,-0.7925277045565278,-0.5425130891282225,-1.0821665572642283,1.173510908580307,1.6464964001239266,-0.2790910013123881,-1.7979936741111484,-0.778856070484227,-1.266418095856426,0.8030512700980408,0.2098292369786806,-1.1963664982169009,-1.269048105111144,0.9644281118502092,-0.9719702751442355,0.5425021059261845,0.0,0.0,0.0,1.0,0.0
0.042551568719807045,-0.09582659576267816,0.8624467428223487,-0.9245347831413334,-0.4331653136867866,-0.024557014698506862,-0.9006510643203732,0.42570523556563544,0.19635601804440356,-0.7630962026415589,-0.5541864681639271,0.24701697396481,0.06863560903202695,0.1467313877170287,-0.37242842052933217,-0.4983504406442075,1.0980538067698178,-0.8262486457263015,0.7229778273949904,-0.4545042726906662,1.0,0.0,0.0,0.0,0.0
-0.8300979410970113,-0.09582659576267816,-1.2404337569099257,-0.9245347831413334,-0.9720971351758327,-0.8904752785619348,1.437294481083475,-1.1915090995073558,-0.605824659171422,-0.7285244025466181,-0.5541864681639271,-1.2063031723379924,0.06863560903202695,-1.2971723535211979,-0.35699638230240854,0.17818819977240308,-0.686376865263522,1.610080576553852,-1.27340419425471,-0.4545042726906662,0.0,0.0,1.0,0.0,0.0
1.5343557591439694,-0.09582659576267816,0.09504708050413498,1.0176700788200177,-0.6100574746676554,-0.7165608528385352,-0.6836441540247945,-0.1448089388865984,-0.8211356662537737,-1.4199604044454335,1.1042231397657012,-0.1804301278889554,1.40368931392048,0.2779953641932311,-0.4860133351181125,1.0271778661775608,0.273316941544324,-0.9820241714475394,0.9404055723271361,-0.4545042726906662,0.0,0.0,0.0,1.0,0.0
0.042551568719807045,-0.09582659576267816,0.30653541956994684,0.09124888587086497,-0.8384141173335616,0.0659667304506537,0.0007813298044912785,0.42570523556563544,-0.5222480871708319,-1.0742424034960258,0.6896207377832941,-0.5223878093719677,0.06863560903202695,0.1467313877170287,-0.6525189603611465,-0.4983504406442075,1.0980538067698178,-0.8262486457263015,0.4660177652024547,-0.4545042726906662,0.0,1.0,0.0,0.0,0.0
0.6617062493271514,-0.09582659576267816,-0.22672257739137094,0.6040722023001093,-0.4658455866270191,-0.06715083380963333,-0.23873228310868386,-0.4382590515720541,0.14829466370688177,0.9309220020105388,-0.9687888701463342,-0.1804301278889554,1.40368931392048,-0.37832451818778096,-0.500735990394379,0.6292139600501433,-0.17653953039685363,0.05647933336071082,-0.5914717215129808,-1.4515106513075169,0.0,1.0,0.0,0.0,0.0
-2.321902131521174,-0.09582659576267816,0.17749514797433394,-0.7065722532936881,-0.8911450006313373,-0.685246029169026,5.760351906550867,-1.1915090995073558,-2.2770665729522754,-1.6965348052049596,-1.7979936741111484,-0.009451287147449236,0.06863560903202695,1.3281071760028504,-1.748462138790017,-1.6259148413385582,7.4710204926031745,-3.474432582987338,-0.42840091281387155,-0.4545042726906662,0.0,1.0,0.0,0.0,0.0
0.042551568719807045,-0.09582659576267816,0.4991638583567346,3.655224852645186,2.4604177701237466,-0.28937512160042794,-0.22772677757260387,0.6969229059737683,-0.9161002700050216,-0.590237202166855,-0.13958406618152008,0.5034852350770693,-1.266418095856426,0.40925934066943354,-0.08620122777200001,-0.623635374054691,-0.4597824942116696,0.29187346111724705,1.691519600274548,-1.4515106513075169,0.0,1.0,0.0,0.0,0.0
1.1419599302953858,-0.09582659576267816,-0.77540963510039,-0.9245347831413334,-0.6446373603153803,-0.8904752785619348,-0.01454593992112106,-1.1915090995073558,-0.6456827702987242,-1.627391205015078,0.6896207377832941,0.07603813322330386,1.40368931392048,-0.5095884946639834,-0.35699638230240854,1.6542725061359163,0.05520471272435914,-0.39290945599267774,-0.35427781795064006,1.5395084845430351,0.0,0.0,1.0,0.0,0.0
-0.8300979410970113,-0.09582659576267816,-1.0002616960293953,-0.6147501594056106,-0.9720971351758327,-0.028843167092026997,0.8549177830351621,0.25914156367018515,-0.7158928813038389,-1.1433860036859074,1.1042231397657012,-0.8643454908549801,0.06863560903202695,-1.1659083770449954,0.17396012922099205,-0.12249564041275783,0.6731893610475937,-0.6497030499088993,-1.3524688287754902,-0.4545042726906662,0.0,1.0,0.0,0.0,0.0
-0.8300979410970113,-0.09582659576267816,-1.5639570057902163,0.48112857047320745,-0.9720971351758327,-0.21688285584929928,1.9430904422955184,-1.1915090995073558,-0.9762734716705734,0.2394860001117234,1.1042231397657012,-1.2917925927087455,0.06863560903202695,-1.4284363299974001,1.5937554418029023,0.6292139600501433,-0.17653953039685363,0.7626617166303205,1.0738271430809527,0.5425021059261845,0.0,0.0,1.0,0.0,0.0
0.6617062493271514,-0.09582659576267816,-0.24407414128517602,2.2672648467942107,-0.16441022766917618,0.4065770421418512,1.04813936803953,-1.1915090995073558,-1.3051270156567292,1.656929804004295,1.5188255417481082,-1.2917925927087455,0.06863560903202695,-0.5095884946639834,0.5919403790390292,0.8342256692672978,0.9821816852092108,-0.39290945599267774,0.6587378118468565,-0.4545042726906662,0.0,1.0,0.0,0.0,0.0
0.6617062493271514,-0.09582659576267816,-0.6824445864433732,-0.3487595206307076,0.40357911287488124,0.35068036174051254,-0.06077982574892483,-1.1915090995073558,-1.259816160513222,-1.177957803780848,1.5188255417481082,-0.4368983890012147,0.06863560903202695,-0.7721164476163882,0.39504436781385477,1.3809235605130437,0.6731893610475937,-0.6497030499088993,1.4592672363697563,1.5395084845430351,1.0,0.0,0.0,0.0,0.0
-2.321902131521174,-0.09582659576267816,1.4154806385075298,0.30826336391888104,-0.28974510368136785,0.2703033128362583,-0.5033755792549389,1.5157523258338912,2.0761533268521335,-0.48652180188203276,-1.7979936741111484,1.5293582795261063,-1.266418095856426,0.8030512700980408,0.9109156831058666,-1.6259148413385582,-0.29792937203177566,0.15736253097065425,-1.0708010682952107,-0.4545042726906662,0.0,1.0,0.0,0.0,0.0
-0.8300979410970113,-0.09582659576267816,-0.4616607623073289,-0.784527664989935,-0.36062223943357746,-0.24052261688286702,0.402129420399311,-0.083099853583399,0.33918895864587395,-1.5928194049201374,-0.5541864681639271,0.5889746554478223,0.06863560903202695,-0.9033804240925906,0.5353625724236601,-0.4983504406442075,-0.17653953039685363,0.7626617166303205,0.14975922711933382,0.5425021059261845,0.0,1.0,0.0,0.0,0.0
2.407005268960788,-0.09582659576267816,0.2760821480538573,-0.595503409534088,-0.28626011427107445,-0.8904752785619348,-0.49945865311119925,0.011479854967848986,0.07644390405972318,-0.0025166005528619827,0.6896207377832941,-0.5223878093719677,1.40368931392048,0.9343152465742431,-0.43314621254459185,1.6542725061359163,0.05520471272435914,-1.5484806286156756,0.732860906710088,-0.4545042726906662,0.0,0.0,1.0,0.0,0.0
-0.8300979410970113,-0.09582659576267816,-1.6980897556219077,-0.9245347831413334,0.890607246049705,-0.06715083380963333,0.20511107496358322,-1.1915090995073558,-1.429430277477468,-1.5582476048251965,-0.13958406618152008,1.016421757301588,0.06863560903202695,-1.4284363299974001,0.19742782033804837,0.6292139600501433,-2.7257262047301962,2.8812088664391498,0.9799378895875261,-0.4545042726906662,0.0,0.0,0.0,1.0,0.0
1.8661217052122583,-0.09582659576267816,-0.0339931910914779,-0.6276096426822897,-0.9720971351758327,-0.75015831765477,0.4260909176546193,-0.6209949250551222,0.26521500663842323,-0.14080380093262507,0.6896207377832941,-0.778856070484227,1.40368931392048,0.1467313877170287,-0.9999598112200486,1.756778360744494,-0.17653953039685363,-0.8262486457263015,0.7625101446553805,-0.4545042726906662,0.0,1.0,0.0,0.0,0.0
-0.8300979410970113,-0.09582659576267816,0.23903265894112485,-0.8246821978728334,1.226337012984647,0.296052270231983,1.648648591835187,2.0862665002861247,-0.011765087636049752,-0.41737820169215123,-0.5541864681639271,-1.890218535304017,-1.266418095856426,-0.37832451818778096,0.06951994661607691,-0.8742052408756581,-0.17653953039685363,-1.3558854331785088,0.09046075122874866,-0.4545042726906662,0.0,1.0,0.0,0.0,0.0
0.6617062493271514,-0.09582659576267816,-0.4286220672844491,0.9867652538315036,-0.6777164817636621,0.09103913010590617,0.7728596393154032,-1.1915090995073558,-1.3578690440612586,-0.34823460150226965,1.1042231397657012,-1.4627714334502517,0.06863560903202695,-0.6408524711401857,0.9668328362472539,1.0802397203278835,0.3332978044698148,-0.0847571432932111,-0.5074655473346518,-0.4545042726906662,0.0,1.0,0.0,0.0,0.0
0.042551568719807045,-0.09582659576267816,0.3204993136922732,-0.0984522403478228,-0.8411178556033356,-0.4361843828071401,-3.0047030927915426e-05,0.42570523556563544,0.31361414157871875,-0.38280640159721047,-1.3833912721287414,1.101911177672341,0.06863560903202695,0.1467313877170287,0.3659661031572691,-0.4983504406442075,-0.8138361989801893,0.7626617166303205,-1.3672934477481367,-0.4545042726906662,0.0,1.0,0.0,0.0,0.0
-0.8300979410970113,-0.09582659576267816,1.332657526288623,-0.5562852577195824,0.06889958531835665,-0.5437387374489843,-0.8835759738712544,1.0069472366848569,1.0302880719209615,-1.4199604044454335,-0.9687888701463342,0.5034852350770693,-1.266418095856426,0.540523317145636,0.4383012566912057,-1.1511508831514636,-0.0423718106950989,0.09364682721700525,-0.7841917681573826,1.5395084845430351,1.0,0.0,0.0,0.0,0.0
0.042551568719807045,-0.09582659576267816,-0.31435696851063394,0.7020871007139401,0.07781673993143795,0.44407827584505055,0.054099585826909914,-0.2945829510424179,-0.5706472221111275,1.3803554032447687,0.6896207377832941,-0.1804301278889554,0.06863560903202695,-0.6408524711401857,-0.7584759773179117,0.17818819977240308,0.3332978044698148,-0.0847571432932111,0.5154331617779423,0.5425021059261845,0.0,1.0,0.0,0.0,0.0
-2.321902131521174,-0.09582659576267816,1.4173277177402648,-0.7127328224134653,-0.36701612366585873,-0.6497679887398938,-0.9518863945952164,0.9778572543621675,1.9347680174054076,-0.07166020074274353,-0.9687888701463342,1.8713159610091186,-1.266418095856426,1.5906351289552552,0.7159240675826192,-1.6259148413385582,0.6731893610475937,-0.02198537589146839,-0.48769938870445667,0.5425021059261845,0.0,0.0,1.0,0.0,0.0
-0.8300979410970113,-0.09582659576267816,1.2327465552588992,-0.5443529563143904,-0.0699721620978461,0.17367434527139128,-1.0823849096926264,1.3675508095941424,2.067950083641914,0.896350201915598,-0.13958406618152008,0.9309323369308347,0.06863560903202695,0.1467313877170287,-0.015030419349128719,-1.062132640991383,0.46075713818648206,-0.8262486457263015,-1.3178780511726491,-0.4545042726906662,0.0,0.0,1.0,0.0,0.0
0.042551568719807045,-0.09582659576267816,-1.6144897251251553,0.5893594738214112,0.14932888069718156,-0.16403902469554688,0.7975421753044954,-1.1915090995073558,-1.8310031598036292,1.2766400029599465,1.1042231397657012,0.7599534961893285,1.40368931392048,-1.1659083770449954,0.907090799717833,1.3809235605130437,-1.0262684218413018,0.7626617166303205,0.4166023686269671,-0.4545042726906662,0.0,0.0,0.0,1.0,0.0
-2.321902131521174,-0.09582659576267816,0.7304519733382715,-0.420432445857351,-0.0643665312409516,1.288528670455475,-0.38190681911437,1.173510908580307,2.168077905178418,-1.5582476048251965,-1.3833912721287414,-0.9498349112257332,-1.266418095856426,0.8030512700980408,-0.7638482590649355,-1.6259148413385582,0.6731893610475937,-0.24617025946912274,-1.5649550340500873,-1.4515106513075169,0.0,1.0,0.0,0.0,0.0
-0.8300979410970113,-0.09582659576267816,0.7992578356835494,-0.42541137894821124,1.6845734870622675,-0.3199032004962411,-0.6629790065873978,1.3675508095941424,1.3312505889923705,0.8272066017257165,-0.5541864681639271,-0.5223878093719677,-1.266418095856426,0.1467313877170287,-0.957261245272914,-1.062132640991383,1.0980538067698178,-1.3558854331785088,1.5580980295207314,-0.4545042726906662,0.0,1.0,0.0,0.0,0.0
0.6617062493271514,-0.09582659576267816,0.38072587735461505,-0.05012784848428792,0.21274796787917677,0.25939190868775097,-0.509780800318546,0.25914156367018515,0.23848208464747236,-0.10623200083768429,-0.5541864681639271,-0.5223878093719677,0.06863560903202695,0.40925934066943354,0.21422855375139505,-0.12249564041275783,-0.4597824942116696,0.29187346111724705,0.9749963499299774,1.5395084845430351,0.0,0.0,0.0,1.0,0.0
1.1419599302953858,-0.09582659576267816,0.2727959746262895,-0.7821632299778927,-0.9720971351758327,-0.5791780305918369,-0.5955371454624591,-0.6827040103583218,-0.9155212175431237,-0.38280640159721047,1.1042231397657012,-0.35140896863046156,0.06863560903202695,0.40925934066943354,0.7558793174286781,0.37864409322917636,1.2396752886772258,-0.6497030499088993,0.8662824774639045,1.5395084845430351,0.0,1.0,0.0,0.0,0.0
-0.8300979410970113,-0.09582659576267816,0.1222839906194978,1.2132664258529353,0.4126979751552665,1.0217745378779923,0.8194187469380594,-0.4382590515720541,0.7667226930137887,0.8272066017257165,-0.9687888701463342,-0.9498349112257332,0.06863560903202695,-0.37832451818778096,-0.3743046907433491,-0.8742052408756581,0.6731893610475937,0.7626617166303205,-0.8681979423357115,-1.4515106513075169,0.0,0.0,1.0,0.0,0.0
-0.8300979410970113,-0.09582659576267816,-1.6144897251251553,0.5893594738214112,0.6792544340312867,0.5349779047621604,0.04740666321865564,-1.1915090995073558,-1.322691607000964,0.5852040010611311,0.275018335800887,-0.09494070751820233,0.06863560903202695,-1.2971723535211979,0.5818286008354319,0.17818819977240308,-0.686376865263522,1.610080576553852,0.6142639549289176,-0.4545042726906662,0.0,0.0,1.0,0.0,0.0
-0.8300979410970113,-0.09582659576267816,-2.03659997408497,1.8903900431866785,1.1130748763121154,-0.8904752785619348,-1.184776742901236,-1.1915090995073558,-1.119347684131168,-0.451950001787092,0.275018335800887,0.16152755359405693,0.06863560903202695,-1.4284363299974001,1.1072521528762336,0.6292139600501433,-0.17653953039685363,0.7626617166303205,-0.8237240854177726,1.5395084845430351,1.0,0.0,0.0,0.0,0.0
0.6617062493271514,-0.09582659576267816,-0.5947430117518133,1.7874905039624938,1.3643112162948534,2.2160437456553983,0.718467990884904,0.5242464688177053,-1.3818997212300195,-0.6939526024516773,1.1042231397657012,-0.09494070751820233,0.06863560903202695,-0.6408524711401857,-0.6767946904921212,1.0802397203278835,0.3332978044698148,-1.7795948631402745,1.5185657122603413,-0.4545042726906662,0.0,1.0,0.0,0.0,0.0
-0.8300979410970113,-0.09582659576267816,-1.9042089357148482,2.4559173674301,-0.9720971351758327,-0.8904752785619348,-1.184776742901236,-1.1915090995073558,-0.8848796914343623,-0.6939526024516773,-0.9687888701463342,0.24701697396481,-1.266418095856426,-1.4284363299974001,-0.4956024329625223,0.6292139600501433,-2.7257262047301962,2.8812088664391498,-1.6637858272010624,-0.4545042726906662,0.0,0.0,1.0,0.0,0.0
0.6617062493271514,-0.09582659576267816,-0.7454320751650247,-0.9245347831413334,-0.9720971351758327,-0.8904752785619348,-0.2781974895378532,-1.1915090995073558,-0.2506242281689141,-1.489104004635315,0.6896207377832941,-0.2659195482597085,1.40368931392048,-0.7721164476163882,-0.6060855168220342,1.3809235605130437,-0.4597824942116696,0.29187346111724705,-0.34439473863554254,0.5425021059261845,0.0,0.0,1.0,0.0,0.0
0.042551568719807045,-0.09582659576267816,-1.1288581799969317,-0.9245347831413334,-0.42216973005297037,-0.8904752785619348,-0.7744392740070072,-1.1915090995073558,-1.0253481678164165,1.656929804004295,1.1042231397657012,-0.6933666501134739,0.06863560903202695,-1.034644400568793,0.012619752791229637,0.9513752173913862,0.18762999450790946,0.15736253097065425,-0.5914717215129808,-0.4545042726906662,0.0,1.0,0.0,0.0,0.0
0.6617062493271514,-0.09582659576267816,1.1345176852645356,0.12203739746690055,0.9636785809132035,0.25025111683916074,-0.606307750709069,0.3174117299554589,0.5822944838993225,0.41234500058642726,-0.13958406618152008,-0.09494070751820233,0.06863560903202695,1.0655792230504455,0.35698888412164076,-0.4493259014835841,0.8209682986901059,-0.5268887223837501,1.1183009999988915,-0.4545042726906662,0.0,1.0,0.0,0.0,0.0
1.1419599302953858,-0.09582659576267816,0.3174208449579103,-0.9245347831413334,-0.8405265190102238,-0.8904752785619348,0.8549177830351621,1.2348179774454915,-0.48152139735068294,0.6543476012510127,1.1042231397657012,0.4179958147063162,0.06863560903202695,0.2779953641932311,-1.4486630851583344,0.49655932467433705,0.273316941544324,-1.9789875360634588,0.7279193670525392,-0.4545042726906662,1.0,0.0,0.0,0.0,0.0
-0.8300979410970113,-0.09582659576267816,0.015801163616393433,-0.7860066257108306,-0.12206921523659975,-0.0586161203852278,-0.44232780054789567,-0.4382590515720541,0.8294051220142312,0.8272066017257165,-1.3833912721287414,0.8454429165600816,0.06863560903202695,-0.37832451818778096,-0.6123319102557873,-0.8742052408756581,-0.17653953039685363,1.4688440998999304,-0.3394531989779938,1.5395084845430351,1.0,0.0,0.0,0.0,0.0
0.6617062493271514,-0.09582659576267816,0.676153029720113,-0.5592817974546532,-0.7783263709356204,-0.5465602205774581,-0.6869228218040367,-0.4068379813534157,0.6850762958861915,1.4149272033397096,-0.13958406618152008,0.24701697396481,0.06863560903202695,1.0655792230504455,-0.7901944094436131,-0.4493259014835841,0.8209682986901059,0.20999724276714699,-1.1597487821310886,1.5395084845430351,0.0,0.0,0.0,1.0,0.0
-0.8300979410970113,-0.09582659576267816,1.3013175924297837,-0.39524050848466863,0.36702948054854967,-0.5567410196645696,-0.6959081412375819,1.6531358137667562,0.981840682608841,1.1037810024852426,-0.9687888701463342,0.9309323369308347,-1.266418095856426,0.2779953641932311,2.0324632204499915,-1.0952962998353346,0.273316941544324,-0.9820241714475394,0.25353155992785786,-0.4545042726906662,1.0,0.0,0.0,0.0,0.0
0.6617062493271514,-0.09582659576267816,-0.3503589776752548,-0.8056769166337224,0.13296577202636828,0.40983046745418084,-0.4214702389760579,-1.1915090995073558,-0.601771291938137,-1.661963005110019,1.1042231397657012,-1.4627714334502517,0.06863560903202695,-0.5095884946639834,-0.3939579958117719,0.8342256692672978,0.9821816852092108,-0.39290945599267774,0.7229778273949904,-0.4545042726906662,0.0,0.0,1.0,0.0,0.0
-0.8300979410970113,-0.09582659576267816,1.3267144205662753,-0.49351145784230777,-0.6748640501217738,0.8739685596076693,-1.0677755107953333,1.21697796871344,2.1839535935087837,1.034637402295361,-1.3833912721287414,-0.6933666501134739,-1.266418095856426,1.196843199526648,1.058913340772679,-1.2500600411071086,0.24832491532537035,-0.2966118582740942,-0.1319085333609457,-0.4545042726906662,0.0,0.0,0.0,1.0,0.0
1.8661217052122583,-0.09582659576267816,0.7552503304158031,1.7460617484190581,2.2550700912284034,1.75853101798128,-0.8027941641506819,-0.5190372453005339,-0.8286150938866209,1.484070803529591,1.5188255417481082,-1.0353243315964862,-1.266418095856426,1.5906351289552552,-0.837849792856289,0.37864409322917636,1.428503931220436,-0.9635618869176147,0.8119255412308681,-2.4485170299243677,0.0,1.0,0.0,0.0,0.0
-0.8300979410970113,-0.09582659576267816,1.218081911215796,0.36355983716787965,-0.6069249434987627,-0.360931162460299,-0.918706318555123,1.7021069656710426,0.804119831178025,-0.6248090022617958,-0.13958406618152008,0.9309323369308347,-1.266418095856426,1.3281071760028504,0.028588063159322726,-1.265094233116366,-1.9099864689435264,0.9321454886150269,1.6668119019868042,-0.4545042726906662,0.0,0.0,1.0,0.0,0.0
-0.8300979410970113,-0.09582659576267816,-1.6690692199369324,-0.08734813784635694,0.2428852004218393,-0.10219672932802217,1.3355216403324779,-1.1915090995073558,-0.6916209322759539,-0.10623200083768429,0.275018335800887,-0.5223878093719677,1.40368931392048,-1.4284363299974001,-1.3131772535229063,0.6292139600501433,-2.7257262047301962,2.8812088664391498,0.5104916221203936,-1.4515106513075169,0.0,1.0,0.0,0.0,0.0
-0.8300979410970113,-0.09582659576267816,-0.9690251048792364,-0.05012784848428792,2.0120332619227193,4.22622077057429,0.34912182182311835,0.25914156367018515,-0.7154585919574156,-1.212529603875789,1.5188255417481082,-1.2063031723379924,-1.266418095856426,-1.1659083770449954,-0.29539369312013536,-0.12249564041275783,0.6731893610475937,-0.6497030499088993,0.648854732531759,-0.4545042726906662,0.0,1.0,0.0,0.0,0.0
0.6617062493271514,-0.09582659576267816,-1.3557234684482347,-0.39994590667933155,0.5237121379444708,-0.39653266635505513,-0.33712799929959786,-1.1915090995073558,-1.1423650194916075,1.3803554032447687,1.1042231397657012,0.16152755359405693,1.40368931392048,-0.9033804240925906,1.4960791058021812,1.756778360744494,-0.17653953039685363,-0.2966118582740942,0.4264854479420646,-0.4545042726906662,0.0,0.0,0.0,1.0,0.0
0.042551568719807045,10.435516278555651,-1.7284005086577061,-0.9245347831413334,-0.9720971351758327,-0.8904752785619348,-0.19567221718775596,-1.1915090995073558,-1.4164498514565913,-0.6248090022617958,0.275018335800887,1.5293582795261063,1.40368931392048,-1.1659083770449954,-1.2458351833609185,1.3809235605130437,-1.0262684218413018,0.7626617166303205,-1.298111892542454,-0.4545042726906662,1.0,0.0,0.0,0.0,0.0
-0.8300979410970113,-0.09582659576267816,-1.6980897556219077,-0.9245347831413334,-0.9720971351758327,1.47722250285849,1.437294481083475,-1.1915090995073558,-1.0305113856016723,0.896350201915598,1.1042231397657012,-0.2659195482597085,2.738743018808933,-1.4284363299974001,-0.17218831475558977,0.6292139600501433,-2.7257262047301962,2.8812088664391498,1.424676458766915,-0.4545042726906662,0.0,0.0,0.0,1.0,0.0
0.6617062493271514,-0.09582659576267816,-0.8566818615001682,0.059216052068326204,1.1130748763121154,1.3437661850783167,0.4912500212909224,-1.1915090995073558,-1.1112892040364228,-0.24451920121744736,0.275018335800887,-0.778856070484227,0.06863560903202695,-0.7721164476163882,-0.2480070091337718,1.3809235605130437,-0.4597824942116696,0.29187346111724705,-1.0708010682952107,-0.4545042726906662,0.0,0.0,0.0,1.0,0.0
-0.8300979410970113,-0.09582659576267816,-0.8481046456843575,1.4200126543654983,-0.25237817082004543,0.6820110160794265,0.7054005015257522,-1.1915090995073558,-0.37647162988804744,0.1357705998269011,0.275018335800887,-1.1208137519672394,0.06863560903202695,-1.1659083770449954,0.9647322020514233,-0.12249564041275783,0.6731893610475937,0.7626617166303205,0.4759008445175522,0.5425021059261845,0.0,1.0,0.0,0.0,0.0
1.8661217052122583,-0.09582659576267816,-0.028846905030043248,0.9840158070370361,1.6386794436424852,-0.4075717549437599,-0.9815436774141804,-0.1448089388865984,-0.16511748129533113,0.1357705998269011,0.275018335800887,1.101911177672341,1.40368931392048,0.2779953641932311,0.0663187007199275,1.5577964076807849,-0.32649168771057996,-0.9820241714475394,-0.962087195829138,-0.4545042726906662,0.0,1.0,0.0,0.0,0.0
0.042551568719807045,-0.09582659576267816,0.9846839068994503,0.007290672125398022,-0.4244664195904054,-0.8904752785619348,-1.0834637042313362,0.18811781682473352,1.22615256715791,-0.901383403021322,-0.5541864681639271,1.4438688591553532,0.06863560903202695,0.540523317145636,-0.34551468959524434,-0.6763869249643686,1.5676408257259589,-0.7983730253340803,-1.0362102906923694,0.5425021059261845,0.0,1.0,0.0,0.0,0.0
0.042551568719807045,-0.09582659576267816,1.0561791136066538,-0.2868238793886177,-0.22133540729843645,-0.749087185452382,0.3944122986091002,0.3546814887201828,0.9508613758973059,0.27405780020666415,-0.5541864681639271,0.3325063943355631,0.06863560903202695,1.7218991054314576,-0.6120456770547612,-0.9815923266560724,0.18762999450790946,0.4600121238004878,0.7130947480798929,1.5395084845430351,0.0,1.0,0.0,0.0,0.0
0.042551568719807045,-0.09582659576267816,-1.2107821432840513,0.31825215053426975,1.0919416648628566,0.2797085586867955,-0.49785450442255763,-1.1915090995073558,-0.9096824385523203,-0.0025166005528619827,-0.13958406618152008,-0.8643454908549801,0.06863560903202695,-0.9033804240925906,0.9848708907549288,0.6292139600501433,-0.17653953039685363,0.7626617166303205,-1.1251580045282472,0.5425021059261845,0.0,1.0,0.0,0.0,0.0
-0.8300979410970113,-0.09582659576267816,-1.6144897251251553,-0.1530273877084712,-0.9720971351758327,1.8585229891538653,1.833816633717674,-1.1915090995073558,-1.058933210606492,-1.489104004635315,0.275018335800887,0.3325063943355631,1.40368931392048,-1.4284363299974001,-1.0444823935765746,0.6292139600501433,-2.7257262047301962,2.8812088664391498,0.5944977962987226,-0.4545042726906662,0.0,0.0,0.0,1.0,0.0
-0.8300979410970113,-0.09582659576267816,-1.2107821432840513,0.31825215053426975,0.2428852004218393,-0.10219672932802217,1.3355216403324779,-1.1915090995073558,-1.3677611902853468,-0.6939526024516773,-0.5541864681639271,1.3583794387846002,-1.266418095856426,-1.2971723535211979,-0.9596313851724703,0.17818819977240308,-0.686376865263522,1.610080576553852,-0.48769938870445667,-0.4545042726906662,1.0,0.0,0.0,0.0,0.0
1.1419599302953858,-0.09582659576267816,0.7830860184239098,-0.7452996746836981,-0.4481270920975554,0.11986506172878911,-0.674458047666499,0.463727920778138,-0.08226472487211335,-1.5236758047302559,1.1042231397657012,1.7003371202676125,0.06863560903202695,1.4593711524790527,0.05448702667483401,-0.23814327125320392,1.1960994480903304,-1.192920267808599,1.5136241726027926,0.5425021059261845,0.0,0.0,0.0,1.0,0.0
1.1419599302953858,-0.09582659576267816,-0.6891626670558959,2.163872937644994,0.8087783690024245,1.5363974741372843,1.9973182476440794,-0.2945829510424179,-2.128829142706425,1.6915016040992357,1.5188255417481082,-1.3772820130794987,0.06863560903202695,-0.6408524711401857,-0.6379046449735728,1.9822912408833644,-0.686376865263522,-0.9321760032167431,1.6964611399320968,-1.4515106513075169,0.0,0.0,0.0,1.0,0.0
0.042551568719807045,-0.09582659576267816,0.825386690093395,-0.015212857382966244,-0.9720971351758327,-0.5549629031888144,-0.7718415789919558,1.421172617282643,0.7962061141987544,1.069209202390302,0.275018335800887,1.8713159610091186,0.06863560903202695,1.3281071760028504,-0.1403933784034487,-0.9042736248941738,1.7608423420964867,-2.1185624071096876,0.60438087561382,1.5395084845430351,0.0,0.0,0.0,0.0,1.0
0.6617062493271514,-0.09582659576267816,0.7783941673452865,-0.14692693268702625,-0.21964944757141702,-0.7417054003761763,0.4733408549392976,-0.4068379813534157,0.753163214531014,-1.5582476048251965,-0.13958406618152008,1.187400598043094,0.06863560903202695,1.0655792230504455,0.9962755961855884,-0.4493259014835841,0.37763148576256833,0.5784402253425962,-0.6853609750064072,-0.4545042726906662,0.0,1.0,0.0,0.0,0.0
0.6617062493271514,-0.09582659576267816,-1.2254467873271546,-0.49218953202890037,-0.9720971351758327,1.06098587923955,-0.9458077292735954,-1.1915090995073558,-1.6390955230563158,0.7234912014408942,1.1042231397657012,-0.6078772297427208,0.06863560903202695,-0.7721164476163882,2.135859106606904,1.3809235605130437,0.6731893610475937,-0.6497030499088993,-0.6161794198007245,-0.4545042726906662,0.0,1.0,0.0,0.0,0.0
1.1419599302953858,-0.09582659576267816,1.0322697027980765,-0.009443414004168291,0.3429214141548749,0.5376998902554068,0.6527643712338919,0.578175566479549,0.20735801482046276,-0.590237202166855,0.6896207377832941,-0.5223878093719677,0.06863560903202695,1.85316308190766,0.32884689059356353,-0.3817058474689301,1.1420053011548752,-1.1367253831982855,0.3573038927363819,-0.4545042726906662,0.0,0.0,0.0,1.0,0.0
-0.8300979410970113,-0.09582659576267816,0.27444104096453564,0.4072609768779232,-0.018491256003578236,-0.4484077487210839,2.080101376909705,0.25914156367018515,-0.5577150504620754,1.1383528025801835,1.1042231397657012,-1.2917925927087455,0.06863560903202695,-0.37832451818778096,-0.213256774210438,-0.8742052408756581,2.372647143936489,-1.3558854331785088,-0.3938101352110302,-0.4545042726906662,0.0,1.0,0.0,0.0,0.0
0.042551568719807045,-0.09582659576267816,0.23729979989806074,-0.0894391202622503,0.3081611451142935,-0.10416555741974749,-0.1788023108804759,0.5242464688177053,0.44819558459814474,-0.7630962026415589,-1.3833912721287414,1.6148476998968595,0.06863560903202695,0.015467411240826293,-0.4437430262529563,-0.4231794805979177,-0.686376865263522,0.48018876332247656,-0.7298348319243462,-0.4545042726906662,0.0,0.0,0.0,1.0,0.0
1.1419599302953858,-0.09582659576267816,0.9452993323320643,0.4786818629158396,0.2013061365238686,0.10127258791320297,-0.6026001286290034,-0.26512877429688864,1.1442648981711887,1.5532144037194726,0.275018335800887,-0.6933666501134739,1.40368931392048,1.85316308190766,-0.13585994800607992,-0.3817058474689301,0.7903933460744145,0.032128216696240844,1.380202601848976,-0.4545042726906662,0.0,1.0,0.0,0.0,0.0
1.1419599302953858,-0.09582659576267816,0.5698242591999022,1.6674877480642847,0.398031293755858,-0.7173735489293818,-0.783896222010175,0.3805703682880689,0.4377726402839834,-0.901383403021322,-0.9687888701463342,1.5293582795261063,0.06863560903202695,0.9343152465742431,0.7284256482190493,0.014178832398679007,-0.8717722597604928,0.37747132575598724,0.19423308403727269,-0.4545042726906662,0.0,0.0,1.0,0.0,0.0
-0.8300979410970113,-0.09582659576267816,-0.8481046456843575,-0.9245347831413334,1.561086758683868,0.2461850196608973,0.35274302166800847,-1.1915090995073558,-0.6242578292085037,1.656929804004295,0.6896207377832941,-1.2917925927087455,0.06863560903202695,-1.1659083770449954,1.6852497312212988,-0.12249564041275783,0.6731893610475937,0.7626617166303205,0.5154331617779423,-0.4545042726906662,0.0,1.0,0.0,0.0,0.0
-0.8300979410970113,-0.09582659576267816,1.2221871594162874,0.8155894774836061,0.6886280893819413,-0.22403549168079104,-0.6869979769157489,-0.083099853583399,0.4728535686006283,-0.8322398028314404,0.275018335800887,-1.1208137519672394,-1.266418095856426,1.196843199526648,-0.44279616381213244,-1.2500600411071086,1.5229182524920417,0.05647933336071082,0.752627065340283,-0.4545042726906662,0.0,0.0,0.0,1.0,0.0
-0.8300979410970113,-0.09582659576267816,0.6240758484191763,0.368079836659172,0.14230823650446683,0.20088316377030166,0.9354525031575046,0.6969229059737683,-0.0892616087867124,1.484070803529591,-0.5541864681639271,-1.890218535304017,-1.266418095856426,0.40925934066943354,0.29463900037712654,-1.1247751076966253,0.10670343341796235,0.29187346111724705,0.3424792737637356,-0.4545042726906662,0.0,0.0,1.0,0.0,0.0
2.8388924536477904,-0.09582659576267816,1.1001539860268206,0.29458944873801596,-0.8055656455427839,0.4193000109382735,-0.41591142009614757,0.578175566479549,1.5275493735757426,1.6915016040992357,0.6896207377832941,-0.09494070751820233,2.738743018808933,1.85316308190766,1.7767933171318395,1.484607643335513,-1.3192783844083524,-0.8445119832246534,1.424676458766915,-0.4545042726906662,0.0,0.0,1.0,0.0,0.0
0.042551568719807045,-0.09582659576267816,-1.2404337569099257,1.590064865201409,2.0120332619227193,1.103033003439098,-0.7014681783997999,-1.1915090995073558,-1.0909258591263484,-1.039670603401085,0.275018335800887,-1.0353243315964862,0.06863560903202695,-1.034644400568793,0.7518520229785051,0.9513752173913862,0.18762999450790946,0.15736253097065425,-0.7001855939790536,-0.4545042726906662,0.0,1.0,0.0,0.0,0.0
-0.8300979410970113,-0.09582659576267816,-1.155087554738126,-0.9245347831413334,-0.12304067073481474,-0.8904752785619348,-0.5512391571735851,-1.1915090995073558,-0.3165397000816197,1.069209202390302,-0.13958406618152008,-0.8643454908549801,0.06863560903202695,-1.1659083770449954,-0.8818512941353738,-0.12249564041275783,0.6731893610475937,0.7626617166303205,-0.710068673294151,0.5425021059261845,0.0,1.0,0.0,0.0,0.0
2.407005268960788,-0.09582659576267816,0.35639600512304226,0.5753138344820699,0.48179552802475845,0.4111748639311792,1.2274074053313455,0.06510166265634933,-0.6980870181004799,1.069209202390302,0.6896207377832941,-0.1804301278889554,0.06863560903202695,0.8030512700980408,-0.9058803002626609,1.8104719036347006,-0.7834887385714597,-1.0532358403486761,1.4938580139725977,-0.4545042726906662,0.0,1.0,0.0,0.0,0.0
0.6617062493271514,-0.09582659576267816,-0.14602810090595705,-0.3165551772073492,-0.7130441479690427,1.0775898698230246,0.7323386669427787,-0.4382590515720541,-0.4148338554887802,1.034637402295361,0.275018335800887,-0.09494070751820233,0.06863560903202695,-0.37832451818778096,1.5897038449060117,0.6292139600501433,0.6731893610475937,-0.6497030499088993,-0.7051271336366023,-0.4545042726906662,0.0,0.0,1.0,0.0,0.0
-0.8300979410970113,-0.09582659576267816,-0.3797367990202097,-0.9245347831413334,-0.9720971351758327,-0.7736184224447995,-0.7134424664314502,-0.20000324249116966,0.07417594858395658,0.032055199542078784,-0.5541864681639271,0.8454429165600816,0.06863560903202695,-0.7721164476163882,-0.9394926964689647,-0.623635374054691,0.6731893610475937,0.29187346111724705,-1.6489612082284162,-0.4545042726906662,0.0,1.0,0.0,0.0,0.0
-0.8300979410970113,-0.09582659576267816,1.0052446505103323,-0.9245347831413334,0.40466308076404034,0.2943730742897713,-0.8837231591811407,1.173510908580307,0.660659583742832,0.3777732004914865,-0.5541864681639271,-0.35140896863046156,-1.266418095856426,1.7218991054314576,-0.24757657682671103,-1.3037535839973153,-0.17653953039685363,0.15736253097065425,-0.3098039610327012,-0.4545042726906662,0.0,1.0,0.0,0.0,0.0
0.042551568719807045,-0.09582659576267816,1.1843185955306312,0.9900029983962974,0.8516984198866988,-0.3801380402891782,-0.7915831231060675,1.6823159977293412,1.1991301189360104,-0.17537560102756583,0.275018335800887,-0.09494070751820233,0.06863560903202695,-0.11579656523537611,0.17912302126674462,-0.3372698119735866,-1.269048105111144,-0.447936654689011,1.6173965054113166,-0.4545042726906662,0.0,0.0,1.0,0.0,0.0
-0.8300979410970113,-0.09582659576267816,1.0035547372129805,-0.5056460276884451,-0.11712448133732835,0.5542755349418221,-0.9532455014854376,1.0779709835303086,1.4199903787782164,-1.6965348052049596,-1.7979936741111484,1.8713159610091186,-1.266418095856426,0.9343152465742431,1.5810405379650598,-1.2158914229042492,-0.4082837735180672,0.37747132575598724,-0.838548704390419,-1.4515106513075169,0.0,1.0,0.0,0.0,0.0
-0.8300979410970113,-0.09582659576267816,-1.255757540362953,-0.03024819337239978,-0.9720971351758327,-0.04843253989161669,0.011224758168438086,-1.1915090995073558,-0.9045674751388894,-0.7285244025466181,-0.5541864681639271,1.5293582795261063,1.40368931392048,-1.2971723535211979,0.24900216476971845,0.17818819977240308,-0.686376865263522,1.610080576553852,0.6093224152713689,-0.4545042726906662,0.0,1.0,0.0,0.0,0.0
1.8661217052122583,-0.09582659576267816,0.4386497772032753,-0.7757936808044334,-0.8071367310500464,-0.7504235696383261,0.617251715694186,-0.33540992088250887,0.201905270804258,-0.48652180188203276,0.6896207377832941,-0.5223878093719677,1.40368931392048,0.8030512700980408,-1.2333443155082913,0.9513752173913862,0.6731893610475937,-1.0532358403486761,-0.3641608972657376,-0.4545042726906662,0.0,0.0,1.0,0.0,0.0
0.042551568719807045,-0.09582659576267816,0.8268499517417652,-0.19935303443642863,0.06861707630108788,0.1339409925439357,-0.783949009179437,0.5242464688177053,1.1920367262777616,-0.0025166005528619827,-1.3833912721287414,0.8454429165600816,0.06863560903202695,0.015467411240826293,-0.15315229063059502,-0.4231794805979177,1.3529724742031521,-1.2146489565245873,-1.7132012237765502,-0.4545042726906662,0.0,0.0,0.0,0.0,1.0
0.042551568719807045,-0.09582659576267816,-0.9199478389602104,-0.9245347831413334,-0.9720971351758327,-0.8904752785619348,-0.588865836982925,-1.1915090995073558,-0.708847743017415,-0.10623200083768429,1.1042231397657012,1.187400598043094,1.40368931392048,-0.9033804240925906,-0.18780589792856028,0.6292139600501433,1.0980538067698178,-0.2966118582740942,-1.6143704306255748,0.5425021059261845,0.0,0.0,1.0,0.0,0.0
-0.8300979410970113,-0.09582659576267816,-1.103600490017915,-0.9245347831413334,-0.18426490677336463,-0.8904752785619348,1.480354547004403,-1.1915090995073558,-0.13621311257226332,1.656929804004295,-0.5541864681639271,1.3583794387846002,1.40368931392048,-1.2971723535211979,-0.363841125544883,0.17818819977240308,-0.686376865263522,1.610080576553852,-1.732967382406745,-0.4545042726906662,0.0,0.0,0.0,1.0,0.0
-0.8300979410970113,-0.09582659576267816,-0.5170467381906113,-0.03024819337239978,0.3239875252300215,1.4024102982039888,1.6872515223605968,-1.1915090995073558,-1.3578207896894336,0.06662699963701955,1.1042231397657012,0.3325063943355631,-1.266418095856426,-1.034644400568793,-0.31831562397865576,-0.3372698119735866,1.6443080941269617,0.15736253097065425,0.5599070186958812,-0.4545042726906662,0.0,0.0,1.0,0.0,0.0
0.6617062493271514,-0.09582659576267816,1.2014092061231163,0.9226022387408845,-0.7927552190850473,-0.8904752785619348,-0.9780534193342934,1.7735931613132572,0.9415000277632907,1.069209202390302,0.6896207377832941,-0.35140896863046156,0.06863560903202695,1.5906351289552552,0.2303843054485644,-0.623635374054691,-1.9704116345573546,0.29187346111724705,1.3703195225338785,-0.4545042726906662,1.0,0.0,0.0,0.0,0.0
0.6617062493271514,-0.09582659576267816,0.8975959932660806,0.6821469904824035,-0.030803228983543714,-0.11862400335871308,0.13083135013083416,-0.16387804731187924,0.8957066289015354,-1.350816804255552,-0.13958406618152008,-0.6078772297427208,0.06863560903202695,1.4593711524790527,-0.6990879115912009,-0.585086163774543,0.019551752244172604,0.7626617166303205,-0.052843898840165486,1.5395084845430351,1.0,0.0,0.0,0.0,0.0
0.042551568719807045,-0.09582659576267816,0.9322753138464396,-0.6195532157251614,-0.9720971351758327,-0.754784193615023,0.6161591515136178,-0.46725938819848106,0.37856452605492796,-0.6939526024516773,0.6896207377832941,1.6148476998968595,0.06863560903202695,1.3281071760028504,-0.9515076290063299,-0.9042736248941738,0.945102606309817,0.5931779446456139,0.9206394136969409,-0.4545042726906662,0.0,1.0,0.0,0.0,0.0
0.6617062493271514,-0.09582659576267816,-0.4763254063504322,-0.9245347831413334,1.0134656728096247,0.1606862166577413,-0.12687950155679759,-0.2945829510424179,-0.6396509738206216,0.8617784018206572,0.6896207377832941,-0.009451287147449236,0.06863560903202695,-0.6408524711401857,1.3035782976255772,1.0802397203278835,0.3332978044698148,-0.9321760032167431,-0.838548704390419,-0.4545042726906662,0.0,0.0,0.0,1.0,0.0
-0.8300979410970113,-0.09582659576267816,1.023562421941258,-0.08866590150848162,-0.16331932378305541,-0.10343750978438838,-0.10409815798727089,0.7970366351419088,0.8889027624742356,0.17034239992184186,-1.3833912721287414,-1.1208137519672394,-1.266418095856426,0.2779953641932311,0.2544746836322433,-1.0952962998353346,-0.32649168771057996,0.51342087547634,-0.5272317059648468,1.5395084845430351,0.0,0.0,0.0,1.0,0.0
0.042551568719807045,-0.09582659576267816,-1.2874785931082473,-0.45051384470476136,-0.9720971351758327,-0.8904752785619348,-1.184776742901236,-1.1915090995073558,-0.43732039275914686,1.518642603624532,-0.5541864681639271,-0.778856070484227,1.40368931392048,-1.034644400568793,0.16136770959720595,0.9513752173913862,0.18762999450790946,0.15736253097065425,0.8860486360940997,-0.4545042726906662,0.0,0.0,0.0,1.0,0.0
1.5343557591439694,-0.09582659576267816,0.9841038305850374,0.3722059191966416,-0.6165312763098352,0.3305103705956456,-1.0833778080832432,0.42570523556563544,0.7637791763324746,0.4814886007763088,0.275018335800887,-0.4368983890012147,0.06863560903202695,2.246955011336267,-0.5172473301411319,-0.21645934047061982,0.1421088038948142,-0.2966118582740942,1.6421042036990605,-0.4545042726906662,0.0,1.0,0.0,0.0,0.0
0.042551568719807045,-0.09582659576267816,0.8700347587398317,-0.24313850506898987,-0.6384429607308434,1.7313804859470971,-0.07212608779732714,1.5157523258338912,0.744525681974371,1.484070803529591,-1.3833912721287414,1.5293582795261063,0.06863560903202695,0.015467411240826293,-0.9311483343486683,-0.4231794805979177,-0.0065937521079647175,-1.2146489565245873,0.9156978740393922,-0.4545042726906662,0.0,0.0,0.0,0.0,1.0
-0.8300979410970113,-0.09582659576267816,-0.6891626670558959,1.824710793324565,1.3156589282241085,0.18876688536909972,-0.4491477739063772,0.06510166265634933,-0.45478847535973205,-0.3136628014073289,-0.5541864681639271,1.7858265406383655,-1.266418095856426,-1.034644400568793,-0.8005357444147736,-0.3372698119735866,0.18762999450790946,0.15736253097065425,-0.28509626274495736,-0.4545042726906662,0.0,1.0,0.0,0.0,0.0
0.042551568719807045,-0.09582659576267816,1.2282990587144784,-0.5418877261386909,-0.7910842888911285,-0.5301823036824903,-1.0817176543747204,2.053647397305614,1.254284865931781,0.7234912014408942,0.6896207377832941,1.4438688591553532,0.06863560903202695,0.2779953641932311,-0.41331884098334354,-0.5646777583321106,-0.32649168771057996,-1.4805058537554991,1.256664110410257,1.5395084845430351,0.0,1.0,0.0,0.0,0.0
0.042551568719807045,-0.09582659576267816,-0.7028007149990152,-0.7248283261205206,1.2315417625118203,1.5827598268941878,1.5476776873903348,-1.1915090995073558,-0.9581298278644407,1.6223580039093541,-0.13958406618152008,-1.2917925927087455,0.06863560903202695,-0.7721164476163882,-0.36076797551764955,0.37864409322917636,0.6731893610475937,0.29187346111724705,-1.3277611304877466,-0.4545042726906662,0.0,1.0,0.0,0.0,0.0
-0.8300979410970113,-0.09582659576267816,-1.1823663789615313,0.268007124342744,-0.37726569839905816,-0.5085699905471172,1.0586475775093878,-1.1915090995073558,-0.833199259209979,1.1037810024852426,0.6896207377832941,-0.8643454908549801,0.06863560903202695,-1.2971723535211979,0.5208419385449816,0.17818819977240308,-0.686376865263522,1.610080576553852,-0.49758246801955425,-0.4545042726906662,0.0,0.0,0.0,1.0,0.0
0.6617062493271514,-0.09582659576267816,0.4282391983988951,-0.7735097260627006,-0.6390232794368058,-0.5720419294611931,-0.6932737408051982,-0.24966352547884904,0.1435174808962245,0.4814886007763088,-0.13958406618152008,1.7003371202676125,0.06863560903202695,0.540523317145636,-0.5475018083863158,-0.20162296677727368,0.4942990681119206,0.09364682721700525,-0.12696699370339695,-0.4545042726906662,0.0,0.0,0.0,1.0,0.0
-0.8300979410970113,-0.09582659576267816,0.6463393339288758,3.448389513826291,0.9889117060785377,0.09321164201449926,-0.6941979324359787,0.12373488527884689,0.9771117541700086,1.2420682028650056,-0.9687888701463342,1.101911177672341,0.06863560903202695,0.6717872936218383,0.004090149673683626,-1.1748890810608181,0.3332978044698148,0.7626617166303205,-0.8286656250753214,-0.4545042726906662,0.0,1.0,0.0,0.0,0.0
-0.8300979410970113,-0.09582659576267816,-1.3557234684482347,-0.9245347831413334,-0.9720971351758327,0.0845788055704185,1.182455023615018,0.5242464688177053,-1.2702391048273836,0.06662699963701955,1.1042231397657012,-0.009451287147449236,0.06863560903202695,-1.2971723535211979,0.39722032579406913,0.17818819977240308,-0.686376865263522,-0.0847571432932111,-0.32957011966289623,-0.4545042726906662,0.0,1.0,0.0,0.0,0.0
0.042551568719807045,-0.09582659576267816,0.5845795727021474,1.4291492482386152,0.8109504118299757,0.7116706050551902,-0.6170969817010206,-0.2945829510424179,-0.4640533147500977,-0.901383403021322,-0.13958406618152008,-1.5482608538210048,-1.266418095856426,0.6717872936218383,1.3045781423030642,-0.7238633207830776,-0.17653953039685363,1.1863711465920865,0.8959317154091971,1.5395084845430351,0.0,0.0,1.0,0.0,0.0
-0.8300979410970113,-0.09582659576267816,1.1303157431772957,0.6343730336447982,0.19192165106619546,0.10089178025138379,-0.5111303074479243,1.173510908580307,0.8639069978689783,1.5877862038144135,-0.13958406618152008,-1.2063031723379924,-1.266418095856426,0.8030512700980408,0.2934518059500038,-1.1963664982169009,1.6443080941269617,-1.456768630788454,0.016337656365517202,-0.4545042726906662,0.0,1.0,0.0,0.0,0.0
0.042551568719807045,-0.09582659576267816,0.5292176570742082,0.9443618809576336,-0.6607828985213734,0.7006049983600636,-0.2507795446556913,1.0069472366848569,0.6319482325070634,-1.3162450041606113,-0.5541864681639271,-0.09494070751820233,0.06863560903202695,0.540523317145636,1.2350545118799887,-0.6763869249643686,-0.0423718106950989,-0.35236309905853724,-1.046093370007467,-0.4545042726906662,1.0,0.0,0.0,0.0,0.0
-0.8300979410970113,-0.09582659576267816,-1.5887553628677478,-0.9245347831413334,-0.9720971351758327,-0.8904752785619348,1.7319643438420202,0.5242464688177053,-1.1449707555701478,-0.24451920121744736,0.275018335800887,-0.6933666501134739,0.06863560903202695,-1.2971723535211979,-0.7692605329837738,0.17818819977240308,-0.686376865263522,-0.0847571432932111,0.02622073568061473,0.5425021059261845,0.0,1.0,0.0,0.0,0.0
-0.8300979410970113,-0.09582659576267816,-0.6757920491256059,-0.354323349563006,3.219818093427352,0.3389071716244017,1.7005676935704526,0.06510166265634933,-1.4232054635120663,0.9654938021054795,-0.13958406618152008,0.7599534961893285,-1.266418095856426,-1.034644400568793,-0.10696193797435932,-0.3372698119735866,0.18762999450790946,0.15736253097065425,-1.2832872735698078,-2.4485170299243677,0.0,0.0,0.0,0.0,1.0
0.042551568719807045,-0.09582659576267816,-0.3066082525523134,1.7857969981236457,1.8764848729276613,0.03323830222524905,1.4857250842505585,-1.1915090995073558,-1.1491206315470825,-0.3136628014073289,1.1042231397657012,-0.35140896863046156,0.06863560903202695,-0.7721164476163882,0.10502378656463855,0.37864409322917636,0.6731893610475937,0.29187346111724705,1.5729226484933778,-0.4545042726906662,0.0,1.0,0.0,0.0,0.0
1.1419599302953858,-0.09582659576267816,0.30496607557119765,-0.6538298174845951,-0.5410588630194199,-0.6355847845513389,0.9099542873920132,-0.1448089388865984,0.0016496277312505086,-0.590237202166855,1.1042231397657012,0.7599534961893285,0.06863560903202695,0.2779953641932311,-1.588338818497726,0.49655932467433705,0.8731255707992283,-0.9820241714475394,1.2121902534923181,-0.4545042726906662,0.0,1.0,0.0,0.0,0.0
-0.8300979410970113,-0.09582659576267816,1.0873065977752598,-0.7524848490848168,-0.624265471060014,0.27860165913136786,-0.4985042774720411,0.7820873042970712,0.8140602317739382,-0.03708840064780275,-0.5541864681639271,-1.6337502741917578,-1.266418095856426,1.9844270583838624,0.27156751361451736,-1.3252310011533985,0.3332978044698148,0.19771581001463226,0.8811070964365508,-0.4545042726906662,0.0,1.0,0.0,0.0,0.0
0.6617062493271514,-0.09582659576267816,0.8755007572792074,-0.19161191845457765,-0.09642332420385027,-0.04062170501232086,-0.7901398578671333,1.5157523258338912,0.24991837076995496,-0.8668116029263813,0.6896207377832941,-0.009451287147449236,0.06863560903202695,1.5906351289552552,-0.7123965122001371,-0.623635374054691,0.29553207596117265,-1.2774207239263307,0.7130947480798929,-0.4545042726906662,0.0,1.0,0.0,0.0,0.0
-0.8300979410970113,-0.09582659576267816,0.8477217767988036,-0.41934736069387757,0.009953889512297675,-0.5656915524603908,-0.6440666807816228,1.5157523258338912,1.7073934173668508,0.41234500058642726,-1.3833912721287414,-1.9757079556747703,-1.266418095856426,0.40925934066943354,3.1158952845321424,-1.1247751076966253,-0.4597824942116696,-0.17891479439582586,1.024411746505465,-1.4515106513075169,0.0,1.0,0.0,0.0,0.0
-0.8300979410970113,-0.09582659576267816,1.159199670694636,-0.0006100953147127843,0.08305164091825885,-0.020525887211157192,-0.8810713495422183,1.9162639093727498,1.36107179078011,-1.489104004635315,-1.3833912721287414,0.8454429165600816,0.06863560903202695,1.0655792230504455,0.015298130581763379,-1.233718528053567,-0.06570532716496924,-0.8953317049591984,-1.3030534322000027,-0.4545042726906662,0.0,1.0,0.0,0.0,0.0
0.042551568719807045,-0.09582659576267816,-1.0792450557662656,2.6032657497305234,-0.46076934663835456,-0.8904752785619348,0.9262141200426061,-0.083099853583399,-1.0031511567769988,-1.1433860036859074,-0.9687888701463342,-0.9498349112257332,0.06863560903202695,-0.9033804240925906,0.15782609157801541,0.6292139600501433,-1.4511328675635249,0.7626617166303205,-0.42345937315632276,-0.4545042726906662,0.0,0.0,1.0,0.0,0.0
-0.8300979410970113,-0.09582659576267816,-1.6980897556219077,-0.05012784848428792,0.29577580927292996,-0.06715083380963333,0.6315442572840614,-1.1915090995073558,-0.8448285628197608,-0.34823460150226965,-0.5541864681639271,-0.1804301278889554,0.06863560903202695,-1.4284363299974001,-0.17218831475558977,0.6292139600501433,-2.7257262047301962,2.8812088664391498,-0.5865301818554319,0.5425021059261845,0.0,1.0,0.0,0.0,0.0
2.153510439751314,-0.09582659576267816,0.251040913087215,-0.583271157374646,-0.6122925152027667,-0.7520804858143709,-0.8898161713972349,-0.7537277572037735,0.08445412978264348,-1.627391205015078,0.6896207377832941,-0.4368983890012147,1.40368931392048,0.8030512700980408,0.8257752499972326,1.3809235605130437,-0.29792937203177566,-0.24617025946912274,-0.2554470247996648,0.5425021059261845,1.0,0.0,0.0,0.0,0.0
-0.8300979410970113,-0.09582659576267816,-1.5887553628677478,-0.1821479216114521,5.664794724888367,-0.1914583491042284,0.7276213399035124,-1.1915090995073558,-1.410321546234839,-0.0025166005528619827,0.6896207377832941,-0.009451287147449236,-1.266418095856426,-1.4284363299974001,-0.7692605329837738,0.6292139600501433,-0.17653953039685363,0.7626617166303205,-0.5074655473346518,-2.4485170299243677,0.0,0.0,0.0,1.0,0.0
-0.8300979410970113,-0.09582659576267816,0.16023144951025753,0.38009242508918845,-0.005686908307859661,-0.11322486317896698,0.04740666321865564,-0.49410848426511644,0.9508613758973059,-0.6248090022617958,-1.3833912721287414,-0.6078772297427208,0.06863560903202695,-0.2470605417115785,0.8606247713060609,-0.9320290562958812,0.41173431752622563,1.08859204737014,-1.4611827012415632,-0.4545042726906662,0.0,0.0,0.0,1.0,0.0
1.1419599302953858,-0.09582659576267816,0.7830860184239098,-0.7452996746836981,-0.4481270920975554,0.11986506172878911,-0.674458047666499,0.463727920778138,-0.08226472487211335,-1.5236758047302559,1.1042231397657012,1.7003371202676125,0.06863560903202695,1.4593711524790527,0.05448702667483401,-0.23814327125320392,1.1960994480903304,-1.192920267808599,1.5136241726027926,0.5425021059261845,0.0,0.0,0.0,1.0,0.0
-0.8300979410970113,-0.09582659576267816,-1.3039102235417177,-0.43880844890622006,-0.2611587355570234,-0.8904752785619348,-0.9163025485242302,-1.1915090995073558,-0.14079727789562133,1.4149272033397096,-0.13958406618152008,1.6148476998968595,1.40368931392048,-1.2971723535211979,0.012619752791229637,0.17818819977240308,-0.686376865263522,1.610080576553852,0.2485900202703091,1.5395084845430351,0.0,1.0,0.0,0.0,0.0
-0.8300979410970113,-0.09582659576267816,1.0878052300947156,0.888723690364372,1.475219168210868,1.5437648693921457,-0.35802642696013187,1.7601972846201586,1.3765614441358776,-0.07166020074274353,-1.7979936741111484,-0.5223878093719677,-1.266418095856426,0.540523317145636,0.6267990145799622,-1.1511508831514636,-1.1157135683091384,0.09364682721700525,-0.4036932145261277,-0.4545042726906662,0.0,0.0,0.0,1.0,0.0
1.5343557591439694,-0.09582659576267816,-0.03141519306238771,-0.6287259447601075,-0.5370992579026379,-0.6119474696435752,0.4912500212909224,-0.5841627771062523,0.12715924884761012,-0.8322398028314404,0.275018335800887,1.101911177672341,1.40368931392048,0.015467411240826293,-1.2194340308542304,1.3809235605130437,-0.0065937521079647175,-0.6497030499088993,0.21399924266746775,-0.4545042726906662,0.0,0.0,1.0,0.0,0.0
0.042551568719807045,-0.09582659576267816,1.3649479191725902,-0.4044850581264582,-0.6284008209665372,-0.8904752785619348,-0.24667916062200723,0.5242464688177053,1.4626954978431832,0.3777732004914865,0.275018335800887,-0.6078772297427208,0.06863560903202695,0.6717872936218383,-0.9191621795892488,-0.7238633207830776,-0.686376865263522,0.7626617166303205,1.4049103001367198,0.5425021059261845,0.0,1.0,0.0,0.0,0.0
-0.8300979410970113,-0.09582659576267816,1.09227658819204,-0.7537297991856918,-0.6267635992013529,-0.7296486508186854,-0.6002501521296917,1.2774965167530068,1.1798766245779067,0.6197758011560719,0.275018335800887,-0.5223878093719677,0.06863560903202695,-0.6408524711401857,-1.2638452718926132,-0.7238633207830776,-0.686376865263522,-0.0847571432932111,1.1034763810262451,-0.4545042726906662,0.0,1.0,0.0,0.0,0.0
-0.8300979410970113,-0.09582659576267816,-1.2254467873271546,-0.9245347831413334,-0.3384604910701818,-0.8904752785619348,0.17607860795676705,-1.1915090995073558,0.07658866717519765,-0.3136628014073289,-0.5541864681639271,-0.6078772297427208,1.40368931392048,-1.2971723535211979,-0.5746592174131067,0.17818819977240308,-0.686376865263522,1.610080576553852,-1.2486964959669664,0.5425021059261845,0.0,1.0,0.0,0.0,0.0
0.6617062493271514,-0.09582659576267816,0.8582719563133588,-0.9245347831413334,-0.06063892841434258,-0.3665928727963664,-1.184776742901236,0.9778572543621675,0.7862657136028413,0.4814886007763088,-0.9687888701463342,1.7003371202676125,0.06863560903202695,1.5906351289552552,0.9457490118800854,-0.623635374054691,-0.4597824942116696,-0.02198537589146839,-1.5600134943925383,1.5395084845430351,0.0,0.0,0.0,1.0,0.0
0.042551568719807045,-0.09582659576267816,-1.141846756830402,0.1998236347280535,0.902031273871319,0.5080567513954948,1.7820111637771,-1.1915090995073558,-1.7767652458725303,-1.661963005110019,1.5188255417481082,-1.2917925927087455,0.06863560903202695,-1.1659083770449954,-0.7447309553908321,1.3809235605130437,-1.0262684218413018,0.7626617166303205,1.464208776027305,-1.4515106513075169,0.0,1.0,0.0,0.0,0.0
0.042551568719807045,-0.09582659576267816,1.0344292601580913,-0.5545379742703066,-0.7888073380715744,-0.5420935295730149,-0.8794403844518836,0.5242464688177053,1.279280630537038,1.3803554032447687,-0.9687888701463342,-0.4368983890012147,0.06863560903202695,0.6717872936218383,-0.5406347785356396,-0.7238633207830776,1.3529724742031521,-0.9321760032167431,-1.105391845898052,1.5395084845430351,0.0,1.0,0.0,0.0,0.0
-0.8300979410970113,-0.09582659576267816,-0.8830805001534815,0.8307234475011895,1.845584481558213,1.8585229891538653,2.158397526162498,-1.1915090995073558,-1.8061039039420215,-0.3136628014073289,0.275018335800887,-0.2659195482597085,-1.266418095856426,-1.034644400568793,-0.8276409276549741,-0.3372698119735866,0.18762999450790946,1.3679609022899857,0.6537962721893077,-2.4485170299243677,0.0,1.0,0.0,0.0,0.0
0.042551568719807045,-0.09582659576267816,-1.0673859800465666,2.833696932904725,-0.22468475721321624,3.691957118718336,1.6531358607531013,-1.1915090995073558,-1.5051413868706125,-1.5236758047302559,0.6896207377832941,-1.4627714334502517,0.06863560903202695,-1.034644400568793,-1.306974694429039,0.9513752173913862,0.18762999450790946,0.15736253097065425,1.256664110410257,-2.4485170299243677,0.0,1.0,0.0,0.0,0.0
-0.8300979410970113,-0.09582659576267816,-0.4616607623073289,-0.784527664989935,-0.36062223943357746,-0.24052261688286702,0.402129420399311,-0.083099853583399,0.33918895864587395,-1.5928194049201374,-0.5541864681639271,0.5889746554478223,0.06863560903202695,-0.9033804240925906,0.5353625724236601,-0.4983504406442075,-0.17653953039685363,0.7626617166303205,0.14975922711933382,0.5425021059261845,0.0,1.0,0.0,0.0,0.0
0.042551568719807045,-0.09582659576267816,0.3987624033014669,0.41413924792878914,-0.9720971351758327,-0.8904752785619348,1.2545035551978374,-0.24966352547884904,1.0302398175491365,-1.661963005110019,-0.13958406618152008,-0.09494070751820233,0.06863560903202695,0.540523317145636,0.9083997019266152,-0.6763869249643686,1.03096994691894,0.09364682721700525,1.024411746505465,-0.4545042726906662,1.0,0.0,0.0,0.0,0.0
0.6617062493271514,-0.09582659576267816,-0.02628825412366763,-0.7771864008409096,-0.8086784495408837,-0.7517349275487901,0.5842786310420232,-0.49410848426511644,-0.16728892802744807,-0.8668116029263813,0.6896207377832941,1.7003371202676125,0.06863560903202695,-0.2470605417115785,-0.8280485243954283,0.4557425137894733,1.1960994480903304,-0.8669899370687788,0.15964230643443136,0.5425021059261845,0.0,1.0,0.0,0.0,0.0
-0.8300979410970113,-0.09582659576267816,1.3491637402241057,-0.354323349563006,-0.6062700531455156,-0.17505108393611962,-1.0822801286048915,0.06510166265634933,1.482142009688586,1.3803554032447687,-1.3833912721287414,0.6744640758185755,-1.266418095856426,0.8030512700980408,1.9036319135419792,-1.1963664982169009,-0.29792937203177566,1.3679609022899857,1.464208776027305,-0.4545042726906662,0.0,0.0,1.0,0.0,0.0
1.8661217052122583,-0.09582659576267816,0.5437619913499913,-0.6072550489857271,0.2977501127432078,0.3612739367325295,-0.1083965494756057,-0.4068379813534157,0.32128658669886534,-0.03708840064780275,0.6896207377832941,1.187400598043094,1.40368931392048,1.0655792230504455,1.324907282835064,0.7272630383713912,0.8209682986901059,-0.8953317049591984,0.18929154437972392,-0.4545042726906662,0.0,0.0,0.0,0.0,1.0
-0.8300979410970113,-0.09582659576267816,0.888977078647843,-0.5997040993327597,-0.8159487201711944,-0.7459145427251215,0.06146948796591849,-0.083099853583399,-0.3215581547514011,-0.6248090022617958,0.275018335800887,-1.0353243315964862,-1.266418095856426,1.196843199526648,-0.9610164816204642,-1.2500600411071086,0.24832491532537035,1.115752908265125,0.9947625085601725,1.5395084845430351,0.0,0.0,0.0,1.0,0.0
0.042551568719807045,-0.09582659576267816,-1.6980897556219077,0.7870587968106897,0.29577580927292996,-0.8904752785619348,-0.23873228310868386,-1.1915090995073558,-0.8217629730874964,0.6543476012510127,-0.5541864681639271,1.3583794387846002,1.40368931392048,-1.1659083770449954,1.3062762256189622,1.3809235605130437,-1.0262684218413018,0.7626617166303205,-1.530364256447246,-0.4545042726906662,0.0,0.0,0.0,1.0,0.0
-0.8300979410970113,-0.09582659576267816,-0.49638213658448327,-0.3416501501174563,-0.22468475721321624,-0.07320666196737886,3.08659478552194,1.173510908580307,-0.41493036423242985,-0.10623200083768429,-0.13958406618152008,-0.4368983890012147,0.06863560903202695,-1.034644400568793,-0.9808973020657297,-0.3372698119735866,0.18762999450790946,-1.0532358403486761,-0.5618224835676882,0.5425021059261845,0.0,0.0,0.0,1.0,0.0
1.5343557591439694,-0.09582659576267816,0.3112218962063738,-0.7899555782182185,-0.32002651550720945,-0.7637581348878764,-0.1643466855508993,-0.7088083316402043,-0.28377498161256615,1.484070803529591,0.6896207377832941,1.272890018413847,0.06863560903202695,0.540523317145636,1.329112920464564,0.7479049495969169,1.03096994691894,-0.7983730253340803,-0.06766851781281177,0.5425021059261845,0.0,1.0,0.0,0.0,0.0
0.042551568719807045,-0.09582659576267816,0.8836184682295726,-0.38819612792542,-0.6168541206635757,-0.7266454612286831,-0.5895814019858991,1.3330164523508232,0.717020690034223,1.069209202390302,-0.5541864681639271,-0.009451287147449236,0.06863560903202695,1.4593711524790527,-0.8001343843470512,-0.9320290562958812,-0.3726308130378807,-0.21512927558913952,-0.7248932922667973,0.5425021059261845,0.0,0.0,0.0,1.0,0.0
0.042551568719807045,-0.09582659576267816,-1.0673859800465666,1.3539832528462374,4.503659638641498,-0.2517309381056732,1.6531358607531013,-1.1915090995073558,-1.15249843757482,-1.1433860036859074,0.6896207377832941,-1.0353243315964862,0.06863560903202695,-1.034644400568793,-1.306974694429039,0.9513752173913862,0.18762999450790946,0.15736253097065425,-0.23073932651192097,-1.4515106513075169,0.0,1.0,0.0,0.0,0.0
0.042551568719807045,-0.09582659576267816,0.9002261977479468,0.3769505998575304,-0.7907376780432176,-0.7128924200671027,-0.9772770781131682,1.250647420686372,0.8776594938390524,0.032055199542078784,-1.3833912721287414,1.4438688591553532,0.06863560903202695,1.5906351289552552,-0.6571759602252759,-0.9577285298159808,-0.4597824942116696,-0.02198537589146839,-0.962087195829138,1.5395084845430351,0.0,0.0,0.0,1.0,0.0
-0.8300979410970113,-0.09582659576267816,1.1834527164727298,-0.406199576119698,-0.4713142850361495,-0.2425528649699902,-0.16925822925873996,2.334581745694014,0.9940490386805207,1.518642603624532,-1.3833912721287414,0.5889746554478223,-1.266418095856426,0.9343152465742431,0.3059864054704453,-1.2158914229042492,-1.335260746002919,-0.39290945599267774,0.45119314622980844,0.5425021059261845,0.0,0.0,1.0,0.0,0.0
-0.8300979410970113,-0.09582659576267816,-1.5400289483413194,0.43261826954044463,0.03322191785514721,0.3873934565269133,1.8455772107797193,0.9084060034327873,-1.2449055596193523,0.06662699963701955,0.6896207377832941,-0.1804301278889554,0.06863560903202695,-1.4284363299974001,0.3030324303648021,0.6292139600501433,-2.7257262047301962,0.7626617166303205,1.3110210466432932,-0.4545042726906662,1.0,0.0,0.0,0.0,0.0
0.042551568719807045,-0.09582659576267816,-0.5492675195522406,-0.1407292209690374,0.3843556975008913,0.2766351744176562,-0.7515460283594856,-1.1915090995073558,-0.6807636986153691,-0.8668116029263813,0.6896207377832941,-0.6078772297427208,0.06863560903202695,-0.7721164476163882,1.6819023791694063,0.37864409322917636,0.6731893610475937,0.29187346111724705,1.4889164743150487,0.5425021059261845,0.0,0.0,0.0,1.0,0.0
-0.8300979410970113,-0.09582659576267816,-2.03659997408497,-0.9245347831413334,-0.9720971351758327,-0.8904752785619348,2.353427911189748,-1.1915090995073558,-1.2758848663308875,1.034637402295361,0.6896207377832941,-0.6078772297427208,1.40368931392048,-1.4284363299974001,0.4817479242562316,0.6292139600501433,-0.17653953039685363,0.7626617166303205,-0.15167469199114075,-1.4515106513075169,0.0,0.0,0.0,1.0,0.0
0.6617062493271514,-0.09582659576267816,-0.5014898733247964,-0.6287259447601075,-0.5370992579026379,-0.8904752785619348,0.059167240280701194,-1.1915090995073558,-0.3875218810359315,-0.7976680027364996,1.1042231397657012,-0.9498349112257332,0.06863560903202695,-0.6408524711401857,-1.342639409218776,1.0802397203278835,0.3332978044698148,-0.0847571432932111,1.5531564898631827,-0.4545042726906662,0.0,1.0,0.0,0.0,0.0
1.1419599302953858,-0.09582659576267816,0.6623400050577578,0.9209661693233839,1.5110235586052763,-0.3665928727963664,1.7746928721272954,-0.4068379813534157,0.07784328084264298,1.2766400029599465,-0.13958406618152008,1.101911177672341,0.06863560903202695,1.0655792230504455,-0.9316181879534463,-0.057129588198592526,-0.5090421400925079,0.9468832079180446,1.6865780606169993,-1.4515106513075169,0.0,1.0,0.0,0.0,0.0
0.042551568719807045,-0.09582659576267816,-0.9690251048792364,-0.9245347831413334,-0.9720971351758327,-0.8904752785619348,-0.8601958504564117,-1.1915090995073558,-0.07242083301984985,0.6543476012510127,-0.13958406618152008,1.016421757301588,1.40368931392048,-1.034644400568793,-0.7882152065783191,0.9513752173913862,-1.269048105111144,1.3679609022899857,-1.7033181444614525,-0.4545042726906662,0.0,0.0,0.0,1.0,0.0
-0.8300979410970113,-0.09582659576267816,1.2081272867356396,-0.7444518922925057,-0.11343557779367687,-0.5528884680213827,-0.6895913538534137,0.9084060034327873,1.6063487627656754,1.6915016040992357,-1.3833912721287414,-0.2659195482597085,-1.266418095856426,1.196843199526648,0.043779911329166074,-1.2500600411071086,-0.6014039761190779,0.7626617166303205,-0.42345937315632276,-0.4545042726906662,0.0,0.0,0.0,1.0,0.0
0.042551568719807045,-0.09582659576267816,0.535968996053594,-0.9245347831413334,-0.5237126269748058,-0.6183140513453039,0.7287749981818276,-0.6827040103583218,0.4665805002634016,-0.5210936019769735,-0.13958406618152008,0.24701697396481,0.06863560903202695,0.40925934066943354,-0.5892223092855823,-0.623635374054691,1.2396752886772258,0.29187346111724705,-0.11214237473075066,-0.4545042726906662,0.0,1.0,0.0,0.0,0.0
-0.8300979410970113,-0.09582659576267816,1.2835958456561927,-0.9245347831413334,-0.6087818642599288,-0.007138439506757753,-1.0838008238127987,0.25914156367018515,1.4821902640604108,0.3777732004914865,-1.3833912721287414,-1.4627714334502517,-1.266418095856426,0.40925934066943354,-0.4180581038519061,-1.1247751076966253,-0.4597824942116696,1.2334499721433938,0.5055500824628448,1.5395084845430351,0.0,1.0,0.0,0.0,0.0
1.1419599302953858,-0.09582659576267816,1.0440635130456806,0.01913132571630406,-0.9720971351758327,-0.5327633055652354,-1.0834780061094411,0.3174117299554589,0.6564131990222477,-1.5928194049201374,0.275018335800887,0.3325063943355631,-1.266418095856426,1.0655792230504455,-0.16815194510558146,-0.057129588198592526,0.8209682986901059,-0.8953317049591984,1.5333903312329877,1.5395084845430351,0.0,0.0,0.0,1.0,0.0
-0.8300979410970113,-0.09582659576267816,-2.3378767438444696,-0.9245347831413334,-0.9720971351758327,-0.8904752785619348,1.2413855333767627,-1.1915090995073558,-0.869872581796843,0.5506322009661904,0.6896207377832941,-0.4368983890012147,2.738743018808933,-1.4284363299974001,0.012619752791229637,0.6292139600501433,-0.17653953039685363,0.7626617166303205,-0.5717055628827857,-0.4545042726906662,0.0,0.0,0.0,1.0,0.0
-0.8300979410970113,-0.09582659576267816,-1.255757540362953,-0.9245347831413334,1.2255954874894561,0.3586552812417458,-0.6904801507503182,-1.1915090995073558,-0.9952374397977282,1.172924602675124,0.6896207377832941,-0.6078772297427208,0.06863560903202695,-1.2971723535211979,0.6272140239353016,0.17818819977240308,-0.686376865263522,1.610080576553852,0.39189467033922326,-0.4545042726906662,1.0,0.0,0.0,0.0,0.0
-0.8300979410970113,-0.09582659576267816,1.323194125362512,-0.9245347831413334,-0.599598662015155,-0.5295271841195591,-1.184776742901236,1.2774965167530068,0.9984884408884043,0.5160604008712496,-0.9687888701463342,-0.6078772297427208,-1.266418095856426,0.6717872936218383,1.6980961264665417,-1.1748890810608181,-0.17653953039685363,-0.0847571432932111,0.5994393359562713,0.5425021059261845,0.0,0.0,1.0,0.0,0.0
0.6617062493271514,-0.09582659576267816,-0.6692037885356491,-0.3597806715730385,1.6136665503519794,3.844057114639601,2.9023218684514442,-0.083099853583399,-1.7184257103363216,0.6889194013459534,1.1042231397657012,-0.9498349112257332,0.06863560903202695,-0.9033804240925906,-1.862374718921642,1.756778360744494,-0.17653953039685363,-1.3558854331785088,1.632221124383963,-2.4485170299243677,0.0,1.0,0.0,0.0,0.0
-0.8300979410970113,-0.09582659576267816,0.2424852215904912,-0.3842259401589196,-0.8252813164153812,-0.5651162177523197,-0.8861333070601384,-0.013648602654018271,0.3414086597498157,-0.9705270032112036,0.6896207377832941,0.3325063943355631,0.06863560903202695,0.015467411240826293,-0.7645098679562801,-1.0245471609682386,2.712538700514268,-1.2146489565245873,-1.3327026701452953,-0.4545042726906662,0.0,1.0,0.0,0.0,0.0
1.5343557591439694,-0.09582659576267816,-0.04703144045576405,-0.9245347831413334,-0.6371088937360829,-0.11715896477733229,0.2723301603733322,1.033051557966739,-0.5320919790230955,-0.6593808023567366,0.275018335800887,-0.009451287147449236,1.40368931392048,0.015467411240826293,-0.4443862437005162,1.3809235605130437,-0.686376865263522,-1.7795948631402745,-0.41357629384122524,-0.4545042726906662,0.0,0.0,0.0,0.0,1.0
-0.8300979410970113,-0.09582659576267816,-1.6144897251251553,1.3047443859377625,1.1905822225687657,-0.16403902469554688,2.158397526162498,0.5242464688177053,-1.4973241786349913,-0.34823460150226965,0.6896207377832941,-0.09494070751820233,0.06863560903202695,-1.2971723535211979,-0.06869579692937075,0.17818819977240308,-0.686376865263522,-0.0847571432932111,-1.505656558159502,-0.4545042726906662,0.0,0.0,1.0,0.0,0.0
-0.8300979410970113,-0.09582659576267816,-0.2727891068702715,0.31174111707966873,-0.6603986887748716,0.2735778971020088,-0.8948221613588189,0.5242464688177053,0.5317721565987349,0.9309220020105388,-1.3833912721287414,1.272890018413847,0.06863560903202695,-0.6408524711401857,0.08953986739179762,-0.7238633207830776,-0.686376865263522,0.7626617166303205,-1.1548072424735398,0.5425021059261845,1.0,0.0,0.0,0.0,0.0
1.1419599302953858,-0.09582659576267816,-0.2913700839737115,-0.5993882554159742,-0.6518348644084199,-0.6858129723501856,2.122807797383977,0.3805703682880689,-1.0703694967289745,-1.3162450041606113,1.5188255417481082,0.24701697396481,1.40368931392048,-0.5095884946639834,-0.34878269041143894,1.6542725061359163,0.05520471272435914,-1.933671019490008,1.6717534416443531,0.5425021059261845,1.0,0.0,0.0,0.0,0.0
-0.8300979410970113,-0.09582659576267816,-1.6980897556219077,-0.9245347831413334,0.890607246049705,3.5762681088952215,-0.23873228310868386,-1.1915090995073558,-1.5572078540695944,-0.7976680027364996,1.1042231397657012,-0.4368983890012147,0.06863560903202695,-1.2971723535211979,1.3062762256189622,0.17818819977240308,-0.686376865263522,1.610080576553852,-1.006561052747077,-0.4545042726906662,1.0,0.0,0.0,0.0,0.0
0.042551568719807045,-0.09582659576267816,-1.2404337569099257,-0.05012784848428792,-0.011000716209729521,-0.47423865494299466,-0.23873228310868386,-1.1915090995073558,-0.7638094725258863,-0.5210936019769735,0.275018335800887,-0.1804301278889554,1.40368931392048,-1.034644400568793,0.012619752791229637,0.9513752173913862,0.18762999450790946,0.15736253097065425,-0.9719702751442355,-0.4545042726906662,0.0,1.0,0.0,0.0,0.0
1.5343557591439694,-0.09582659576267816,-0.7309234498084437,-0.10479462862104687,0.21806177578104743,-0.8904752785619348,1.5605219327514963,-0.4382590515720541,-0.7054699369896775,0.7926348016307757,-0.13958406618152008,0.07603813322330386,1.40368931392048,-0.37832451818778096,-0.9821981427267531,2.1326331609759444,-1.0262684218413018,-0.6497030499088993,0.7872178429431244,-0.4545042726906662,1.0,0.0,0.0,0.0,0.0
-0.8300979410970113,-0.09582659576267816,-0.8312672552469645,4.180288419126613,1.654560403866242,-0.6632116879648944,1.7398573768084613,-1.1915090995073558,-1.3548772730081196,-1.2471014039707298,0.275018335800887,1.016421757301588,-1.266418095856426,-1.034644400568793,-0.9159837471045152,-0.3372698119735866,0.18762999450790946,1.3679609022899857,-1.149865702815991,-0.4545042726906662,0.0,1.0,0.0,0.0,0.0
2.153510439751314,-0.09582659576267816,0.7211284267990147,-0.7527352888561486,-0.9720971351758327,-0.5455537603533313,-0.7835263221195582,0.06510166265634933,0.6618659430384525,0.30862960030160497,0.275018335800887,-0.35140896863046156,0.06863560903202695,1.7218991054314576,-1.082796487179264,0.6292139600501433,0.5517995194126725,-1.0532358403486761,-0.942321037198943,-0.4545042726906662,0.0,0.0,1.0,0.0,0.0
-0.8300979410970113,-0.09582659576267816,1.0711547328108766,0.10950328251303444,-0.4675507476274616,-0.3972634371134895,-0.4216083824658253,0.18811781682473352,1.2971830024840467,-1.2816732040656704,-0.5541864681639271,1.016421757301588,-1.266418095856426,0.540523317145636,-0.9840138588518107,-1.1511508831514636,3.1776534621470187,-1.690392877885167,-0.6705363560337609,-0.4545042726906662,0.0,0.0,1.0,0.0,0.0
-0.8300979410970113,-0.09582659576267816,-1.3380113124431865,-0.9245347831413334,-0.9720971351758327,-0.4093638066364609,-0.09660408364087965,-1.1915090995073558,-1.0560379482970026,-0.901383403021322,1.5188255417481082,-0.1804301278889554,0.06863560903202695,-1.2971723535211979,-0.30836268031640396,0.17818819977240308,1.3529724742031521,-0.0847571432932111,-1.27340419425471,1.5395084845430351,0.0,0.0,0.0,1.0,0.0
1.1419599302953858,-0.09582659576267816,-1.0219104878469938,0.32483215295688683,-0.9720971351758327,-0.2929476455300051,0.3115326662024642,-0.37267967964723286,-0.499037734323093,-0.5556654020719143,-0.13958406618152008,0.7599534961893285,2.738743018808933,-0.5095884946639834,0.9124229669126263,1.6542725061359163,0.05520471272435914,-1.1632902377413428,-1.2684626545971613,0.5425021059261845,0.0,0.0,0.0,1.0,0.0
1.1419599302953858,-0.09582659576267816,0.05544293803587734,-0.2161764533676008,-0.2611587355570234,-0.04568878012725325,-1.0050593878127787,-0.6209949250551222,0.5741877494327526,-0.6593808023567366,-0.13958406618152008,-0.35140896863046156,1.40368931392048,0.1467313877170287,1.0697218991590338,0.6292139600501433,-0.17653953039685363,0.2330249291781131,0.021279196023065966,1.5395084845430351,0.0,0.0,0.0,1.0,0.0
0.042551568719807045,-0.09582659576267816,-0.77540963510039,-0.9245347831413334,-0.48362636581943497,-0.6811877381507315,-1.184776742901236,-0.083099853583399,-0.4269457028168103,-1.177957803780848,-0.5541864681639271,0.5889746554478223,0.06863560903202695,-0.9033804240925906,-0.8190165511694556,0.6292139600501433,-1.4511328675635249,0.7626617166303205,-0.4629916904167129,1.5395084845430351,0.0,1.0,0.0,0.0,0.0
0.042551568719807045,-0.09582659576267816,-1.103600490017915,-0.563590398295227,-0.9720971351758327,-0.5506171147466654,-0.9852729357027644,-1.1915090995073558,-0.0986712112925525,-0.8322398028314404,0.6896207377832941,0.9309323369308347,1.40368931392048,-1.034644400568793,0.3890806311273421,0.9513752173913862,0.18762999450790946,0.15736253097065425,-0.7792502284998337,0.5425021059261845,0.0,1.0,0.0,0.0,0.0
0.042551568719807045,-0.09582659576267816,1.2684675564465755,-0.5744313558906424,0.7895172199998449,-0.39817386526228904,-0.43057440734034846,0.42570523556563544,0.848899888231459,-1.5582476048251965,-0.5541864681639271,-0.2659195482597085,-1.266418095856426,0.1467313877170287,1.8538556850169439,-0.4983504406442075,0.46075713818648206,-0.2966118582740942,1.464208776027305,-0.4545042726906662,0.0,1.0,0.0,0.0,0.0
1.1419599302953858,-0.09582659576267816,-0.9489683746451855,1.5205152922458465,1.5770353846495238,1.6507296288808215,1.1127135886386508,-0.37267967964723286,-1.6632709633405511,1.069209202390302,1.1042231397657012,-0.6078772297427208,0.06863560903202695,-0.5095884946639834,-0.7048703918023029,1.6542725061359163,0.05520471272435914,-1.1632902377413428,-0.9966779734319794,-0.4545042726906662,0.0,1.0,0.0,0.0,0.0
1.5343557591439694,-0.09582659576267816,-0.04703144045576405,-0.9245347831413334,-0.6371088937360829,-0.11715896477733229,0.2723301603733322,1.033051557966739,-0.5320919790230955,-0.6593808023567366,0.275018335800887,-0.009451287147449236,1.40368931392048,0.015467411240826293,-0.4443862437005162,1.3809235605130437,-0.686376865263522,-1.7795948631402745,-0.41357629384122524,-0.4545042726906662,0.0,0.0,0.0,0.0,1.0
-0.8300979410970113,-0.09582659576267816,-1.4729046643241483,-0.30000877186414515,0.7962939929080777,1.8791141533151943,1.0288839333168016,-1.1915090995073558,-1.0160833284260509,-1.489104004635315,0.6896207377832941,-0.6078772297427208,0.06863560903202695,-1.2971723535211979,-0.7087278656979672,0.17818819977240308,-0.686376865263522,1.610080576553852,0.06575305294100484,0.5425021059261845,0.0,0.0,0.0,1.0,0.0
0.042551568719807045,-0.09582659576267816,-0.9690251048792364,-0.05012784848428792,-0.11471180698127478,0.9766041831526098,-0.7014681783997999,-1.1915090995073558,-0.9395518947118846,-1.1433860036859074,0.275018335800887,-1.2063031723379924,0.06863560903202695,-0.9033804240925906,0.8134547121607784,0.6292139600501433,-0.17653953039685363,0.7626617166303205,-1.5105980978170508,-1.4515106513075169,0.0,1.0,0.0,0.0,0.0
1.5343557591439694,-0.09582659576267816,-0.31435696851063394,-0.04029976081594329,-0.15784359991491903,0.14452861598120606,0.27487168736802225,-0.49410848426511644,-0.47790231946382133,0.27405780020666415,0.275018335800887,0.4179958147063162,1.40368931392048,-0.2470605417115785,0.035986290067263955,1.8435140838748285,-0.3726308130378807,-0.8669899370687788,-1.4463580822689168,-1.4515106513075169,1.0,0.0,0.0,0.0,0.0
-0.8300979410970113,-0.09582659576267816,-1.5400289483413194,0.43261826954044463,0.973635087443457,0.3873934565269133,-0.43464123081539663,-1.1915090995073558,-0.8415955199074978,-1.3853886043504928,-0.9687888701463342,-0.5223878093719677,0.06863560903202695,-1.2971723535211979,0.012619752791229637,0.17818819977240308,-0.686376865263522,1.610080576553852,-0.9670287354866868,0.5425021059261845,0.0,0.0,0.0,1.0,0.0
0.042551568719807045,-0.09582659576267816,0.6614091111705582,-0.7370637666213642,-0.5982000675730763,-0.7139562409539002,-1.0811563983125594,0.3805703682880689,0.33127524166660327,0.34320140039654573,0.275018335800887,1.187400598043094,0.06863560903202695,0.9343152465742431,-0.7410229959872479,-0.8058680044699397,0.5186931989667852,-0.0077190651183445536,-1.209164178706576,1.5395084845430351,0.0,1.0,0.0,0.0,0.0
-0.8300979410970113,-0.09582659576267816,-0.006157503083370675,0.1238971973206988,0.7323377231214571,1.7509875978814207,-0.9881592251897908,-0.4382590515720541,0.38937350534368786,1.0000656022004204,-0.5541864681639271,0.3325063943355631,0.06863560903202695,-0.37832451818778096,0.6210025152993707,-0.8742052408756581,0.6731893610475937,0.7626617166303205,-0.9818533544593331,-0.4545042726906662,0.0,0.0,1.0,0.0,0.0
0.6617062493271514,-0.09582659576267816,1.2367647145968046,-0.5806288723436086,-0.46697388015347135,-0.39624612272771476,-0.24832438998029852,1.870911523822546,0.44776129525172137,1.4149272033397096,0.275018335800887,0.4179958147063162,0.06863560903202695,1.4593711524790527,-0.11286720665414132,-0.585086163774543,0.8039168828082776,-2.170711260028059,1.3456118242461346,1.5395084845430351,0.0,1.0,0.0,0.0,0.0
-0.8300979410970113,-0.09582659576267816,0.08209960923576544,-0.1821479216114521,-0.7864723734419332,-0.1914583491042284,-0.7744392740070072,0.1551559554974849,0.548998967340196,0.8617784018206572,0.275018335800887,-0.9498349112257332,0.06863560903202695,-0.2470605417115785,-0.7692605329837738,-0.9320290562958812,1.980464578654436,-0.8669899370687788,-1.169631861446186,-0.4545042726906662,0.0,0.0,0.0,1.0,0.0
1.8661217052122583,-0.09582659576267816,0.27444104096453564,-0.04186622843046796,0.6893071055166469,-0.23126868201363932,-0.6969017556389442,-0.7323642933460006,-0.20734005664204957,-1.350816804255552,0.275018335800887,1.016421757301588,0.06863560903202695,0.6717872936218383,0.1599305312705778,1.0802397203278835,-0.17653953039685363,-0.0847571432932111,-0.10720083507320188,-0.4545042726906662,0.0,0.0,0.0,1.0,0.0
-0.8300979410970113,-0.09582659576267816,1.1799781628835997,-0.027734498773235448,0.21641860701503515,0.27898395364433504,-0.6890907631778217,0.6596531472090433,1.121537089041698,0.4814886007763088,-0.9687888701463342,1.7003371202676125,-1.266418095856426,1.0655792230504455,1.1700024173448216,-1.233718528053567,-0.06570532716496924,0.5784402253425962,0.18435000472217516,-1.4515106513075169,0.0,0.0,0.0,0.0,1.0
0.042551568719807045,-0.09582659576267816,-1.5169121695918946,1.0118717244496636,2.5778047047736163,-0.26255920515215514,2.842168727832054,-1.1915090995073558,-1.7547129979485871,-1.2471014039707298,0.6896207377832941,-1.9757079556747703,0.06863560903202695,-1.1659083770449954,-1.1790736482865343,1.3809235605130437,-1.0262684218413018,0.7626617166303205,-0.5420563249374931,-2.4485170299243677,0.0,0.0,1.0,0.0,0.0
0.042551568719807045,-0.09582659576267816,-0.7309234498084437,-0.7163749881911162,-0.36486982632856985,-0.8904752785619348,-0.4038404951072821,-0.083099853583399,-0.9678289566012298,1.6915016040992357,1.1042231397657012,-0.4368983890012147,0.06863560903202695,-0.9033804240925906,-0.2901509110620694,0.6292139600501433,-0.17653953039685363,-0.2966118582740942,0.08057767191365113,1.5395084845430351,0.0,0.0,1.0,0.0,0.0
0.6617062493271514,-0.09582659576267816,1.0731947632523995,0.06459399918851867,0.5762100868019224,0.9276153641284373,-0.029481588270663567,0.5242464688177053,0.9870039003940969,-1.5582476048251965,-1.3833912721287414,1.272890018413847,0.06863560903202695,0.6717872936218383,-0.19705038662287425,-0.2728375605053374,-0.17653953039685363,-0.0847571432932111,0.7229778273949904,-0.4545042726906662,1.0,0.0,0.0,0.0,0.0
-2.321902131521174,-0.09582659576267816,0.9347753337558876,-0.42651028216678627,-0.9720971351758327,-0.4215451620610487,-0.641030821925953,0.6356158371085828,1.9087106566200043,1.5532144037194726,-0.9687888701463342,-1.804729114933264,-1.266418095856426,-0.11579656523537611,4.070950759909103,-1.6259148413385582,0.18762999450790946,0.7626617166303205,0.5203747014354911,0.5425021059261845,0.0,0.0,1.0,0.0,0.0
-0.8300979410970113,-0.09582659576267816,1.1414638879448484,0.9030921823966553,-0.07423347528905258,1.3702166909173457,0.45653828762199783,2.2690023737691933,1.852156532841314,1.4494990034346502,-1.7979936741111484,-1.2917925927087455,-1.266418095856426,0.40925934066943354,-1.289033823703167,-1.1247751076966253,-0.4597824942116696,-1.120491305421972,-0.8187825457602239,-0.4545042726906662,0.0,1.0,0.0,0.0,0.0
-0.8300979410970113,-0.09582659576267816,-1.103600490017915,0.48112857047320745,-0.9720971351758327,-0.21688285584929928,1.480354547004403,-1.1915090995073558,-0.4656457090203168,0.5852040010611311,-0.5541864681639271,-1.0353243315964862,1.40368931392048,-1.2971723535211979,-0.5144254768793287,0.17818819977240308,-0.686376865263522,1.610080576553852,-0.6705363560337609,-0.4545042726906662,0.0,0.0,1.0,0.0,0.0
-0.8300979410970113,-0.09582659576267816,0.4896435687489456,-0.7521330042291374,-0.6423572027737449,-0.7281451399602037,-0.7900476521226513,-0.6827040103583218,0.8515056243099993,-1.212529603875789,0.275018335800887,0.3325063943355631,0.06863560903202695,0.40925934066943354,-1.5621532171499743,-1.1247751076966253,2.372647143936489,-0.17891479439582586,-1.1745734011037348,-0.4545042726906662,0.0,0.0,1.0,0.0,0.0
-0.8300979410970113,-0.09582659576267816,0.9984597222269092,-0.7611541341267134,-0.8149595628776243,-0.8904752785619348,-0.07374197849277868,-0.20000324249116966,0.6798648237291107,0.9654938021054795,0.6896207377832941,-0.09494070751820233,-1.266418095856426,1.5906351289552552,-1.1453977713782872,-1.2918216855772695,1.428503931220436,0.29187346111724705,0.060811513283456076,-1.4515106513075169,1.0,0.0,0.0,0.0,0.0
0.042551568719807045,-0.09582659576267816,0.7823062817277716,2.2903793860471775,1.9246067793455972,0.9844496122521079,-0.5322217833806643,0.3174117299554589,0.4495949613810646,-0.2790910013123881,-0.5541864681639271,-0.5223878093719677,0.06863560903202695,1.0655792230504455,-0.5765221166048723,-0.8415222147685755,-0.06570532716496924,0.5784402253425962,-0.942321037198943,-0.4545042726906662,0.0,0.0,0.0,1.0,0.0
0.6617062493271514,-0.09582659576267816,1.006368937107113,-0.6188047646057826,-0.383513616684047,-0.3191422289255936,0.8378030202815637,0.3378918289805533,0.9818889369806659,-0.9705270032112036,-0.9687888701463342,1.5293582795261063,0.06863560903202695,0.2779953641932311,-0.10301860109832991,-0.03405921682888675,0.8731255707992283,-0.9820241714475394,-0.0923762161005556,-0.4545042726906662,0.0,1.0,0.0,0.0,0.0
0.042551568719807045,-0.09582659576267816,0.6614091111705582,-0.9245347831413334,-0.9720971351758327,-0.7139562409539002,-0.7760920295675016,0.011479854967848986,0.6559306553039995,-0.8322398028314404,0.275018335800887,1.187400598043094,0.06863560903202695,0.9343152465742431,-1.2415975154711083,-0.8058680044699397,1.4456701714516373,-0.39290945599267774,-1.1992810993914786,-0.4545042726906662,0.0,1.0,0.0,0.0,0.0
-0.8300979410970113,-0.09582659576267816,1.3616200469425963,-0.5714697963813516,0.3432472529218715,-0.07464161722901046,-0.5190541694172545,1.3911067712999385,1.329754703465801,-1.627391205015078,-1.3833912721287414,-0.5223878093719677,-1.266418095856426,0.540523317145636,0.0414762254037774,-1.1511508831514636,-0.0423718106950989,-0.35236309905853724,0.8909901757516484,1.5395084845430351,0.0,1.0,0.0,0.0,0.0
-0.8300979410970113,-0.09582659576267816,1.3096487623768929,-0.23031517159856027,0.6575203176725024,-0.23681168835517483,-0.6087185482972564,-0.1448089388865984,1.4362038477113563,0.06662699963701955,-1.3833912721287414,0.16152755359405693,-1.266418095856426,0.2779953641932311,0.9393936488408605,-1.0952962998353346,-0.32649168771057996,1.5103842400922602,0.9898209689026236,0.5425021059261845,1.0,0.0,0.0,0.0,0.0
0.042551568719807045,-0.09582659576267816,0.4979810659240493,-0.5853726388209063,-0.23102150301436236,-0.5711268458289104,2.4329740481546525,0.5242464688177053,0.06259489934599953,-0.590237202166855,0.6896207377832941,-0.1804301278889554,0.06863560903202695,0.015467411240826293,-1.3980282619270115,-0.4231794805979177,2.03275558735871,-1.7795948631402745,0.9107563343818434,-0.4545042726906662,0.0,1.0,0.0,0.0,0.0
0.042551568719807045,-0.09582659576267816,-0.04966927611083863,-0.47057039625451835,-0.6358203632723082,-0.46303130258580666,0.42456501895702714,-0.4382590515720541,-0.6114221663031013,1.207496402770065,-0.13958406618152008,1.187400598043094,0.06863560903202695,-0.37832451818778096,0.5742349308226126,-0.12249564041275783,-0.17653953039685363,0.7626617166303205,-0.5222901663072981,-0.4545042726906662,0.0,0.0,0.0,1.0,0.0
0.6617062493271514,-0.09582659576267816,-1.0792450557662656,-0.2342563416431433,-0.9720971351758327,-0.24052261688286702,0.9262141200426061,-1.1915090995073558,-1.232890221034972,-0.0025166005528619827,1.1042231397657012,-0.4368983890012147,0.06863560903202695,-0.7721164476163882,0.5934451079383745,1.3809235605130437,0.6731893610475937,-0.6497030499088993,-0.5766471025403345,-0.4545042726906662,0.0,1.0,0.0,0.0,0.0
1.1419599302953858,-0.09582659576267816,0.4577512970030102,-0.9245347831413334,-0.9720971351758327,-0.8904752785619348,-1.0849353394517651,-0.33540992088250887,-0.3518619002573887,0.6889194013459534,1.1042231397657012,-0.2659195482597085,0.06863560903202695,0.8030512700980408,-1.7052087422288327,0.09227853114807089,1.1587487275872774,-0.6497030499088993,0.6192054945864663,1.5395084845430351,0.0,1.0,0.0,0.0,0.0
-0.8300979410970113,-0.09582659576267816,-0.5383572121315253,4.05398996240366,-0.626515402364298,2.6095076233606065,1.4992470842232515,0.06510166265634933,-0.4388162782857163,1.6223580039093541,-1.3833912721287414,0.4179958147063162,-1.266418095856426,-1.034644400568793,-1.3046921526824955,-0.3372698119735866,-1.269048105111144,1.3679609022899857,-1.4167088443236242,-0.4545042726906662,0.0,1.0,0.0,0.0,0.0
0.6617062493271514,-0.09582659576267816,-0.9391569871504251,1.2333435196714353,1.3643112162948534,2.531123644563891,1.9430904422955184,-0.20000324249116966,-1.212623384868547,-0.901383403021322,-0.13958406618152008,-0.778856070484227,0.06863560903202695,-0.7721164476163882,-0.8417827623889915,1.3809235605130437,-0.4597824942116696,-0.6497030499088993,0.25353155992785786,-2.4485170299243677,0.0,0.0,1.0,0.0,0.0
-0.8300979410970113,-0.09582659576267816,-1.3039102235417177,-0.9245347831413334,0.08171230117375332,-0.8904752785619348,-1.184776742901236,-1.1915090995073558,0.07798804395811745,-1.0742424034960258,-0.5541864681639271,1.016421757301588,0.06863560903202695,-1.2971723535211979,-0.1906691215102711,0.17818819977240308,-0.686376865263522,1.610080576553852,-1.2388134166518687,-1.4515106513075169,0.0,1.0,0.0,0.0,0.0
1.1419599302953858,-0.09582659576267816,0.8856328852528742,1.6488348474531405,-0.10897618528151823,-0.7271270837987078,-0.6014294369702433,0.06510166265634933,0.7768561110970011,-1.4199604044454335,-0.13958406618152008,0.7599534961893285,0.06863560903202695,1.7218991054314576,-0.28350970977394885,-0.3372698119735866,-0.17653953039685363,0.4600121238004878,0.8959317154091971,-0.4545042726906662,0.0,1.0,0.0,0.0,0.0
-0.8300979410970113,-0.09582659576267816,0.8083295393275808,0.13102514322251585,0.9796583793267133,-0.8904752785619348,-0.7040744666002555,-0.0377474680331959,1.187886850300827,-0.9705270032112036,-0.9687888701463342,-0.2659195482597085,0.06863560903202695,1.0655792230504455,-0.5230587583229789,-1.233718528053567,0.8209682986901059,0.5784402253425962,-1.0411518303499183,0.5425021059261845,0.0,1.0,0.0,0.0,0.0
-0.8300979410970113,-0.09582659576267816,1.1804134515459848,0.007678109453811671,-0.43320183902841963,-0.3657447102201236,-1.0057423219189532,2.0862665002861247,1.5682760633958917,0.3777732004914865,-1.3833912721287414,1.101911177672341,-1.266418095856426,1.196843199526648,1.8689613252761987,-1.2500600411071086,0.24832491532537035,-1.3558854331785088,-1.505656558159502,1.5395084845430351,0.0,1.0,0.0,0.0,0.0
0.6617062493271514,-0.09582659576267816,0.9811960237628333,0.17175840374530912,1.318535135768418,-0.8904752785619348,0.23446199720342437,1.2348179774454915,0.669297116299475,-0.03708840064780275,-1.3833912721287414,1.016421757301588,-1.266418095856426,0.2779953641932311,1.4577271483818808,-0.03405921682888675,-0.926300316965484,-0.4835424891395794,-0.9077302595961017,0.5425021059261845,0.0,0.0,0.0,1.0,0.0
0.042551568719807045,-0.09582659576267816,-1.2107821432840513,2.5904965723532154,2.152143444697323,-0.10219672932802217,0.558573161676854,0.06510166265634933,-1.2735686564832962,-0.451950001787092,-0.9687888701463342,-0.2659195482597085,0.06863560903202695,-1.034644400568793,0.10100621987883862,0.9513752173913862,-1.269048105111144,0.15736253097065425,-1.2289303373367713,-2.4485170299243677,0.0,1.0,0.0,0.0,0.0
-0.8300979410970113,-0.09582659576267816,1.2135374070686846,-0.3700554328243832,0.2595387773628009,0.3196721735666337,-1.086023544179466,0.5242464688177053,1.8336268540605827,-0.451950001787092,-1.3833912721287414,-1.2063031723379924,-1.266418095856426,1.3281071760028504,1.2194928751651029,-1.265094233116366,0.12936287052314777,0.5931779446456139,0.668620891161954,0.5425021059261845,0.0,0.0,1.0,0.0,0.0
-0.8300979410970113,-0.09582659576267816,-1.0442692012971415,-0.5939233527390705,-0.9720971351758327,0.3245012050776204,2.526093932632581,0.5242464688177053,-0.5194975879768171,0.4814886007763088,0.6896207377832941,-0.1804301278889554,1.40368931392048,-1.2971723535211979,-1.055508230826826,0.17818819977240308,-0.686376865263522,-0.0847571432932111,0.688387049792149,-0.4545042726906662,1.0,0.0,0.0,0.0,0.0
-0.8300979410970113,-0.09582659576267816,-1.8652337755497168,0.1998236347280535,1.3960225383648204,1.1696181569553485,-1.184776742901236,-1.1915090995073558,-1.1652375917365727,-1.627391205015078,0.275018335800887,1.8713159610091186,-1.266418095856426,-1.4284363299974001,-1.063615464099069,0.6292139600501433,-2.7257262047301962,2.8812088664391498,1.691519600274548,-0.4545042726906662,0.0,1.0,0.0,0.0,0.0
-0.8300979410970113,-0.09582659576267816,1.2950936811225915,-0.35948022914660965,0.5355986642849758,0.39338981451015614,-0.8212633926325512,1.1315927912188095,1.4828658252659583,-0.38280640159721047,-0.9687888701463342,1.016421757301588,-1.266418095856426,1.3281071760028504,1.687860503241266,-1.265094233116366,0.12936287052314777,-0.0847571432932111,1.2171317931498669,-1.4515106513075169,0.0,1.0,0.0,0.0,0.0
0.042551568719807045,-0.09582659576267816,1.1636739627750132,0.07930122758129028,-0.4844647390966193,-0.5779659138245785,-0.012222723580278027,0.7357295662767236,1.070580472394687,0.41234500058642726,0.275018335800887,1.016421757301588,0.06863560903202695,0.9343152465742431,-0.08849251453150653,-0.8058680044699397,1.4456701714516373,-1.1632902377413428,1.6964611399320968,-0.4545042726906662,0.0,1.0,0.0,0.0,0.0
1.1419599302953858,-0.09582659576267816,-1.3925908072549635,-0.9245347831413334,0.6047205286052975,0.13877562626094692,-0.00820804849491912,-1.1915090995073558,-2.065133371897661,0.10119879973196033,1.1042231397657012,1.4438688591553532,1.40368931392048,-0.6408524711401857,1.000022856541376,1.9822912408833644,0.3332978044698148,-0.9321760032167431,0.5450823997232349,0.5425021059261845,0.0,0.0,1.0,0.0,0.0
-0.8300979410970113,-0.09582659576267816,-0.4568418046783598,0.028568031754290492,0.026330762966674557,-0.6296012440591495,0.12151060165278896,-1.1915090995073558,-0.40026103519768425,-0.8322398028314404,0.6896207377832941,-0.4368983890012147,-1.266418095856426,-0.9033804240925906,0.7479199364349558,-0.4983504406442075,1.0980538067698178,0.7626617166303205,-1.4068257650085267,-0.4545042726906662,0.0,0.0,1.0,0.0,0.0
0.042551568719807045,-0.09582659576267816,0.4627559408740205,-0.638407308449419,-0.6814532036049104,-0.7552794209584149,0.7443099885119866,1.6531358137667562,0.1918683614646952,0.4814886007763088,0.275018335800887,-0.35140896863046156,0.06863560903202695,0.2779953641932311,-0.17354222001234254,-0.5646777583321106,0.8731255707992283,-1.9789875360634588,-0.20603162822417717,-0.4545042726906662,0.0,0.0,0.0,1.0,0.0
2.153510439751314,-0.09582659576267816,0.4028577889844542,-0.9245347831413334,-0.5980834972654352,-0.8904752785619348,1.7012216680336003,0.5242464688177053,-0.05384289986729373,-1.350816804255552,0.275018335800887,1.272890018413847,1.40368931392048,0.6717872936218383,-1.4022708123472158,1.5312654806056238,-0.17653953039685363,-1.7795948631402745,0.11022690985894372,-0.4545042726906662,0.0,1.0,0.0,0.0,0.0
1.1419599302953858,-0.09582659576267816,-1.0219104878469938,-0.6046754257364733,-0.5020129256597933,-0.8904752785619348,-0.6627891890709381,-1.1915090995073558,-0.7012235522690933,0.5506322009661904,1.1042231397657012,-0.5223878093719677,1.40368931392048,-0.6408524711401857,0.11259788769360674,1.9822912408833644,0.3332978044698148,-0.9321760032167431,-1.732967382406745,-0.4545042726906662,0.0,1.0,0.0,0.0,0.0
0.042551568719807045,-0.09582659576267816,-0.6498125386841919,1.0176700788200177,1.6616445338808756,0.457155310206249,2.6624106694163068,0.9084060034327873,-1.7097399234078539,0.758063001535835,1.1042231397657012,-1.804729114933264,0.06863560903202695,-0.9033804240925906,-0.7928644661392452,0.6292139600501433,-0.17653953039685363,-1.3558854331785088,-0.12696699370339695,-2.4485170299243677,0.0,0.0,1.0,0.0,0.0
1.1419599302953858,-0.09582659576267816,0.6357822246272153,-0.3463416423895895,0.31473657543575123,-0.6811877381507315,-0.525626300961989,1.3330164523508232,0.2950362084261627,-1.6965348052049596,0.275018335800887,-0.009451287147449236,0.06863560903202695,1.4593711524790527,1.4448822762790758,-0.23814327125320392,0.41173431752622563,-1.5188505985484193,1.1331256189715377,-0.4545042726906662,0.0,0.0,1.0,0.0,0.0
0.042551568719807045,-0.09582659576267816,0.7633200064489937,1.7571009366852979,0.1981930555308139,0.7374824628493634,-0.5143323844652593,0.6596531472090433,1.0707734898819863,1.345783603149828,-1.3833912721287414,-0.778856070484227,0.06863560903202695,1.0655792230504455,-0.526131680869992,-0.8415222147685755,-0.5090421400925079,0.5784402253425962,0.9354640326695872,-0.4545042726906662,0.0,1.0,0.0,0.0,0.0
-0.8300979410970113,-0.09582659576267816,-0.7987906570875609,-0.9245347831413334,2.5174485542378346,-0.03875049562751228,0.9036176745685648,-1.1915090995073558,-1.5773299271205448,-1.177957803780848,0.275018335800887,-1.804729114933264,-1.266418095856426,-1.1659083770449954,-1.254946169324011,-0.12249564041275783,-1.0262684218413018,2.1750264831695394,0.7130947480798929,-0.4545042726906662,0.0,1.0,0.0,0.0,0.0
1.8661217052122583,-0.09582659576267816,-0.2233046270445664,-0.9245347831413334,-0.9720971351758327,-0.8904752785619348,-0.24328627372344014,-0.5841627771062523,-0.75874276348428,1.069209202390302,1.1042231397657012,0.07603813322330386,1.40368931392048,0.015467411240826293,-1.080441028628901,1.9822912408833644,-0.686376865263522,-0.6497030499088993,1.3258456656159396,-0.4545042726906662,0.0,0.0,1.0,0.0,0.0
1.1419599302953858,-0.09582659576267816,0.9682522764659796,1.1719983783958725,1.1739262474630872,-0.20881061764984823,-0.9132973611037973,0.12373488527884689,0.45345531112705023,-1.1088142035909665,0.6896207377832941,-0.9498349112257332,0.06863560903202695,0.6717872936218383,1.488989694318258,0.17818819977240308,1.8628098090698206,-1.7795948631402745,1.6470457433566092,-0.4545042726906662,0.0,1.0,0.0,0.0,0.0
1.1419599302953858,-0.09582659576267816,-1.103600490017915,-0.9245347831413334,-0.9720971351758327,-0.8904752785619348,-0.5969226379694341,-0.2945829510424179,-0.9396484034555342,0.9309220020105388,0.6896207377832941,1.272890018413847,1.40368931392048,-0.6408524711401857,-0.5144254768793287,1.9822912408833644,-0.686376865263522,-0.9321760032167431,-1.2635211149396126,-0.4545042726906662,0.0,0.0,0.0,1.0,0.0
-0.8300979410970113,-0.09582659576267816,-1.255757540362953,0.40209705774003435,3.3882748452340548,0.7569878432872539,2.068787246111037,-1.1915090995073558,-1.770878212509902,0.10119879973196033,0.275018335800887,0.5034852350770693,0.06863560903202695,-1.2971723535211979,-1.452951201475404,0.17818819977240308,-0.686376865263522,1.610080576553852,1.063944063765855,-2.4485170299243677,0.0,0.0,0.0,1.0,0.0
0.042551568719807045,-0.09582659576267816,-1.1161123945729945,-0.9245347831413334,-0.9720971351758327,-0.8904752785619348,1.5248599404348475,0.25914156367018515,-0.3122450609892106,-0.7285244025466181,-0.5541864681639271,0.5034852350770693,1.40368931392048,-1.1659083770449954,-1.2531411626709452,1.3809235605130437,-1.0262684218413018,-0.6497030499088993,-0.023194660894872907,-0.4545042726906662,1.0,0.0,0.0,0.0,0.0
1.8661217052122583,-0.09582659576267816,0.43085678190687804,0.14100410375406422,-0.10352888491274508,-0.8904752785619348,-0.6354333127684801,-0.7731912631860917,-0.4752000746416314,-0.6248090022617958,1.1042231397657012,1.187400598043094,0.06863560903202695,0.9343152465742431,0.02432544612912783,0.8342256692672978,0.9821816852092108,-0.77809984686701,0.7279193670525392,-1.4515106513075169,1.0,0.0,0.0,0.0,0.0
-0.8300979410970113,-0.09582659576267816,1.2047765199611313,-0.08229874565316786,-0.16018588359462715,-0.5848849325798192,-0.8353980443108663,-0.20000324249116966,1.7713304600347386,-0.24451920121744736,-1.3833912721287414,-1.0353243315964862,-1.266418095856426,0.40925934066943354,2.2885032069244824,-1.1247751076966253,0.6731893610475937,0.7626617166303205,-1.0362102906923694,-0.4545042726906662,0.0,0.0,0.0,1.0,0.0
0.042551568719807045,-0.09582659576267816,-1.2254467873271546,-0.06914275287358365,-0.3384604910701818,-0.4833874574285732,-1.184776742901236,-1.1915090995073558,-0.6544650659708416,-0.8668116029263813,0.6896207377832941,1.6148476998968595,1.40368931392048,-1.034644400568793,1.0516517769988998,0.9513752173913862,0.18762999450790946,0.15736253097065425,-1.4562411615840143,0.5425021059261845,1.0,0.0,0.0,0.0,0.0
-0.8300979410970113,-0.09582659576267816,1.1208843387887573,-0.23756543695904675,-0.25874125786751534,-0.19384871501778306,-0.944984199454321,1.3911067712999385,1.3993857620090178,-0.24451920121744736,-1.3833912721287414,-2.2321762167870296,-1.266418095856426,0.540523317145636,1.5553485619503542,-1.1511508831514636,-0.5790426895021192,0.09364682721700525,1.3406702845885858,-1.4515106513075169,0.0,0.0,1.0,0.0,0.0
-2.321902131521174,-0.09582659576267816,-1.4519220959757373,1.3923655422121313,-0.5237126269748058,0.7692987445417321,0.3937367897751238,-1.1915090995073558,-2.234747488861907,-1.2816732040656704,3.1772351496777365,-0.6078772297427208,0.06863560903202695,-1.8222282594260075,-0.24149134008564635,-1.6259148413385582,7.4710204926031745,-3.474432582987338,-0.09731775575810436,-0.4545042726906662,0.0,1.0,0.0,0.0,0.0
-0.8300979410970113,-0.09582659576267816,-1.9042089357148482,1.3923655422121313,-0.9720971351758327,-0.8904752785619348,1.7718640305778977,-1.1915090995073558,-0.7146382676363936,1.345783603149828,0.275018335800887,1.272890018413847,1.40368931392048,-1.4284363299974001,0.5208419385449816,0.6292139600501433,-0.17653953039685363,0.7626617166303205,0.9997040482177212,-0.4545042726906662,0.0,0.0,0.0,1.0,0.0
0.042551568719807045,-0.09582659576267816,-1.1288581799969317,0.178796463234654,-0.15479806813664818,0.1483998147110405,0.002509204648615815,-1.1915090995073558,-1.1190099035283942,0.6197758011560719,1.1042231397657012,-1.2063031723379924,0.06863560903202695,-1.034644400568793,0.9508760957212327,0.9513752173913862,0.18762999450790946,0.15736253097065425,0.5500239393807836,-0.4545042726906662,0.0,0.0,0.0,1.0,0.0
-2.321902131521174,-0.09582659576267816,1.018063362569562,1.947693289255067,0.6889508185811483,0.8966552438357862,-0.6938092231424231,1.6531358137667562,1.4676656981411396,0.17034239992184186,-1.7979936741111484,1.7858265406383655,-1.266418095856426,0.2779953641932311,0.46400671842016994,-1.6259148413385582,-0.32649168771057996,0.014939193168380513,-1.3277611304877466,1.5395084845430351,0.0,0.0,0.0,0.0,1.0
-0.8300979410970113,-0.09582659576267816,-1.9455476326189014,0.3449971132660755,-0.9720971351758327,-0.8904752785619348,-0.4830718339824802,-1.1915090995073558,-1.391743613082283,-0.3136628014073289,1.1042231397657012,-0.778856070484227,0.06863560903202695,-1.4284363299974001,2.3165603282082388,0.6292139600501433,-0.17653953039685363,0.7626617166303205,0.10528537020139495,-0.4545042726906662,0.0,0.0,0.0,1.0,0.0
1.1419599302953858,-0.09582659576267816,0.2760821480538573,-0.7828468928216971,-0.08664950318974361,0.15083405784276954,0.32910931764370166,-0.6536140280356327,-0.555688366845433,0.8272066017257165,0.6896207377832941,-1.3772820130794987,0.06863560903202695,0.2779953641932311,0.5073709890430749,0.49655932467433705,0.8731255707992283,-0.4835424891395794,1.3307872052734884,0.5425021059261845,0.0,0.0,0.0,1.0,0.0
0.6617062493271514,-0.09582659576267816,0.3607530785194418,0.3319136960501396,-0.6349952153134858,0.9106269014641678,-0.6873961477701244,-0.20000324249116966,0.30922299374266005,1.1037810024852426,-0.5541864681639271,-0.8643454908549801,0.06863560903202695,0.40925934066943354,-0.4977650805614752,-0.12249564041275783,-1.0262684218413018,1.2334499721433938,-0.6853609750064072,-0.4545042726906662,0.0,1.0,0.0,0.0,0.0
-0.8300979410970113,-0.09582659576267816,1.122307392522234,-0.5720485469718978,-0.2891722053846399,-0.7237848123110632,-0.5961267771606915,1.173510908580307,1.1658346023768837,-1.2816732040656704,-1.7979936741111484,-1.1208137519672394,-1.266418095856426,0.8030512700980408,1.0219956655260805,-1.1963664982169009,-1.269048105111144,0.9644281118502092,0.031162275338163493,0.5425021059261845,0.0,0.0,1.0,0.0,0.0
1.1419599302953858,-0.09582659576267816,-1.1161123945729945,1.8408411075199276,-0.16980203040973216,1.713348501270137,2.4442230311719597,0.3805703682880689,-2.128829142706425,-1.4545322045403744,0.6896207377832941,-0.8643454908549801,0.06863560903202695,-0.5095884946639834,-0.33258776960754566,1.6542725061359163,0.05520471272435914,-1.933671019490008,0.3177715754759918,-1.4515106513075169,0.0,0.0,0.0,1.0,0.0
0.6617062493271514,-0.09582659576267816,-1.141846756830402,3.2321088721978697,-0.9720971351758327,0.16819858758022485,-0.563313175553508,-1.1915090995073558,-0.8712237042079379,-0.5556654020719143,-0.5541864681639271,0.5034852350770693,2.738743018808933,-0.7721164476163882,-0.10696193797435932,1.3809235605130437,-0.4597824942116696,0.29187346111724705,-1.7280258427491964,0.5425021059261845,0.0,1.0,0.0,0.0,0.0
0.6617062493271514,-0.09582659576267816,0.6111629561039552,-0.7514757455831721,-0.801420551437948,-0.8904752785619348,-0.7608073386184423,1.0779709835303086,0.29074156933375356,-0.8668116029263813,-0.5541864681639271,-0.09494070751820233,0.06863560903202695,0.9343152465742431,-1.3256737201509043,-0.3958445860356308,0.5186931989667852,-1.1632902377413428,-0.9027887199385528,1.5395084845430351,0.0,0.0,1.0,0.0,0.0
1.8661217052122583,-0.09582659576267816,0.510880292083675,-0.13496054665453794,-0.05657098571087928,-0.8904752785619348,0.33641955287542036,-0.37267967964723286,0.3347495564379904,0.20491420001678262,0.6896207377832941,0.07603813322330386,1.40368931392048,0.9343152465742431,-1.0766755804966759,0.8342256692672978,0.9821816852092108,-1.1632902377413428,1.419734919109366,-0.4545042726906662,0.0,0.0,0.0,1.0,0.0
2.407005268960788,-0.09582659576267816,0.5845795727021474,-0.7744889216952573,-0.6411666344306675,-0.4144554968049288,-0.3362955156704034,-0.8363499015187015,0.5867821404790309,1.3112118030548872,1.1042231397657012,-0.8643454908549801,1.40368931392048,1.4593711524790527,-0.7002922259996388,1.1496282988321516,1.5882820133723836,-1.5188505985484193,0.5351993204081374,-0.4545042726906662,0.0,1.0,0.0,0.0,0.0
1.5343557591439694,-0.09582659576267816,0.35785145853895506,-0.6324903533562283,-0.8480849250274177,-0.8904752785619348,0.7470889412258439,-0.24966352547884904,0.30642424017682046,-0.34823460150226965,-0.13958406618152008,0.5889746554478223,0.06863560903202695,0.540523317145636,0.360122102024564,0.7479049495969169,-0.5790426895021192,0.09364682721700525,0.6389716532166614,-0.4545042726906662,0.0,0.0,1.0,0.0,0.0
0.042551568719807045,-0.09582659576267816,-1.155087554738126,-0.1530273877084712,3.9307564930461623,-0.8904752785619348,1.9973182476440794,0.06510166265634933,-1.3116896102249047,-1.3853886043504928,0.6896207377832941,-0.2659195482597085,1.40368931392048,-1.034644400568793,-0.7192201946941732,0.9513752173913862,0.18762999450790946,-1.0532358403486761,-1.5402473357623434,-0.4545042726906662,0.0,1.0,0.0,0.0,0.0
0.6617062493271514,-0.09582659576267816,-0.8067659487803038,-0.2342563416431433,0.19423291235109347,-0.6712804096152458,1.446536005170486,-0.20000324249116966,-1.9593597888576533,1.1383528025801835,1.5188255417481082,-1.2917925927087455,0.06863560903202695,-0.7721164476163882,0.4966408820805169,1.3809235605130437,0.6731893610475937,-1.5912795609350454,0.5747316376685275,-0.4545042726906662,0.0,0.0,1.0,0.0,0.0
0.042551568719807045,-0.09582659576267816,0.907407380760841,-0.7379022915020811,-0.7926277820062944,-0.7147457795593987,-0.979432538659737,0.10856872278948308,-0.3288445648969491,0.758063001535835,1.1042231397657012,-0.09494070751820233,-1.266418095856426,1.5906351289552552,-0.9117729358819436,-0.9577285298159808,0.6731893610475937,0.29187346111724705,1.5976303467811217,0.5425021059261845,0.0,0.0,1.0,0.0,0.0
-0.8300979410970113,-0.09582659576267816,-1.6980897556219077,-0.05012784848428792,0.890607246049705,2.2036587567248778,0.20511107496358322,-1.1915090995073558,-1.196747696538181,0.032055199542078784,-0.5541864681639271,-1.4627714334502517,-1.266418095856426,-1.4284363299974001,0.19742782033804837,0.6292139600501433,-2.7257262047301962,2.8812088664391498,1.6173965054113166,-0.4545042726906662,0.0,0.0,1.0,0.0,0.0
-0.8300979410970113,-0.09582659576267816,-1.494553456141747,0.9503038586675181,1.6845734870622675,0.3048910918053388,1.66781871569724,-1.1915090995073558,-0.8297731988104167,1.1037810024852426,0.6896207377832941,-0.4368983890012147,0.06863560903202695,-1.4284363299974001,-0.12290616340977109,0.6292139600501433,-0.17653953039685363,0.7626617166303205,0.04598689431080979,-0.4545042726906662,0.0,1.0,0.0,0.0,0.0
0.042551568719807045,-0.09582659576267816,1.074720790744538,-0.30367632423031954,-0.5227248395128085,0.6715688506625243,0.6533512520836666,0.25914156367018515,0.46354047483843785,-0.10623200083768429,-0.13958406618152008,0.16152755359405693,0.06863560903202695,0.40925934066943354,-0.9166575025914702,-0.623635374054691,2.372647143936489,-1.5912795609350454,0.13493460814668753,-0.4545042726906662,0.0,1.0,0.0,0.0,0.0
2.153510439751314,-0.09582659576267816,0.3220333518341544,-0.9245347831413334,-0.9720971351758327,-0.8904752785619348,-0.9906170756156045,-0.37267967964723286,0.5982184266015135,0.2394860001117234,0.6896207377832941,1.9568053813798718,2.738743018808933,0.9343152465742431,-1.4708396002197228,1.2442490877016072,0.9821816852092108,-1.5484806286156756,-1.653902747885965,1.5395084845430351,0.0,0.0,0.0,1.0,0.0
-0.8300979410970113,-0.09582659576267816,1.021917355603012,-0.1780388686306341,-0.6011279382209083,-0.7122373328707124,-0.9765152610981579,0.18811781682473352,0.25884542955754686,1.4494990034346502,0.275018335800887,-1.0353243315964862,-1.266418095856426,0.540523317145636,-0.5983935438603403,-1.1511508831514636,-1.652384447116158,2.323696458594721,-0.9818533544593331,-0.4545042726906662,1.0,0.0,0.0,0.0,0.0
0.042551568719807045,-0.09582659576267816,0.7584896698403669,-0.23667039540563783,0.34897433196629024,-0.24279564262732495,-0.4251871235226311,0.6596531472090433,0.8506370456171526,-1.4199604044454335,-0.9687888701463342,1.101911177672341,0.06863560903202695,1.0655792230504455,0.04396916401210177,-0.8415222147685755,-0.06570532716496924,0.20999724276714699,-0.9769118148017844,0.5425021059261845,0.0,0.0,0.0,1.0,0.0
0.6617062493271514,-0.09582659576267816,-0.3221947521197325,-0.584395177663459,-0.8036403833691321,-0.7831025126113005,0.0677061965303069,-0.37267967964723286,0.06042345261388258,-0.3136628014073289,0.6896207377832941,1.272890018413847,1.40368931392048,-0.5095884946639834,0.8635964359137912,0.8342256692672978,0.05520471272435914,-0.39290945599267774,1.3258456656159396,1.5395084845430351,0.0,1.0,0.0,0.0,0.0
